wt_id,mutation,ddg,pdb,protein_in_aft_train,variant_in_aft_train
3PG0,Q102I,2.7,3PG0,False,False
3PG0,R114L,0.0,3PG0,False,False
3PG0,D117P,0.0,3PG0,False,False
3PG0,D109P,-0.2,3PG0,False,False
3PG0,A92G,0.0,3PG0,False,False
3PG0,E90L,0.9,3PG0,False,False
3PG0,E90Y,0.6,3PG0,False,False
3PG0,A86V,-0.5,3PG0,False,False
3PG0,K77V,-0.8,3PG0,False,False
3PG0,D49N,-0.2,3PG0,False,False
P0ABQ4,I115A,1.0,1RX4,True,False
P0ABQ4,W133F,0.0,1RX4,True,False
P0ABQ4,W133V,2.87,1RX4,True,False
P0ABQ4,A145T,0.27,1RX4,True,False
P0ABQ4,I115V,-1.6,1RX4,True,False
P00648,I98A,4.7,1BNI,False,False
P00648,L136T,2.5,1BNI,False,False
P61626,C95A,4.6,1LZ1,False,False
P00698,G120P,0.1,4LYZ,False,False
P00025,K74M,1.0,1CYC,True,False
P00025,K74Y,1.05,1CYC,True,False
P00025,K74F,1.15,1CYC,True,False
P00025,K74W,1.43,1CYC,True,False
P00974,P48S,1.4,1BPI,False,False
P00974,Y70L,3.7,1BPI,False,False
P00648,H149A,0.24,1BNI,False,False
P00648,S104A,-0.15,1BNI,False,False
P00648,K113A,-0.2,1BNI,False,False
P00648,S132A,0.12,1BNI,False,False
P03050,P8A,-2.9,1ARR,True,True
P03050,S35A,-0.2,1ARR,True,True
P03050,N11A,-0.5,1ARR,True,True
P03050,K6A,-0.4,1ARR,True,True
P03050,R16A,-0.2,1ARR,True,True
P03050,M4A,-0.2,1ARR,True,True
P03050,E27A,-0.4,1ARR,True,True
P03050,K2A,-0.1,1ARR,True,True
P03050,Q9A,0.1,1ARR,True,True
P03050,G3A,-0.3,1ARR,True,True
P03050,M1A,0.1,1ARR,True,True
P03050,S5A,-0.1,1ARR,True,True
P03050,R13A,0.6,1ARR,True,True
P03050,E17A,0.5,1ARR,True,True
P03050,E43A,0.3,1ARR,True,True
P03050,M7A,0.6,1ARR,True,True
P03050,D20A,0.8,1ARR,True,True
P03050,F10A,2.7,1ARR,True,True
P03050,Q39A,-0.1,1ARR,True,True
P03050,G52A,-0.2,1ARR,True,True
P03050,R23A,1.1,1ARR,True,True
P03050,K24A,0.6,1ARR,True,True
P03050,E28A,0.5,1ARR,True,True
P03050,I51A,1.9,1ARR,True,True
P03050,G49A,2.0,1ARR,True,True
P03050,R50A,1.9,1ARR,True,True
P03050,K47A,1.8,1ARR,True,True
P03050,P15A,1.9,1ARR,True,True
P03050,L21A,3.4,1ARR,True,True
P03050,R31A,3.4,1ARR,True,True
P03050,W14A,4.0,1ARR,True,True
P03050,R40A,4.6,1ARR,True,True
P01053,T59D,-0.04,2CI2,True,False
P01053,I40L,1.96,2CI2,True,False
P01053,I50G,3.52,2CI2,True,False
P01053,I50T,1.34,2CI2,True,False
P01053,K22M,0.67,2CI2,True,False
P01053,E27Q,0.62,2CI2,True,False
P01053,E35Q,0.47,2CI2,True,False
P01053,E35D,0.74,2CI2,True,False
P01053,E35N,1.07,2CI2,True,False
P00648,T53N,1.27,1BNI,False,False
P00648,T53D,-0.11,1BNI,False,False
P00648,T53Q,1.87,1BNI,False,False
P00648,T53E,0.27,1BNI,False,False
P00648,T73N,1.29,1BNI,False,False
P00648,T73Q,1.72,1BNI,False,False
P00648,T73E,0.05,1BNI,False,False
P0AE67,A74G,0.3,1CEY,False,False
P0AE67,A77G,0.3,1CEY,False,False
P0AE67,A99G,0.5,1CEY,False,False
P0AE67,A113G,0.8,1CEY,False,False
P0AE67,A114G,0.5,1CEY,False,False
P00651,N62A,-0.03,1RN1,False,False
P00651,A47C,0.74,1RN1,False,False
P00651,A47F,0.57,1RN1,False,False
P00651,A47I,0.44,1RN1,False,False
P00651,A47K,0.51,1RN1,False,False
P00651,A47L,0.13,1RN1,False,False
P00651,A47M,0.15,1RN1,False,False
P00651,A47N,-0.34,1RN1,False,False
P00651,A47R,0.41,1RN1,False,False
P00651,A47T,0.57,1RN1,False,False
P00651,A47V,0.66,1RN1,False,False
P00651,A47W,0.3,1RN1,False,False
P00651,A47Y,0.39,1RN1,False,False
P02633,P24G,1.19,1IGV,True,False
P00044,P77V,1.0,1YCC,True,False
P00044,P77T,1.7,1YCC,True,False
P00044,P77I,1.7,1YCC,True,False
P0AA25,P77A,3.9,2TRX,True,False
P0AA25,P35S,0.1,2TRX,True,False
P01308,S33D,-0.1,1ZNJ,True,False
P01308,H34D,-1.3,1ZNJ,True,False
P01308,H34E,-1.44,1ZNJ,True,False
P01308,H34T,0.22,1ZNJ,True,False
P01308,T97A,-0.16,1ZNJ,True,False
P01308,T97H,-1.76,1ZNJ,True,False
P01308,T97R,-1.25,1ZNJ,True,False
P01308,Y50T,0.3,1ZNJ,True,False
P01308,F49H,-1.0,1ZNJ,True,False
P01308,F49D,-0.6,1ZNJ,True,False
P11540,C41A,-0.1,1BTA,True,False
P00044,K79G,0.74,1YCC,True,False
P00044,K79A,0.45,1YCC,True,False
P00044,K79L,0.03,1YCC,True,False
P00044,K79R,0.03,1YCC,True,False
P00044,V26C,1.1,1YCC,True,False
P00004,L95I,-0.2,1AKK,True,False
P00004,L95A,3.5,1AKK,True,False
P00044,G12A,3.5,1YCC,True,False
P00044,N58F,0.06,1YCC,True,False
P07107,D22H,0.56,2ABD,True,False
P00044,F88Y,0.7,1YCC,True,False
P00044,L91A,2.8,1YCC,True,False
P07107,I40A,1.06,2ABD,True,False
P05413,T41E,3.27,2HMB,False,False
P05413,T41Q,4.37,2HMB,False,False
P05413,T41V,1.84,2HMB,False,False
P00094,P56A,2.0,1C2R,True,False
P00094,G55S,2.2,1C2R,True,False
P05798,D25H,-0.9,1RGG,True,True
P0AE67,D12A,-2.5,1CEY,False,False
P0AE67,D13A,-2.7,1CEY,False,False
P0AE67,D57A,-3.3,1CEY,False,False
P00651,W85Y,0.93,1RN1,False,False
P00651,Y68W,0.14,1RN1,False,False
P00651,Y71W,-0.74,1RN1,False,False
P00651,H66T,0.26,1RN1,False,False
P08463,P7A,0.2,1SCE,True,True
P08463,P20A,0.3,1SCE,True,True
P08463,P29A,-0.23,1SCE,True,True
P08463,P44A,3.04,1SCE,True,True
P08463,P52A,2.57,1SCE,True,True
P08463,P58A,0.35,1SCE,True,True
P08463,P90A,-1.19,1SCE,True,True
P08463,P92A,-0.07,1SCE,True,True
P08463,P90G,-1.33,1SCE,True,True
P08463,P92G,-0.07,1SCE,True,True
P08463,S28A,0.34,1SCE,True,True
P08463,S28G,-0.89,1SCE,True,True
P08463,V89A,0.24,1SCE,True,True
P08463,V89G,-0.81,1SCE,True,True
P61626,D85H,4.54,1LZ1,False,False
P61626,Y56A,2.49,1LZ1,False,False
P61626,Y56G,2.32,1LZ1,False,False
P61626,G55A,0.29,1LZ1,False,False
P07445,Y16S,-11.9,1OH0,False,False
P07445,Y32S,-13.7,1OH0,False,False
P81708,V109K,0.43,1EL1,False,False
P81708,H21G,0.48,1EL1,False,False
P81708,I56L,0.24,1EL1,False,False
P81708,A93S,0.26,1EL1,False,False
P00282,H137G,9.9,5AZU,True,False
P00282,H66G,10.9,5AZU,True,False
P0A7Y4,A52C,-0.8,2RN2,False,False
P0A7Y4,A52M,-0.5,2RN2,False,False
P0A7Y4,A52T,0.8,2RN2,False,False
P0A7Y4,A52Q,1.2,2RN2,False,False
P0A7Y4,A52E,1.5,2RN2,False,False
P0A7Y4,A52P,1.6,2RN2,False,False
P0A7Y4,A52S,1.8,2RN2,False,False
P0A7Y4,A52N,1.8,2RN2,False,False
P0A7Y4,A52D,1.9,2RN2,False,False
P0A7Y4,A52Y,2.3,2RN2,False,False
P0A7Y4,A52H,3.6,2RN2,False,False
P0A7Y4,A52K,5.9,2RN2,False,False
P03051,D30G,-2.0,1ROP,True,True
P03051,D30Q,-1.8,1ROP,True,True
P03051,D30E,-1.0,1ROP,True,True
P03051,D30S,-1.0,1ROP,True,True
P03051,D30K,-0.9,1ROP,True,True
P03051,D30H,-0.9,1ROP,True,True
P03051,D30C,-0.8,1ROP,True,True
P03051,D30R,-0.8,1ROP,True,True
P03051,D30N,-0.8,1ROP,True,True
P03051,D30M,-0.6,1ROP,True,True
P03051,D30A,-0.3,1ROP,True,True
P03051,D30Y,-0.2,1ROP,True,True
P03051,D30L,0.1,1ROP,True,True
P03051,D30F,0.1,1ROP,True,True
P03051,D30T,0.4,1ROP,True,True
P03051,D30V,0.4,1ROP,True,True
P03051,D30W,0.4,1ROP,True,True
P03051,D30I,0.8,1ROP,True,True
P03051,D30P,1.6,1ROP,True,True
P02185,I29L,0.6,1BVC,True,False
P02185,I29M,0.6,1BVC,True,False
P02185,I112L,0.6,1BVC,True,False
P02185,I112M,1.1,1BVC,True,False
P02185,I112A,1.8,1BVC,True,False
P02185,I143L,-0.6,1BVC,True,False
P02185,I143M,-0.9,1BVC,True,False
P02185,I143V,0.1,1BVC,True,False
P02185,L30I,1.1,1BVC,True,False
P02185,L30M,-0.1,1BVC,True,False
P02185,L30V,1.7,1BVC,True,False
P02185,L70V,0.1,1BVC,True,False
P02185,L70A,1.2,1BVC,True,False
P02185,L136I,1.5,1BVC,True,False
P02185,L136M,0.8,1BVC,True,False
P02185,L136V,2.2,1BVC,True,False
P02185,L50I,0.8,1BVC,True,False
P02185,P89A,-0.6,1BVC,True,False
P02185,H117A,-0.2,1BVC,True,False
P02185,T68A,0.3,1BVC,True,False
P02185,S118A,0.3,1BVC,True,False
P02185,L10A,0.4,1BVC,True,False
P02185,T52A,1.4,1BVC,True,False
P02185,L150A,1.6,1BVC,True,False
P0A7Y4,G77A,0.9,2RN2,False,False
P0A7Y4,Q76L,-0.24,2RN2,False,False
P00720,N163D,0.21,2LZM,False,False
P00720,T157S,0.66,2LZM,False,False
P00720,T157G,1.1,2LZM,False,False
P00720,T157C,1.3,2LZM,False,False
P00720,T157H,2.1,2LZM,False,False
P00720,I3W,2.8,2LZM,False,False
P00720,C54V,0.7,2LZM,False,False
P00720,E11F,-1.7,2LZM,False,False
P00720,E11M,-1.6,2LZM,False,False
P00720,E11A,-1.1,2LZM,False,False
P00720,G30A,-0.1,2LZM,False,False
P00720,G30F,1.5,2LZM,False,False
P00720,S117V,-2.0,2LZM,False,False
P00720,N132M,-1.5,2LZM,False,False
P00720,N132F,-1.3,2LZM,False,False
P00720,N132I,-1.2,2LZM,False,False
P00720,V131L,-0.09,2LZM,False,False
P00720,V131M,-0.12,2LZM,False,False
P00720,V131I,-0.16,2LZM,False,False
P00720,V131E,-0.2,2LZM,False,False
P00720,V131S,0.05,2LZM,False,False
P00720,V131D,-0.08,2LZM,False,False
P00720,V131G,0.68,2LZM,False,False
P00698,F21Y,0.45,4LYZ,False,False
P00698,H33L,-0.76,4LYZ,False,False
P00698,N37K,1.06,4LYZ,False,False
P00698,R39Q,0.15,4LYZ,False,False
P00698,F52Y,-0.19,4LYZ,False,False
P00698,R86K,0.04,4LYZ,False,False
P00698,R91K,-0.23,4LYZ,False,False
P00698,N95H,0.38,4LYZ,False,False
P00698,G120V,0.04,4LYZ,False,False
P00698,G120R,-0.38,4LYZ,False,False
P00698,R132H,-0.68,4LYZ,False,False
P00698,Q139H,0.45,4LYZ,False,False
P00698,A49V,-1.2,4LYZ,False,False
P00698,A49I,-1.4,4LYZ,False,False
P00698,A49L,-1.8,4LYZ,False,False
P00698,D119S,-0.87,4LYZ,False,False
P00698,D119A,-0.76,4LYZ,False,False
P00698,D119F,-0.72,4LYZ,False,False
P00698,D119R,-0.27,4LYZ,False,False
P00698,D119K,-0.19,4LYZ,False,False
P00698,D119N,-0.04,4LYZ,False,False
P00698,D119Q,0.08,4LYZ,False,False
P00698,S109T,-0.99,4LYZ,False,False
P00698,S109V,0.08,4LYZ,False,False
P00698,S109A,0.15,4LYZ,False,False
P00698,T58S,0.27,4LYZ,False,False
P00698,I73L,0.45,4LYZ,False,False
P00698,T58I,2.2,4LYZ,False,False
P00698,I73M,2.27,4LYZ,False,False
P00698,S109D,2.31,4LYZ,False,False
P00698,I73F,2.46,4LYZ,False,False
P00698,S109Y,3.07,4LYZ,False,False
P61823,P119A,2.7,1RTB,True,False
P61823,P119S,2.1,1RTB,True,False
P61823,P140A,3.2,1RTB,True,False
P00974,R36A,0.5,1BPI,False,False
P00974,P37A,1.3,1BPI,False,False
P00974,D38A,-0.2,1BPI,False,False
P00974,F39A,3.0,1BPI,False,False
P00974,L41A,0.6,1BPI,False,False
P00974,E42A,1.5,1BPI,False,False
P00974,P43A,0.3,1BPI,False,False
P00974,P44A,0.8,1BPI,False,False
P00974,Y45A,1.2,1BPI,False,False
P00974,G47A,1.8,1BPI,False,False
P00974,K50A,0.4,1BPI,False,False
P00974,R52A,0.3,1BPI,False,False
P00974,I53A,1.5,1BPI,False,False
P00974,I54A,2.1,1BPI,False,False
P00974,R55A,1.8,1BPI,False,False
P00974,N59A,2.2,1BPI,False,False
P00974,G63A,1.0,1BPI,False,False
P00974,Q66A,1.0,1BPI,False,False
P00974,T67A,0.1,1BPI,False,False
P00974,V69A,1.2,1BPI,False,False
P00974,G71A,2.1,1BPI,False,False
P00974,K76A,0.4,1BPI,False,False
P00974,R77A,0.5,1BPI,False,False
P00974,N79A,3.3,1BPI,False,False
P00974,K81A,-0.1,1BPI,False,False
P00974,S82A,1.6,1BPI,False,False
P00974,E84A,0.2,1BPI,False,False
P00974,D85A,0.4,1BPI,False,False
P00974,M87A,1.7,1BPI,False,False
P00974,R88A,0.1,1BPI,False,False
P00974,T89A,0.1,1BPI,False,False
P00974,G91A,0.2,1BPI,False,False
P00974,G92A,0.2,1BPI,False,False
P00044,C108S,-2.8,1YCC,True,False
P00044,C108A,-2.9,1YCC,True,False
P61823,Y123A,12.0,1RTB,True,False
P61823,Y123G,11.7,1RTB,True,False
P61626,Y56F,0.19,1LZ1,False,False
P61626,Y81F,0.24,1LZ1,False,False
P0A3H0,A27S,1.19,1HUE,True,True
P0A3H0,S31T,-0.41,1HUE,True,True
P0A3H0,V42I,0.82,1HUE,True,True
P0A3H0,A56S,0.13,1HUE,True,True
P00720,H31N,4.0,2LZM,False,False
P00720,N68A,0.05,2LZM,False,False
P00648,G100A,3.4,1BNI,False,False
P00648,G99A,5.3,1BNI,False,False
P00648,G100V,7.8,1BNI,False,False
P00648,G99V,8.4,1BNI,False,False
P00099,F29A,-1.1,451C,True,False
P00099,V35M,-0.4,451C,True,False
P00099,Q59R,-0.5,451C,True,False
P0ABQ4,P21L,0.1,1RX4,True,True
P00257,D134E,-0.45,1AYF,True,False
P61626,V92G,0.22,1LZ1,False,False
P61626,V128L,-0.07,1LZ1,False,False
P00698,M30F,-0.28,4LYZ,False,False
P61626,A114S,1.0,1LZ1,False,False
P03706,H31D,1.6,1AM7,True,True
P03706,H48N,5.0,1AM7,True,True
P61024,I6V,0.56,1DKT,True,True
P61024,V32A,1.13,1DKT,True,True
P61024,P62A,-1.4,1DKT,True,True
P61024,P64A,0.42,1DKT,True,True
P61024,L67A,2.03,1DKT,True,True
P61024,R70A,2.8,1DKT,True,True
P62942,W60F,2.72,1FKJ,True,False
P62942,W60L,2.35,1FKJ,True,False
P42771,W15D,-0.17,1A5E,False,False
P00099,W78F,1.9,451C,True,False
P00099,W99F,1.2,451C,True,False
P61823,F72A,6.36,1RTB,True,False
P02625,H27P,-1.25,1RTP,True,False
P02625,K81S,0.29,1RTP,True,False
P0A7Y4,I53V,0.2,2RN2,False,False
P00648,Y60G,6.4,1BNI,False,False
P00648,Q62G,1.6,1BNI,False,False
P00648,Q62A,0.2,1BNI,False,False
P00648,I102G,3.1,1BNI,False,False
P00648,R119G,2.5,1BNI,False,False
P00648,E120G,5.4,1BNI,False,False
P00648,I135G,7.4,1BNI,False,False
P00648,L136G,7.0,1BNI,False,False
P00648,L142G,4.7,1BNI,False,False
P00648,I143G,5.7,1BNI,False,False
P00648,Y144G,6.6,1BNI,False,False
P00648,T147G,2.8,1BNI,False,False
P13479,V71I,-0.07,1IMQ,True,True
P13479,A25G,0.14,1IMQ,True,True
P13479,V34L,-0.33,1IMQ,True,True
P03050,V22A,3.02,1ARR,True,False
P03050,I37V,1.37,1ARR,True,False
P03050,V41A,3.71,1ARR,True,False
P03050,F45A,2.7,1ARR,True,False
P00720,S38A,0.77,2LZM,False,False
P0A6F9,I3C,0.4,1AON,True,True
P0ABQ4,N59P,1.34,1RX4,True,True
P0ABQ4,S148P,0.26,1RX4,True,True
P02417,M1G,2.36,1DIV,False,False
P02417,M1A,1.46,1DIV,False,False
P02417,V3I,0.31,1DIV,False,False
P02417,V3L,2.21,1DIV,False,False
P02417,V3A,2.55,1DIV,False,False
P02417,I4V,0.59,1DIV,False,False
P02417,I4A,2.22,1DIV,False,False
P02417,L6I,0.13,1DIV,False,False
P02417,L6V,0.41,1DIV,False,False
P02417,L6A,3.1,1DIV,False,False
P02417,V21I,0.4,1DIV,False,False
P02417,V21L,1.23,1DIV,False,False
P02417,V21A,2.33,1DIV,False,False
P02417,L30V,3.62,1DIV,False,False
P02417,L30A,2.76,1DIV,False,False
P00171,S76L,-0.8,1CYO,True,False
P29160,E63A,1.29,1H7M,True,False
P29160,E65A,0.26,1H7M,True,False
P00282,V51A,1.67,5AZU,True,False
P00282,L53A,1.67,5AZU,True,False
P00282,L70A,1.79,5AZU,True,False
P00282,V80G,3.11,5AZU,True,False
P00282,V115A,0.96,5AZU,True,False
P00282,F117A,2.63,5AZU,True,False
P00282,Y128A,3.59,5AZU,True,False
P00282,F130A,5.02,5AZU,True,False
P00282,M141A,2.87,5AZU,True,False
P02417,K7M,-0.35,1DIV,False,False
P02417,K10M,-0.05,1DIV,False,False
P02417,K14M,-0.01,1DIV,False,False
P02417,K15M,0.31,1DIV,False,False
P02417,D8N,0.3,1DIV,False,False
P02417,E17Q,0.21,1DIV,False,False
P02417,E38Q,0.56,1DIV,False,False
P02417,E48Q,-0.03,1DIV,False,False
P02417,E54Q,-0.33,1DIV,False,False
P02417,F5V,3.99,1DIV,False,False
P00720,L66M,1.0,2LZM,False,False
P61823,V73G,7.34,1RTB,True,False
P61823,I133V,0.08,1RTB,True,False
P61823,I133A,2.84,1RTB,True,False
P61823,V134G,7.28,1RTB,True,False
P61823,I133L,2.19,1RTB,True,False
P05230,V46W,-0.96,2AFG,True,False
P05230,C132I,-0.36,2AFG,True,False
Q13526,L7A,1.72,1PIN,True,True
Q13526,L7V,1.26,1PIN,True,True
Q13526,L7N,0.9,1PIN,True,True
Q13526,P8A,0.97,1PIN,True,True
Q13526,P8G,0.92,1PIN,True,True
Q13526,P9A,0.19,1PIN,True,True
Q13526,P9G,0.49,1PIN,True,True
Q13526,G10A,0.85,1PIN,True,True
Q13526,W11F,1.93,1PIN,True,True
Q13526,E12A,0.48,1PIN,True,True
Q13526,K13A,0.02,1PIN,True,True
Q13526,R14A,1.63,1PIN,True,True
Q13526,M15A,0.59,1PIN,True,True
Q13526,S16A,0.44,1PIN,True,True
Q13526,S16G,0.92,1PIN,True,True
Q13526,R17A,0.0,1PIN,True,False
Q13526,R17G,0.22,1PIN,True,True
Q13526,S18A,-0.03,1PIN,True,True
Q13526,S18G,-0.02,1PIN,True,True
Q13526,S19A,0.14,1PIN,True,True
Q13526,S19G,-0.01,1PIN,True,True
Q13526,G20A,0.86,1PIN,True,True
Q13526,R21G,0.67,1PIN,True,True
Q13526,V22A,0.26,1PIN,True,True
Q13526,Y23A,1.08,1PIN,True,True
Q13526,Y23L,1.18,1PIN,True,True
Q13526,Y23F,0.52,1PIN,True,True
Q13526,Y24F,0.66,1PIN,True,True
Q13526,Y24W,0.56,1PIN,True,True
Q13526,F25A,2.14,1PIN,True,True
Q13526,F25L,1.37,1PIN,True,True
Q13526,F25Y,-0.22,1PIN,True,True
Q13526,N26D,1.88,1PIN,True,True
Q13526,H27A,0.12,1PIN,True,True
Q13526,H27G,0.68,1PIN,True,True
Q13526,I28A,0.36,1PIN,True,True
Q13526,I28G,0.48,1PIN,True,True
Q13526,T29A,1.25,1PIN,True,True
Q13526,T29G,1.99,1PIN,True,True
Q13526,T29D,1.33,1PIN,True,True
Q13526,N30A,0.47,1PIN,True,True
Q13526,N30G,-0.53,1PIN,True,True
Q13526,A31G,1.49,1PIN,True,True
Q13526,S32A,0.26,1PIN,True,True
Q13526,S32G,0.81,1PIN,True,True
Q13526,Q33A,0.57,1PIN,True,True
Q13526,W34A,0.4,1PIN,True,True
Q13526,W34F,0.1,1PIN,True,True
Q13526,E35A,0.73,1PIN,True,True
Q13526,R36A,0.29,1PIN,True,True
Q13526,S38A,-0.05,1PIN,True,True
Q13526,S38G,0.08,1PIN,True,True
P37001,A110G,0.87,1THQ,True,False
P37001,Y112F,1.37,1THQ,True,False
P37001,L130A,0.76,1THQ,True,False
P37001,M182A,0.77,1THQ,True,False
P37001,W42A,0.98,1THQ,True,False
P37001,Y48A,0.91,1THQ,True,False
P37001,Y178A,0.55,1THQ,True,False
P37001,D49N,0.6,1THQ,True,False
P37001,S83A,1.26,1THQ,True,False
P37001,M97A,0.34,1THQ,True,False
P37001,E115A,0.66,1THQ,True,False
P37001,R119A,1.53,1THQ,True,False
P37001,T133A,0.4,1THQ,True,False
P37001,S155A,1.27,1THQ,True,False
P37001,T162A,0.51,1THQ,True,False
P37001,Q164A,0.97,1THQ,True,False
P37001,Q185A,-0.18,1THQ,True,False
P03706,H31N,-1.8,1AM7,True,True
P00257,D73E,-0.5,1AYF,True,False
P04166,R31H,-1.4,1B5M,True,False
P04166,P97A,0.7,1B5M,True,False
P00648,T73H,4.3,1BNI,False,False
P00974,C65G,8.7,1BPI,False,False
P00974,C65A,6.1,1BPI,False,False
P00974,C65S,8.0,1BPI,False,False
P00974,C65T,7.8,1BPI,False,False
P00974,C65V,6.0,1BPI,False,False
P24297,A2K,0.6,1BRF,True,False
P02185,G66A,0.1,1BVC,True,False
P00171,V50G,1.9,1CYO,True,False
P00171,V50T,1.0,1CYO,True,False
P0A3H0,M69I,0.0,1HUE,True,False
P02631,P22A,0.7,1RRO,True,False
P02631,P27A,0.7,1RRO,True,False
P00044,G7A,1.3,1YCC,True,False
P00044,N58G,-0.9,1YCC,True,False
P00044,H39P,0.8,1YCC,True,False
P00044,G29S,1.5,1YCC,True,True
P01053,Q48M,-0.3,2CI2,True,False
P01053,E34A,-0.6,2CI2,True,False
P00720,Y24A,5.5,2LZM,False,False
P00720,R14A,3.0,2LZM,False,False
P00720,L32A,3.0,2LZM,False,False
P00720,N53A,0.8,2LZM,False,False
P00720,T34A,0.2,2LZM,False,False
P00720,L121I,1.3,2LZM,False,False
P00720,D127A,-0.2,2LZM,False,False
P0A7Y4,Y28F,0.7,2RN2,False,False
P0A7Y4,D94R,-1.1,2RN2,False,False
P0AA25,T78C,-2.1,2TRX,True,False
P0A3C7,R43A,2.4,1FXA,False,False
P0A3C7,T49A,-0.1,1FXA,False,False
P0A3C7,F66A,1.0,1FXA,False,False
P0A3C7,E95Q,-0.6,1FXA,False,False
P01053,E46Q,0.6,2CI2,True,False
P01053,R82A,0.6,2CI2,True,False
P01053,D75N,0.0,2CI2,True,False
P0A2D5,V10T,4.0,2CHF,False,False
P0A2D5,V11T,3.2,2CHF,False,False
P0A2D5,D12A,-2.5,2CHF,False,False
P0A2D5,D13A,-2.7,2CHF,False,False
P0A2D5,F14A,-0.8,2CHF,False,False
P0A2D5,V21T,0.2,2CHF,False,False
P0A2D5,N23G,0.0,2CHF,False,False
P0A2D5,V33T,1.5,2CHF,False,False
P0A2D5,A36G,3.1,2CHF,False,False
P0A2D5,D38A,1.9,2CHF,False,False
P0A2D5,D38G,1.0,2CHF,False,False
P0A2D5,V40T,0.8,2CHF,False,False
P0A2D5,A42G,2.3,2CHF,False,False
P0A2D5,I55V,1.5,2CHF,False,False
P0A2D5,D57A,-3.4,2CHF,False,False
P0A2D5,P61G,0.6,2CHF,False,False
P0A2D5,D64A,1.0,2CHF,False,False
P0A2D5,I72V,1.5,2CHF,False,False
P0A2D5,A74G,0.3,2CHF,False,False
P0A2D5,V83T,3.5,2CHF,False,False
P0A2D5,A97G,1.4,2CHF,False,False
P0A2D5,A98G,1.3,2CHF,False,False
P0A2D5,A99G,0.5,2CHF,False,False
P0A2D5,A101G,1.0,2CHF,False,False
P0A2D5,A103G,1.7,2CHF,False,False
P0A2D5,V108T,1.0,2CHF,False,False
P0A2D5,T112A,1.5,2CHF,False,False
P0A2D5,T112G,1.0,2CHF,False,False
P0A2D5,A113G,1.3,2CHF,False,False
P0A2D5,A114G,0.8,2CHF,False,False
P0A2D5,I123V,0.8,2CHF,False,False
P00818,A31G,1.6,1APS,True,False
2IMM,A15L,-1.4,2IMM,False,False
P00818,E30D,3.5,1APS,True,False
P00818,E84D,1.5,1APS,True,False
P0A3C7,E95D,1.1,1FXA,False,False
P0A3C7,F66I,0.9,1FXA,False,False
P00818,F23L,1.3,1APS,True,False
P00818,F95L,4.3,1APS,True,False
P0A3C7,F66W,0.6,1FXA,False,False
P0A3C7,F66Y,0.5,1FXA,False,False
P00818,G46A,1.7,1APS,True,False
P00004,H34F,-0.7,1AKK,True,False
P11053,H43R,-4.0,1FRD,False,False
P00004,H27V,3.8,1AKK,True,False
P00818,I76V,1.4,1APS,True,False
P03050,K46A,0.0,1ARR,True,False
2IMM,K24R,0.2,2IMM,False,False
P01625,K56T,1.3,1LVE,False,False
P00818,L90A,1.7,1APS,True,False
P01625,L35P,1.5,1LVE,False,False
P00818,M62A,4.0,1APS,True,False
2IMM,M21I,-0.2,2IMM,False,False
2IMM,M21L,0.3,2IMM,False,False
P03050,N34A,0.0,1ARR,True,False
P00004,N53I,3.1,1AKK,True,False
P00818,P55A,0.5,1APS,True,False
P00818,P72A,1.6,1APS,True,False
P00045,P86G,1.2,1YEA,True,False
P01625,P66L,1.7,1LVE,False,False
2IMM,P49S,0.2,2IMM,False,False
P00045,P81T,0.8,1YEA,True,False
P00004,P31V,5.0,1AKK,True,False
P0A3C7,R43H,1.4,1FXA,False,False
P00818,T43A,1.8,1APS,True,False
P01625,T120H,-0.7,1LVE,False,False
P00818,T79S,1.4,1APS,True,False
P00818,V14A,2.6,1APS,True,False
P00818,V18A,1.8,1APS,True,False
P00818,V21A,0.3,1APS,True,False
P00818,V36A,2.5,1APS,True,True
P00818,V40A,1.6,1APS,True,False
P00818,V48A,1.9,1APS,True,False
P00818,V52A,1.9,1APS,True,False
P00818,W65A,1.5,1APS,True,False
P00818,W39F,0.0,1APS,True,False
P00818,Y12I,2.2,1APS,True,False
P0A6F9,I48W,0.2,1AON,True,True
P00593,H70A,1.9,1BP2,True,False
P00593,H70N,2.4,1BP2,True,False
P00593,H70Q,0.5,1BP2,True,False
P00712,L31A,2.7,1HFY,False,False
P00712,L71A,3.2,1HFY,False,False
P00712,I74V,2.7,1HFY,False,False
P00712,W79A,2.0,1HFY,False,False
P00712,D106N,1.1,1HFY,False,False
P00712,I108V,0.9,1HFY,False,False
P00712,V109A,-0.9,1HFY,False,False
P00712,K112A,1.7,1HFY,False,False
P00712,I114V,1.7,1HFY,False,False
P00712,L115A,1.8,1HFY,False,False
P00712,Y122F,2.1,1HFY,False,False
P00712,L124A,0.3,1HFY,False,False
P00712,L129A,0.3,1HFY,False,False
P05413,F5S,3.7,2HMB,False,False
P05413,W9E,3.8,2HMB,False,False
P05413,F17S,4.0,2HMB,False,False
P05413,K22I,0.0,2HMB,False,False
P05413,T40E,2.4,2HMB,False,False
P05413,T40Q,2.7,2HMB,False,False
P05413,T40V,0.8,2HMB,False,False
P05413,F65S,3.8,2HMB,False,False
P05413,L67G,3.7,2HMB,False,False
P05413,G68S,1.2,2HMB,False,False
P05413,E73S,3.7,2HMB,False,False
P00173,D65R,-0.1,1IET,True,False
Q03026,D35A,0.7,1JIW,True,False
Q03026,W40F,2.3,1JIW,True,False
P61626,D67H,3.7,1LZ1,False,False
P07445,Y16F,1.8,1OH0,False,False
P07445,Y32F,-0.2,1OH0,False,False
P07445,Y57F,1.2,1OH0,False,False
P07445,V101L,1.7,1OH0,False,False
P00651,G49A,1.2,1RN1,False,False
P00651,V78T,3.6,1RN1,False,False
P07107,A9G,1.9,2ABD,True,True
P01053,I49T,1.2,2CI2,True,True
P0ABQ4,I2V,0.6,1RX4,True,False
P0ABQ4,I61L,0.4,1RX4,True,False
P0ABQ4,C85S,1.0,1RX4,True,False
P0ABQ4,I94L,0.6,1RX4,True,False
P0ABQ4,I94V,0.7,1RX4,True,False
P0ABQ4,L112I,0.2,1RX4,True,False
P0ABQ4,C152E,1.0,1RX4,True,False
P00974,F39L,2.2,1BPI,False,False
P00974,Y45L,2.9,1BPI,False,False
P00974,Y56L,3.4,1BPI,False,False
P02185,H82Q,0.0,1BVC,True,True
P0A3E0,E107A,-0.6,1FTG,True,True
1YYX,A36G,2.7,1YYX,False,False
1YYX,A87G,3.0,1YYX,False,False
1YYX,A90G,2.9,1YYX,False,False
1YYX,F61A,5.5,1YYX,False,False
1YYX,F65A,2.5,1YYX,False,False
1YYX,I72A,4.7,1YYX,False,False
1YYX,I98A,3.8,1YYX,False,False
1YYX,L48A,4.2,1YYX,False,False
1YYX,L68A,4.0,1YYX,False,False
1YYX,L76A,3.4,1YYX,False,False
1YYX,L94A,1.7,1YYX,False,False
1YYX,M33A,3.5,1YYX,False,False
1YYX,M58A,3.6,1YYX,False,False
1YYX,V84A,3.9,1YYX,False,False
P01625,S103T,-0.1,1LVE,False,False
P01625,K71T,2.3,1LVE,False,False
P01625,T100H,-0.7,1LVE,False,False
P00651,D75W,0.9,1RN1,False,False
P05230,C132V,0.3,2AFG,True,False
P05230,V46I,1.0,2AFG,True,False
P04164,M69A,-5.0,1C52,True,True
P04164,M69H,0.7,1C52,True,True
P29160,K10M,0.5,1H7M,True,False
P29160,R93M,0.8,1H7M,True,False
Q03026,A33P,0.2,1JIW,True,False
Q03026,D35P,0.5,1JIW,True,False
P61823,I107L,2.2,1RTB,True,True
P61823,N93D,-0.6,1RTB,True,False
P00720,A42F,5.2,2LZM,False,False
P00720,A42I,4.4,2LZM,False,False
P00720,A42L,5.1,2LZM,False,False
P00720,A42V,3.5,2LZM,False,False
P00720,A98C,1.1,2LZM,False,False
P00720,A98M,4.0,2LZM,False,False
P00720,A129F,1.9,2LZM,False,False
P00720,A129W,3.2,2LZM,False,False
P61626,Y38A,2.8,1LZ1,False,False
P61626,Y38G,2.5,1LZ1,False,False
P61626,S100A,-1.0,1LZ1,False,False
P00651,V78S,4.9,1RN1,False,False
P00044,A13L,-0.3,1YCC,True,False
P00044,A13Y,-0.3,1YCC,True,False
P00044,F16I,0.9,1YCC,True,False
P00044,F16M,3.3,1YCC,True,False
P00044,F16W,1.3,1YCC,True,False
P00044,F16Y,0.7,1YCC,True,False
P00044,L100A,3.8,1YCC,True,False
P00044,L100I,0.0,1YCC,True,False
P00044,L100T,3.3,1YCC,True,False
P00044,L100V,0.7,1YCC,True,False
P00044,Y103F,-0.1,1YCC,True,False
P00045,N62I,-2.4,1YEA,True,False
P04168,Y12F,2.3,2HIP,True,True
P00720,L39P,2.8,2LZM,False,False
P00720,P86A,0.4,2LZM,False,False
P00720,P143A,1.0,2LZM,False,False
P0AA25,P41S,-1.4,2TRX,True,False
P0A3E0,I103V,0.7,1FTG,True,False
P0A3E0,L142A,0.1,1FTG,True,False
P00004,P31A,5.566666666666666,1AKK,True,False
P00004,Y68F,2.1666666666666665,1AKK,True,False
P00004,L95V,1.0,1AKK,True,False
P00044,H32Y,1.9733333333333327,1YCC,True,False
P00044,N58H,1.6,1YCC,True,False
P00044,N58S,0.29,1YCC,True,False
P00044,T75E,-1.4,1YCC,True,False
P00044,K79W,1.51,1YCC,True,False
P00044,T102A,-0.9,1YCC,True,False
P00094,K33D,1.2,1C2R,True,False
P00094,K53E,-0.3,1C2R,True,False
P00171,F40L,1.87,1CYO,True,False
P00171,V50H,1.4575,1CYO,True,False
P00171,V50Y,1.54,1CYO,True,False
P00171,V66E,1.0750000000000002,1CYO,True,False
P00171,V66H,1.615,1CYO,True,False
P00171,V66K,2.365,1CYO,True,False
P00171,V66Y,1.315,1CYO,True,False
P00257,T112A,1.37,1AYF,True,False
P00257,T112S,-0.0875,1AYF,True,False
P00257,H114R,1.2533333333333332,1AYF,True,False
P00257,H114T,1.2633333333333334,1AYF,True,False
P00257,Y140F,0.0366666666666666,1AYF,True,False
P00257,Y140L,0.4866666666666666,1AYF,True,False
P00257,Y140W,0.205,1AYF,True,False
P00257,C153S,-0.9533333333333333,1AYF,True,False
P00268,V24I,-0.36,1IRO,True,True
P00268,I33L,-0.76,1IRO,True,True
P00282,I27A,3.2750000000000004,5AZU,True,False
P00282,I40V,0.32,5AZU,True,False
P00282,V42A,1.526,5AZU,True,False
P00282,W68A,3.375,5AZU,True,False
P00282,L70T,2.245,5AZU,True,False
P00282,L70V,0.3,5AZU,True,False
P00282,I101V,0.155,5AZU,True,False
P00648,N52A,1.81,1BNI,False,False
P00648,T53S,0.26,1BNI,False,False
P00648,D55G,1.154,1BNI,False,False
P00648,D55S,0.7675,1BNI,False,False
P00648,V57A,3.34,1BNI,False,False
P00648,D59S,0.7833333333333333,1BNI,False,False
P00648,Y60F,0.5033333333333333,1BNI,False,False
P00648,Q62I,-1.2,1BNI,False,False
P00648,T63A,0.3675,1BNI,False,False
P00648,T63S,1.6388888888888888,1BNI,False,False
P00648,Y64F,0.45,1BNI,False,False
P00648,H65A,1.925,1BNI,False,False
P00648,H65K,1.038,1BNI,False,False
P00648,H65N,1.66,1BNI,False,False
P00648,H65Q,1.435,1BNI,False,False
P00648,H65R,1.0425,1BNI,False,False
P00648,D69M,0.185,1BNI,False,False
P00648,N70A,2.19,1BNI,False,False
P00648,Y71F,-0.0633333333333333,1BNI,False,False
P00648,I72V,1.0033333333333334,1BNI,False,False
P00648,T73D,0.0266666666666666,1BNI,False,False
P00648,T73S,0.53,1BNI,False,False
P00648,T73V,2.205,1BNI,False,False
P00648,K74A,-0.445,1BNI,False,False
P00648,K74G,0.35,1BNI,False,False
P00648,S75A,-0.4775,1BNI,False,False
P00648,S75E,-0.5,1BNI,False,False
P00648,S75G,0.45,1BNI,False,False
P00648,E76A,1.242,1BNI,False,False
P00648,E76G,1.8671428571428568,1BNI,False,False
P00648,E76Q,0.1733333333333333,1BNI,False,False
P00648,E76S,1.143333333333333,1BNI,False,False
P00648,Q78A,-0.1333333333333333,1BNI,False,False
P00648,Q78G,0.995,1BNI,False,False
P00648,Q78S,0.175,1BNI,False,False
P00648,A79D,0.5,1BNI,False,False
P00648,A79F,0.5666666666666667,1BNI,False,False
P00648,A79G,0.842,1BNI,False,False
P00648,A79H,0.7000000000000001,1BNI,False,False
P00648,A79I,0.7000000000000001,1BNI,False,False
P00648,A79K,0.15,1BNI,False,False
P00648,A79L,0.1666666666666666,1BNI,False,False
P00648,A79M,0.1999999999999999,1BNI,False,False
P00648,A79Q,0.3999999999999999,1BNI,False,False
P00648,A79R,0.15,1BNI,False,False
P00648,A79S,0.25,1BNI,False,False
P00648,A79T,0.6,1BNI,False,False
P00648,A79W,1.05,1BNI,False,False
P00648,A79Y,0.7000000000000001,1BNI,False,False
P00648,L80Q,1.3,1BNI,False,False
P00648,G81R,2.606666666666667,1BNI,False,False
P00648,V83A,1.3616666666666666,1BNI,False,False
P00648,V83T,1.0625,1BNI,False,False
P00648,S85A,-0.25,1BNI,False,False
P00648,N88D,2.464,1BNI,False,False
P00648,D91E,-0.2,1BNI,False,False
P00648,V92T,2.264,1BNI,False,False
P00648,I98V,1.82,1BNI,False,False
P00648,N105D,-0.425,1BNI,False,False
P00648,R106A,-0.5700000000000001,1BNI,False,False
P00648,K109R,0.305,1BNI,False,False
P00648,R116K,3.165,1BNI,False,False
P00648,R116S,2.76,1BNI,False,False
P00648,D122N,4.9,1BNI,False,False
P00648,I123V,0.855,1BNI,False,False
P00648,N124A,1.565,1BNI,False,False
P00648,Y125F,1.325,1BNI,False,False
P00648,T126V,-0.25,1BNI,False,False
P00648,R130K,4.265000000000001,1BNI,False,False
P00648,N131A,1.87,1BNI,False,False
P00648,I135L,0.1666666666666666,1BNI,False,False
P00648,I135V,1.3877777777777778,1BNI,False,False
P00648,L136V,0.3,1BNI,False,False
P00648,D140N,4.055,1BNI,False,False
P00648,W141F,0.8320000000000001,1BNI,False,False
P00648,W141Y,1.14,1BNI,False,False
P00648,I143V,0.96,1BNI,False,False
P00648,T146V,2.758,1BNI,False,False
P00648,Y150F,0.12,1BNI,False,False
P00648,Q151A,0.115,1BNI,False,False
P00648,T152V,2.13,1BNI,False,False
P00648,K155R,-0.7999999999999999,1BNI,False,False
P00648,I156V,0.765,1BNI,False,False
P00648,R157A,0.3025,1BNI,False,False
P00651,N35A,0.8033333333333333,1RN1,False,False
P00651,Y37F,2.07,1RN1,False,False
P00651,S38A,1.155,1RN1,False,False
P00651,V42A,2.295,1RN1,False,False
P00651,V42S,4.69,1RN1,False,False
P00651,S43A,-0.62,1RN1,False,False
P00651,A47G,1.0,1RN1,False,False
P00651,A47H,0.3575,1RN1,False,False
P00651,A47Q,0.33,1RN1,False,False
P00651,A47S,0.445,1RN1,False,False
P00651,Y68F,-1.145,1RN1,False,False
P00651,N70A,1.908,1RN1,False,False
P00651,N70S,1.775,1RN1,False,False
P00651,Y82F,0.745,1RN1,False,False
P00651,Y83F,0.47,1RN1,False,False
P00651,S90A,1.5,1RN1,False,False
P00651,Y94F,1.355,1RN1,False,False
P00651,D102A,3.75,1RN1,False,False
P00651,D102S,3.2,1RN1,False,False
P00651,V104A,4.09,1RN1,False,False
P00651,V104C,3.685,1RN1,False,False
P00651,V104S,4.715,1RN1,False,False
P00651,N107A,2.89,1RN1,False,False
P00651,V115C,3.52,1RN1,False,False
P00651,V115S,4.885,1RN1,False,False
P00651,V115T,3.085,1RN1,False,False
P00698,I76M,1.09,4LYZ,False,False
P00698,I96M,0.8500000000000001,4LYZ,False,False
P00698,I116M,0.8500000000000001,4LYZ,False,False
P00698,D119E,0.0,4LYZ,False,False
P00698,D119G,-0.45,4LYZ,False,False
P00711,H51A,2.115,1HFZ,False,False
P00711,H51Y,-0.085,1HFZ,False,False
P00711,V61A,0.915,1HFZ,False,False
P00711,V61G,1.125,1HFZ,False,False
P00711,V61N,0.22,1HFZ,False,False
P00711,Q73A,0.405,1HFZ,False,False
P00711,I78W,0.915,1HFZ,False,False
P00711,Y122A,2.495,1HFZ,False,False
P00711,Y122P,0.26,1HFZ,False,False
P00711,W123Y,2.42,1HFZ,False,False
P00711,A125S,1.0750000000000002,1HFZ,False,False
P00711,H126A,0.795,1HFZ,False,False
P00711,H126W,1.71,1HFZ,False,False
P00711,H126Y,0.195,1HFZ,False,False
P00711,L129E,0.195,1HFZ,False,False
P00711,L129H,-1.395,1HFZ,False,False
P00711,L129R,-0.415,1HFZ,False,False
P00711,K133E,0.6833333333333332,1HFZ,False,False
P00711,K133N,-2.6166666666666667,1HFZ,False,False
P00711,K133Q,0.6,1HFZ,False,False
P00711,Q136A,0.98,1HFZ,False,False
P00711,W137H,0.6,1HFZ,False,False
P00711,W137Y,1.185,1HFZ,False,False
P00712,W123F,2.135,1HFY,False,False
P00712,W137F,-0.2299999999999999,1HFY,False,False
P00720,I3G,1.9666666666666668,2LZM,False,False
P00720,I3S,1.8,2LZM,False,False
P00720,I3V,0.5,2LZM,False,False
P00720,I3Y,2.475,2LZM,False,False
P00720,R14K,0.015,2LZM,False,False
P00720,D20A,0.4,2LZM,False,False
P00720,D20N,-1.2000000000000002,2LZM,False,False
P00720,E22K,-0.585,2LZM,False,False
P00720,T26S,-0.585,2LZM,False,False
P00720,G28A,2.1,2LZM,False,False
P00720,I29A,2.6,2LZM,False,False
P00720,P37A,0.0999999999999999,2LZM,False,False
P00720,S38N,0.025,2LZM,False,False
P00720,L39A,0.9,2LZM,False,False
P00720,N40D,-0.42,2LZM,False,False
P00720,A41D,-0.295,2LZM,False,False
P00720,A41S,0.7,2LZM,False,False
P00720,A41V,-0.356,2LZM,False,False
P00720,A42K,3.7,2LZM,False,False
P00720,S44C,0.105,2LZM,False,False
P00720,S44D,0.105,2LZM,False,False
P00720,S44E,0.0,2LZM,False,False
P00720,S44F,-0.08,2LZM,False,False
P00720,S44G,0.515,2LZM,False,False
P00720,S44H,-0.02,2LZM,False,False
P00720,S44I,-0.305,2LZM,False,False
P00720,S44K,-0.2,2LZM,False,False
P00720,S44L,-0.395,2LZM,False,False
P00720,S44M,-0.315,2LZM,False,False
P00720,S44N,0.12,2LZM,False,False
P00720,S44P,3.015,2LZM,False,False
P00720,S44Q,-0.285,2LZM,False,False
P00720,S44R,-0.22,2LZM,False,False
P00720,S44T,-0.005,2LZM,False,False
P00720,S44V,-0.1,2LZM,False,False
P00720,S44W,-0.075,2LZM,False,False
P00720,S44Y,-0.195,2LZM,False,False
P00720,A49S,0.45,2LZM,False,False
P00720,N55G,0.55,2LZM,False,False
P00720,I58A,3.2,2LZM,False,False
P00720,I58T,3.4,2LZM,False,False
P00720,T59D,1.1,2LZM,False,False
P00720,K60P,-0.0333333333333333,2LZM,False,False
P00720,F67A,1.9,2LZM,False,False
P00720,Q69P,3.04,2LZM,False,False
P00720,V71A,1.5,2LZM,False,False
P00720,D72P,2.6666666666666665,2LZM,False,False
P00720,A73S,0.35,2LZM,False,False
P00720,I78M,1.55,2LZM,False,False
P00720,I78V,0.75,2LZM,False,False
P00720,R80K,0.185,2LZM,False,False
P00720,A82S,0.25,2LZM,False,False
P00720,K83H,0.4333333333333333,2LZM,False,False
P00720,L84A,3.7,2LZM,False,False
P00720,V87M,2.25,2LZM,False,False
P00720,D89A,0.6,2LZM,False,False
P00720,S90H,1.0750000000000002,2LZM,False,False
P00720,L91M,0.75,2LZM,False,False
P00720,A93S,0.15,2LZM,False,False
P00720,A93T,-0.08,2LZM,False,False
P00720,V94A,1.8,2LZM,False,False
P00720,R96A,2.0,2LZM,False,False
P00720,R96C,2.9,2LZM,False,False
P00720,R96F,4.2,2LZM,False,False
P00720,R96I,2.85,2LZM,False,False
P00720,R96L,3.2,2LZM,False,False
P00720,R96M,2.6,2LZM,False,False
P00720,R96S,2.7,2LZM,False,False
P00720,R96V,2.45,2LZM,False,False
P00720,R96Y,4.6,2LZM,False,False
P00720,L99F,0.25,2LZM,False,False
P00720,L99I,1.4666666666666668,2LZM,False,False
P00720,L99V,2.1,2LZM,False,False
P00720,I100V,0.4,2LZM,False,False
P00720,N101A,1.5,2LZM,False,False
P00720,M102A,2.85,2LZM,False,False
P00720,V103I,0.4,2LZM,False,False
P00720,Q105A,0.7333333333333334,2LZM,False,False
P00720,Q105M,1.2,2LZM,False,False
P00720,M106I,-0.1,2LZM,False,False
P00720,M106K,3.45,2LZM,False,False
P00720,T109N,-0.0666666666666666,2LZM,False,False
P00720,V111A,1.1,2LZM,False,False
P00720,V111F,1.605,2LZM,False,False
P00720,V111I,0.7799999999999999,2LZM,False,False
P00720,G113A,-0.3966666666666666,2LZM,False,False
P00720,G113E,-0.3,2LZM,False,False
P00720,T115A,0.12,2LZM,False,False
P00720,N116A,-0.185,2LZM,False,False
P00720,S117A,-1.2566666666666666,2LZM,False,False
P00720,S117F,-1.1800000000000002,2LZM,False,False
P00720,L118I,1.2,2LZM,False,False
P00720,R119A,0.19,2LZM,False,False
P00720,R119E,0.1133333333333333,2LZM,False,False
P00720,R119H,0.295,2LZM,False,False
P00720,M120A,0.2,2LZM,False,False
P00720,M120L,-0.45,2LZM,False,False
P00720,Q122A,0.22,2LZM,False,False
P00720,Q123A,0.21,2LZM,False,False
P00720,Q123E,-0.2666666666666666,2LZM,False,False
P00720,K124G,0.05,2LZM,False,False
P00720,E128A,-0.16,2LZM,False,False
P00720,E128K,1.23,2LZM,False,False
P00720,A129V,0.75,2LZM,False,False
P00720,A130S,0.9,2LZM,False,False
P00720,V131A,-0.2799999999999999,2LZM,False,False
P00720,V131T,0.0933333333333333,2LZM,False,False
P00720,L133F,0.275,2LZM,False,False
P00720,L133M,0.35,2LZM,False,False
P00720,A134S,0.15,2LZM,False,False
P00720,N144E,-0.42,2LZM,False,False
P00720,V149C,2.14,2LZM,False,False
P00720,V149G,4.9,2LZM,False,False
P00720,V149S,4.4,2LZM,False,False
P00720,V149T,2.925,2LZM,False,False
P00720,T151S,-0.395,2LZM,False,False
P00720,T152A,1.5,2LZM,False,False
P00720,T152C,0.5,2LZM,False,False
P00720,T152I,0.4,2LZM,False,False
P00720,T152V,-0.2,2LZM,False,False
P00720,F153I,0.3,2LZM,False,False
P00720,F153L,-0.2875,2LZM,False,False
P00720,F153M,0.6,2LZM,False,False
P00720,F153V,1.8,2LZM,False,False
P00720,T157L,1.6,2LZM,False,False
P00720,T157V,1.52,2LZM,False,False
P00818,L66V,5.35,1APS,True,False
P00818,I87V,1.7000000000000002,1APS,True,False
P00974,T46A,0.0,1BPI,False,False
P00974,G47D,4.3,1BPI,False,False
P00974,G47V,4.1,1BPI,False,False
P00974,A51T,1.7,1BPI,False,False
P00974,A51V,1.3,1BPI,False,False
P00974,Y56A,3.9,1BPI,False,False
P00974,Y58A,5.95,1BPI,False,False
P00974,L64A,0.0,1BPI,False,False
P00974,F68I,2.4,1BPI,False,False
P00974,Y70D,3.8,1BPI,False,False
P00974,Y70F,0.6,1BPI,False,False
P00974,Y70G,5.0,1BPI,False,False
P00974,Y70N,3.7,1BPI,False,False
P00974,G71D,2.8,1BPI,False,False
P00974,G71S,0.7,1BPI,False,False
P00974,G72D,1.7,1BPI,False,False
P00974,R74A,0.0,1BPI,False,False
P00974,N78G,5.7,1BPI,False,False
P00974,N79G,4.7,1BPI,False,False
P00974,F80A,6.85,1BPI,False,False
P01006,M104L,0.3075,3SSI,True,False
P01051,V14A,1.02,1ACB,False,False
P01051,V18A,1.2,1ACB,False,False
P01051,L27A,0.18,1ACB,False,False
P01051,V54A,1.59,1ACB,False,False
P01051,V62A,1.005,1ACB,False,False
P01053,T23A,0.85,2CI2,True,False
P01053,T23G,1.153333333333333,2CI2,True,False
P01053,E34Q,0.4974999999999999,2CI2,True,True
P01053,A36G,1.1975,2CI2,True,False
P01053,K38A,-0.22,2CI2,True,False
P01053,K38G,0.98,2CI2,True,False
P01053,I40V,1.1777777777777778,2CI2,True,False
P01053,L41A,1.2766666666666666,2CI2,True,False
P01053,Q42G,0.725,2CI2,True,False
P01053,D43A,1.02,2CI2,True,False
P01053,K44G,3.2975,2CI2,True,False
P01053,I50A,2.12,2CI2,True,False
P01053,I50V,-0.08,2CI2,True,False
P01053,P53A,0.3425,2CI2,True,False
P01053,V54A,0.6925,2CI2,True,False
P01053,V54G,2.3766666666666665,2CI2,True,False
P01053,V54T,1.09,2CI2,True,False
P01053,T59A,0.695,2CI2,True,False
P01053,E61A,0.8160000000000001,2CI2,True,False
P01053,D65A,0.875,2CI2,True,False
P01053,V67A,4.9225,2CI2,True,False
P01053,R68A,1.305,2CI2,True,False
P01053,L69A,3.74,2CI2,True,False
P01053,F70L,2.03,2CI2,True,False
P01053,D72A,3.3025,2CI2,True,False
P01053,N76A,0.9575,2CI2,True,False
P01053,N76D,1.3275,2CI2,True,False
P01053,I77A,4.244,2CI2,True,False
P01053,I77V,-0.1725,2CI2,True,False
P01053,V80A,1.505,2CI2,True,False
P01053,P81A,3.385,2CI2,True,False
P01053,V83A,1.4249999999999998,2CI2,True,False
P01053,V83G,3.4,2CI2,True,False
P01053,V83T,1.1833333333333331,2CI2,True,False
P01625,M24L,-1.05,1LVE,False,False
P01625,Q115H,0.8500000000000001,1LVE,False,False
P02185,E5A,0.625,1BVC,True,False
P02185,Q9A,-0.965,1BVC,True,False
P02185,Q9G,0.5433333333333333,1BVC,True,False
P02185,L12A,0.52,1BVC,True,False
P02185,A16L,-0.15,1BVC,True,False
P02185,E19A,0.6,1BVC,True,False
P02185,I29V,0.0,1BVC,True,False
P02185,D45A,0.175,1BVC,True,False
P02185,K57A,0.225,1BVC,True,False
P02185,D61A,0.125,1BVC,True,False
P02185,H65Q,0.2875,1BVC,True,False
P02185,V69T,0.3999999999999999,1BVC,True,False
P02185,L70I,0.0,1BVC,True,False
P02185,L70M,0.0,1BVC,True,False
P02185,K78A,0.035,1BVC,True,False
P02185,H94G,-0.02,1BVC,True,False
P02185,H98Q,0.055,1BVC,True,False
P02185,E110A,-0.2575,1BVC,True,False
P02185,E110G,0.9166666666666666,1BVC,True,False
P02185,A126L,-0.5,1BVC,True,False
P02185,G130A,-1.0,1BVC,True,False
P02185,K141A,-0.4375,1BVC,True,False
P02185,A145L,-0.25,1BVC,True,False
P02417,H144Q,0.835,1DIV,False,False
P02633,Y17F,1.145,1IGV,True,False
P02633,E21Q,-0.3866666666666666,1IGV,True,False
P02633,D23N,-0.68,1IGV,True,False
P02633,L27G,4.140000000000001,1IGV,True,False
P02633,E30Q,-0.045,1IGV,True,False
P02633,I77V,1.415,1IGV,True,False
P02693,W7Y,0.8766666666666666,1IFB,True,False
P02693,V61N,0.775,1IFB,True,False
P02693,L65G,2.5,1IFB,True,False
P02693,L73C,0.05,1IFB,True,False
P02693,F94A,2.306666666666666,1IFB,True,False
P03050,P8L,-2.48,1ARR,True,True
P03050,R13G,-0.3299999999999999,1ARR,True,True
P03050,S32A,3.78,1ARR,True,True
P03050,S35G,0.33,1ARR,True,True
P04166,D76R,-0.175,1B5M,True,False
P05230,G77A,1.465,2AFG,True,False
P05230,G77N,0.895,2AFG,True,False
P05230,F100W,0.01,2AFG,True,False
P05230,H108A,0.515,2AFG,True,False
P05230,H108N,-0.245,2AFG,True,False
P05230,H117Y,-0.3066666666666667,2AFG,True,False
P05230,A118G,0.4549999999999999,2AFG,True,False
P05230,N121G,-0.29,2AFG,True,False
P05230,V124I,0.0075,2AFG,True,False
P05230,V124L,0.59,2AFG,True,False
P05230,F147W,0.3175,2AFG,True,False
P05798,V2T,0.9,1RGG,True,False
P05798,T5V,0.0,1RGG,True,False
P05798,T16V,-0.3,1RGG,True,False
P05798,D17K,1.1,1RGG,True,False
P05798,T18V,1.3999999999999997,1RGG,True,False
P05798,Y30F,-0.4,1RGG,True,False
P05798,V36T,1.3,1RGG,True,False
P05798,N39A,2.2,1RGG,True,False
P05798,N39D,1.5,1RGG,True,False
P05798,N39S,2.3,1RGG,True,False
P05798,V43T,0.5,1RGG,True,False
P05798,Y49F,0.2,1RGG,True,False
P05798,Y51F,2.3,1RGG,True,False
P05798,Y52F,3.6,1RGG,True,False
P05798,Y55F,0.6,1RGG,True,False
P05798,T56V,1.9,1RGG,True,False
P05798,V57T,4.4,1RGG,True,False
P05798,T59V,1.7,1RGG,True,False
P05798,R65A,1.1142857142857143,1RGG,True,False
P05798,T67V,0.0,1RGG,True,False
P05798,T72V,0.2,1RGG,True,False
P05798,Y80F,1.5,1RGG,True,False
P05798,Y81F,1.2,1RGG,True,False
P05798,T82V,1.7,1RGG,True,False
P05798,H85Q,0.0,1RGG,True,False
P05798,Y86F,0.3,1RGG,True,False
P07107,F6A,2.575,2ABD,True,False
P07107,A10G,1.905,2ABD,True,False
P07107,V13A,1.596666666666667,2ABD,True,False
P07107,P20A,0.9933333333333332,2ABD,True,False
P07107,F27A,1.665,2ABD,True,False
P07107,Y29A,2.563333333333333,2ABD,True,False
P07107,Y29F,1.1733333333333331,2ABD,True,False
P07107,Y29N,2.3666666666666667,2ABD,True,False
P07107,K33E,1.5833333333333333,2ABD,True,False
P07107,K33R,2.016666666666667,2ABD,True,False
P07107,T36A,1.2675,2ABD,True,False
P07107,P45A,1.3099999999999998,2ABD,True,False
P07107,K53M,-0.32,2ABD,True,False
P07107,Y74A,4.68,2ABD,True,False
P07107,Y74F,-0.1333333333333333,2ABD,True,False
P07320,V170A,-1.2333333333333334,1HK0,True,True
P08877,S46D,-0.71,2HPR,True,True
P08877,G49A,-0.8500000000000001,2HPR,True,True
P08877,G49E,-1.2999999999999998,2HPR,True,True
P08877,G49K,0.9,2HPR,True,True
P0A3E0,F8L,-0.0225,1FTG,True,False
P0A3E0,I22G,-0.06,1FTG,True,False
P0A3E0,I23V,1.92,1FTG,True,False
P0A3E0,D44A,0.0,1FTG,True,False
P0A3E0,G69A,-0.4825,1FTG,True,False
P0A3E0,V84I,-0.0271428571428571,1FTG,True,False
P0A3E0,G88A,0.11,1FTG,True,False
P0A3E0,G88V,0.0033333333333333,1FTG,True,False
P0A3E0,E108A,-0.1933333333333333,1FTG,True,False
P0A3E0,Q112G,-0.18,1FTG,True,False
P0A3E0,L144A,0.15,1FTG,True,False
P0A6F9,I3W,0.3,1AON,True,True
P0A6F9,V95C,0.25,1AON,True,True
P0A7Y4,G23A,-0.6666666666666666,2RN2,False,False
P0A7Y4,A24V,-0.8033333333333333,2RN2,False,False
P0A7Y4,R41C,-0.2866666666666667,2RN2,False,False
P0A7Y4,E48A,0.1999999999999999,2RN2,False,False
P0A7Y4,E48D,0.125,2RN2,False,False
P0A7Y4,I53L,1.2999999999999998,2RN2,False,False
P0A7Y4,H62A,-0.4399999999999999,2RN2,False,False
P0A7Y4,S68T,0.0333333333333333,2RN2,False,False
P0A7Y4,D70E,-0.275,2RN2,False,False
P0A7Y4,V74I,-0.6499999999999999,2RN2,False,False
P0A7Y4,V74L,-1.0,2RN2,False,False
P0A7Y4,H83A,-0.04,2RN2,False,False
P0A7Y4,K91R,-0.075,2RN2,False,False
P0A7Y4,D94E,0.4,2RN2,False,False
P0A7Y4,K95A,-0.1,2RN2,False,False
P0A7Y4,K95N,-0.89,2RN2,False,False
P0A7Y4,Q113P,0.425,2RN2,False,False
P0A7Y4,K117R,0.015,2RN2,False,False
P0A7Y4,A125T,-0.0333333333333333,2RN2,False,False
P0A7Y4,H127A,0.3825,2RN2,False,False
P0A7Y4,D134E,-0.7933333333333333,2RN2,False,False
P0A7Y4,D134L,-1.34,2RN2,False,False
P0AA04,S31A,0.365,1POH,True,True
P0AA04,S46A,1.0,1POH,True,True
P0AA04,S46D,-1.45,1POH,True,True
P0AA04,S46N,-0.3999999999999999,1POH,True,True
P0AA04,K49A,-1.5,1POH,True,True
P0AA04,K49E,-2.0,1POH,True,True
P0AA04,K49G,-1.1,1POH,True,True
P0AA04,K49M,-0.95,1POH,True,True
P0AA04,K49N,-0.35,1POH,True,True
P0AA04,K49Q,-1.5,1POH,True,True
P0AA04,K49R,0.15,1POH,True,True
P0AA04,K49S,-1.0333333333333334,1POH,True,True
P0ABQ4,W22L,-0.2,1RX4,True,True
P0ABQ4,D27N,-1.3333333333333333,1RX4,True,False
P0ABQ4,W30M,1.965,1RX4,True,True
P0ABQ4,F31A,1.7999999999999998,1RX4,True,True
P0ABQ4,F31V,1.5,1RX4,True,True
P0ABQ4,T35A,1.1,1RX4,True,True
P0ABQ4,V40F,2.075,1RX4,True,True
P0ABQ4,G43A,0.45,1RX4,True,True
P0ABQ4,L54V,-0.35,1RX4,True,True
P0ABQ4,N59C,0.11,1RX4,True,True
P0ABQ4,N59I,0.105,1RX4,True,True
P0ABQ4,N59L,0.015,1RX4,True,True
P0ABQ4,N59M,0.185,1RX4,True,True
P0ABQ4,N59T,0.21,1RX4,True,True
P0ABQ4,N59V,-0.31,1RX4,True,True
P0ABQ4,P66A,-1.3,1RX4,True,False
P0ABQ4,G67C,0.43,1RX4,True,True
P0ABQ4,G67L,0.47,1RX4,True,True
P0ABQ4,G67S,-0.185,1RX4,True,True
P0ABQ4,G67V,0.82,1RX4,True,True
P0ABQ4,W74F,1.2,1RX4,True,True
P0ABQ4,V75A,0.1333333333333333,1RX4,True,False
P0ABQ4,V75C,0.14,1RX4,True,True
P0ABQ4,V88A,-0.2666666666666666,1RX4,True,False
P0ABQ4,I91L,1.605,1RX4,True,False
P0ABQ4,I91V,1.28,1RX4,True,False
P0ABQ4,T113V,1.1,1RX4,True,False
P0ABQ4,G121C,-0.145,1RX4,True,True
P0ABQ4,G121D,-0.245,1RX4,True,True
P0ABQ4,G121L,0.5275,1RX4,True,True
P0ABQ4,G121S,-0.055,1RX4,True,True
P0ABQ4,G121V,1.0775,1RX4,True,True
P0ABQ4,S148A,0.435,1RX4,True,True
P0ABQ4,S148E,0.56,1RX4,True,True
P0ABQ4,S148K,0.33,1RX4,True,True
P0ABQ4,S148N,0.895,1RX4,True,True
P0ABQ4,S148R,0.725,1RX4,True,True
P0ABQ4,S148T,0.455,1RX4,True,True
P0ABQ4,S148V,0.315,1RX4,True,True
P0AE67,F14N,-2.8000000000000003,1CEY,False,False
P0AE67,A48G,-0.15,1CEY,False,False
P0AE67,A80G,-0.5,1CEY,False,False
P0AE67,A88G,-0.05,1CEY,False,False
P0AE67,A90G,-0.4,1CEY,False,False
P0AE67,A101G,0.95,1CEY,False,False
P10762,L33K,1.28,1LS4,True,False
P10762,T47A,-0.55,1LS4,True,False
P11540,I6V,-0.95,1BTA,True,False
P11540,L17V,-1.0,1BTA,True,False
P11540,K22Q,0.93,1BTA,True,True
P11540,L35V,-1.0,1BTA,True,False
P11540,L52V,-0.55,1BTA,True,False
P11540,R76L,-0.7,1BTA,True,False
P11540,R76Q,0.3666666666666667,1BTA,True,False
P11540,K79Q,-0.3333333333333333,1BTA,True,False
P13479,T27G,1.2999999999999998,1IMQ,True,True
P13479,E31L,0.635,1IMQ,True,True
P13479,V37L,0.23,1IMQ,True,True
P13479,E41V,-0.8400000000000001,1IMQ,True,True
P13479,V68I,0.755,1IMQ,True,True
P22069,F28A,5.0,1ONC,True,True
P29160,D3A,0.4766666666666667,1H7M,True,False
P29160,E7A,0.79,1H7M,True,False
P29160,R9A,0.7533333333333333,1H7M,True,False
P29160,K10A,0.3475,1H7M,True,False
P29160,D13A,-0.22,1H7M,True,False
P29160,K16A,0.8700000000000001,1H7M,True,False
P29160,R22A,-0.085,1H7M,True,False
P29160,K23A,-0.415,1H7M,True,False
P29160,K29A,1.13,1H7M,True,False
P29160,K34A,-0.11,1H7M,True,False
P29160,R40A,0.085,1H7M,True,False
P29160,R43A,-0.315,1H7M,True,False
P29160,D45A,-0.05,1H7M,True,False
P29160,K47A,1.0333333333333334,1H7M,True,False
P29160,E48A,0.05,1H7M,True,False
P29160,D49A,-0.3533333333333333,1H7M,True,False
P29160,E51A,-0.5566666666666666,1H7M,True,False
P29160,R55A,0.2533333333333333,1H7M,True,False
P29160,E70A,0.68,1H7M,True,False
P29160,R77A,-0.195,1H7M,True,False
P29160,H79A,0.4666666666666666,1H7M,True,False
P29160,D88A,1.32,1H7M,True,False
P29160,E91A,0.4024999999999999,1H7M,True,False
P29160,R93A,0.37,1H7M,True,False
P30289,Y53F,0.6,1MGR,False,False
P30289,Y75F,-0.5,1MGR,False,False
P30289,Y96F,2.6,1MGR,False,False
P30289,Y97F,2.1,1MGR,False,False
P30289,Y100F,0.7,1MGR,False,False
P30289,Y125F,1.5,1MGR,False,False
P30289,Y126F,1.0,1MGR,False,False
P30289,Y131F,0.0,1MGR,False,False
P37001,W76A,0.475,1THQ,True,False
P37001,F80A,1.0750000000000002,1THQ,True,False
P42771,L37S,-0.755,1A5E,False,False
P42771,L121R,-0.63,1A5E,False,False
P42773,R55V,0.2,1IHB,False,False
P42773,F71N,-0.6,1IHB,False,False
P42773,F82Q,0.45,1IHB,False,False
P61024,S9A,0.37,1DKT,True,True
P61024,K11A,-0.5549999999999999,1DKT,True,True
P61024,F17L,2.6950000000000003,1DKT,True,True
P61024,V22A,1.465,1DKT,True,True
P61024,S39A,0.715,1DKT,True,True
P61024,L46A,2.035,1DKT,True,True
P61024,V55G,2.05,1DKT,True,True
P61024,H65A,0.55,1DKT,True,True
P61024,R71A,0.64,1DKT,True,True
P61626,V20F,0.8300000000000001,1LZ1,False,False
P61626,V20L,0.15,1LZ1,False,False
P61626,V20M,0.255,1LZ1,False,False
P61626,V20R,0.49,1LZ1,False,False
P61626,A27S,0.11,1LZ1,False,False
P61626,T29V,-0.2,1LZ1,False,False
P61626,Y38F,0.44,1LZ1,False,False
P61626,R39A,-1.405,1LZ1,False,False
P61626,I41V,0.394,1LZ1,False,False
P61626,S42A,0.5,1LZ1,False,False
P61626,E53L,0.615,1LZ1,False,False
P61626,R68A,-0.515,1LZ1,False,False
P61626,S69A,0.1,1LZ1,False,False
P61626,T70V,0.5666666666666667,1LZ1,False,False
P61626,Y72F,0.98,1LZ1,False,False
P61626,I74L,0.2,1LZ1,False,False
P61626,I74M,1.6900000000000002,1LZ1,False,False
P61626,Q76G,-1.845,1LZ1,False,False
P61626,I77F,0.755,1LZ1,False,False
P61626,I77V,1.09,1LZ1,False,False
P61626,G90A,0.3299999999999999,1LZ1,False,False
P61626,V92A,0.3983333333333334,1LZ1,False,False
P61626,V92L,-0.295,1LZ1,False,False
P61626,I107V,0.55375,1LZ1,False,False
P61626,D109P,0.625,1LZ1,False,False
P61626,V111A,0.7733333333333333,1LZ1,False,False
P61626,V111T,0.7350000000000001,1LZ1,False,False
P61626,V117A,0.954,1LZ1,False,False
P61626,P121G,0.05,1LZ1,False,False
P61626,I124A,0.8766666666666666,1LZ1,False,False
P61626,V128I,-0.8300000000000001,1LZ1,False,False
P61626,V128M,-0.415,1LZ1,False,False
P61626,Y142F,0.2866666666666667,1LZ1,False,False
P61626,G145A,0.575,1LZ1,False,False
P61823,A30S,0.482,1RTB,True,False
P61823,F72L,3.2,1RTB,True,False
P61823,F72V,4.52,1RTB,True,False
P61823,V73A,3.75,1RTB,True,False
P61823,V80A,2.59,1RTB,True,False
P61823,V80G,4.885,1RTB,True,False
P61823,V80I,1.925,1RTB,True,False
P61823,V80L,1.0950000000000002,1RTB,True,False
P61823,V83A,2.875,1RTB,True,False
P61823,V83G,5.51,1RTB,True,False
P61823,V83I,1.3,1RTB,True,False
P61823,V83L,2.385,1RTB,True,False
P61823,V89A,2.01,1RTB,True,False
P61823,V89G,3.5,1RTB,True,False
P61823,A90G,0.415,1RTB,True,False
P61823,S101A,2.5,1RTB,True,False
P61823,S101T,2.8,1RTB,True,False
P61823,I107A,2.9225,1RTB,True,True
P61823,I107G,4.8,1RTB,True,False
P61823,I107V,0.31,1RTB,True,True
P61823,P119G,2.35,1RTB,True,False
P61823,Y123F,3.52,1RTB,True,False
P61823,I132A,4.385,1RTB,True,False
P61823,I132L,1.795,1RTB,True,False
P61823,I132V,0.8,1RTB,True,False
P61823,V134A,4.2,1RTB,True,False
P61823,V134I,0.415,1RTB,True,False
P61823,V134L,0.7,1RTB,True,False
P61823,A135G,0.415,1RTB,True,False
P61823,V142A,0.6799999999999999,1RTB,True,False
P61823,V142G,1.19,1RTB,True,False
P61823,V144A,1.91,1RTB,True,False
P61823,V144G,2.785,1RTB,True,False
P62942,V3A,2.365,1FKJ,True,False
P62942,T22S,1.345,1FKJ,True,False
P62942,T22V,-0.8049999999999999,1FKJ,True,False
P62942,V24A,2.956666666666667,1FKJ,True,False
P62942,V25A,3.19,1FKJ,True,False
P62942,T28A,1.91,1FKJ,True,False
P62942,T28S,1.395,1FKJ,True,False
P62942,T28V,-0.315,1FKJ,True,False
P62942,L51A,2.485,1FKJ,True,False
P62942,V56A,2.04,1FKJ,True,False
P62942,I57D,3.0733333333333337,1FKJ,True,False
P62942,I57T,1.83,1FKJ,True,False
P62942,E62A,0.8,1FKJ,True,False
P62942,E62G,2.475,1FKJ,True,False
P62942,T76A,2.5375,1FKJ,True,False
P62942,T76V,0.78,1FKJ,True,False
P62942,I91A,1.4,1FKJ,True,False
P62942,I92A,1.54,1FKJ,True,False
P62942,I92V,0.38,1FKJ,True,False
P62942,L107A,2.26,1FKJ,True,False
P69543,V19C,0.2,1VQB,False,False
P69543,Y26R,0.3,1VQB,False,False
P69543,C33V,0.15,1VQB,False,False
P69543,E40T,0.3,1VQB,False,False
P69543,Y41A,0.3,1VQB,False,False
P69543,V45C,0.05,1VQB,False,False
P69543,I47L,0.5,1VQB,False,False
P69543,T48V,0.0,1VQB,False,False
P69543,K69M,-0.15,1VQB,False,False
P69543,M77C,0.0,1VQB,False,False
P69543,M77F,0.15,1VQB,False,False
P69543,L81V,0.15,1VQB,False,False
Q13526,K6A,-0.125,1PIN,True,True
Q13526,L7I,0.825,1PIN,True,True
Q13526,R21A,0.675,1PIN,True,True
Q13526,T29S,0.675,1PIN,True,True
P06654,M1A,-0.14,1PGA,True,False
P06654,M1D,-0.38,1PGA,True,False
P06654,M1E,-0.64,1PGA,True,False
P06654,M1F,-1.14,1PGA,True,False
P06654,M1G,-0.3,1PGA,True,False
P06654,M1H,-0.67,1PGA,True,False
P06654,M1I,-0.43,1PGA,True,False
P06654,M1K,-0.27,1PGA,True,False
P06654,M1L,-0.46,1PGA,True,False
P06654,T228A,0.47,1PGA,True,False
P06654,T228D,0.55,1PGA,True,False
P06654,T228E,-0.13,1PGA,True,False
P06654,T228F,-0.3,1PGA,True,False
P06654,T228G,0.67,1PGA,True,False
P06654,T228H,0.13,1PGA,True,False
P06654,T228I,-1.0,1PGA,True,False
P06654,T228K,-0.31,1PGA,True,False
P06654,T228L,-0.54,1PGA,True,False
P06654,T228M,-1.0,1PGA,True,False
P06654,T228N,0.14,1PGA,True,False
P06654,T228R,-0.09,1PGA,True,False
P06654,T228S,-0.06,1PGA,True,False
P06654,Y229A,4.0,1PGA,True,False
P06654,Y229D,4.0,1PGA,True,False
P06654,Y229E,4.0,1PGA,True,False
P06654,Y229F,-0.55,1PGA,True,False
P06654,Y229G,1.44,1PGA,True,False
P06654,Y229H,4.0,1PGA,True,False
P06654,Y229I,3.29,1PGA,True,False
P06654,Y229K,-0.88,1PGA,True,False
P06654,Y229M,2.6,1PGA,True,False
P06654,Y229N,4.0,1PGA,True,False
P06654,Y229P,4.0,1PGA,True,False
P06654,Y229Q,4.0,1PGA,True,False
P06654,Y229R,1.22,1PGA,True,False
P06654,Y229S,4.0,1PGA,True,False
P06654,Y229T,4.0,1PGA,True,False
P06654,Y229V,4.0,1PGA,True,False
P06654,K230A,0.34,1PGA,True,False
P06654,K230D,2.05,1PGA,True,False
P06654,K230E,1.36,1PGA,True,False
P06654,K230F,-1.04,1PGA,True,False
P06654,K230G,1.23,1PGA,True,False
P06654,K230H,-0.74,1PGA,True,False
P06654,K230I,-1.08,1PGA,True,False
P06654,L231A,2.01,1PGA,True,False
P06654,L231D,4.0,1PGA,True,False
P06654,L231E,4.0,1PGA,True,False
P06654,L231F,0.47,1PGA,True,False
P06654,L231G,4.0,1PGA,True,False
P06654,L231H,4.0,1PGA,True,False
P06654,L231I,1.34,1PGA,True,False
P06654,L231K,4.0,1PGA,True,False
P06654,I232D,1.97,1PGA,True,False
P06654,I232G,3.08,1PGA,True,False
P06654,I232H,1.06,1PGA,True,False
P06654,L233D,3.11,1PGA,True,False
P06654,L233E,2.79,1PGA,True,False
P06654,L233F,-0.26,1PGA,True,False
P06654,L233G,4.0,1PGA,True,False
P06654,L233H,1.59,1PGA,True,False
P06654,L233I,-0.97,1PGA,True,False
P06654,L233K,2.76,1PGA,True,False
P06654,N234A,0.28,1PGA,True,False
P06654,N234D,-0.19,1PGA,True,False
P06654,N234E,0.01,1PGA,True,False
P06654,N234F,-0.35,1PGA,True,False
P06654,N234G,0.85,1PGA,True,False
P06654,N234H,-0.24,1PGA,True,False
P06654,N234I,-0.56,1PGA,True,False
P06654,N234K,-0.45,1PGA,True,False
P06654,N234L,-0.95,1PGA,True,False
P06654,N234M,-0.37,1PGA,True,False
P06654,G235A,0.25,1PGA,True,False
P06654,G235D,2.5,1PGA,True,False
P06654,G235E,2.0,1PGA,True,False
P06654,G235F,0.0,1PGA,True,False
P06654,K236A,-0.22,1PGA,True,False
P06654,K236D,0.5,1PGA,True,False
P06654,K236E,-0.55,1PGA,True,False
P06654,K236F,-0.22,1PGA,True,False
P06654,K236G,0.35,1PGA,True,False
P06654,K236H,-0.15,1PGA,True,False
P06654,K236I,-0.56,1PGA,True,False
P06654,T237D,-0.46,1PGA,True,False
P06654,T237E,-0.46,1PGA,True,False
P06654,T237F,-0.76,1PGA,True,False
P06654,T237G,0.01,1PGA,True,False
P06654,T237H,-0.42,1PGA,True,False
P06654,T237I,-0.56,1PGA,True,False
P06654,T237K,-0.35,1PGA,True,False
P06654,T237L,-0.38,1PGA,True,False
P06654,T237M,-0.39,1PGA,True,False
P06654,T237N,-0.17,1PGA,True,False
P06654,T237P,1.03,1PGA,True,False
P06654,T237Q,-0.59,1PGA,True,False
P06654,T237R,-0.39,1PGA,True,False
P06654,T237S,-0.3,1PGA,True,False
P06654,L238A,0.28,1PGA,True,False
P06654,L238D,0.68,1PGA,True,False
P06654,L238E,0.25,1PGA,True,False
P06654,L238F,-1.26,1PGA,True,False
P06654,L238G,0.28,1PGA,True,False
P06654,L238H,-0.28,1PGA,True,False
P06654,L238I,-0.99,1PGA,True,False
P06654,L238K,-0.6,1PGA,True,False
P06654,K239A,-0.21,1PGA,True,False
P06654,K239D,0.45,1PGA,True,False
P06654,K239E,-0.02,1PGA,True,False
P06654,K239F,-0.64,1PGA,True,False
P06654,K239G,0.35,1PGA,True,False
P06654,K239H,-0.45,1PGA,True,False
P06654,K239I,-0.23,1PGA,True,False
P06654,G240A,-0.51,1PGA,True,False
P06654,G240D,-0.1,1PGA,True,False
P06654,G240E,-0.53,1PGA,True,False
P06654,G240F,-0.67,1PGA,True,False
P06654,E241D,0.19,1PGA,True,False
P06654,T242D,1.04,1PGA,True,False
P06654,T242E,0.23,1PGA,True,False
P06654,T242F,-1.85,1PGA,True,False
P06654,T242G,1.21,1PGA,True,False
P06654,T242H,-0.51,1PGA,True,False
P06654,T242K,-0.32,1PGA,True,False
P06654,T242M,-0.7,1PGA,True,False
P06654,T242N,0.14,1PGA,True,False
P06654,T242P,1.99,1PGA,True,False
P06654,T242Q,-0.33,1PGA,True,False
P06654,T242R,-0.55,1PGA,True,False
P06654,T242S,-0.01,1PGA,True,False
P06654,T243A,0.21,1PGA,True,False
P06654,T243D,0.32,1PGA,True,False
P06654,T243E,-0.33,1PGA,True,False
P06654,T243F,-0.68,1PGA,True,False
P06654,T243G,1.05,1PGA,True,False
P06654,T243H,0.05,1PGA,True,False
P06654,T243I,-0.06,1PGA,True,False
P06654,T243K,0.08,1PGA,True,False
P06654,T243L,0.07,1PGA,True,False
P06654,T243M,-0.06,1PGA,True,False
P06654,T243N,0.13,1PGA,True,False
P06654,T243P,2.08,1PGA,True,False
P06654,T243Q,-0.28,1PGA,True,False
P06654,T243R,-0.21,1PGA,True,False
P06654,T243S,-0.39,1PGA,True,False
P06654,T244D,1.79,1PGA,True,False
P06654,T244E,0.67,1PGA,True,False
P06654,T244F,-0.56,1PGA,True,False
P06654,T244G,1.74,1PGA,True,False
P06654,T244H,0.42,1PGA,True,False
P06654,T244I,-0.84,1PGA,True,False
P06654,T244K,0.95,1PGA,True,False
P06654,T244L,-0.8,1PGA,True,False
P06654,T244M,-0.62,1PGA,True,False
P06654,T244N,0.87,1PGA,True,False
P06654,T244P,4.0,1PGA,True,False
P06654,T244Q,0.59,1PGA,True,False
P06654,T244R,0.44,1PGA,True,False
P06654,T244S,0.78,1PGA,True,False
P06654,E245A,-0.05,1PGA,True,False
P06654,E245D,-0.2,1PGA,True,False
P06654,V247A,-0.42,1PGA,True,False
P06654,V247D,-0.46,1PGA,True,False
P06654,V247E,-0.76,1PGA,True,False
P06654,V247F,-1.1,1PGA,True,False
P06654,V247G,-0.19,1PGA,True,False
P06654,V247H,-0.19,1PGA,True,False
P06654,V247I,-0.54,1PGA,True,False
P06654,V247K,-0.54,1PGA,True,False
P06654,V247L,-0.41,1PGA,True,False
P06654,V247M,-0.52,1PGA,True,False
P06654,V247N,-0.5,1PGA,True,False
P06654,V247Q,-0.27,1PGA,True,False
P06654,V247R,-0.51,1PGA,True,False
P06654,V247S,-0.44,1PGA,True,False
P06654,V247T,-0.13,1PGA,True,False
P06654,T251D,-0.23,1PGA,True,False
P06654,T251E,-0.62,1PGA,True,False
P06654,T251F,-0.39,1PGA,True,False
P06654,T251G,-0.17,1PGA,True,False
P06654,T251H,-0.67,1PGA,True,False
P06654,T251I,0.35,1PGA,True,False
P06654,T251K,0.08,1PGA,True,False
P06654,T251L,0.06,1PGA,True,False
P06654,T251M,-0.2,1PGA,True,False
P06654,T251N,-0.02,1PGA,True,False
P06654,T251Q,-0.47,1PGA,True,False
P06654,T251R,-0.03,1PGA,True,False
P06654,T251S,-0.51,1PGA,True,False
P06654,E253A,-0.41,1PGA,True,False
P06654,E253D,0.72,1PGA,True,False
P06654,K254A,-0.57,1PGA,True,False
P06654,K254D,-0.1,1PGA,True,False
P06654,K254E,-0.56,1PGA,True,False
P06654,K254F,-0.27,1PGA,True,False
P06654,K254H,-0.07,1PGA,True,False
P06654,K254I,-0.72,1PGA,True,False
P06654,V255D,0.22,1PGA,True,False
P06654,V255E,-0.12,1PGA,True,False
P06654,V255F,-0.59,1PGA,True,False
P06654,V255G,0.91,1PGA,True,False
P06654,V255H,-0.16,1PGA,True,False
P06654,V255I,-0.68,1PGA,True,False
P06654,V255K,-0.33,1PGA,True,False
P06654,V255L,-0.29,1PGA,True,False
P06654,V255M,-0.14,1PGA,True,False
P06654,V255N,0.22,1PGA,True,False
P06654,V255Q,-0.38,1PGA,True,False
P06654,V255R,-0.44,1PGA,True,False
P06654,V255S,0.17,1PGA,True,False
P06654,V255T,-0.41,1PGA,True,False
P06654,F256A,3.04,1PGA,True,False
P06654,F256D,0.5,1PGA,True,False
P06654,F256E,4.0,1PGA,True,False
P06654,K257A,0.44,1PGA,True,False
P06654,K257D,4.0,1PGA,True,False
P06654,K257E,0.78,1PGA,True,False
P06654,K257F,0.22,1PGA,True,False
P06654,K257H,4.0,1PGA,True,False
P06654,K257I,-0.19,1PGA,True,False
P06654,Q258A,-0.16,1PGA,True,False
P06654,Q258D,-0.05,1PGA,True,False
P06654,Q258E,-0.38,1PGA,True,False
P06654,Q258F,0.32,1PGA,True,False
P06654,Q258H,0.2,1PGA,True,False
P06654,Q258I,-0.11,1PGA,True,False
P06654,Q258K,-0.58,1PGA,True,False
P06654,Q258L,-0.14,1PGA,True,False
P06654,Q258M,-0.5,1PGA,True,False
P06654,Q258N,0.01,1PGA,True,False
P06654,Q258P,-0.61,1PGA,True,False
P06654,Y259D,4.0,1PGA,True,False
P06654,Y259E,1.74,1PGA,True,False
P06654,Y259F,-0.29,1PGA,True,False
P06654,Y259G,3.46,1PGA,True,False
P06654,Y259H,1.44,1PGA,True,False
P06654,Y259I,0.14,1PGA,True,False
P06654,Y259K,1.53,1PGA,True,False
P06654,Y259L,0.72,1PGA,True,False
P06654,Y259M,0.6,1PGA,True,False
P06654,Y259N,1.95,1PGA,True,False
P06654,Y259P,4.0,1PGA,True,False
P06654,Y259Q,1.34,1PGA,True,False
P06654,Y259R,1.72,1PGA,True,False
P06654,Y259S,2.09,1PGA,True,False
P06654,Y259T,1.64,1PGA,True,False
P06654,Y259V,0.44,1PGA,True,False
P06654,N261A,-0.59,1PGA,True,False
P06654,N261D,-0.16,1PGA,True,False
P06654,N261E,-0.75,1PGA,True,False
P06654,N261F,-1.0,1PGA,True,False
P06654,N261H,-0.04,1PGA,True,False
P06654,N261I,-0.68,1PGA,True,False
P06654,N261K,-1.04,1PGA,True,False
P06654,N261L,-0.85,1PGA,True,False
P06654,N261M,-0.18,1PGA,True,False
P06654,D262A,-0.4,1PGA,True,False
P06654,N263D,1.12,1PGA,True,False
P06654,N263E,0.0,1PGA,True,False
P06654,N263F,-1.01,1PGA,True,False
P06654,N263G,0.94,1PGA,True,False
P06654,N263H,-0.7,1PGA,True,False
P06654,N263I,-0.57,1PGA,True,False
P06654,N263K,-1.02,1PGA,True,False
P06654,N263L,-0.95,1PGA,True,False
P06654,N263M,-0.3,1PGA,True,False
P06654,G264A,0.29,1PGA,True,False
P06654,G264D,-0.05,1PGA,True,False
P06654,G264E,0.13,1PGA,True,False
P06654,G264F,0.2,1PGA,True,False
P06654,V265D,3.41,1PGA,True,False
P06654,V265E,0.27,1PGA,True,False
P06654,V265F,-0.67,1PGA,True,False
P06654,V265G,2.29,1PGA,True,False
P06654,V265H,1.57,1PGA,True,False
P06654,V265I,-0.91,1PGA,True,False
P06654,V265K,1.96,1PGA,True,False
P06654,V265L,-0.27,1PGA,True,False
P06654,V265M,0.27,1PGA,True,False
P06654,V265N,4.0,1PGA,True,False
P06654,V265P,2.31,1PGA,True,False
P06654,V265Q,1.52,1PGA,True,False
P06654,V265R,2.04,1PGA,True,False
P06654,V265S,1.7,1PGA,True,False
P06654,V265T,1.28,1PGA,True,False
P06654,D266A,-0.12,1PGA,True,False
P06654,G267D,4.0,1PGA,True,False
P06654,G267E,4.0,1PGA,True,False
P06654,G267F,2.32,1PGA,True,False
P06654,E268A,-0.68,1PGA,True,False
P06654,E268D,-0.61,1PGA,True,False
P06654,T270A,-0.4,1PGA,True,False
P06654,T270D,0.06,1PGA,True,False
P06654,T270E,-0.27,1PGA,True,False
P06654,T270F,-0.09,1PGA,True,False
P06654,T270G,0.18,1PGA,True,False
P06654,T270H,-0.31,1PGA,True,False
P06654,T270I,-0.52,1PGA,True,False
P06654,T270K,-0.21,1PGA,True,False
P06654,T270L,-0.07,1PGA,True,False
P06654,T270M,0.11,1PGA,True,False
P06654,T270N,0.0,1PGA,True,False
P06654,T270P,4.0,1PGA,True,False
P06654,T270Q,-0.22,1PGA,True,False
P06654,T270R,-0.11,1PGA,True,False
P06654,T270S,-0.36,1PGA,True,False
P06654,Y271A,4.0,1PGA,True,False
P06654,Y271D,1.05,1PGA,True,False
P06654,Y271E,4.0,1PGA,True,False
P06654,Y271F,0.05,1PGA,True,False
P06654,Y271G,4.0,1PGA,True,False
P06654,Y271H,4.0,1PGA,True,False
P06654,Y271I,2.24,1PGA,True,False
P06654,Y271K,3.12,1PGA,True,False
P06654,Y271M,2.49,1PGA,True,False
P06654,Y271N,4.0,1PGA,True,False
P06654,Y271P,4.0,1PGA,True,False
P06654,Y271Q,4.0,1PGA,True,False
P06654,Y271R,2.22,1PGA,True,False
P06654,Y271S,2.97,1PGA,True,False
P06654,Y271T,4.0,1PGA,True,False
P06654,Y271V,2.53,1PGA,True,False
P06654,T275D,0.84,1PGA,True,False
P06654,T275E,0.35,1PGA,True,False
P06654,T275F,0.69,1PGA,True,False
P06654,T275G,0.91,1PGA,True,False
P06654,T275H,0.47,1PGA,True,False
P06654,T275I,0.33,1PGA,True,False
P06654,T275K,0.03,1PGA,True,False
P06654,T275L,-0.21,1PGA,True,False
P06654,T275M,0.45,1PGA,True,False
P06654,T275N,-0.07,1PGA,True,False
P06654,T275P,4.0,1PGA,True,False
P06654,T275Q,0.39,1PGA,True,False
P06654,T275R,0.47,1PGA,True,False
P06654,T275S,-0.18,1PGA,True,False
P06654,K276D,1.33,1PGA,True,False
P06654,K276E,1.09,1PGA,True,False
P06654,K276F,-0.34,1PGA,True,False
P06654,K276G,0.23,1PGA,True,False
P06654,K276H,-0.82,1PGA,True,False
P06654,K276I,1.52,1PGA,True,False
P06654,T277D,3.31,1PGA,True,False
P06654,T277E,0.76,1PGA,True,False
P06654,T277F,4.0,1PGA,True,False
P06654,T277G,2.48,1PGA,True,False
P06654,T277H,2.16,1PGA,True,False
P06654,T277I,0.3,1PGA,True,False
P06654,T277K,1.38,1PGA,True,False
P06654,T277L,1.05,1PGA,True,False
P06654,T277M,0.98,1PGA,True,False
P06654,T277N,2.19,1PGA,True,False
P06654,T277P,4.0,1PGA,True,False
P06654,T277Q,1.03,1PGA,True,False
P06654,T277R,1.85,1PGA,True,False
P06654,F278A,4.0,1PGA,True,False
P06654,F278D,4.0,1PGA,True,False
P06654,F278E,4.0,1PGA,True,False
P06654,T279P,4.0,1PGA,True,False
P06654,V280D,2.67,1PGA,True,False
P06654,V280E,4.0,1PGA,True,False
P06654,V280F,1.64,1PGA,True,False
P06654,V280G,4.0,1PGA,True,False
P06654,V280H,4.0,1PGA,True,False
P06654,V280I,-0.26,1PGA,True,False
P06654,V280K,4.0,1PGA,True,False
P06654,V280L,0.08,1PGA,True,False
P06654,V280M,0.68,1PGA,True,False
P06654,V280N,4.0,1PGA,True,False
P06654,V280P,-0.42,1PGA,True,False
P06654,V280Q,2.91,1PGA,True,False
P06654,V280R,4.0,1PGA,True,False
P06654,V280S,1.54,1PGA,True,False
P06654,V280T,1.68,1PGA,True,False
P06654,T281A,0.7,1PGA,True,False
P06654,T281D,0.33,1PGA,True,False
P06654,T281E,0.36,1PGA,True,False
P06654,T281F,0.19,1PGA,True,False
P06654,T281G,0.98,1PGA,True,False
P06654,T281H,0.66,1PGA,True,False
P06654,T281I,0.24,1PGA,True,False
P06654,T281K,0.64,1PGA,True,False
P06654,T281L,0.3,1PGA,True,False
P06654,T281M,0.48,1PGA,True,False
P06654,T281N,-0.34,1PGA,True,False
P06654,T281P,4.0,1PGA,True,False
P06654,T281Q,0.04,1PGA,True,False
P06654,T281R,0.13,1PGA,True,False
P06654,T281S,-0.35,1PGA,True,False
P06654,E282A,0.18,1PGA,True,False
P06654,E282D,0.1,1PGA,True,False
P06654,E282F,-1.03,1PGA,True,False
P06654,E282G,0.32,1PGA,True,False
P06654,E282H,1.06,1PGA,True,False
P06654,E282I,-0.02,1PGA,True,False
P06654,E282K,1.04,1PGA,True,False
P06654,E282L,0.14,1PGA,True,False
P06654,E282M,0.29,1PGA,True,False
P06654,E282N,-0.13,1PGA,True,False
P06654,E282P,0.66,1PGA,True,False
P06654,E282Q,-0.21,1PGA,True,False
P06654,E282R,1.34,1PGA,True,False
P06654,E282S,0.17,1PGA,True,False
P06654,E282T,0.2,1PGA,True,False
P06654,E282V,0.25,1PGA,True,False
P06654,E282Y,-0.68,1PGA,True,False
P06654,T281V,0.23,1PGA,True,False
P06654,T281Y,0.14,1PGA,True,False
P06654,V280Y,1.73,1PGA,True,False
P06654,F278G,4.0,1PGA,True,False
P06654,F278H,2.66,1PGA,True,False
P06654,F278I,0.24,1PGA,True,False
P06654,F278K,4.0,1PGA,True,False
P06654,F278M,2.71,1PGA,True,False
P06654,F278N,4.0,1PGA,True,False
P06654,F278P,1.72,1PGA,True,False
P06654,F278Q,4.0,1PGA,True,False
P06654,F278R,4.0,1PGA,True,False
P06654,F278S,4.0,1PGA,True,False
P06654,F278T,4.0,1PGA,True,False
P06654,F278V,2.99,1PGA,True,False
P06654,F278Y,0.34,1PGA,True,False
P06654,T277V,0.5,1PGA,True,False
P06654,T277Y,1.64,1PGA,True,False
P06654,K276L,-0.55,1PGA,True,False
P06654,K276M,0.05,1PGA,True,False
P06654,K276N,-0.38,1PGA,True,False
P06654,K276P,4.0,1PGA,True,False
P06654,K276Q,-1.17,1PGA,True,False
P06654,K276R,-0.76,1PGA,True,False
P06654,K276S,0.29,1PGA,True,False
P06654,K276T,1.17,1PGA,True,False
P06654,K276V,1.35,1PGA,True,False
P06654,K276Y,-0.46,1PGA,True,False
P06654,T275V,0.5,1PGA,True,False
P06654,T275Y,0.83,1PGA,True,False
P06654,A274D,-0.35,1PGA,True,False
P06654,A274E,-0.46,1PGA,True,False
P06654,A274F,0.0,1PGA,True,False
P06654,A274G,0.12,1PGA,True,False
P06654,A274H,0.08,1PGA,True,False
P06654,A274I,-0.07,1PGA,True,False
P06654,A274K,-0.5,1PGA,True,False
P06654,A274L,-0.51,1PGA,True,False
P06654,A274M,0.04,1PGA,True,False
P06654,A274N,-0.13,1PGA,True,False
P06654,A274Q,-0.54,1PGA,True,False
P06654,A274R,-0.12,1PGA,True,False
P06654,A274S,-0.29,1PGA,True,False
P06654,A274T,-0.16,1PGA,True,False
P06654,A274V,-0.33,1PGA,True,False
P06654,A274Y,-0.41,1PGA,True,False
P06654,D273E,-0.69,1PGA,True,False
P06654,D273F,-0.58,1PGA,True,False
P06654,D273G,-0.25,1PGA,True,False
P06654,D273H,0.17,1PGA,True,False
P06654,D273I,-0.74,1PGA,True,False
P06654,D273K,-0.33,1PGA,True,False
P06654,D273L,0.33,1PGA,True,False
P06654,D273M,0.75,1PGA,True,False
P06654,D273N,-0.35,1PGA,True,False
P06654,D273P,-0.9,1PGA,True,False
P06654,D273Q,-0.58,1PGA,True,False
P06654,D273R,-0.18,1PGA,True,False
P06654,D273S,-0.46,1PGA,True,False
P06654,D273T,0.07,1PGA,True,False
P06654,D273V,0.01,1PGA,True,False
P06654,D273Y,-0.35,1PGA,True,False
P06654,D272E,0.05,1PGA,True,False
P06654,D272F,0.52,1PGA,True,False
P06654,D272G,2.67,1PGA,True,False
P06654,D272H,0.84,1PGA,True,False
P06654,D272I,0.57,1PGA,True,False
P06654,D272K,0.61,1PGA,True,False
P06654,D272L,0.53,1PGA,True,False
P06654,D272M,0.84,1PGA,True,False
P06654,D272N,-0.47,1PGA,True,False
P06654,D272P,4.0,1PGA,True,False
P06654,D272Q,0.38,1PGA,True,False
P06654,D272R,1.72,1PGA,True,False
P06654,D272S,0.2,1PGA,True,False
P06654,D272T,0.8,1PGA,True,False
P06654,D272V,0.51,1PGA,True,False
P06654,D272Y,1.31,1PGA,True,False
P06654,T270V,0.1,1PGA,True,False
P06654,T270Y,-0.4,1PGA,True,False
P06654,E268F,-0.63,1PGA,True,False
P06654,E268G,0.88,1PGA,True,False
P06654,E268H,-0.03,1PGA,True,False
P06654,E268I,-1.19,1PGA,True,False
P06654,E268K,-0.65,1PGA,True,False
P06654,E268L,-0.61,1PGA,True,False
P06654,E268M,-0.42,1PGA,True,False
P06654,E268N,-0.25,1PGA,True,False
P06654,E268P,1.26,1PGA,True,False
P06654,E268Q,-0.71,1PGA,True,False
P06654,E268R,-0.55,1PGA,True,False
P06654,E268S,-0.01,1PGA,True,False
P06654,E268T,-0.13,1PGA,True,False
P06654,E268V,-0.28,1PGA,True,False
P06654,E268Y,-0.69,1PGA,True,False
P06654,G267H,4.0,1PGA,True,False
P06654,G267I,-0.58,1PGA,True,False
P06654,G267K,2.41,1PGA,True,False
P06654,G267L,4.0,1PGA,True,False
P06654,G267M,-0.19,1PGA,True,False
P06654,G267N,4.0,1PGA,True,False
P06654,G267P,4.0,1PGA,True,False
P06654,G267Q,4.0,1PGA,True,False
P06654,G267R,-0.43,1PGA,True,False
P06654,G267S,4.0,1PGA,True,False
P06654,G267T,4.0,1PGA,True,False
P06654,G267V,4.0,1PGA,True,False
P06654,G267Y,2.49,1PGA,True,False
P06654,D266E,-0.5,1PGA,True,False
P06654,D266F,-0.82,1PGA,True,False
P06654,D266G,0.16,1PGA,True,False
P06654,D266H,4.0,1PGA,True,False
P06654,D266I,-0.59,1PGA,True,False
P06654,D266K,-0.55,1PGA,True,False
P06654,D266L,-0.17,1PGA,True,False
P06654,D266M,-0.46,1PGA,True,False
P06654,D266N,-0.67,1PGA,True,False
P06654,D266P,1.72,1PGA,True,False
P06654,D266Q,-0.72,1PGA,True,False
P06654,D266R,-0.55,1PGA,True,False
P06654,D266S,-0.56,1PGA,True,False
P06654,D266T,-0.57,1PGA,True,False
P06654,D266V,-0.59,1PGA,True,False
P06654,D266Y,-0.84,1PGA,True,False
P06654,V265Y,0.42,1PGA,True,False
P06654,G264H,-0.5,1PGA,True,False
P06654,G264I,1.44,1PGA,True,False
P06654,G264K,-0.29,1PGA,True,False
P06654,G264L,-0.04,1PGA,True,False
P06654,G264M,0.47,1PGA,True,False
P06654,G264N,-0.3,1PGA,True,False
P06654,G264P,2.74,1PGA,True,False
P06654,G264Q,-0.19,1PGA,True,False
P06654,G264R,0.42,1PGA,True,False
P06654,G264S,0.17,1PGA,True,False
P06654,G264T,1.01,1PGA,True,False
P06654,G264V,1.31,1PGA,True,False
P06654,G264Y,0.43,1PGA,True,False
P06654,N263P,3.69,1PGA,True,False
P06654,N263Q,-0.94,1PGA,True,False
P06654,N263R,-0.42,1PGA,True,False
P06654,N263S,-0.22,1PGA,True,False
P06654,N263T,-0.08,1PGA,True,False
P06654,N263V,-0.48,1PGA,True,False
P06654,N263Y,-0.78,1PGA,True,False
P06654,D262E,-1.05,1PGA,True,False
P06654,D262F,0.06,1PGA,True,False
P06654,D262G,0.95,1PGA,True,False
P06654,D262H,0.09,1PGA,True,False
P06654,D262I,-0.28,1PGA,True,False
P06654,D262K,-0.2,1PGA,True,False
P06654,D262L,-0.29,1PGA,True,False
P06654,D262M,-0.5,1PGA,True,False
P06654,D262N,-0.49,1PGA,True,False
P06654,D262Q,-0.41,1PGA,True,False
P06654,D262R,-0.41,1PGA,True,False
P06654,D262S,-0.46,1PGA,True,False
P06654,D262T,0.2,1PGA,True,False
P06654,D262V,-0.3,1PGA,True,False
P06654,D262Y,-0.43,1PGA,True,False
P06654,N261P,4.0,1PGA,True,False
P06654,N261Q,-0.84,1PGA,True,False
P06654,N261R,-0.33,1PGA,True,False
P06654,N261S,-0.76,1PGA,True,False
P06654,N261T,-0.48,1PGA,True,False
P06654,N261V,-0.42,1PGA,True,False
P06654,N261Y,-0.93,1PGA,True,False
P06654,A260D,4.0,1PGA,True,False
P06654,A260E,2.6,1PGA,True,False
P06654,A260F,1.85,1PGA,True,False
P06654,A260H,3.19,1PGA,True,False
P06654,A260I,0.67,1PGA,True,False
P06654,A260K,2.81,1PGA,True,False
P06654,A260L,-0.11,1PGA,True,False
P06654,A260M,0.45,1PGA,True,False
P06654,A260N,1.46,1PGA,True,False
P06654,A260P,4.0,1PGA,True,False
P06654,A260Q,2.33,1PGA,True,False
P06654,A260R,2.93,1PGA,True,False
P06654,A260S,0.53,1PGA,True,False
P06654,A260T,0.38,1PGA,True,False
P06654,A260V,-0.02,1PGA,True,False
P06654,A260Y,2.0,1PGA,True,False
P06654,Q258R,-0.39,1PGA,True,False
P06654,Q258S,-0.2,1PGA,True,False
P06654,Q258T,-0.32,1PGA,True,False
P06654,Q258V,0.13,1PGA,True,False
P06654,Q258Y,0.39,1PGA,True,False
P06654,K257L,-0.17,1PGA,True,False
P06654,K257M,-0.39,1PGA,True,False
P06654,K257N,0.58,1PGA,True,False
P06654,K257P,4.0,1PGA,True,False
P06654,K257Q,-0.45,1PGA,True,False
P06654,K257R,4.0,1PGA,True,False
P06654,K257S,0.72,1PGA,True,False
P06654,K257T,0.48,1PGA,True,False
P06654,K257V,-0.19,1PGA,True,False
P06654,K257Y,0.48,1PGA,True,False
P06654,F256G,4.0,1PGA,True,False
P06654,F256H,4.0,1PGA,True,False
P06654,F256I,4.0,1PGA,True,False
P06654,F256K,4.0,1PGA,True,False
P06654,F256M,1.66,1PGA,True,False
P06654,F256N,4.0,1PGA,True,False
P06654,F256P,4.0,1PGA,True,False
P06654,F256Q,4.0,1PGA,True,False
P06654,F256R,0.28,1PGA,True,False
P06654,F256S,4.0,1PGA,True,False
P06654,F256T,4.0,1PGA,True,False
P06654,F256V,2.53,1PGA,True,False
P06654,F256Y,-0.91,1PGA,True,False
P06654,V255Y,-0.19,1PGA,True,False
P06654,K254L,-0.31,1PGA,True,False
P06654,K254M,-0.58,1PGA,True,False
P06654,K254N,-0.44,1PGA,True,False
P06654,K254P,1.23,1PGA,True,False
P06654,K254Q,-0.61,1PGA,True,False
P06654,K254R,-0.91,1PGA,True,False
P06654,K254S,-0.36,1PGA,True,False
P06654,K254T,-0.19,1PGA,True,False
P06654,K254V,-0.23,1PGA,True,False
P06654,K254Y,-0.25,1PGA,True,False
P06654,E253F,-1.92,1PGA,True,False
P06654,E253G,-0.01,1PGA,True,False
P06654,E253H,4.0,1PGA,True,False
P06654,E253I,-0.1,1PGA,True,False
P06654,E253K,-0.83,1PGA,True,False
P06654,E253L,-1.82,1PGA,True,False
P06654,E253M,-0.93,1PGA,True,False
P06654,E253N,1.64,1PGA,True,False
P06654,E253P,4.0,1PGA,True,False
P06654,E253Q,-0.44,1PGA,True,False
P06654,E253R,-0.44,1PGA,True,False
P06654,E253S,0.36,1PGA,True,False
P06654,E253T,1.04,1PGA,True,False
P06654,E253V,0.91,1PGA,True,False
P06654,E253Y,-0.26,1PGA,True,False
P06654,A252D,4.0,1PGA,True,False
P06654,A252E,4.0,1PGA,True,False
P06654,A252F,4.0,1PGA,True,False
P06654,A252H,4.0,1PGA,True,False
P06654,A252I,4.0,1PGA,True,False
P06654,A252K,4.0,1PGA,True,False
P06654,A252L,4.0,1PGA,True,False
P06654,A252M,4.0,1PGA,True,False
P06654,A252N,4.0,1PGA,True,False
P06654,A252Q,4.0,1PGA,True,False
P06654,A252R,4.0,1PGA,True,False
P06654,A252S,2.33,1PGA,True,False
P06654,A252T,4.0,1PGA,True,False
P06654,A252V,2.41,1PGA,True,False
P06654,A252Y,4.0,1PGA,True,False
P06654,T251V,0.1,1PGA,True,False
P06654,T251Y,-0.1,1PGA,True,False
P06654,A250D,-0.27,1PGA,True,False
P06654,A250E,-0.67,1PGA,True,False
P06654,A250F,-0.62,1PGA,True,False
P06654,A250G,-0.15,1PGA,True,False
P06654,A250H,0.39,1PGA,True,False
P06654,A250I,-0.55,1PGA,True,False
P06654,A250K,-0.78,1PGA,True,False
P06654,A250L,-0.27,1PGA,True,False
P06654,A250M,-0.41,1PGA,True,False
P06654,A250N,0.24,1PGA,True,False
P06654,A250Q,-0.05,1PGA,True,False
P06654,A250R,-0.54,1PGA,True,False
P06654,A250S,-0.22,1PGA,True,False
P06654,A250T,-0.23,1PGA,True,False
P06654,A250V,-0.19,1PGA,True,False
P06654,A250Y,-0.44,1PGA,True,False
P06654,A249D,0.44,1PGA,True,False
P06654,A249E,-0.04,1PGA,True,False
P06654,A249F,-0.59,1PGA,True,False
P06654,A249G,0.83,1PGA,True,False
P06654,A249H,0.2,1PGA,True,False
P06654,A249I,-0.56,1PGA,True,False
P06654,A249K,-0.48,1PGA,True,False
P06654,A249L,-0.22,1PGA,True,False
P06654,A249M,-0.51,1PGA,True,False
P06654,A249N,0.19,1PGA,True,False
P06654,A249Q,-0.8,1PGA,True,False
P06654,A249R,-0.59,1PGA,True,False
P06654,A249S,-0.16,1PGA,True,False
P06654,A249T,-0.32,1PGA,True,False
P06654,A249V,-0.38,1PGA,True,False
P06654,A249Y,-0.38,1PGA,True,False
P06654,D248E,0.82,1PGA,True,False
P06654,D248F,1.08,1PGA,True,False
P06654,D248H,0.99,1PGA,True,False
P06654,D248I,2.21,1PGA,True,False
P06654,D248K,1.22,1PGA,True,False
P06654,D248L,1.18,1PGA,True,False
P06654,D248M,1.35,1PGA,True,False
P06654,D248N,-0.21,1PGA,True,False
P06654,D248P,2.93,1PGA,True,False
P06654,D248Q,1.21,1PGA,True,False
P06654,D248R,1.47,1PGA,True,False
P06654,D248S,-0.62,1PGA,True,False
P06654,D248T,0.44,1PGA,True,False
P06654,D248V,1.43,1PGA,True,False
P06654,D248Y,1.17,1PGA,True,False
P06654,V247Y,-0.64,1PGA,True,False
P06654,A246D,1.65,1PGA,True,False
P06654,A246E,0.58,1PGA,True,False
P06654,A246F,1.73,1PGA,True,False
P06654,A246H,1.91,1PGA,True,False
P06654,A246I,1.86,1PGA,True,False
P06654,A246K,1.77,1PGA,True,False
P06654,A246L,2.03,1PGA,True,False
P06654,A246M,1.43,1PGA,True,False
P06654,A246N,2.85,1PGA,True,False
P06654,A246P,3.48,1PGA,True,False
P06654,A246Q,-0.12,1PGA,True,False
P06654,A246R,1.47,1PGA,True,False
P06654,A246S,0.2,1PGA,True,False
P06654,A246T,0.95,1PGA,True,False
P06654,A246V,0.88,1PGA,True,False
P06654,A246Y,1.94,1PGA,True,False
P06654,E245F,-0.84,1PGA,True,False
P06654,E245G,1.47,1PGA,True,False
P06654,E245H,-0.02,1PGA,True,False
P06654,E245I,-0.93,1PGA,True,False
P06654,E245K,-0.42,1PGA,True,False
P06654,E245L,-0.37,1PGA,True,False
P06654,E245M,-0.19,1PGA,True,False
P06654,E245N,-0.64,1PGA,True,False
P06654,E245P,0.78,1PGA,True,False
P06654,E245Q,-0.52,1PGA,True,False
P06654,E245R,-0.72,1PGA,True,False
P06654,E245S,-0.11,1PGA,True,False
P06654,E245T,-0.65,1PGA,True,False
P06654,E245V,0.09,1PGA,True,False
P06654,E245Y,-0.77,1PGA,True,False
P06654,T244V,-0.39,1PGA,True,False
P06654,T244Y,-0.16,1PGA,True,False
P06654,T243V,-0.18,1PGA,True,False
P06654,T243Y,-0.71,1PGA,True,False
P06654,T242Y,-1.31,1PGA,True,False
P06654,E241F,-0.57,1PGA,True,False
P06654,E241G,0.22,1PGA,True,False
P06654,E241H,0.25,1PGA,True,False
P06654,E241I,-0.6,1PGA,True,False
P06654,E241K,-0.13,1PGA,True,False
P06654,E241L,-0.16,1PGA,True,False
P06654,E241M,-0.72,1PGA,True,False
P06654,E241N,-0.16,1PGA,True,False
P06654,E241P,1.98,1PGA,True,False
P06654,E241Q,-0.87,1PGA,True,False
P06654,E241R,-0.28,1PGA,True,False
P06654,E241S,-0.17,1PGA,True,False
P06654,E241T,-0.01,1PGA,True,False
P06654,E241V,-0.92,1PGA,True,False
P06654,E241Y,-0.66,1PGA,True,False
P06654,G240H,-0.08,1PGA,True,False
P06654,G240I,-0.81,1PGA,True,False
P06654,G240K,-0.72,1PGA,True,False
P06654,G240L,-1.25,1PGA,True,False
P06654,G240M,-0.94,1PGA,True,False
P06654,G240N,-0.03,1PGA,True,False
P06654,G240P,0.88,1PGA,True,False
P06654,G240Q,-0.52,1PGA,True,False
P06654,G240R,-0.87,1PGA,True,False
P06654,G240S,-0.51,1PGA,True,False
P06654,G240T,-0.39,1PGA,True,False
P06654,G240V,-0.52,1PGA,True,False
P06654,G240Y,-0.24,1PGA,True,False
P06654,K239L,0.06,1PGA,True,False
P06654,K239M,-0.32,1PGA,True,False
P06654,K239N,-0.01,1PGA,True,False
P06654,K239P,0.99,1PGA,True,False
P06654,K239Q,-1.07,1PGA,True,False
P06654,K239R,-0.33,1PGA,True,False
P06654,K239S,-0.57,1PGA,True,False
P06654,K239T,-0.25,1PGA,True,False
P06654,K239V,-0.53,1PGA,True,False
P06654,K239Y,-0.69,1PGA,True,False
P06654,L238M,-0.34,1PGA,True,False
P06654,L238N,-0.09,1PGA,True,False
P06654,L238P,1.23,1PGA,True,False
P06654,L238Q,-0.14,1PGA,True,False
P06654,L238R,-0.24,1PGA,True,False
P06654,L238S,0.06,1PGA,True,False
P06654,L238T,-0.42,1PGA,True,False
P06654,L238V,-0.63,1PGA,True,False
P06654,L238Y,-1.78,1PGA,True,False
P06654,T237V,-0.54,1PGA,True,False
P06654,T237Y,-0.3,1PGA,True,False
P06654,K236L,-0.72,1PGA,True,False
P06654,K236M,-0.25,1PGA,True,False
P06654,K236N,-0.1,1PGA,True,False
P06654,K236Q,-0.11,1PGA,True,False
P06654,K236R,-0.65,1PGA,True,False
P06654,K236S,0.13,1PGA,True,False
P06654,K236T,-0.2,1PGA,True,False
P06654,K236V,-0.41,1PGA,True,False
P06654,K236Y,-0.51,1PGA,True,False
P06654,G235H,1.22,1PGA,True,False
P06654,G235I,0.59,1PGA,True,False
P06654,G235K,1.23,1PGA,True,False
P06654,G235L,-0.32,1PGA,True,False
P06654,G235M,0.55,1PGA,True,False
P06654,G235N,1.29,1PGA,True,False
P06654,G235Q,1.06,1PGA,True,False
P06654,G235R,0.88,1PGA,True,False
P06654,G235S,-0.03,1PGA,True,False
P06654,G235T,-0.3,1PGA,True,False
P06654,G235V,0.42,1PGA,True,False
P06654,G235Y,0.54,1PGA,True,False
P06654,N234P,1.45,1PGA,True,False
P06654,N234Q,-0.29,1PGA,True,False
P06654,N234R,-0.64,1PGA,True,False
P06654,N234S,0.04,1PGA,True,False
P06654,N234T,0.61,1PGA,True,False
P06654,N234V,-0.13,1PGA,True,False
P06654,N234Y,-0.21,1PGA,True,False
P06654,L233M,-0.5,1PGA,True,False
P06654,L233N,4.0,1PGA,True,False
P06654,L233P,2.88,1PGA,True,False
P06654,L233Q,1.54,1PGA,True,False
P06654,L233R,2.07,1PGA,True,False
P06654,L233S,1.79,1PGA,True,False
P06654,L233T,1.14,1PGA,True,False
P06654,L233V,-0.08,1PGA,True,False
P06654,L233Y,0.02,1PGA,True,False
P06654,I232M,0.5,1PGA,True,False
P06654,I232P,4.0,1PGA,True,False
P06654,I232Q,0.58,1PGA,True,False
P06654,I232S,1.38,1PGA,True,False
P06654,I232Y,0.21,1PGA,True,False
P06654,L231M,0.68,1PGA,True,False
P06654,L231N,4.0,1PGA,True,False
P06654,L231P,1.65,1PGA,True,False
P06654,L231Q,4.0,1PGA,True,False
P06654,L231R,-0.72,1PGA,True,False
P06654,L231S,4.0,1PGA,True,False
P06654,L231T,4.0,1PGA,True,False
P06654,L231V,1.25,1PGA,True,False
P06654,L231Y,2.76,1PGA,True,False
P06654,K230L,0.21,1PGA,True,False
P06654,K230M,-0.49,1PGA,True,False
P06654,K230N,0.21,1PGA,True,False
P06654,K230P,4.0,1PGA,True,False
P06654,K230Q,0.17,1PGA,True,False
P06654,K230R,-0.77,1PGA,True,False
P06654,K230S,-0.18,1PGA,True,False
P06654,K230T,-0.48,1PGA,True,False
P06654,K230V,0.27,1PGA,True,False
P06654,K230Y,-0.82,1PGA,True,False
P06654,T228V,-1.31,1PGA,True,False
P06654,T228Y,-0.15,1PGA,True,False
P06654,M1N,-0.43,1PGA,True,False
P06654,M1P,-0.06,1PGA,True,False
P06654,M1Q,-0.4,1PGA,True,False
P06654,M1R,-0.51,1PGA,True,False
P06654,M1S,-0.68,1PGA,True,False
P06654,M1T,-0.5,1PGA,True,False
P06654,M1V,-0.27,1PGA,True,False
P06654,M1Y,-0.68,1PGA,True,False
P04637,Q104H,-0.24,1TUP,True,False
P04637,Q104P,-0.11,1TUP,True,False
P04637,T123A,0.13,1TUP,True,False
P04637,A129D,0.7,1TUP,True,False
P04637,A129E,0.38,1TUP,True,False
P04637,A129S,0.19,1TUP,True,False
P04637,M133L,-0.3,1TUP,True,False
P04637,F134L,4.78,1TUP,True,False
P04637,L145Q,2.98,1TUP,True,False
P04637,D148E,0.43,1TUP,True,False
P04637,D148S,-0.22,1TUP,True,False
P04637,T150P,0.08,1TUP,True,False
P04637,P151S,4.49,1TUP,True,False
P04637,V157F,3.88,1TUP,True,False
P04637,Q165K,1.27,1TUP,True,False
P04637,Q167E,0.43,1TUP,True,False
P04637,R174K,0.22,1TUP,True,False
P04637,R175A,0.73,1TUP,True,False
P04637,C182S,-0.16,1TUP,True,False
P04637,I195T,4.12,1TUP,True,False
P04637,L201P,-0.35,1TUP,True,False
P04637,V203A,-0.49,1TUP,True,False
P04637,L206S,0.1,1TUP,True,False
P04637,D228E,-0.05,1TUP,True,False
P04637,I232T,3.19,1TUP,True,False
P04637,Y236F,-0.27,1TUP,True,False
P04637,M237I,3.18,1TUP,True,False
P04637,N239Y,-1.49,1TUP,True,False
P04637,I255F,3.29,1TUP,True,False
P04637,S260P,0.32,1TUP,True,False
P04637,F270C,4.54,1TUP,True,False
P04637,F270L,4.1,1TUP,True,False
P04637,R273C,-0.4,1TUP,True,False
P37957,A46S,-0.18,3D2A,False,False
P37957,F48T,-0.52,3D2A,False,False
P37957,R64P,-0.04,3D2A,False,False
P37957,T78S,-0.96,3D2A,False,False
P37957,T140V,-0.34,3D2A,False,False
P37957,G111S,-0.11,3D2A,False,False
P37957,L145P,-0.23,3D2A,False,False
P37957,A163D,0.41,3D2A,False,False
P37957,M165R,-0.25,3D2A,False,False
P37957,M165D,-0.16,3D2A,False,False
P37957,G186S,-1.05,3D2A,False,False
P37957,I188M,-0.55,3D2A,False,False
P37957,Y192N,0.09,3D2A,False,False
P37957,N205T,-0.36,3D2A,False,False
P00644,L171A,2.6,1STN,False,False
P00644,L171G,3.2,1STN,False,False
P00644,D225A,0.1,1STN,False,False
P00644,D225G,0.2,1STN,False,False
P00644,D228A,0.2,1STN,False,False
P00644,D228G,0.2,1STN,False,False
P00644,E224A,0.3,1STN,False,False
P00644,E224G,0.3,1STN,False,False
P00644,K87A,-0.3,1STN,False,False
P00644,K87G,-0.3,1STN,False,False
P00644,K192A,1.3,1STN,False,False
P00644,K192G,2.7,1STN,False,False
P00644,K209A,-0.2,1STN,False,False
P00644,K209G,0.7,1STN,False,False
P00644,A176G,2.4,1STN,False,False
P00644,A176V,1.3,1STN,False,False
P00644,A227G,0.4,1STN,False,False
P00644,A227V,0.3,1STN,False,False
P00644,P124A,-0.1,1STN,False,False
P00644,P129G,0.1,1STN,False,False
P00644,N226G,0.5,1STN,False,False
P00644,N226A,0.1,1STN,False,False
P00644,Q231G,0.4,1STN,False,False
P00644,S223G,0.9,1STN,False,False
P00644,T86G,0.2,1STN,False,False
P00644,T86A,0.2,1STN,False,False
P00644,Y173S,5.3,1STN,False,False
P00644,P199L,-0.2,1STN,False,False
P00560,H389Q,0.84,3PGK,True,False
P9WGE7,G152A,4.3,1IDS,True,True
P00644,P129F,0.3,1STN,False,False
P00644,P199F,-0.3,1STN,False,False
P00644,K209F,0.3,1STN,False,False
P00644,D225F,0.1,1STN,False,False
P01857,Q230A,1.1,1FC1,False,False
P01857,Y232A,0.7,1FC1,False,False
P01857,T233A,0.1,1FC1,False,False
P01857,L234A,1.3,1FC1,False,False
P01857,T249A,2.3,1FC1,False,False
P01857,L251A,2.2,1FC1,False,False
P01857,K253A,1.1,1FC1,False,False
P01857,K275A,0.4,1FC1,False,False
P01857,T277A,0.6,1FC1,False,False
P01857,P278A,3.2,1FC1,False,False
P01857,V280A,0.6,1FC1,False,False
P01857,L281A,0.1,1FC1,False,False
P01857,D282A,0.7,1FC1,False,False
P01857,F288A,2.5,1FC1,False,False
P01857,Y290A,2.1,1FC1,False,False
P01857,K292A,2.4,1FC1,False,False
P0AEG4,C49S,1.8,1A23,True,False
P60174,Q217A,-0.1,1HTI,True,False
P60174,K231A,-1.0,1HTI,True,False
P60174,A253P,-0.6,1HTI,True,False
P04925,T189V,0.17,1AG2,True,False
P01009,A55V,-0.6,1QLP,True,False
P01009,A55I,-0.9,1QLP,True,False
P01009,A55L,-0.9,1QLP,True,False
P01009,A55P,-2.5,1QLP,True,False
P01009,V79I,0.2,1QLP,True,False
P01009,V79L,0.3,1QLP,True,False
P01009,V169I,-0.2,1QLP,True,False
P01009,V388L,0.3,1QLP,True,False
P00644,L171F,1.2,1STN,False,False
P00644,L171I,1.1,1STN,False,False
P00644,L171V,1.4,1STN,False,False
P69441,D84H,1.4,1ANK,True,True
P69441,G85V,2.4,1ANK,True,True
P69441,F86L,0.8,1ANK,True,True
P03034,G47A,-0.66,1LRP,False,False
P03034,G49A,-0.87,1LRP,False,False
P03034,K5Q,-0.43,1LRP,False,False
P03034,Q34Y,-1.32,1LRP,False,False
P03034,Q45Y,0.02,1LRP,False,False
P03034,A50V,1.22,1LRP,False,False
P03034,Y23H,2.25,1LRP,False,False
P03034,A67T,2.99,1LRP,False,False
P03034,I85S,2.25,1LRP,False,False
P03034,G49S,-0.68,1LRP,False,False
P03034,G49N,-0.79,1LRP,False,False
P00782,N325S,-1.07,1SUP,True,False
P00782,G276A,-0.3,1SUP,True,False
P00782,M157F,-0.48,1SUP,True,False
P00782,Y324K,-0.72,1SUP,True,False
P00782,Q313C,-1.25,1SUP,True,False
P00782,N183D,-0.45,1SUP,True,False
P03034,Y89C,-2.4,1LRP,False,False
P05121,E350R,0.3,1C5G,True,True
P05121,E350P,-0.3,1C5G,True,True
P00644,D225K,0.3,1STN,False,False
P00644,D225N,0.3,1STN,False,False
P03958,W264F,-8.64,2ADA,True,True
P00644,W222H,0.4,1STN,False,False
P00644,W222F,0.6,1STN,False,False
P00644,W222Y,1.1,1STN,False,False
P00644,W222L,4.5,1STN,False,False
P03069,K256A,0.39,2ZTA,False,False
P03069,E259Q,0.74,2ZTA,False,False
P03069,K263A,0.41,2ZTA,False,False
P03069,E268Q,-0.2,2ZTA,False,False
P03069,E270Q,1.83,2ZTA,False,False
P03069,R273A,1.66,2ZTA,False,False
P03069,K275A,0.91,2ZTA,False,False
P03069,K276A,0.06,2ZTA,False,False
P02945,S48A,0.3,2BRD,True,False
P02945,D49A,0.9,2BRD,True,False
P02945,P50A,0.2,2BRD,True,True
P02945,D51A,0.5,2BRD,True,False
P02945,K53A,0.3,2BRD,True,False
P02945,K54A,1.6,2BRD,True,False
P02945,F55A,1.6,2BRD,True,False
P02945,Y56A,1.3,2BRD,True,False
P02945,I58A,1.9,2BRD,True,False
P02945,T59A,2.2,2BRD,True,False
P02945,T60A,1.0,2BRD,True,False
P02945,L61A,0.1,2BRD,True,True
P02945,V62A,-0.7,2BRD,True,False
P02945,P63A,-0.1,2BRD,True,False
P02945,I65A,1.4,2BRD,True,False
P02945,F67A,1.0,2BRD,True,False
P02945,T68A,0.1,2BRD,True,False
P02945,M69A,-1.4,2BRD,True,False
P02945,Y70A,3.7,2BRD,True,False
P02945,L71A,-0.3,2BRD,True,False
P02945,S72A,-0.1,2BRD,True,False
P02945,M73A,0.8,2BRD,True,False
P02945,L74A,-0.7,2BRD,True,False
P02945,L75A,-0.5,2BRD,True,False
Q08012,T22G,-3.6,2A36,False,False
P13726,R232W,-0.6,1BOY,True,False
P0AEX9,I85A,1.2,3MBP,True,False
P0AEX9,L141A,3.1,3MBP,True,False
P0AEX9,L173A,3.0,3MBP,True,False
P00509,T6A,1.3,1AMQ,False,False
P00509,N282R,2.6,1AMQ,False,False
P00563,D122N,1.19,2CRK,True,True
P0A910,W28A,3.6,1QJP,True,False
P0A910,W36A,2.0,1QJP,True,False
P0A910,W78A,2.0,1QJP,True,False
P0A910,W164A,3.1,1QJP,True,False
P0A910,Y64A,3.8,1QJP,True,False
P0A910,Y76A,2.5,1QJP,True,False
P0A910,Y150A,2.7,1QJP,True,False
P0A910,Y162A,3.3,1QJP,True,False
P0A910,Y189A,0.2,1QJP,True,False
P0A910,F72A,1.2,1QJP,True,False
P0A910,F144A,2.1,1QJP,True,False
P0A910,F191A,2.4,1QJP,True,False
P09850,V126C,-1.3,1BCX,False,False
P09850,S128C,-3.0,1BCX,False,False
P00918,L60C,0.1,1CAH,True,True
P00918,W123C,0.0,1CAH,True,False
P00918,I255C,0.3,1CAH,True,False
P00918,V68C,1.2,1CAH,True,True
P00918,S56C,0.5,1CAH,True,True
P63159,N135H,-0.3,1HME,True,False
P03034,A67G,-0.1,1LRP,False,False
P03034,A38G,-0.6,1LRP,False,False
P03034,A21G,-0.9,1LRP,False,False
P03034,A50G,-1.2,1LRP,False,False
P03034,A63G,-1.5,1LRP,False,False
P03034,A16G,0.6,1LRP,False,False
P03034,A82G,-0.8,1LRP,False,False
P00644,F158W,1.0,1STN,False,False
P00644,F158V,0.0,1STN,False,False
P48052,E20G,1.0,1AYE,False,False
P00940,Q179A,-0.1,8TIM,True,True
P00940,K193A,-1.0,8TIM,True,True
P48052,V72A,1.1,1AYE,False,False
P0CG63,V5A,3.0,1OTR,True,True
P0CG63,V5N,5.4,1OTR,True,True
P0CG63,V5T,3.7,1OTR,True,True
P0CG63,E34C,-0.9,1OTR,True,True
P0CG63,E34I,-1.6,1OTR,True,True
P0CG63,E34K,2.1,1OTR,True,True
P0CG63,E34P,2.1,1OTR,True,True
P0CG63,E34Q,1.5,1OTR,True,True
P0CG63,E34T,-1.5,1OTR,True,True
P0CG63,E34W,-1.3,1OTR,True,True
P0CG63,I30L,2.0,1OTR,True,True
P0CG63,I36F,0.9,1OTR,True,True
P0CG63,I36L,1.3,1OTR,True,True
P0CG63,I36V,0.8,1OTR,True,True
P0CG63,L67A,2.8,1OTR,True,True
P0CG63,L67N,3.4,1OTR,True,True
P0CG63,L67S,3.3,1OTR,True,True
P0CG63,L67T,2.9,1OTR,True,True
P0CG63,Q41L,0.3,1OTR,True,True
P0CG63,Q41N,2.6,1OTR,True,True
P0CG63,Q41S,1.3,1OTR,True,True
P0CG63,Q41T,0.4,1OTR,True,True
P0CG63,Q41V,0.1,1OTR,True,True
P0CG63,V17A,1.6,1OTR,True,True
P0CG63,V17N,4.9,1OTR,True,True
P0CG63,V17T,1.9,1OTR,True,True
P00929,G211S,-0.2,2WSY,True,False
P09012,Y31F,0.0,1OIA,True,False
P09012,Y78F,0.0,1OIA,True,False
P04925,F174W,0.1,1AG2,True,False
P00644,L89F,1.2,1STN,False,False
P00644,M180L,2.3,1STN,False,False
P00644,K127F,0.2,1STN,False,False
P60174,K193A,-0.5,1HTI,True,True
P03023,K84L,0.2,1LBI,True,True
P07740,A81H,2.7,1LUC,True,True
P07740,H82A,2.7,1LUC,True,True
P0CG63,K11A,0.1,1OTR,True,True
P0CG63,I30F,3.3,1OTR,True,True
P0CG63,I30V,1.6,1OTR,True,True
P69797,W12F,-1.8,1PDO,True,True
P69797,W33F,1.1,1PDO,True,True
P69797,W69F,2.1,1PDO,True,True
P01009,Y184A,0.2,1QLP,True,False
P01009,Y184W,-1.2,1QLP,True,False
P01009,W218F,0.5,1QLP,True,False
P01009,W262F,-1.0,1QLP,True,False
P01009,A308I,0.0,1QLP,True,False
P13444,R265H,3.1,1QM4,True,True
Q08012,T22A,-0.4,2A36,False,False
Q08012,T22D,-1.5,2A36,False,False
Q08012,T22F,-1.3,2A36,False,False
Q08012,T22K,0.0,2A36,False,False
Q08012,T22L,-0.5,2A36,False,False
Q08012,T22N,-1.3,2A36,False,False
Q08012,T22S,-0.6,2A36,False,False
P02925,A52T,3.3,2DRI,True,False
P02925,V75E,3.5,2DRI,True,False
P0ACT4,R128E,-0.3,2TRT,True,True
P62593,E102K,-0.6,1AXB,True,False
P62593,G236S,1.2,1AXB,True,False
P62593,R162H,0.2,1AXB,True,False
P62593,R162S,0.6,1AXB,True,False
P62593,S233A,-0.6,1AXB,True,False
P00509,C389S,1.8,1AMQ,False,False
P0CG63,E34A,-0.1,1OTR,True,True
P0CG63,E34F,-0.7,1OTR,True,True
P0CG63,E34R,3.5,1OTR,True,True
P0CG63,E34V,-0.9,1OTR,True,True
P0CG63,E34Y,-0.4,1OTR,True,True
P0CG63,K33A,-0.4,1OTR,True,True
P0CG63,K33E,-0.1,1OTR,True,True
P0CG63,K33F,-0.2,1OTR,True,True
P0CG63,K33G,1.5,1OTR,True,True
P0CG63,K33I,-1.6,1OTR,True,True
P0CG63,K33L,-1.0,1OTR,True,True
P0CG63,K33M,-0.5,1OTR,True,True
P0CG63,K33N,0.6,1OTR,True,True
P0CG63,K33Q,-0.1,1OTR,True,True
P0CG63,K33S,0.4,1OTR,True,True
P0CG63,K33T,0.1,1OTR,True,True
P0CG63,K33V,-0.9,1OTR,True,True
P00644,F116C,2.8,1STN,False,False
P00644,L118C,2.9,1STN,False,False
P06654,G267C,-1.3,1PGA,True,False
P26514,W126A,-1.1,1XAS,False,False
P26514,W126F,2.2,1XAS,False,False
P26514,W126H,0.5,1XAS,False,False
P26514,Y213A,2.8,1XAS,False,False
P26514,Y213F,0.5,1XAS,False,False
P26514,Y213S,-0.9,1XAS,False,False
P26514,W307A,2.6,1XAS,False,False
P26514,W307F,1.8,1XAS,False,False
P26514,W307H,4.0,1XAS,False,False
P26514,W315A,-2.3,1XAS,False,False
P26514,W315F,-0.4,1XAS,False,False
P26514,W315H,-0.1,1XAS,False,False
P02753,W42F,2.5,1RBP,False,False
P02753,W42L,2.6,1RBP,False,False
P02753,W42Y,2.2,1RBP,False,False
P02753,W109H,0.1,1RBP,False,False
P02753,W123F,0.4,1RBP,False,False
P02753,R139Q,2.6,1RBP,False,False
P0A877,K109N,0.1,1WQ5,True,True
P0AEX9,P133A,7.8,3MBP,True,False
P01009,A31I,-0.8,1QLP,True,True
P01009,A31L,-0.8,1QLP,True,True
P01009,A31P,-2.1,1QLP,True,True
P01009,A31V,-0.5,1QLP,True,True
P0AEX9,I59A,1.0,3MBP,True,True
P0AEX9,L115A,2.6,3MBP,True,True
P0AEX9,L147A,2.6,3MBP,True,True
P01009,A308L,0.8,1QLP,True,False
P48052,K39A,2.3,1AYE,False,False
P48052,V74A,1.1,1AYE,False,False
P00929,P57A,0.5,2WSY,True,False
P00509,F2A,7.35,1AMQ,False,False
P00509,I5A,5.0,1AMQ,False,False
P00509,C77S,2.4,1AMQ,False,False
P00509,C180F,0.9,1AMQ,False,False
P00509,C180G,0.0,1AMQ,False,False
P00509,C180R,1.7,1AMQ,False,False
P00509,C180W,2.2,1AMQ,False,False
P00509,C180Y,1.1,1AMQ,False,False
P00509,C181S,1.0,1AMQ,False,False
P00509,R254M,3.6,1AMQ,False,False
P00644,K88A,-0.25,1STN,False,False
P00644,K88G,-0.25,1STN,False,False
P00644,L89I,0.8800000000000001,1STN,False,False
P00644,L89V,1.26,1STN,False,False
P00644,H90A,0.3999999999999999,1STN,False,False
P00644,H90G,0.7666666666666666,1STN,False,False
P00644,K91A,1.3333333333333333,1STN,False,False
P00644,K91F,1.0666666666666669,1STN,False,False
P00644,K91G,1.8,1STN,False,False
P00644,E92A,1.2333333333333334,1STN,False,False
P00644,E92K,2.033333333333333,1STN,False,False
P00644,E92Q,1.1333333333333335,1STN,False,False
P00644,P93A,0.35,1STN,False,False
P00644,P93F,0.55,1STN,False,False
P00644,P93G,0.95,1STN,False,False
P00644,A94V,1.02,1STN,False,False
P00644,T95A,0.6666666666666666,1STN,False,False
P00644,T95C,1.2999999999999998,1STN,False,False
P00644,T95G,1.0666666666666669,1STN,False,False
P00644,T95I,0.1,1STN,False,False
P00644,T95S,0.3,1STN,False,False
P00644,T95V,0.35,1STN,False,False
P00644,L96I,1.4666666666666668,1STN,False,False
P00644,L96V,1.4666666666666668,1STN,False,False
P00644,I97A,2.575,1STN,False,False
P00644,I97L,0.5666666666666667,1STN,False,False
P00644,I97M,0.2,1STN,False,False
P00644,I97V,0.7999999999999999,1STN,False,False
P00644,K98A,0.1666666666666666,1STN,False,False
P00644,K98F,0.4333333333333333,1STN,False,False
P00644,K98G,0.7,1STN,False,False
P00644,A99G,0.25,1STN,False,False
P00644,A99V,1.8,1STN,False,False
P00644,I100L,0.15,1STN,False,False
P00644,I100V,1.0,1STN,False,False
P00644,D101A,0.1,1STN,False,False
P00644,D101F,1.3666666666666665,1STN,False,False
P00644,D101G,0.4,1STN,False,False
P00644,D101K,0.35,1STN,False,False
P00644,D101N,0.15,1STN,False,False
P00644,G102A,0.2,1STN,False,False
P00644,G102V,2.1666666666666665,1STN,False,False
P00644,D103A,-0.7,1STN,False,False
P00644,D103G,-0.3666666666666667,1STN,False,False
P00644,D103K,-1.0,1STN,False,False
P00644,D103N,-1.3333333333333333,1STN,False,False
P00644,T104A,1.5666666666666669,1STN,False,False
P00644,T104C,0.875,1STN,False,False
P00644,T104I,0.6333333333333333,1STN,False,False
P00644,T104S,0.6,1STN,False,False
P00644,T104V,0.8500000000000001,1STN,False,False
P00644,V105I,0.1,1STN,False,False
P00644,V105L,0.05,1STN,False,False
P00644,K106A,0.25,1STN,False,False
P00644,K106F,0.5,1STN,False,False
P00644,M108A,1.4666666666666668,1STN,False,False
P00644,M108G,2.0,1STN,False,False
P00644,M108I,0.8333333333333334,1STN,False,False
P00644,M108L,0.3999999999999999,1STN,False,False
P00644,Y109C,2.7,1STN,False,False
P00644,Y109I,2.3000000000000003,1STN,False,False
P00644,Y109L,1.4666666666666668,1STN,False,False
P00644,Y109M,1.8666666666666665,1STN,False,False
P00644,Y109W,0.6,1STN,False,False
P00644,K110E,0.7666666666666666,1STN,False,False
P00644,K110F,0.8333333333333334,1STN,False,False
P00644,K110Q,0.3,1STN,False,False
P00644,G111A,1.25,1STN,False,False
P00644,G111C,1.1,1STN,False,False
P00644,G111F,1.26,1STN,False,False
P00644,Q112A,0.25,1STN,False,False
P00644,Q112G,0.8666666666666667,1STN,False,False
P00644,P113A,0.55,1STN,False,False
P00644,P113G,1.5,1STN,False,False
P00644,M114I,0.5666666666666667,1STN,False,False
P00644,M114L,0.7666666666666666,1STN,False,False
P00644,T115A,1.3666666666666665,1STN,False,False
P00644,T115C,1.1,1STN,False,False
P00644,T115I,-0.6,1STN,False,False
P00644,T115S,1.2428571428571429,1STN,False,False
P00644,T115V,-0.4,1STN,False,False
P00644,R117A,1.3333333333333333,1STN,False,False
P00644,L119A,1.6,1STN,False,False
P00644,L119I,1.8333333333333333,1STN,False,False
P00644,L119V,2.8000000000000003,1STN,False,False
P00644,L120A,1.55,1STN,False,False
P00644,L120G,0.4666666666666666,1STN,False,False
P00644,L120I,2.0,1STN,False,False
P00644,L120V,0.15,1STN,False,False
P00644,V121A,2.1,1STN,False,False
P00644,V121I,-0.1,1STN,False,False
P00644,V121L,0.8666666666666667,1STN,False,False
P00644,V121S,2.3,1STN,False,False
P00644,D122A,-0.3,1STN,False,False
P00644,D122G,0.4333333333333333,1STN,False,False
P00644,T123A,-0.0333333333333333,1STN,False,False
P00644,T123C,-0.6,1STN,False,False
P00644,T123G,1.8333333333333333,1STN,False,False
P00644,T123I,-0.725,1STN,False,False
P00644,T123S,1.0,1STN,False,False
P00644,T123V,-0.8,1STN,False,False
P00644,P124G,0.35,1STN,False,False
P00644,E125A,-0.3,1STN,False,False
P00644,E125D,-0.2,1STN,False,False
P00644,E125G,-0.5,1STN,False,False
P00644,T126A,0.3,1STN,False,False
P00644,T126C,0.1333333333333333,1STN,False,False
P00644,T126G,0.5,1STN,False,False
P00644,T126I,0.5666666666666667,1STN,False,False
P00644,T126S,0.0,1STN,False,False
P00644,T126V,-0.1,1STN,False,False
P00644,K127A,-0.25,1STN,False,False
P00644,K127E,-0.05,1STN,False,False
P00644,K127Q,-0.05,1STN,False,False
P00644,H128A,0.4666666666666666,1STN,False,False
P00644,H128G,0.3,1STN,False,False
P00644,H128Y,0.0,1STN,False,False
P00644,P129A,0.55,1STN,False,False
P00644,K130A,-0.1,1STN,False,False
P00644,K130E,-0.05,1STN,False,False
P00644,K130F,0.3666666666666667,1STN,False,False
P00644,K130G,-0.2,1STN,False,False
P00644,K130Q,0.05,1STN,False,False
P00644,K131A,0.2666666666666666,1STN,False,False
P00644,K131F,-0.1,1STN,False,False
P00644,K131G,0.1666666666666666,1STN,False,False
P00644,G132A,-0.2333333333333333,1STN,False,False
P00644,G132C,0.7666666666666666,1STN,False,False
P00644,G132F,0.5499999999999999,1STN,False,False
P00644,G132V,1.0,1STN,False,False
P00644,V133A,0.1999999999999999,1STN,False,False
P00644,V133G,0.3,1STN,False,False
P00644,V133I,-0.1,1STN,False,False
P00644,V133L,0.15,1STN,False,False
P00644,V133S,0.0666666666666666,1STN,False,False
P00644,V133T,-0.2,1STN,False,False
P00644,E134A,0.1,1STN,False,False
P00644,E134F,0.6,1STN,False,False
P00644,E134G,0.35,1STN,False,False
P00644,K135A,0.2,1STN,False,False
P00644,K135G,0.2,1STN,False,False
P00644,Y136A,2.025,1STN,False,False
P00644,Y136F,0.45,1STN,False,False
P00644,Y136G,1.75,1STN,False,False
P00644,G137A,0.5,1STN,False,False
P00644,G137V,1.6,1STN,False,False
P00644,P138A,0.0,1STN,False,False
P00644,P138G,0.95,1STN,False,False
P00644,E139A,0.15,1STN,False,False
P00644,E139C,0.6499999999999999,1STN,False,False
P00644,E139F,0.82,1STN,False,False
P00644,E139G,1.4666666666666668,1STN,False,False
P00644,E139K,0.05,1STN,False,False
P00644,E139Q,0.15,1STN,False,False
P00644,S141A,-0.3714285714285714,1STN,False,False
P00644,S141G,0.9200000000000002,1STN,False,False
P00644,A142C,1.125,1STN,False,False
P00644,A142F,0.7666666666666666,1STN,False,False
P00644,A142G,1.375,1STN,False,False
P00644,F143A,2.25,1STN,False,False
P00644,T144A,2.25,1STN,False,False
P00644,T144C,1.05,1STN,False,False
P00644,T144S,2.025,1STN,False,False
P00644,T144V,0.1666666666666666,1STN,False,False
P00644,K145A,0.3999999999999999,1STN,False,False
P00644,K145E,1.4333333333333331,1STN,False,False
P00644,K145F,1.8333333333333333,1STN,False,False
P00644,K145G,1.4666666666666668,1STN,False,False
P00644,K145Q,0.9333333333333332,1STN,False,False
P00644,K146A,-0.15,1STN,False,False
P00644,K146E,1.5666666666666669,1STN,False,False
P00644,K146F,0.2,1STN,False,False
P00644,K146G,0.3999999999999999,1STN,False,False
P00644,K146Q,0.0,1STN,False,False
P00644,M147F,1.5333333333333332,1STN,False,False
P00644,M147I,1.4,1STN,False,False
P00644,M147L,0.7333333333333334,1STN,False,False
P00644,V148I,0.9,1STN,False,False
P00644,V148M,0.125,1STN,False,False
P00644,V148T,1.26,1STN,False,False
P00644,E149A,1.0,1STN,False,False
P00644,E149F,1.3,1STN,False,False
P00644,E149G,0.9,1STN,False,False
P00644,E149Q,0.5,1STN,False,False
P00644,N150A,0.4333333333333333,1STN,False,False
P00644,N150G,0.3999999999999999,1STN,False,False
P00644,K152A,0.15,1STN,False,False
P00644,K152C,0.4666666666666666,1STN,False,False
P00644,K152E,0.3333333333333333,1STN,False,False
P00644,K152F,0.075,1STN,False,False
P00644,K152G,0.5,1STN,False,False
P00644,K152Q,0.25,1STN,False,False
P00644,K153A,0.4333333333333333,1STN,False,False
P00644,K153F,0.0,1STN,False,False
P00644,I154L,0.2,1STN,False,False
P00644,I154V,1.7,1STN,False,False
P00644,E155F,0.9666666666666668,1STN,False,False
P00644,E155K,2.0,1STN,False,False
P00644,E155Q,0.6333333333333333,1STN,False,False
P00644,V156L,1.1,1STN,False,False
P00644,E157K,2.1666666666666665,1STN,False,False
P00644,E157Q,0.6333333333333333,1STN,False,False
P00644,E157V,2.203333333333333,1STN,False,False
P00644,D159G,2.06,1STN,False,False
P00644,D159N,2.7,1STN,False,False
P00644,K160A,0.5333333333333333,1STN,False,False
P00644,K160C,0.35,1STN,False,False
P00644,K160E,0.7333333333333334,1STN,False,False
P00644,K160F,-0.1,1STN,False,False
P00644,K160G,1.0333333333333334,1STN,False,False
P00644,K160Q,0.1,1STN,False,False
P00644,G161A,2.225,1STN,False,False
P00644,G161V,2.2,1STN,False,False
P00644,Q162A,0.05,1STN,False,False
P00644,Q162F,0.6333333333333333,1STN,False,False
P00644,Q162G,1.2666666666666666,1STN,False,False
P00644,R163A,1.0333333333333334,1STN,False,False
P00644,R163G,2.066666666666667,1STN,False,False
P00644,T164A,0.8666666666666667,1STN,False,False
P00644,T164C,0.1333333333333333,1STN,False,False
P00644,T164G,1.9,1STN,False,False
P00644,T164I,-0.4666666666666666,1STN,False,False
P00644,T164S,0.7,1STN,False,False
P00644,T164V,-0.2,1STN,False,False
P00644,K166A,-0.15,1STN,False,False
P00644,K166E,0.0,1STN,False,False
P00644,K166F,0.8333333333333334,1STN,False,False
P00644,K166G,0.35,1STN,False,False
P00644,K166Q,0.1,1STN,False,False
P00644,Y167A,0.3666666666666667,1STN,False,False
P00644,Y167F,0.08,1STN,False,False
P00644,Y167G,1.0,1STN,False,False
P00644,Y167L,0.1,1STN,False,False
P00644,G168A,0.4666666666666666,1STN,False,False
P00644,G168F,1.9,1STN,False,False
P00644,R169A,0.8333333333333334,1STN,False,False
P00644,G170A,0.15,1STN,False,False
P00644,A172G,1.8666666666666665,1STN,False,False
P00644,A172V,0.1,1STN,False,False
P00644,Y173F,2.275,1STN,False,False
P00644,I174L,0.5666666666666667,1STN,False,False
P00644,I174V,0.4666666666666666,1STN,False,False
P00644,Y175F,1.875,1STN,False,False
P00644,G178A,1.7,1STN,False,False
P00644,K179A,0.15,1STN,False,False
P00644,K179E,0.5333333333333333,1STN,False,False
P00644,K179F,0.6333333333333333,1STN,False,False
P00644,K179Q,0.3333333333333333,1STN,False,False
P00644,V181I,0.15,1STN,False,False
P00644,V181L,0.2,1STN,False,False
P00644,A184F,1.7333333333333334,1STN,False,False
P00644,A184G,1.2666666666666666,1STN,False,False
P00644,A184V,1.7666666666666666,1STN,False,False
P00644,L185I,1.0333333333333334,1STN,False,False
P00644,L185V,1.9,1STN,False,False
P00644,V186I,-0.25,1STN,False,False
P00644,V186L,0.7666666666666666,1STN,False,False
P00644,V186T,2.4,1STN,False,False
P00644,R187A,1.3,1STN,False,False
P00644,R187C,2.55,1STN,False,False
P00644,Q188A,-0.15,1STN,False,False
P00644,Q188G,1.4333333333333331,1STN,False,False
P00644,A191G,0.9666666666666668,1STN,False,False
P00644,V193I,0.6666666666666666,1STN,False,False
P00644,V193L,0.8666666666666667,1STN,False,False
P00644,V193T,2.25,1STN,False,False
P00644,A194C,0.7666666666666666,1STN,False,False
P00644,A194F,1.3666666666666665,1STN,False,False
P00644,A194G,-0.0666666666666666,1STN,False,False
P00644,A194V,1.3333333333333333,1STN,False,False
P00644,Y195A,-0.05,1STN,False,False
P00644,Y195F,-0.0333333333333333,1STN,False,False
P00644,Y195G,0.2333333333333333,1STN,False,False
P00644,Y195L,-0.2,1STN,False,False
P00644,V196A,-0.0333333333333333,1STN,False,False
P00644,V196G,0.1,1STN,False,False
P00644,V196I,0.1,1STN,False,False
P00644,V196L,1.0333333333333334,1STN,False,False
P00644,V196S,0.0,1STN,False,False
P00644,V196T,0.3,1STN,False,False
P00644,Y197A,0.25,1STN,False,False
P00644,Y197F,0.075,1STN,False,False
P00644,Y197G,0.6333333333333333,1STN,False,False
P00644,Y197L,0.2666666666666666,1STN,False,False
P00644,K198A,-0.6666666666666666,1STN,False,False
P00644,K198F,0.15,1STN,False,False
P00644,K198G,-1.0,1STN,False,False
P00644,P199A,-0.75,1STN,False,False
P00644,P199T,-1.0,1STN,False,False
P00644,N200A,1.925,1STN,False,False
P00644,N200E,1.8,1STN,False,False
P00644,N200G,1.725,1STN,False,False
P00644,N201A,1.15,1STN,False,False
P00644,N201G,1.15,1STN,False,False
P00644,T202A,1.1,1STN,False,False
P00644,T202C,1.6,1STN,False,False
P00644,T202G,1.933333333333333,1STN,False,False
P00644,T202I,1.5333333333333332,1STN,False,False
P00644,T202S,0.575,1STN,False,False
P00644,T202V,1.675,1STN,False,False
P00644,E204A,0.3333333333333333,1STN,False,False
P00644,E204G,2.033333333333333,1STN,False,False
P00644,E204Q,1.5,1STN,False,False
P00644,Q205A,0.2666666666666666,1STN,False,False
P00644,Q205F,0.6,1STN,False,False
P00644,Q205G,0.5,1STN,False,False
P00644,H206A,-0.4333333333333333,1STN,False,False
P00644,H206F,-0.4,1STN,False,False
P00644,H206G,0.4666666666666666,1STN,False,False
P00644,H206Q,-0.6,1STN,False,False
P00644,L207I,0.9666666666666668,1STN,False,False
P00644,L207V,2.2,1STN,False,False
P00644,R208A,1.5666666666666669,1STN,False,False
P00644,S210A,-0.7,1STN,False,False
P00644,S210F,0.9666666666666668,1STN,False,False
P00644,S210G,1.5,1STN,False,False
P00644,E211A,2.2,1STN,False,False
P00644,A212G,1.0,1STN,False,False
P00644,A212V,1.1,1STN,False,False
P00644,Q213A,0.15,1STN,False,False
P00644,Q213F,0.6333333333333333,1STN,False,False
P00644,K215A,1.3,1STN,False,False
P00644,K215F,1.3,1STN,False,False
P00644,K215Q,0.4333333333333333,1STN,False,False
P00644,K216A,-0.1,1STN,False,False
P00644,K216C,0.6666666666666666,1STN,False,False
P00644,K216F,0.375,1STN,False,False
P00644,K216G,0.7000000000000001,1STN,False,False
P00644,E217A,0.6666666666666666,1STN,False,False
P00644,E217F,1.1,1STN,False,False
P00644,E217G,1.5666666666666669,1STN,False,False
P00644,E217K,1.0666666666666669,1STN,False,False
P00644,E217Q,0.6666666666666666,1STN,False,False
P00644,K218A,0.8,1STN,False,False
P00644,K218F,1.0666666666666669,1STN,False,False
P00644,K218G,0.025,1STN,False,False
P00644,L219A,2.1666666666666665,1STN,False,False
P00644,L219I,0.7666666666666666,1STN,False,False
P00644,L219V,1.3333333333333333,1STN,False,False
P00644,N220A,1.0,1STN,False,False
P00644,I221L,0.1,1STN,False,False
P00644,I221M,0.3666666666666667,1STN,False,False
P00644,I221V,1.4,1STN,False,False
P00644,S223A,0.26,1STN,False,False
P00807,D170N,0.415,1BLC,True,False
P00929,F139W,0.6499999999999999,2WSY,True,False
P01009,T83A,-0.95,1QLP,True,False
P01009,T92A,-0.95,1QLP,True,False
P01009,A94G,-1.5,1QLP,True,False
P01009,V169L,0.6499999999999999,1QLP,True,False
P01009,V197I,-0.45,1QLP,True,False
P01009,V197L,0.55,1QLP,True,False
P01009,A207F,-1.4,1QLP,True,False
P01009,A207L,-1.2999999999999998,1QLP,True,False
P01009,A274I,0.35,1QLP,True,False
P01009,A274L,0.95,1QLP,True,False
P01009,A274V,0.35,1QLP,True,False
P01009,A308V,-0.75,1QLP,True,False
P01009,V345I,-0.55,1QLP,True,False
P01009,V345L,1.1,1QLP,True,False
P01009,K355T,-0.34,1QLP,True,False
P01009,V388I,-0.35,1QLP,True,False
P01009,S405A,-0.95,1QLP,True,False
P01009,K411R,-0.95,1QLP,True,False
P01236,H223A,-0.03,2Q98,True,False
P01241,S97A,1.1,3HHR,True,False
P01241,S97Q,1.4,3HHR,True,False
P01241,S97V,1.25,3HHR,True,False
P01241,E100L,1.0,3HHR,True,False
P01241,E100S,1.0,3HHR,True,False
P01584,R120P,0.35,1IOB,False,False
P03034,M41A,2.066666666666667,1LRP,False,False
P03034,P79A,1.6,1LRP,False,False
P04637,V143A,3.6,1TUP,True,False
P04637,Y220C,4.09,1TUP,True,False
P04637,C242S,3.103333333333333,1TUP,True,True
P04637,R248Q,1.9366666666666668,1TUP,True,True
P04637,R249S,1.9125,1TUP,True,True
P04637,R273H,0.2475,1TUP,True,True
P04637,E346A,0.35,1TUP,True,False
P04925,M128V,0.215,1AG2,True,False
P04925,E199K,0.17,1AG2,True,False
P04925,V209I,0.18,1AG2,True,False
P04925,Q216R,2.015,1AG2,True,False
P06654,G235P,2.39,1PGA,True,False
P06654,K236P,0.19,1PGA,True,False
P06654,E241A,-0.4599999999999999,1PGA,True,False
P06654,T242A,-0.33,1PGA,True,False
P06654,T244A,-0.36,1PGA,True,False
P06654,A249P,0.22,1PGA,True,False
P06654,K254G,0.055,1PGA,True,False
P06654,N263A,-0.28,1PGA,True,False
P06654,D273A,-0.36,1PGA,True,False
P06654,T275A,0.7066666666666667,1PGA,True,False
P06654,K276A,0.32,1PGA,True,False
P06654,T279C,-0.69,1PGA,True,False
P06654,T349Y,-4.199999999999999,1PGA,True,False
P07170,V10I,1.1949999999999998,2AKY,False,False
P07170,Q50E,1.0,2AKY,False,False
P07170,N171D,2.1166666666666667,2AKY,False,False
P07170,I215F,1.905,2AKY,False,False
P08921,I40V,-1.185,1HNG,True,False
P08921,V52A,-4.890000000000001,1HNG,True,False
P08921,L72V,0.385,1HNG,True,False
P08921,I79V,-0.415,1HNG,True,False
P08921,Y98F,-1.395,1HNG,True,False
P08921,V100A,-3.005,1HNG,True,False
P08921,L111V,-0.12,1HNG,True,False
P08921,L117V,-0.775,1HNG,True,False
P09012,Y13F,0.6499999999999999,1OIA,True,True
P09012,Y13T,1.2000000000000002,1OIA,True,True
P09919,L83E,0.1,1RHG,True,False
P0A877,P57A,0.25,1WQ5,True,False
P0A877,C118A,1.23,1WQ5,True,True
P0A877,C118V,1.27,1WQ5,True,True
P0A877,C154V,1.01,1WQ5,True,True
P0ACJ8,S129A,0.28,1G6N,True,False
P0ACJ8,S129P,-0.12,1G6N,True,False
P0AEG4,C52S,1.0,1A23,True,False
P0AEX9,G45C,2.2,3MBP,True,False
P0CG63,E34N,1.0,1OTR,True,True
P11961,V129A,0.7,1W4E,False,False
P11961,V129G,1.0,1W4E,False,False
P11961,I130A,0.7,1W4E,False,False
P11961,I130G,1.4,1W4E,False,False
P11961,I130V,0.2,1W4E,False,False
P11961,A131G,1.7,1W4E,False,False
P11961,V135A,1.5,1W4E,False,False
P11961,Y138F,2.0,1W4E,False,False
P11961,A139G,2.3,1W4E,False,False
P11961,E141A,0.7,1W4E,False,False
P11961,E141Q,0.4,1W4E,False,False
P11961,V144A,2.0,1W4E,False,False
P11961,D145A,2.1,1W4E,False,False
P11961,D145N,0.9,1W4E,False,False
P11961,I146A,2.7,1W4E,False,False
P11961,I146V,1.2,1W4E,False,False
P11961,V149A,2.8,1W4E,False,False
P11961,V149G,4.1,1W4E,False,False
P11961,V158A,3.2,1W4E,False,False
P11961,L159A,2.0,1W4E,False,False
P11961,L159G,1.9,1W4E,False,False
P11961,L159V,0.6,1W4E,False,False
P11961,D162N,2.0,1W4E,False,False
P11961,I163V,0.5,1W4E,False,False
P11961,D164A,2.3,1W4E,False,False
P11961,D164G,3.7,1W4E,False,False
P11961,D164N,1.9,1W4E,False,False
P11961,A165G,0.9,1W4E,False,False
P11961,L167A,1.2,1W4E,False,False
P11961,L167V,0.2,1W4E,False,False
P11961,A168G,0.3,1W4E,False,False
P29768,A53L,-0.8275,1DIL,True,True
P29768,A69V,-0.58,1DIL,True,True
P69441,R88G,0.15,1ANK,True,True
P96110,R191A,0.2925,1B26,True,False
