wt_id,mutation,ddg,diag,dz,dz_cw,cw,onehot,far,base,cw+far,aft_svm,protein_in_aft_train
3PG0,Q102I,2.7,-0.0068683687002405,-0.193677036533546,-0.3583674396256026,0.276145649574847,0.0817144519999654,-1.0932771410650857,-0.1880074400082874,-0.0591878793768314,-0.6219763914967453,False
3PG0,R114L,0.0,0.3528199233877247,0.1624900103829671,0.2902848210612835,0.1000991261423144,0.0982419205808711,-0.23699122083901,0.0792943905543756,-0.1833752189806717,0.2807902272037016,False
3PG0,D117P,0.0,0.2819503541690464,0.0141028612349815,-0.12238761260844,0.4385588699412966,1.3831935573405447,-0.2796947572204381,0.0366734003189345,0.1285271117376756,0.43084967416516057,False
3PG0,D109P,-0.2,0.0091168347639917,-0.0328161966405002,-0.1436365535120972,0.1050831131047806,1.3831935573405447,-0.3091100084807819,0.1637592676064896,-0.1521602348596973,-0.08784904505214841,False
3PG0,A92G,0.0,0.5842039460473036,0.3610765099767085,0.2457804530199629,0.1813181193336328,1.0167834293510365,0.0047059371474118,0.4131128908977216,0.0710231848834342,0.4502841180734725,False
3PG0,E90L,0.9,0.008473706679499,0.1030717653449407,0.1509945845058453,0.1425905439557658,0.1352009219435951,0.071073618942774,0.3993617359972228,0.172297496062369,-0.011364640719786934,False
3PG0,E90Y,0.6,0.334172374032579,0.3348172781043086,0.6049063276489648,-0.0147527879268967,0.178753402979139,0.0769456023948488,0.3042074983647382,0.2409046986400575,0.08185244576310935,False
3PG0,A86V,-0.5,0.6750555237747762,0.2777795624631873,0.4977639537210179,0.4690029199794178,0.554681399987439,-0.2819615651926571,0.232021932135397,0.6317158243584099,0.19045548782737032,False
3PG0,K77V,-0.8,0.1658691155399687,0.0894510317312817,-0.0875857810160105,0.8282656578833555,0.2978966466531442,-0.7987614792525288,-0.3639490926399888,0.0392657410147132,-0.4304656410507042,False
3PG0,D49N,-0.2,-0.1582202161863304,-0.0830544499918154,-0.1253764527622479,0.1978696626534795,0.339742220712424,-0.165746801200907,0.2952913881108313,-0.0560442697108102,0.1689740973957673,False
P0ABQ4,I115A,1.0,2.3082945451987165,1.8593294699150007,2.388612488893953,2.3946337690582644,1.1841563309167786,1.032674775535057,1.4613671035147455,1.6774150323233967,2.2940322288106447,True
P0ABQ4,W133F,0.0,0.8473703307321925,0.7557974300437315,1.0453262679083684,1.432258757981804,1.2050690927023977,0.4365924708911211,0.8731182859911109,1.1204441396282494,0.8270583638615018,True
P0ABQ4,W133V,2.87,3.230236769995453,2.8017459049431883,2.9746019752257924,2.5048232822389283,1.9213700736965096,1.7707277545252658,2.108401481361691,2.3807208949863923,1.7806208492772988,True
P0ABQ4,A145T,0.27,-0.0274736626227083,0.0472388809205441,0.0150074481337427,0.1878448037840425,0.9039757476571364,-0.0503282300499287,0.2197034369317762,0.2670227125541696,0.288282495031371,True
P0ABQ4,I115V,-1.6,0.1006977438372316,0.1673554657103517,0.2407155905307661,0.7614351974477487,0.4763940359887177,-0.0211198996431017,0.7268513661804711,0.5399598104764556,0.9123393804604798,True
P00648,I98A,4.7,2.44006139466876,2.2231215842666217,2.6943635550810465,3.2632734083133443,1.1841563309167786,1.953868118495032,2.538834890896569,2.5131397461313534,2.3752582161692493,False
P00648,L136T,2.5,1.8690984305758185,1.5806364922752478,2.001430243369771,2.676925824019553,1.4222499824767667,0.7066758097416389,1.898159721200507,1.9637973262586272,1.7532708935691046,False
P61626,C95A,4.6,1.6501622314341529,1.8860016247302689,1.7691985281655829,2.296133896774374,0.7153209983560026,2.352154413797151,2.221991624729891,2.134253963112673,1.765897199567048,False
P00698,G120P,0.1,0.0591141115226942,0.2414512226221119,0.1363551705646298,0.2876929014577406,1.613285065908277,0.054678611492591,0.1301321187636153,0.2042902691845141,0.5315844429327898,False
P00025,K74M,1.0,0.2185141992815929,0.0703401416071378,0.1719984954627293,0.1891732110165782,0.1459241269594061,0.322504324974812,-0.0070542726693747,0.1482340543484161,0.8835971681829274,True
P00025,K74Y,1.05,0.4452083997148641,0.2215933878754303,0.2476525996902425,0.212171227851944,0.2022622291047258,0.2744889159782657,-0.0003097513642399,0.155013222847263,0.998705725762902,True
P00025,K74F,1.15,0.5026032311633529,0.2595350742342097,0.3554987504485939,0.2291480675722303,0.3337267307342781,0.3894178468713489,0.0933793978290397,0.2055406661593131,1.0912593266685793,True
P00025,K74W,1.43,0.3860729615609642,0.354845808756653,0.2773735754285366,0.3227040406647266,0.1711479089862663,0.4324953315812113,0.1690680331066843,0.2780587923267258,1.2286354983317085,True
P00974,P48S,1.4,1.2443873804259935,0.9496538911122008,1.059780528402116,1.2133643224589623,0.7389245096248371,0.6035987098819113,0.7308119996029323,0.8855713932721034,0.7300129510142792,False
P00974,Y70L,3.7,1.5949926883013117,1.521163031272082,1.7143496115560493,1.839440267826556,0.9739325641533106,1.514264998796805,1.8121600613649589,1.965916415120316,1.4327268721209798,False
P00648,H149A,0.24,0.554632863689575,0.4816463244688765,0.5080014078066235,0.5247790584663183,0.5585512997788673,0.4215355189072327,0.7470533199076448,0.3655696884429241,0.624635757252647,False
P00648,S104A,-0.15,-0.0938043656786117,-0.0326440739785595,-0.0940964761282705,0.1873279786336091,0.2432926602208638,0.004667519231703,0.2645179131192651,0.3458934397657122,-0.1424873655753467,False
P00648,K113A,-0.2,0.4420492791181239,0.3190319316720983,0.3389204855536266,-0.0135712387869146,0.3055327627161711,-0.1963974817961808,-0.1359403148618345,0.3000651010751143,0.24769194458882754,False
P00648,S132A,0.12,-0.1013719741173408,-0.1155973629929308,-0.1537421015179667,-0.0506005362129327,0.2432926602208638,-0.1519515475397481,0.1974058399430133,-0.1667997901420648,0.15782005457811382,False
P03050,P8A,-2.9,0.3841201839266346,0.3097658504982057,0.1615508834898197,0.1746282435526108,0.8389758894075345,0.1933675796272777,0.5021493709719375,0.5423671257874394,0.008146116345833176,True
P03050,S35A,-0.2,-0.0786124535740448,-0.1200911096066706,-0.2108182465367474,-0.0467829987630031,0.2432926602208638,-0.6051837734817277,-0.0392316016851014,-0.079805127091208,-0.3961652695389064,True
P03050,N11A,-0.5,0.2796800644986191,0.1985634384020529,0.09353624623768,0.2431342018892722,0.4555207489795747,0.1210208469540138,0.1397500999869181,0.3122567279193445,-0.019459114134149913,True
P03050,K6A,-0.4,-0.0792886639803184,-0.2191139336808489,-0.1568315803757107,-0.016717436851182,0.3055327627161711,-0.1469916507667532,-0.0529790815683988,-0.0427339978345456,-0.05260652776308461,True
P03050,R16A,-0.2,0.1385517762817275,0.1749516484266235,0.1942602675780222,0.1235398377401129,0.4842385177740145,0.2522682983088858,0.0585533027197141,0.0403051732639397,0.43390322413453586,True
P03050,M4A,-0.2,-0.0374761403640658,0.1190435110423836,-0.0080949893085947,0.4387549656128485,1.2557927654126757,0.0575559659533977,0.2162898845882852,0.199032741446127,-0.17945704397617845,True
P03050,E27A,-0.4,0.0414984965056314,-0.0268354311528927,0.0417561032525747,0.2178766192416163,0.2608713460382981,-0.2302629679071902,0.0627579980624676,0.0939420804276267,0.3090001925079295,True
P03050,K2A,-0.1,-0.0844227714466269,-0.2722889342123556,-0.1977827752255186,-0.0218722114321085,0.3055327627161711,-0.1372454592744507,-0.2379363777892111,-0.1823521313342761,-0.03834352185507295,True
P03050,Q9A,0.1,0.2005643352376775,0.1578617213654828,0.2949174099158768,0.5744738882503168,0.3064432922577295,0.1743884671667924,0.2759343455241611,0.7313229623966919,-0.10309660974679902,True
P03050,G3A,-0.3,0.360191117964647,0.1500156640087589,0.1726280316918397,0.2264177941266064,0.916421473108372,0.0587655805518605,-0.0341616880740815,0.1377740910987119,-0.13777669502026768,True
P03050,M1A,0.1,0.0619491909638552,0.1039616603455337,0.0465916842028216,0.259970784868019,1.2557927654126757,0.038795559550773,-0.0080296173044819,0.0789196195707656,-0.034328268335157563,True
P03050,S5A,-0.1,-0.2432396640241557,-0.0462149325796693,-0.1644366522627293,0.0237114453908491,0.2432926602208638,0.0631348105444178,-0.0713610238301732,0.0457481882293306,-0.12684548558336606,True
P03050,R13A,0.6,-0.0554076325745784,-0.0843253655101482,0.0001739634218454,0.1235680166691242,0.4842385177740145,0.2713518591094933,0.1014621874422406,0.3175087261314093,0.4215202833318597,True
P03050,E17A,0.5,0.102320666677443,0.1405059737438814,-0.0231673107601963,-0.0055914229992021,0.2608713460382981,0.1686892383535523,0.3462692406724694,0.0550661458414501,0.12802680468356237,True
P03050,E43A,0.3,0.1523220087932457,0.2100653234386626,0.2134810724584077,0.1384548081511349,0.2608713460382981,0.2751247697021355,0.2105473643800647,0.0240360602874724,0.23690674468807021,True
P03050,M7A,0.6,0.3504019182619952,0.3092092576274646,0.3267444771001539,0.3441594030711242,1.2557927654126757,0.6035194476976947,0.6005612357006589,0.9097715885370125,0.42161676817856825,True
P03050,D20A,0.8,0.2166916451163401,0.1948717586638768,-0.0127820276729812,-0.0885343448900522,0.3830785361353898,0.2048856646536033,0.2251051695779501,0.1094853414963465,0.23707037933418657,True
P03050,F10A,2.7,0.6815036483878356,0.6307440737114377,0.6320834054507568,0.6145982013776672,1.5289742388162222,0.5258004211316473,0.8743435698496388,1.1540418911439905,1.0957164883050443,True
P03050,Q39A,-0.1,-0.1629966033360669,-0.0692374533519195,-0.043403748054101,-0.0274148852733719,0.3064432922577295,-0.3663997229835823,-0.1104050978023008,-0.0758861112142052,-0.044013743747436385,True
P03050,G52A,-0.2,0.7981002807624948,0.4216204471353336,0.5833994892699023,0.2869753832689841,0.916421473108372,0.1056323420412284,-0.0450461407393603,0.1223879976368883,-0.04249856431039978,True
P03050,R23A,1.1,0.4548812471917112,0.4452005134991611,0.6782786244644108,0.5091978417572144,0.4842385177740145,0.4083269361242834,0.2462444031297183,0.3935386672947773,0.5669804495806405,True
P03050,K24A,0.6,0.0874341575903241,0.0312105474097686,0.2142370631756896,0.2746668258194472,0.3055327627161711,0.15107866948457,0.1352504756770888,0.1191434564491928,0.5060409974850133,True
P03050,E28A,0.5,0.1327892157189239,0.2998391453642276,0.0051189426987797,0.2073213096302233,0.2608713460382981,0.6287945569938567,0.4173491103355721,0.2082873024269395,-0.09984679721594347,True
P03050,I51A,1.9,0.8967499648563553,0.7306081660057433,0.859473241441165,0.923093892880115,1.1841563309167786,0.6443175861532957,0.6588421451765444,0.7075012750017169,0.4327272298357484,True
P03050,G49A,2.0,1.2118643663348263,0.8078380257611348,1.248369451948515,1.0579359540345858,0.916421473108372,0.8535368669257328,0.9062357461189654,0.8216896542959891,0.37562408019844185,True
P03050,R50A,1.9,0.5325389494362309,0.5221932018877586,0.7660567446469126,0.4843276005568867,0.4842385177740145,1.3541678686167988,0.8292216223478848,0.7002178882485797,-0.03013855840192403,True
P03050,K47A,1.8,-0.0586912363031625,-0.1467431594512901,0.0396406140280314,0.0708266659034115,0.3055327627161711,-0.2061311630737219,0.0507175023194066,0.1899242159219135,0.539822998198206,True
P03050,P15A,1.9,0.5770814647537577,0.5265551357067166,0.6542675838728698,0.5117204604152332,0.8389758894075345,0.5514642456200545,0.5144505610984206,0.3788256383329635,0.28275807745015913,True
P03050,L21A,3.4,0.6084352387753416,0.662520719654691,0.5213338878786724,0.4032806705431112,1.2014524221761822,0.7400939388660548,0.7451282307920185,0.4479758570897797,0.4099128447689533,True
P03050,R31A,3.4,0.7851203177347198,1.056823939448384,1.122574178434253,0.9434470681559396,0.4842385177740145,0.9978639897510636,0.9486967224614232,0.9420762438103762,0.4740762052385403,True
P03050,W14A,4.0,1.0752562168793918,0.8671000801585977,1.0320858603115488,0.9271440312612176,1.422381062656504,0.3176066757860422,0.6973811339516457,1.0646750955561428,1.5677647460148634,True
P03050,R40A,4.6,0.2897908807575734,0.4168846204192599,0.4973450427520383,0.6232174877349446,0.4842385177740145,1.1980408704043046,0.9832283684547272,0.5819407363545552,0.5703545595478882,True
P01053,T59D,-0.04,-0.3043555756740946,-0.142451597565639,-0.1151566696480156,0.1090010428706445,0.6974880315619807,0.0658398269250634,0.1405220361489042,0.124381810759567,0.18683341711996237,True
P01053,I40L,1.96,1.1549424901829966,1.248309626869268,1.5692507985209598,1.3861745524636064,0.3561546230629321,1.2686827967631524,1.5815266818957003,1.2335534913362327,1.76126106959578,True
P01053,I50G,3.52,1.9892772555276008,1.7106979914386715,1.969030167949421,2.211653621633414,1.9335670928902624,1.617775586843592,1.752652846140825,1.9086508030487548,1.9067948175902887,True
P01053,I50T,1.34,0.9724165722140198,0.7417126990423265,1.04977844304648,1.0705651361233988,1.2933680304390762,0.6477964046499181,1.0295430969716914,0.9106081190276084,0.7643672837590334,True
P01053,K22M,0.67,0.8340104904498598,0.7794366021283026,0.7961818981566745,1.2145194451923935,0.1459241269594061,1.2483144440635905,1.119085631567954,1.174313245293381,0.5633625651047375,True
P01053,E27Q,0.62,0.5826499125527977,0.4806476561856477,0.451782426385155,0.3450058390755089,0.1605155413051134,0.5814915854349719,0.8389380105691255,0.7257467161879025,0.5198874507712431,True
P01053,E35Q,0.47,0.3550317427937138,0.2255821746310858,0.3429927906542551,0.2251262635642335,0.1605155413051134,0.1139885372496904,-0.0801992052290661,0.1126734999065854,0.5721212939348201,True
P01053,E35D,0.74,0.3672586411581037,0.2557341732654174,0.3938197608455464,0.3650808729815745,0.3743203631982903,0.3761422901920109,0.252881468819067,0.2386003928537153,0.7823510347470088,True
P01053,E35N,1.07,0.9030434733232072,0.622279404734851,0.8440685568715978,0.5265017751384549,0.4941231404837147,0.4403663550538177,0.2355005473634568,0.3711246387510318,0.9046680209211864,True
P00648,T53N,1.27,0.3997728275448223,0.1635280121248944,0.3861865634071311,0.6754965900312365,0.6868330669988602,0.4230716048091162,0.6492908860343091,0.4091671720589537,0.6416183761541996,False
P00648,T53D,-0.11,0.383894487974714,0.1435933946124271,0.3334837837830085,0.6688423907982955,0.6974880315619807,0.3382553520992652,0.6828479798583402,0.3660024369508433,1.030474707921887,False
P00648,T53Q,1.87,1.2736477417037244,0.7190347320527788,1.2074222870375784,1.1900554141391748,0.6648553935122228,0.6697865827507989,0.6883080910820268,0.821089921866806,1.1036133408457596,False
P00648,T53E,0.27,1.4464237185323063,0.8598896866734647,1.351268500721062,1.2695315466992496,0.9311062346371518,0.5877440333664172,0.6920435441666528,0.8435540280841074,1.372050054448726,False
P00648,T73N,1.29,1.1856544250972223,0.702331286239687,1.0457107682413973,1.4076125033023164,0.6868330669988602,0.8358504046051746,1.3803455544970875,1.3384807879626863,1.0853669102457024,False
P00648,T73Q,1.72,1.3536585684497668,0.6765013253453438,1.02903578894322,1.0353567861233224,0.6648553935122228,0.5831647621739797,1.141825046702613,1.0568185265762542,1.123922850034468,False
P00648,T73E,0.05,1.626940818638084,0.8805168591778256,1.3816640684508728,1.821216643426508,0.9311062346371518,0.6179242141420207,1.1989779307556372,1.6965461634683885,1.3006033395916368,False
P0AE67,A74G,0.3,0.5047832005438198,0.2704899380681561,0.3632144643221494,0.1714880914645988,1.0167834293510365,0.048440297532264,0.4196663459937476,0.2379028712215548,0.256052033882908,False
P0AE67,A77G,0.3,0.1303025024136702,-0.0142888177083975,-0.1534497742968398,0.0338186900839066,1.0167834293510365,-0.0120791788640841,0.0822404266817116,-0.05391122919565,0.24424284308959404,False
P0AE67,A99G,0.5,0.4342679875933067,0.2536442943753517,0.4912802645421081,0.3698101386096837,1.0167834293510365,0.0715418723509035,0.3025023165374654,0.2861315068319958,0.834576588552315,False
P0AE67,A113G,0.8,0.4423604029367104,0.3143335165278139,0.3719700478268869,0.2032744196798717,1.0167834293510365,-0.1080045616328452,0.2222414782534202,0.0724345322754419,0.22935966589625334,False
P0AE67,A114G,0.5,0.1908230714399602,0.2737285745500392,0.3896303231756218,0.2420865059705424,1.0167834293510365,0.0396067661027997,0.2764106120312393,-0.0363184334867815,0.4043105162047689,False
P00651,N62A,-0.03,0.0422977080565423,0.0021836937580905,0.1065715015099827,-0.0473270553553325,0.4555207489795747,-0.2861436461565264,0.115522270903846,0.0505222176130556,-0.06104041573296681,False
P00651,A47C,0.74,0.2087491849224425,0.1352334201351711,0.3252254543335797,0.2747604604635065,0.3486246112307368,-0.0844079944111428,0.3358570999416564,0.0846537472373028,0.5116515294855256,False
P00651,A47F,0.57,0.085406532518567,0.0502056297755923,0.1862695647031929,0.247181197951272,0.5669500479126135,-0.0132592872314145,0.0565033583341574,0.1278999960683768,0.32749098998911796,False
P00651,A47I,0.44,-0.0365820357728466,0.1197538806328556,0.2702120977926109,0.365363607906663,0.4266509499960544,0.0891719186748822,0.3294786735161537,0.2082394790655358,-0.18456627767959244,False
P00651,A47K,0.51,0.0273868583294592,0.1457318284105679,0.2334763131096934,0.315214948962082,0.7168476726588757,0.0607527560495187,0.3127049192801659,0.1278946892924174,0.1620134041487729,False
P00651,A47L,0.13,-0.0129685757993074,0.0675039283649947,0.2237462886527506,0.229940548134952,0.5600622370961714,-0.0591389267807856,0.1622654780049117,0.0521579013220131,0.05108313451385876,False
P00651,A47M,0.15,-0.0064558259460383,0.006171736810951,0.0681609820054219,0.2311071343437159,0.5024216771949103,-0.1159143681958295,0.0720351795325463,0.0598087895562161,0.11470561988233446,False
P00651,A47N,-0.34,0.0250312550195703,0.0413115048042408,-0.0352012886546666,-0.0394303165775833,0.9689368232891856,-0.1743011164520861,0.2491439257511457,-0.160136152479273,0.11691888852409482,False
P00651,A47R,0.41,0.1415457650079809,0.0564690209337831,0.1720067356982948,0.2116020545073373,0.9972008340639013,-0.0989527550220417,0.0709005679544528,0.0451088985418757,0.14573027721524973,False
P00651,A47T,0.57,0.4555362981059915,0.4745467225973553,0.5565202725356592,0.3550586484227698,0.9039757476571364,0.1033815635610582,0.4421477393237708,0.1736842530948397,0.12598605215366238,False
P00651,A47V,0.66,0.2050789271544393,0.353993330521173,0.5104828923584026,0.5661286604446507,0.554681399987439,0.237489181737982,0.5377117414236127,0.3608378471584527,0.06268179603571178,False
P00651,A47W,0.3,0.0145295454124468,-0.1625387618389889,-0.0464455319559246,0.0540440887143635,0.5254050654862725,-0.2633462231495328,-0.1778850801827897,-0.0606800521718482,0.3357731502174625,False
P00651,A47Y,0.39,0.0771695320463793,0.0253235736602964,0.1759780857329479,0.2257854901158285,0.5681414282966336,-0.0018438546292252,0.0750213242955254,0.1133142102477624,0.388114191886969,False
P02633,P24G,1.19,0.6853324915802899,0.3145339788733515,0.3616495059031215,0.2392100271116436,0.929662235078946,0.1305135386013913,0.0944791900177718,0.2245628467893418,0.6609589937932019,True
P00044,P77V,1.0,0.2707263228334154,0.224392129096848,0.451800190280789,0.4828711460465407,0.7983626582819744,0.4988211207994769,0.4012551361023154,0.5970254057147009,0.839343794275701,True
P00044,P77T,1.7,0.4697873616290449,0.5010770817074045,0.7327775597568161,0.6898235917171837,0.6188726667915285,0.7914379726972862,0.6495088006291573,0.8045972529449509,1.4013608215889892,True
P00044,P77I,1.7,0.5961070440732554,0.3885834986329124,0.5749269015316305,0.4553056025181039,0.5997768455052854,0.5867713462177557,0.4223895161752759,0.6473097325349761,0.7986536838694864,True
P0AA25,P77A,3.9,1.1881563515988247,1.325077549997338,1.3521805961637867,1.9448533848566536,0.8389758894075345,1.776174482941744,1.8410160454357445,1.8710719383176129,1.7201506867755587,True
P0AA25,P35S,0.1,0.6730340720327798,0.5657927666763459,0.9002445574339568,0.5781636029247421,0.7389245096248371,0.551730755967628,0.3546790250671259,0.4846265697848714,0.3434131163845847,True
P01308,T97A,-0.16,0.0736985055513258,0.1195830605613379,0.1968165409475554,0.2138458602301653,0.7142191955934971,0.0118913893219253,0.4459348319308374,0.4875839424743642,-0.09146361492382438,True
P01308,T97H,-1.76,-0.1641510000586721,0.0009761687195287,-0.0430799464065185,0.2593411005383477,0.6723495817940909,-0.0423721052375909,0.5494645025035696,0.4942700300542638,-0.1228868124728697,True
P01308,T97R,-1.25,-0.2410104491190378,-0.0870494560836735,-0.1122753131092593,0.2559698890206366,0.5433265812826409,-0.0614355921683589,0.4211277571446771,0.4842949733737933,-0.4457575518132594,True
P11540,C41A,-0.1,0.3843804026541272,0.4996756669616582,0.4103576944840297,0.2590103711967754,0.7153209983560026,0.789746370871156,0.5968757922696355,0.5165010261937707,0.8779222622273228,True
P00044,K79G,0.74,0.4882691904091246,0.2031754921120939,0.6003321279235567,0.1048854649384336,0.7248042648400427,-0.0651855394745035,-0.1408660268391817,-0.1275269611442504,0.48125902722094627,True
P00044,K79A,0.45,0.3928647163524218,0.2218872798670215,0.2306896743628503,-0.0388339067647478,0.3055327627161711,-0.0501722123888423,-0.13916230343027,-0.084153195250435,0.4919957473982852,True
P00044,K79L,0.03,0.1350160795565345,-0.045757826187659,0.0371171711836604,0.1316776551189265,0.1555663803633185,0.1578993895272527,-0.0650136576223478,0.0506393835381177,0.3746434335363061,True
P00044,K79R,0.03,0.015433315396606,0.0029655469188313,0.0366937341480315,0.2180432538391282,0.0988915994947232,0.0969653062642873,-0.1257897672596369,0.0392456213094808,0.7313272301812676,True
P00044,V26C,1.1,0.5880891603150229,0.8417550668191996,1.0810760238152777,1.6030433231979373,0.651611987066557,0.91999894058091,1.0218560726130916,1.4910280648360827,0.4193386431210221,True
P00004,L95I,-0.2,1.676868099313727,1.0955942285810265,1.6581881966802503,1.408344357072868,0.5869342221980756,0.9814228862593404,1.247430636344158,1.4403594279134413,0.12276990572650004,True
P00004,L95A,3.5,2.877949386616322,2.386485841660633,2.523338202118663,2.384407332647372,1.2014524221761822,1.5858556188703683,1.598194072280009,2.11299212262234,3.0103108192552703,True
P00044,G12A,3.5,1.950301650578003,2.778536416426543,2.1687358068463687,2.7140442219156675,0.916421473108372,2.515152922687633,2.6227408059593893,2.755655653886173,1.981366377903788,True
P00044,N58F,0.06,0.1990618302171168,-0.0997767311426045,0.0842827173551027,0.3035994474006462,0.2912230471356515,0.0273875013436281,0.2676304911829551,0.3431010883073808,-0.08404310284344596,True
P07107,D22H,0.56,0.1133462289390046,0.2152756954659752,0.0457608590415623,-0.0339708116190075,0.3994583328370912,0.3001924927337016,0.0141934884680955,-0.0569049876939504,0.08440336281617178,True
P00044,F88Y,0.7,0.8463875597408203,0.7004903671053736,0.8711560066943844,0.6857175575346839,0.9440751122903096,0.8224580519331399,0.9203684537807728,0.7690383634027258,0.6892364330240404,True
P00044,L91A,2.8,2.3869343083609045,2.086886132026721,2.083433902815939,1.4285607319809626,1.2014524221761822,1.2558526941669257,1.0828003345271746,1.362870175910481,2.3689767146289893,True
P07107,I40A,1.06,1.28461937831241,1.293191683073584,1.338166871822534,1.2400312726135696,1.1841563309167786,0.7209021543696821,0.7837054993398351,0.99521385117329,1.1034988388326852,True
P05413,T41E,3.27,0.4049328328074938,0.3173941635960294,0.2650034793074805,1.3243278834282486,0.9311062346371518,0.3526974211836345,0.8344531243525019,0.9454218930516618,1.3143938990889794,False
P05413,T41Q,4.37,0.1378827964788784,-0.0287296877217023,-0.0415846518939224,0.7119064030654702,0.6648553935122228,0.1693709157939271,0.6091123575387744,0.446551276284176,1.41956372406219,False
P05413,T41V,1.84,-0.4050190989760569,-0.1848279818408498,-0.3930903364728526,0.0545975251747185,0.346772357079152,-0.1295401971887409,0.5899316605486249,0.0905886631071543,-0.2069627440133477,False
P00094,P56A,2.0,1.0608238091887128,1.1296124267690917,1.3556654466031497,1.4787752288867575,0.8389758894075345,1.080080552828106,1.2599547794410024,1.2900292369125448,1.101883431989049,True
P00094,G55S,2.2,1.6685117212040417,1.3319329258428536,1.3813727558583817,1.3985640623145486,1.0433402419325728,1.3894621346276117,1.168629320464643,1.5752500847373687,1.1747894283992428,True
P05798,D25H,-0.9,0.1696809654264137,0.0155971412069378,0.0385723857280089,0.3862103925667268,0.3994583328370912,-0.0395853011707023,0.0268830125792619,0.4559764123457676,0.055009708186893214,True
P0AE67,D12A,-2.5,0.4583353333482245,0.3644162527625799,0.4769501165245238,1.193022367308988,0.3830785361353898,0.9301278238918717,0.614864498602888,1.0689984597117077,0.38084873690838716,False
P0AE67,D13A,-2.7,-0.1824988409959529,-0.0950895954553735,-0.1971873394082472,0.0832553711257636,0.3830785361353898,0.0772500052681496,0.0698529440995675,0.0676195925291077,0.2928691035031744,False
P0AE67,D57A,-3.3,-0.1469487576105609,-0.0578261431669731,-0.038358876432101,0.5186769199367995,0.3830785361353898,0.4602897694933857,0.1478309011079498,0.4766923575280862,1.3624068852386078,False
P00651,W85Y,0.93,0.4276333056489745,0.1956721610401148,0.3702492125648858,1.2470139337417998,1.1090101595116368,-0.1620043778024708,0.9360780283198734,0.9884553351612932,0.19213156132677528,False
P00651,Y68W,0.14,1.2468781494699304,0.9749602744337772,1.0682484691131549,1.3861954151776177,0.4801489638519242,1.379120916802565,1.5529154226069577,1.0508139972292256,0.37225482544567,False
P00651,H66T,0.26,1.1931900536396174,0.7201745409765619,0.9556851328039012,1.4659202375627909,0.3945613237086671,0.759760976504829,1.257069535240254,1.3475965711604918,-0.4715744873167782,False
P08463,P7A,0.2,0.6794891149852754,0.7214295793076848,0.7826391356608691,0.5842741661738419,0.8389758894075345,0.5861272897056005,0.5766618431088729,0.6730042862256849,0.15721137470049312,True
P08463,P20A,0.3,1.022840540393617,0.7408278252441205,0.6422186928459486,0.6698438810411537,0.8389758894075345,0.5126632409055673,0.5745301936759788,0.925547438465971,0.3658827470513852,True
P08463,P29A,-0.23,0.4491512215429275,0.3998409363220829,0.3828395830155445,0.109578929316066,0.8389758894075345,0.1265145898619148,0.1609249545266071,-0.0074914589498304,0.23993581767842082,True
P08463,P44A,3.04,1.5233226330602574,1.446789079824801,1.4797577293788715,2.2313352954978205,0.8389758894075345,1.1915934977987428,1.2200362583791975,1.8211011764482528,1.1775011922553442,True
P08463,P52A,2.57,1.684324497426403,1.6552563571797263,1.477076422018275,2.129673504025816,0.8389758894075345,1.600409201288264,1.649286072189432,2.142003458647249,1.6389085969829305,True
P08463,P58A,0.35,0.4116311442682508,0.427735777100925,0.645317618048723,0.1585945523128555,0.8389758894075345,0.2703448564809507,0.3499454365706896,0.4271215058967162,0.1697299469045238,True
P08463,P90A,-1.19,-0.110858715345837,-0.2405768251486916,-0.1759927361793109,-0.1231034637085743,0.8389758894075345,-0.2270723135953512,-0.0550576424385119,0.0706091756502978,-0.23910882403941702,True
P08463,P92A,-0.07,0.3917191521556438,0.3831633859022511,0.4907597628933111,0.2943816636437619,0.8389758894075345,0.3342575021030292,0.480459560965326,0.5524739587839249,-0.13615939777210573,True
P08463,P90G,-1.33,0.1117950845288195,-0.2001197607799009,-0.1540706385461663,-0.1157269055146846,0.929662235078946,-0.3911268372305157,-0.1511291398670037,0.0435258256725585,-0.10301913702768617,True
P08463,P92G,-0.07,0.3974149828566614,0.161697706526479,0.2561086702840411,0.1352099392562159,0.929662235078946,0.0922051650767675,0.2826764766679838,0.2399352086216422,0.0055513299552176765,True
P08463,S28A,0.34,0.1124739984145646,0.0944608811703702,0.3192068457412657,-0.0530670191454425,0.2432926602208638,0.0507261122861865,0.2977892568593764,0.1956865497196804,0.5199700042399715,True
P08463,S28G,-0.89,0.2740226403413722,0.1575139143673985,0.4856493553609559,0.1321104477996659,0.428383407318773,-0.0611408464090578,0.3756232179607378,0.2523178860682843,0.3961875116064896,True
P08463,V89A,0.24,0.415074756063874,0.3043909309168062,0.4331401212116813,0.5282968931027204,1.0343518725154948,0.0109106979358158,0.1245508011174441,0.4179148883123679,0.09390602718657987,True
P08463,V89G,-0.81,0.5588414237989445,0.31079364442146,0.4011278479738953,0.3195793375994095,1.8065612933128488,-0.2493857165692394,-0.0808726658481007,0.1340415577179505,0.03818006253880418,True
P61626,D85H,4.54,2.7325040544328147,2.5336609400825694,2.6795571114500216,2.9683870418249034,0.3994583328370912,2.0564522851159928,2.2286426503762216,2.6272160111700606,1.8324840642962523,False
P61626,Y56A,2.49,2.535510878607272,2.300883423914074,2.527654020375391,3.07694672896196,1.7437349920018923,1.7816488863258488,1.714789583389305,2.4272678178083096,2.278240576805784,False
P61626,Y56G,2.32,3.0165359094376454,2.597992047037214,2.7790832669143684,3.072995816460993,1.6084509752438536,1.8199284911897613,1.6480488449060666,2.345549816290974,2.3913686538066012,False
P61626,G55A,0.29,1.1173331274296214,0.5739666991343235,0.706053686048484,1.027498661282145,0.916421473108372,0.4154866024595726,0.6750990947276074,0.9182732530234918,1.1190865706307989,False
P07445,Y16S,-11.9,2.823757367974152,2.718908069054148,2.9057059108245995,3.110530826245736,1.435971947566705,2.6141105609153,2.772868725905078,2.8598964065680854,2.09114928331603,False
P07445,Y32S,-13.7,2.774044497419176,2.691001108291976,2.8838832690694023,3.082916597734463,1.435971947566705,2.44369857246049,2.464180204788692,3.025803753544876,2.132910578938188,False
P81708,V109K,0.43,0.1334247465990801,0.0821975429329638,0.0879289184152578,-0.0768400822927357,1.47765797004906,0.026400498933158,-0.143380102348916,0.0387395371123541,-0.059833654163623295,False
P81708,H21G,0.48,0.2735675722615283,-0.1138058936810653,-0.1883088206098294,0.3484333690970441,0.85331007114965,-0.2616849006148958,-0.1504199604508455,0.1621495355291147,-0.6424598793095475,False
P81708,I56L,0.24,0.0699546785815111,0.3923621687091064,0.4896288506631386,1.8292934076924587,0.3561546230629321,1.1560324807421098,1.8860473566078368,1.7934332129673067,1.0047034491632758,False
P81708,A93S,0.26,0.1410650724179876,0.04077560828724,0.1486021351872184,0.2757626926852748,0.5320077206749324,-0.0847425188849598,0.4433464503125418,0.2691645926014562,0.7143223896331214,False
P00282,H137G,9.9,1.84228827168546,1.6039082676757708,2.1476515943969474,2.217850002426953,0.85331007114965,1.8881633018951207,1.977618309845322,2.058903136364441,1.3949520836165274,True
P00282,H66G,10.9,1.5663139543544211,1.4081141871291958,1.5077848171680588,2.4460965996070723,0.85331007114965,1.2147279772432082,1.4587203449814004,1.5472072909928687,1.8601924989352705,True
P0A7Y4,A52C,-0.8,0.1376153182907155,-0.1204564856266739,-0.1045291512702315,0.582516658437944,0.3486246112307368,-0.3597983455783094,0.2616203049196358,0.1000636383374996,-0.165055132071933,False
P0A7Y4,A52M,-0.5,1.067135966449891,0.5086815977119585,0.8265325698366212,0.9478565750762132,0.5024216771949103,0.652973226453723,0.9270893204189236,0.8356101514760317,-0.2580552729997818,False
P0A7Y4,A52T,0.8,0.9430288677158348,0.308152617838255,0.4408790474061484,0.7959733736556297,0.9039757476571364,0.0316265779622206,0.6881618767445292,0.3952294294745643,0.4723303817191733,False
P0A7Y4,A52Q,1.2,2.2748903989974893,1.6700729703437815,2.1197290432905094,2.229098880823717,0.9395368478409278,1.716424227972542,1.961351956439836,2.0601690651050584,1.1046554194263634,False
P0A7Y4,A52E,1.5,2.193619623486114,1.6290133294391296,2.1849610625047093,2.3760056351474312,0.890212045450505,1.732189805772005,1.9362413281715871,2.126755786580881,1.4237284895764581,False
P0A7Y4,A52P,1.6,1.4630664136369345,0.990366131393335,0.8566271534504197,1.4437796425223144,1.6818975115145205,0.2114242485874632,0.9921150144243528,0.9052597451351618,0.8256809133090989,False
P0A7Y4,A52S,1.8,0.4966493524400346,0.3207284072294299,0.3618834287006908,1.3707740902794423,0.5320077206749324,0.4663826990005968,0.9549519217898276,0.8595857667816992,1.3113947008932672,False
P0A7Y4,A52N,1.8,2.1738695152788905,1.659171756005816,1.9857309203601248,2.168295062934257,0.9689368232891856,1.152084769565162,1.6394763063156432,1.593676316574229,1.0113384681227875,False
P0A7Y4,A52D,1.9,1.834206334774104,1.5015765332006372,1.814240153967792,2.163468090869815,1.3512263441005974,1.093811606193236,1.5346777507209572,1.5236059778686797,1.316605101814874,False
P0A7Y4,A52Y,2.3,1.8777733581062392,1.4011090361768592,1.767233262988689,1.8188026088492435,0.5681414282966336,1.847371555335616,1.7799174983216193,1.8783188598246257,1.1315088132178068,False
P0A7Y4,A52H,3.6,2.362806938201896,1.6546968124479449,2.078827592412178,2.030077851021733,0.9667412523712924,1.4288798706068342,1.7205258111194428,1.844596663886852,0.9117288356152732,False
P0A7Y4,A52K,5.9,2.2170582008135584,1.886516216301476,2.195566338987363,2.38321863825714,0.7168476726588757,2.284733971173595,2.2910479502730654,2.31302830503818,1.2745440206171246,False
P03051,D30G,-2.0,-0.1400589887659525,-0.3810141079250615,-0.7391824287681794,-0.3427395098557529,0.5697595279787511,-0.4589627838878226,-0.2558750507605385,-0.1166939910206861,-0.743995449887217,True
P03051,D30Q,-1.8,-0.0246100882126904,-0.0375425196587011,-0.1853308102147593,0.3592270290728018,0.3118973296536219,-0.0655103578466978,0.0248370515357602,0.4474239927290101,-0.7743078482700394,True
P03051,D30E,-1.0,0.1206273649952378,0.1272522706897791,-0.0020728337206856,0.5723148142715374,0.5547454434476486,0.1054523199589031,0.1604355487887425,0.5787518034996435,-0.5880594816820408,True
P03051,D30S,-1.0,0.0675482600749576,0.1369513125103782,0.0625538632031409,0.8327162152252676,0.1591144950960311,0.1461292316867818,0.1647304747329729,0.7475341505709002,-0.365023986713534,True
P03051,D30K,-0.9,-0.1070498112236453,-0.1084454703825586,-0.355523202197317,0.2647865342585084,0.3896902063067877,-0.0647509797968021,0.0304037514680708,0.3369617657697935,-0.6849643179771896,True
P03051,D30H,-0.9,-0.1306137930526226,-0.1975404079619865,-0.2653353546770119,0.2504056529297019,0.3994583328370912,-0.1386986098858156,-0.0478959034603934,0.2692383125942756,-0.6270243800141251,True
P03051,D30C,-0.8,0.0144394897657506,0.0469468387669676,-0.0838055230561168,0.6331124182965715,0.212638745765014,0.0416543832402194,0.0849808525303597,0.5327461954411817,-0.6050387622753883,True
P03051,D30R,-0.8,0.0258536402278391,-0.0167942783880559,-0.194644644394037,0.3095933119866639,0.6143288605046765,-0.0081945928171574,0.0561921617485136,0.3702628750153148,-0.5922489576494754,True
P03051,D30N,-0.8,-0.0568134708859464,-0.0645262464458193,-0.0961762726359446,0.6062100525825389,0.339742220712424,-0.1424459419637382,0.0126458519997277,0.5534221875637121,-0.7616484683156435,True
P03051,D30M,-0.6,0.1026332816131859,0.2027135129211444,-0.0422102373295785,0.4577356296351146,0.3655452584024315,0.1620662905325176,0.1862990002972195,0.5134271155268388,-0.4110244942587421,True
P03051,D30A,-0.3,0.2552582346858066,0.359121922173245,0.1083701827275741,0.8072194198915769,0.3830785361353898,0.2403444022775271,0.2481835439473528,0.7561008205467834,-0.11235151369742447,True
P03051,D30Y,-0.2,0.17248656924436,0.2669140041837488,0.1154343756927364,0.4679369137603599,0.4062051154229297,0.2107314115857004,0.1854124106624322,0.4630985805282883,0.008759537542572748,True
P03051,D30L,0.1,0.0128946618306806,0.1108455670858483,-0.1332749596783068,0.4474416620285392,0.3001878539796619,0.1476152876833278,0.2080917105735874,0.5240755797524752,0.23591615177637892,True
P03051,D30F,0.1,0.0735298868678742,0.1908580207130473,-0.0018317047829714,0.4465369694863639,0.4552893063785235,0.213302505050171,0.1935670216570758,0.4537602096188523,0.13876493106814203,True
P03051,D30T,0.4,0.6481513691599387,0.7967343269145893,0.7665869333820712,0.938740175646828,0.5298591090489021,0.5073998059467788,0.5312076776805019,0.9460982009321056,0.2647514060073154,True
P03051,D30V,0.4,0.9882230601701004,1.1738998947093764,0.8219798463881846,0.8820948702893278,0.3105674253370163,0.7333442005996279,0.7464614894806295,0.945034525178251,0.36892969932767594,True
P03051,D30W,0.4,0.2287079548079693,0.3912360764841755,0.2095925135467358,0.4664612085260498,0.3341141719831812,0.3381206261480011,0.3529892299733765,0.4768529757676639,0.1497454671282662,True
P03051,D30I,0.8,0.7267881002282327,1.1134802581123835,0.6267269433099457,0.8012329689950868,0.5354638667649932,0.751572404817107,0.7360315630240617,0.8732130072418176,0.7314378734331503,True
P03051,D30P,1.6,0.9673273786455524,0.7453931058116083,0.7241441510106469,0.6288157004552428,1.3831935573405447,0.2903593099766142,0.2342157324585869,0.6974427297888722,0.5717073557902291,True
P02185,I29L,0.6,0.7912068232671503,0.7207683811824547,0.8976637762107492,0.9295991916432176,0.3561546230629321,0.7269707889833592,1.191614155217228,1.1834465327268853,0.503173500991072,True
P02185,I29M,0.6,0.7736618324314375,0.543803173623418,1.0101393943308112,1.1621510782804,0.7620248195826685,0.8313154529801261,1.011495054762677,1.3586824709560648,0.26294003640869723,True
P02185,I112L,0.6,0.5050029151217752,0.3822197148194118,0.6180423202094361,1.1340094566974197,0.3561546230629321,0.5319181741749432,0.7924766610816348,1.080496511418353,0.8673604687794267,True
P02185,I112M,1.1,0.9768995065110524,0.850095180325839,1.192352188473088,1.224400974663162,0.7620248195826685,1.0107708217656302,0.9598157818546396,1.1834813088321288,0.8121724434159817,True
P02185,I112A,1.8,2.4998138026034065,2.36642291285202,2.611010251781233,1.907448221993847,1.1841563309167786,1.7951854427179623,1.5296157466836369,1.8548516136096265,2.2101643777760827,True
P02185,I143L,-0.6,0.1157805946549059,0.2640948473027247,-0.0055768514319585,0.9143761159626104,0.3561546230629321,0.3521984280179997,0.9022504143557424,0.8622671771683066,0.6602404080690787,True
P02185,I143M,-0.9,-0.2173254541305693,-0.1382582001848353,-0.2572504689906792,0.3769216589346058,0.7620248195826685,-0.405884533393874,0.1937104266379361,0.2859240349530457,0.2658352114597758,True
P02185,I143V,0.1,0.3751429540082447,0.3593907120359371,0.0589506592341072,0.3380740001329044,0.4763940359887177,-0.011517890060784,0.5425256157723359,0.34017007164343,0.7861025948977876,True
P02185,L30I,1.1,0.8203080575429714,0.4719852747376373,0.9588438543952644,1.2050251684325763,0.5869342221980756,0.7317094102016818,1.2707866839133153,1.1278132511654193,0.7197864890255546,True
P02185,L30M,-0.1,0.4690156244437988,0.3872695434859506,0.5095621202235289,0.8299438078681194,0.4906440542870025,0.3406682024670663,0.761933779290561,0.7520262058365128,0.13519310187055256,True
P02185,L30V,1.7,1.2627775819198728,1.001671104510419,1.2965745428708966,1.621807423147984,0.8623550905554328,0.9584626392005536,1.5125076306390128,1.4285761963562194,1.5364566717225383,True
P02185,L70V,0.1,1.2086997471718406,0.6926313691807388,0.9455363993438628,1.493406452773159,0.8623550905554328,0.6438837626475415,1.0278040191619653,1.3160474179777175,0.11137151977034171,True
P02185,L70A,1.2,2.057408231174666,1.5879838150354064,1.6887587095660332,1.46569936083791,1.2014524221761822,0.4267980934456474,0.723119494683206,1.080119789113557,0.7581038641312049,True
P02185,L136I,1.5,1.2358044012147933,1.4513612798872608,1.834973686492568,2.110685119205358,0.5869342221980756,1.6851578541082106,1.95469097636328,2.0922483672435748,0.974243108933493,True
P02185,L136M,0.8,0.4422206222454757,0.6078702068473817,0.7194799574267469,0.933699042212654,0.4906440542870025,0.7339369358873182,0.9896779838764438,0.7328748286001978,0.4573686755755141,True
P02185,L136V,2.2,1.62970700794739,1.709918541616394,2.2715302186362165,2.370747945166368,0.8623550905554328,1.5975546015214857,1.816198949794348,2.216929179776435,1.7535529241647583,True
P02185,L50I,0.8,1.3197479280543252,0.7604000038911494,1.4296497917132425,0.500771898340113,0.5869342221980756,0.3818337135693372,0.9485762470398204,0.7955796426817674,0.6609915732938642,True
P02185,P89A,-0.6,1.2903316457313303,0.879132849814682,0.4136977253999907,0.0532851429640856,0.8389758894075345,0.6783853757667057,0.7478309905783436,0.2150222164417729,-0.1441882025865966,True
P02185,H117A,-0.2,-0.1449870563060174,-0.2193162758373841,-0.2176929547626375,-0.5245013562167868,0.5585512997788673,-0.5695438638167081,-0.2556700101388549,-0.1866493900978651,-0.8198673955718434,True
P02185,T68A,0.3,0.1383672160210449,0.1740711197758186,-0.036476932989355,-0.3354852448296208,0.7142191955934971,0.0282862809001472,-0.1587234463442554,-0.2743028032508103,-0.47151803819240334,True
P02185,S118A,0.3,-0.2144700588931704,-0.0465057262109924,-0.098973046269284,-0.13350386298883,0.2432926602208638,-0.075168827329213,0.281738775821515,0.078961502608028,-0.4695286063286688,True
P02185,L10A,0.4,0.869828047112572,0.8400457998415602,0.8525138215050794,0.8717090431108441,1.2014524221761822,0.0250429365214994,0.4196316485436733,0.820019142392788,0.5667873538930995,True
P02185,T52A,1.4,1.511526226170091,1.0946620788883556,1.767994081382793,1.001475654492316,0.7142191955934971,0.2224578874800273,0.1953386284743745,0.4797273501572553,1.3182202764412372,True
P02185,L150A,1.6,1.0430357997533313,0.824147589687659,0.6799196294318461,0.858225302663951,1.2014524221761822,0.4474176524953296,1.013460924069304,1.2290111572225,0.9257840926983878,True
P0A7Y4,G77A,0.9,0.786252696604668,0.6919586056376719,0.3656623917697422,1.3807499902081397,0.916421473108372,0.6072810077488857,0.5422912732448248,0.7065818935806333,0.8256164817240397,False
P0A7Y4,Q76L,-0.24,-0.3594473380272053,-0.349529609425911,-0.4772404299291485,-0.3280799544440907,0.1276073001755215,-0.2546583794913947,-0.2827001767612898,-0.3676493894555408,-0.19388427509768424,False
P00720,N163D,0.21,0.1448468280984572,0.0473860241518701,0.1109122994882753,0.1932229834033012,0.3493393529451628,0.1119271119802073,0.2694604804212785,0.2593237697444714,0.04549307227270738,False
P00720,T157S,0.66,0.1741663922664491,0.2095525869620642,0.3864771058734382,0.36022122999713,0.3817050466382695,0.1615143035476847,0.1890272992647344,0.1191149587478238,0.5133314369949371,False
P00720,T157G,1.1,1.364246773784028,0.7954202653031879,1.2072041222430474,1.2381035499685775,1.0479198155054508,0.5262334636414893,0.4043444407290587,0.6648037571343426,1.0200063743652543,False
P00720,T157C,1.3,0.687089526061251,0.3790214198731715,0.7800279156248174,0.736852869926271,0.1793523589853868,0.3859393221711066,0.3526857581006265,0.4474332384750855,0.25873727465457297,False
P00720,T157H,2.1,1.306539790553304,0.9088090353264155,1.207042696996392,0.9252973952464542,0.6723495817940909,1.0678039257136231,0.6597207053917663,0.7028844199037592,0.752891789087544,False
P00720,I3W,2.8,1.2632635043528642,1.3166536204593078,1.1442450805561617,1.5907479074096245,0.9928536295692396,1.8669224779146247,1.936498032045438,1.4182382450978546,1.336534593392318,False
P00720,C54V,0.7,1.0011756845138633,0.911402952520955,1.2903183395777578,1.805226110551376,0.7132881222054334,0.7996033472963584,1.226166181695847,1.3096842706465044,0.25096119996732436,False
P00720,E11F,-1.7,-0.5158769040436735,-0.60432698432096,-0.7773595744565693,-0.6795930146384948,0.1067348298163372,-1.198021612127512,-0.4457326469933922,-0.6646399970683831,-1.4727709461037495,False
P00720,E11M,-1.6,0.8254305638551716,0.5161076496457675,0.9130570528053618,0.592616824612852,0.1268639536653517,0.6778296389524838,0.854745681231657,0.6867392729695894,-0.24105946306953874,False
P00720,E11A,-1.1,0.7887321554720825,0.7190778387295149,0.7938036802306818,0.8448727446431477,0.2608713460382981,0.894957585668451,0.9822600687136746,0.8535579009434274,-0.2217506906245441,False
P00720,G30A,-0.1,1.3315495043821506,0.985315858101774,1.114069549380868,1.1861709717265303,0.916421473108372,0.7294603078908605,1.1794802982243229,0.975422315039672,0.9604252144081384,False
P00720,G30F,1.5,2.0685830961042324,1.7911041872322606,2.272595053592018,2.01787188228423,0.8206863528027217,1.160493264697918,1.3294951312165533,1.718526298577451,0.4991196334221135,False
P00720,S117V,-2.0,0.057202980818238,-0.1455957620814987,-0.4097710171212694,-0.2375590618890918,0.5043566358493466,-0.1374481539379604,0.5511105440301572,0.059343018655045,-0.16592979775980088,False
P00720,N132M,-1.5,0.6870673137685086,0.464389780419669,0.7371737054310983,0.474518083857643,0.2739745439003018,0.2585672157656279,0.2360733066241563,0.3527207829938947,-0.07534180847672822,False
P00720,N132F,-1.3,1.0720130626453264,0.7714695886658498,0.8815161187323042,0.775922604861101,0.2912230471356515,0.4940495195405766,0.4436082749036324,0.5183466907924067,0.17004880497391456,False
P00720,N132I,-1.2,1.2712381597394171,0.9330374899533852,1.5186526672901717,1.088771971339505,0.4760652469749477,0.4395293967642836,0.4239162230296733,0.6469959654631585,0.104755374363389,False
P00720,V131L,-0.09,-0.0643553093835197,-0.0037807994621698,0.0880308968526434,-0.0830700443960039,0.5729438288087083,0.0089116885723824,0.1262168409980034,0.2959111812489645,0.17124284091331488,False
P00720,V131M,-0.12,0.0466661729513028,0.0318887943918449,0.0608209420961869,-0.0951000389779709,0.7465815673693317,-0.0317916140067291,0.1342025020215141,0.2966229753291278,0.1390231838423842,False
P00720,V131I,-0.16,-0.1539177298739061,-0.0689675663360939,-0.0976344574692032,0.0337541664511247,0.2068428039589834,-0.0147825971367627,0.0731391026717356,0.2864536299093249,0.025046045736330735,False
P00720,V131E,-0.2,0.0440260879277356,0.0127747812137299,-0.0147775950701036,-0.0331805456893958,1.3505937145637226,-0.1190729379293113,0.0464870803316831,0.2997680916124602,0.22967424004172737,False
P00720,V131S,0.05,0.3074862515999365,0.1860747866068144,0.1350959246251954,-0.0312759002972316,1.2885300480370143,-0.076585109237302,0.1396536829434465,0.2719596358659256,0.26363376817052225,False
P00720,V131D,-0.08,0.5475913178307164,0.2892543419090566,0.313349067987417,0.0562574651460659,1.8195683911293223,-0.0750498163933034,0.1265895956068293,0.3329073156710861,0.16561742310865057,False
P00720,V131G,0.68,0.7547726903940012,0.4737565543918002,0.5693513604021222,0.5392440756342701,1.8065612933128488,-0.028237124633787,0.274546713579429,0.3866853445767451,0.6386812110873343,False
P00698,F21Y,0.45,0.0728863999665891,-0.0326125869649707,-0.0769146292909505,0.8408766847158077,0.9440751122903096,-0.3298118186389826,0.2484010145764131,0.5793079598717252,-0.04624150586689546,False
P00698,H33L,-0.76,-0.547570461395647,-0.4906075378855218,-0.6137601677642304,-1.0481379574907757,0.4407238358931827,-1.5494426384760438,-1.0205304963011903,-0.9132015877647705,-0.9621712584902853,False
P00698,N37K,1.06,0.4815062593209329,0.5352451117121682,0.3214406512538809,0.6749352246052581,0.550376399620478,0.2963509541795539,0.3683859442526965,0.6320702370417901,0.3962723252979869,False
P00698,R39Q,0.15,0.5506185966891998,0.2946136320940881,0.2985079735404409,0.5364997743947543,0.4171261809856643,0.0196939452425808,-0.124793159507744,0.3910658229942874,0.22457484044212905,False
P00698,F52Y,-0.19,0.0447356754885881,-0.0004946624971034,-0.0084236468536133,0.4969535367672394,0.9440751122903096,-0.2156825690211745,0.061742370129476,-0.0257688513772005,0.10800187746780177,False
P00698,R86K,0.04,0.0633437850854057,0.1770629319365768,0.1028016944828822,0.0870350889681885,0.2357077728192357,0.0339892954782552,0.5408142873148754,0.114566804273902,0.2516721141903514,False
P00698,R91K,-0.23,-0.0883159037673852,-0.0260379500699605,-0.1372528869300351,0.0882388364006425,0.2357077728192357,-0.1008031917837948,0.2504070218029073,-0.0421923537991222,0.26006218778891965,False
P00698,N95H,0.38,-0.1001415303849736,-0.0830698724930548,-0.0667176905388996,0.1300085691852301,0.3787495950396641,-0.02311989101408,0.1850352339430855,0.2386145687838768,0.07385537735624703,False
P00698,G120V,0.04,0.308087329053586,0.2129137484914053,0.639258169010428,0.9284241601349162,1.2846427425672895,0.2712278212273025,0.3642100512184886,0.6142419281055409,0.2566406442439999,False
P00698,G120R,-0.38,0.612983152487548,0.3960658108671778,0.6599141420968033,0.7940442551910996,1.309423773031691,0.2921225880654,0.307528318779608,0.548334732666109,0.5593240919863276,False
P00698,R132H,-0.68,-0.0744705658620588,-0.0735258080429603,-0.0402958389193115,-0.0050164604464719,0.5250120527140189,-0.5922123033193668,-0.2666430389211059,-0.0887609854044213,-0.004172624772937006,False
P00698,Q139H,0.45,0.1347654732391572,0.1885438845618919,0.2895433167624013,-0.1012618796165422,0.302315223721279,0.2051331627774654,0.2399139566927461,0.2965098412979963,0.025096674301377075,False
P00698,A49V,-1.2,0.2815174690942522,0.2894245801334716,0.5442507031670892,0.7093171735339164,0.554681399987439,0.1916074968599173,0.8536756567511053,0.4468036419664253,-0.22229033814957844,False
P00698,A49I,-1.4,0.2682977953710756,0.4386419912710222,0.9984136184814464,1.1894735779314392,0.4266509499960544,0.9225267174458828,1.2581515496384883,0.9863769820253964,-0.20494457554151357,False
P00698,A49L,-1.8,-0.3927616611983572,-0.2684231733753932,-0.1237547872636945,0.3863509438789302,0.5600622370961714,-0.1150854165189914,0.6561781105687166,0.1067905024682801,-0.42032221268454506,False
P00698,D119S,-0.87,-0.2419787563405025,-0.1855746241494998,-0.300471134423284,-0.3018780512541372,0.1591144950960311,-0.2877294486413612,-0.2084008521144639,-0.0387808921738987,-0.013578100468122023,False
P00698,D119A,-0.76,-0.2151653040998413,-0.1681456943909096,-0.229907562170497,-0.3311512419828466,0.3830785361353898,-0.3430051599107111,-0.2743781643909383,-0.1333756182197239,-0.04716431940408383,False
P00698,D119F,-0.72,-0.5239135941326512,-0.402543403951311,-0.4486359814675623,-0.2473568457362884,0.4552893063785235,-0.0905869233868093,-0.1023796129509602,0.0174622951916446,0.24977282929552042,False
P00698,D119R,-0.27,-0.1818531844692581,0.0947697089884124,-0.0938744430491745,0.032068002121738,0.6143288605046765,0.2772250450362375,0.172509831461337,0.1501399178492253,0.5843052367635837,False
P00698,D119K,-0.19,0.2501021572974825,0.5426546887997915,0.1288709345144959,0.0722817144019491,0.3896902063067877,0.4891357727163477,0.4549517679957652,0.2844153090995385,0.6494943929250747,False
P00698,D119N,-0.04,0.0002705679385194,0.033852185045729,-0.0832682082519761,-0.1552664824953025,0.339742220712424,0.0325813510840026,0.0125956911154658,0.1509800105793693,0.18503801946414078,False
P00698,D119Q,0.08,-0.2100754835921305,-0.1283608222875128,-0.3101604709788444,-0.1540569651702437,0.3118973296536219,-0.0224705627521897,-0.0584534381963358,0.0499106434188575,0.3556606960267141,False
P00698,S109T,-0.99,0.5328790208954333,0.138321241755335,0.3488308722104098,0.4671427662945255,0.1863785943013882,0.0094369281724256,0.3155382786154755,0.2427421486564881,-0.47147626380773877,False
P00698,S109V,0.08,0.8007919169556714,0.5573610301515257,0.6637105726274319,0.7724914981065907,0.5043566358493466,0.3981179000221752,0.6334109363542708,0.7079122053298329,-0.7499994618804786,False
P00698,S109A,0.15,0.022051524888402,0.1119000928670992,0.1537944457363739,0.87470259500009,0.2432926602208638,0.3828879322597633,0.6396924481080843,0.6301936387745719,-0.28878647469959595,False
P00698,T58S,0.27,0.6945019820336333,0.5345027857837715,0.6508958873378028,1.7606553743418951,0.3817050466382695,0.3304143664706164,0.6287821695332333,1.2877581214327736,0.504356104278524,False
P00698,I73L,0.45,-0.0003438950509122,0.0280654799475922,0.0698751704980983,1.4450283990851172,0.3561546230629321,0.8367071291792998,1.4688602309067136,1.4405718617216554,0.7588730836815799,False
P00698,T58I,2.2,1.6377828898859867,1.4839132597242268,1.6863427105851632,2.5362238417579386,0.3001295053725096,1.820688912341986,1.4206530207663772,2.687968553858577,0.1592120170519234,False
P00698,I73M,2.27,0.9300755035368312,0.638132177545826,0.9919664449766876,2.029760791909727,0.7620248195826685,1.4012019490577807,1.7611142014352013,1.9965480346147493,1.1135456423146433,False
P00698,S109D,2.31,0.5722100666869048,0.6272216203252958,0.4010877634050594,0.775897051127773,0.4420602824887117,0.4161858654507803,0.8846385216368404,0.7275698788019788,0.6876318988011891,False
P00698,I73F,2.46,0.2061906091130785,0.5017804828847542,0.7055625116844145,2.1986612649469794,0.9455214670764804,1.1247856144212478,1.7177546627003335,1.8877303871144544,1.0592015250914433,False
P00698,S109Y,3.07,1.6247410188108524,1.896304207370932,2.202775412233179,1.906274327363613,0.5865163520787615,2.299399628265251,2.1527483604721973,2.036537295974703,0.8313793282224224,False
P61823,P119A,2.7,0.5914231104587404,0.826949186243694,0.95157556130489,0.8822576004508014,0.8389758894075345,0.2964661377291588,0.2747565781349325,0.5315699002748712,1.654972411880249,True
P61823,P119S,2.1,1.245127458990703,1.235374635974961,1.3072396548619971,0.9527188036318536,0.7389245096248371,0.3680126100089835,0.3964758589405439,0.6731273054137012,1.7595331896975919,True
P61823,P140A,3.2,0.6455484499087742,0.7930374762519766,0.5906352037855973,0.5356776409085479,0.8389758894075345,0.6790859739617644,0.7175777000404778,0.5292518486492178,1.074045722149572,True
P00974,R36A,0.5,0.7907845648186982,0.7687265523795773,0.7207803245564387,0.7271382119991954,0.4842385177740145,0.6868509067732853,1.2829470500353437,1.1555301710008314,0.527169079070135,False
P00974,P37A,1.3,1.5402600132627255,1.184778384878857,1.2346263102835162,1.0606026264207558,0.8389758894075345,1.217937701875472,1.165921974272543,1.113193796837641,0.5642851366056795,False
P00974,D38A,-0.2,0.1562625921761729,0.0797961721975334,0.0491736752652798,-0.0986184171758076,0.3830785361353898,0.0613258230855393,0.525360301355457,-0.0799440717802268,-0.19811942439210406,False
P00974,F39A,3.0,2.0958566468336963,1.8671020086284984,1.9930688025499657,1.327247031060227,1.5289742388162222,1.506593058144593,1.525722430884754,1.2204233733841567,1.9028006580007286,False
P00974,L41A,0.6,0.3934029240738739,0.4352878694602802,0.6472609840632588,0.632087560062218,1.2014524221761822,0.6210296914500737,0.9680981594158496,0.9091513951337004,0.43064456860857336,False
P00974,E42A,1.5,0.3298899714166444,0.2721391649050726,0.3224597606778304,0.2825822233946239,0.2608713460382981,0.6948503093715233,0.8844240471821511,0.3730977821546917,0.5972893987331531,False
P00974,P43A,0.3,0.5828033429551078,0.5380247597731862,0.7586251907093688,0.0776744191534924,0.8389758894075345,0.651711346900462,0.8318450463980419,0.3779017855044958,0.08146404338394408,False
P00974,P44A,0.8,0.7069208694576918,0.5320049880261747,0.8156487035591565,0.7975459637664133,0.8389758894075345,0.3223017102194181,0.7654439730372413,0.9118181236253284,1.0048760842157867,False
P00974,Y45A,1.2,1.692752365385968,1.4386328346468669,1.1252892607848648,1.5477591893874445,1.7437349920018923,1.5890384823297712,1.6831704146566913,1.2540755619893935,1.6819025855879546,False
P00974,G47A,1.8,1.9233400989040128,1.445729300844243,1.983491564264532,2.1419552454358515,0.916421473108372,1.5506539236477723,1.680000427389178,1.6446660875952612,1.5701770247522886,False
P00974,K50A,0.4,0.0880424006881755,-0.0183719587659001,0.2997455338342619,0.2068544421058042,0.3055327627161711,-0.0961328095110373,0.3079907383981413,0.524044425705518,0.1607005455034094,False
P00974,R52A,0.3,0.4136788219257682,0.2679305516519442,0.326794993293544,0.1637205913147438,0.4842385177740145,0.0218161831952013,0.3448712919669843,0.4603395801367919,0.16396853469491696,False
P00974,I53A,1.5,1.6682039812508802,1.434251690045912,1.8275888674159009,1.456637062313495,1.1841563309167786,1.0348224697588768,1.0099897178262691,1.7490059494541512,1.2905947614151676,False
P00974,I54A,2.1,1.0132905858658428,1.1096467971367503,1.2784693518945314,1.1263311239783895,1.1841563309167786,0.9535646796937792,1.1407011179723292,1.3009142706784462,0.6745317024876403,False
P00974,R55A,1.8,1.1987162107884148,1.1008202734261103,1.5834621353723195,2.0019713549337568,0.4842385177740145,0.865211137658419,1.1408966898983322,1.608826317794647,1.387266960826305,False
P00974,N59A,2.2,1.2593844274177757,0.8593023679836795,1.3267628725541951,1.5356050638491994,0.4555207489795747,0.9197826525804884,0.965339560336338,1.4617264729898949,1.3760834673644924,False
P00974,G63A,1.0,1.1455213738842216,0.7156181173097442,0.8089420155685001,0.695404944446482,0.916421473108372,0.6537492993671185,0.7178261164152555,0.8132016117521493,1.0193693025493327,False
P00974,Q66A,1.0,0.8862567854087697,0.6747886783394217,1.0598559271349326,1.1737944214221658,0.3064432922577295,0.9260412084955488,1.0076279225288984,1.1946534279863577,0.5968108524553546,False
P00974,T67A,0.1,0.1847777869859715,0.2476641655673142,0.3658194917641186,0.712752372211168,0.7142191955934971,-0.1267026589625842,0.5551391165107561,0.6168969001449515,0.380272890872695,False
P00974,V69A,1.2,1.0073723139264046,0.9515039568676475,1.1969145422123162,0.8183386883536004,1.0343518725154948,0.3966221469470996,0.795213857347465,1.1333471800271682,0.943010315630374,False
P00974,G71A,2.1,1.625322693325573,0.8394836329967756,1.2256389327820902,1.7566581848617364,0.916421473108372,0.6494057147938934,1.21679263906672,1.4012031507211904,0.7938981111577093,False
P00974,K76A,0.4,0.9035887077168652,0.6724865804918648,0.9287669153493482,1.0108117332931954,0.3055327627161711,0.9875567174349912,0.9176131564148464,0.7998146978045465,0.7591132313868656,False
P00974,R77A,0.5,0.0177071433197649,0.0699431211627369,0.1636881912340654,0.3790907393492418,0.4842385177740145,0.3280717332129043,0.6162142552917675,0.253560379101173,0.6310298286874254,False
P00974,N79A,3.3,0.8849827634438071,0.8552594345171318,1.124163604830796,1.6162575148752,0.4555207489795747,1.013666198473906,1.6879753066223564,1.7403630373605776,1.7958743903530152,False
P00974,K81A,-0.1,0.1532855536850671,-0.0031059959874438,0.3572402202056249,0.316673067660389,0.3055327627161711,0.2246328268002685,0.5655907393703369,0.3803561553114672,-0.08150704255807184,False
P00974,S82A,1.6,0.5573919719459045,0.6034361012143045,0.7805705824745461,0.8706212411798416,0.2432926602208638,0.7713749496714194,0.8174842969278368,0.8757526918018389,1.253343038133338,False
P00974,E84A,0.2,-0.0306971426534439,-0.0166823644394406,0.03726950569779,0.0169673227499812,0.2608713460382981,0.3210984270708075,0.439425006403657,-0.0691002184349154,-0.13050301058484037,False
P00974,D85A,0.4,-0.0818274841050214,-0.0002264465233626,0.1723696802205874,0.4732385154772031,0.3830785361353898,0.317757364926951,0.3596341135252401,0.5406265697848164,0.18923935164884848,False
P00974,M87A,1.7,1.1841104123808386,1.141168408282337,1.1565711318914111,1.1265098626967531,1.2557927654126757,0.8517255420072862,1.4203111836371216,0.9699799728902526,0.7905914156869315,False
P00974,R88A,0.1,0.2318104731395305,0.2215179923064246,0.3696136600300735,0.6636022372897903,0.4842385177740145,0.4551022466106973,0.7818379746575801,0.5919011200147579,-0.09787959726105966,False
P00974,T89A,0.1,0.3228238125295876,0.5373179205415757,0.5147075716826863,0.9908791098933348,0.7142191955934971,0.5629342338395281,0.9510725421543246,1.0099327391437305,0.5388352008585626,False
P00974,G91A,0.2,0.6716686147105138,0.3217176712422179,0.4537237383949994,0.9910369716594908,0.916421473108372,0.5836372232184275,0.9806639345621304,0.8903619806015739,0.6269442396302819,False
P00974,G92A,0.2,0.8206908966573817,0.3421929159437948,0.5125892055813043,0.5800480232270304,0.916421473108372,0.2882302272441209,0.376993037637216,0.3766557513491791,0.6371592480905656,False
P00044,C108S,-2.8,1.2122836503591627,0.7862072980101015,1.2356057652935035,0.6590403179598237,0.7017005580061673,0.5292657478623701,0.6311110573896984,0.7364079497929434,0.2899828873596498,True
P00044,C108A,-2.9,0.4746435234229581,0.5187382017139562,0.7461850768972612,0.3582597665329043,0.7153209983560026,0.3418591823471516,0.3952284180289949,0.3410085150648351,0.4679459960730312,True
P61823,Y123A,12.0,3.037650666191259,2.7819888777935136,3.186558135809575,3.143043609168558,1.7437349920018923,2.430372944080497,2.5051930799269533,2.577398300617556,3.6374999005775317,True
P61823,Y123G,11.7,3.3771710076301966,3.0871105792691504,3.680025321824121,3.823639073928333,1.6084509752438536,2.867318764416733,3.1611806122557367,3.244613510009742,4.076795363596801,True
P61626,Y56F,0.19,0.1840698290624505,0.0683987368499411,0.2372802863339093,1.6847163910091651,0.4611349587492128,0.4309456217534917,0.51676438385153,0.843132763610592,0.5204945644919521,False
P61626,Y81F,0.24,-0.1083675713436373,-0.0427062690858599,-0.0816695876705861,-0.2429846790092863,0.4611349587492128,0.2252750264586607,0.0914488399600928,-0.0220461435115999,0.6314356124811111,False
P0A3H0,A27S,1.19,0.3543669944436953,0.1917398242074609,0.2431636732329019,0.169279884020397,0.5320077206749324,-0.0857671863484492,0.1070246606158648,0.0089531388030025,0.4275108388564497,True
P0A3H0,S31T,-0.41,0.2862866561068197,0.0852099071826636,0.2269387864524552,0.3702297907877886,0.1863785943013882,0.2063799608423377,0.4058810517050004,0.271301127064447,-0.44248238105278515,True
P0A3H0,V42I,0.82,0.8610453781700723,0.6256390106057635,0.7727625545164079,0.9228240224109024,0.2068428039589834,0.6939831564046649,0.9282629720078128,1.0263504784563926,0.7935597818868239,True
P0A3H0,A56S,0.13,0.0285463269875792,0.0237436869573888,0.1264804751438263,0.4990012291732155,0.5320077206749324,-0.0292674382202044,-0.126140306837596,0.0106177349931331,0.20104411726203114,True
P00720,H31N,4.0,1.61090030166261,1.3443133427925755,1.720859445116795,2.550490049885416,0.307313882273309,1.255881542653961,1.4728756876793063,1.644640328214558,1.765598661111252,False
P00720,N68A,0.05,-0.0565157163227877,-0.0912141149305681,0.0488977865273166,-0.2307207105638427,0.4555207489795747,-0.2752892277045359,0.0646635745493693,-0.0736561751464917,-0.609345858130627,False
P00648,G100A,3.4,1.8573023822811776,1.6736503270703131,1.8007074384881383,2.2447683159000134,0.916421473108372,1.85058750502565,2.367717023453229,2.135741616118868,1.8431370050442197,False
P00648,G99A,5.3,1.927680874385032,1.90892409491334,1.6825028025313835,3.242300079840496,0.916421473108372,2.139087768340989,2.362655389020491,2.8751444956777683,1.508249835872923,False
P00648,G100V,7.8,2.662910593325488,2.43360568468218,2.76132674566869,2.7619734467006096,1.2846427425672895,2.212959526071604,2.670809179121479,2.7160254268912523,2.128757040935132,False
P00648,G99V,8.4,2.3781059149206274,2.103910776604312,2.8502541275167887,3.1213092834246594,1.2846427425672895,2.032442204558349,2.2769887027451388,2.6170078739989733,1.5104840756413664,False
P00099,F29A,-1.1,1.342537488983114,1.139539937827434,0.9435232656738196,0.7099945163163317,1.5289742388162222,0.2930207054732844,1.095291324142642,1.0169364202645246,0.7343903578782507,True
P00099,V35M,-0.4,-0.0486666318201516,-0.0246760924247924,0.0951961522269317,0.273949698905107,0.7465815673693317,0.1292798334009279,0.1191805674179328,0.3467232873108347,-0.28430656739894233,True
P00099,Q59R,-0.5,0.3399326903854261,0.0969551624042008,0.4457198461817873,0.1137726036623468,0.1616001483508273,-0.1691885390281809,0.2229125699264647,0.1508264901567011,-0.023793612347578152,True
P0ABQ4,P21L,0.1,-0.1855608707424074,-0.0828506508565819,-0.1644214280731571,0.1742499386829794,0.4411703155949139,-0.0276930924235826,0.0529139112541416,0.1526479651232682,0.044534754599572124,True
P00257,D134E,-0.45,0.1298187230813737,0.0005241556476678,-0.0875578926974853,-0.0467109181543425,0.5547454434476486,0.0726976785883634,0.4390009747497393,0.2868771691939958,-0.012867758401847285,True
P61626,V92G,0.22,1.4053548993981138,1.0939826356514186,1.5033001493344649,1.299457109075218,1.8065612933128488,0.6366075106057589,0.7850165280104066,0.9955909453250822,0.7428945334881164,False
P61626,V128L,-0.07,0.1707800002930675,0.1927058204129286,0.2590401206968742,0.1817049529978109,0.5729438288087083,0.2320533528220303,-0.0554844378091282,0.2298195408369664,0.17000491511258697,False
P00698,M30F,-0.28,0.1030524876685927,-0.2605729687522181,-0.232941205835052,0.5382248254463422,0.5018604314511835,-0.9325613724273344,0.2546265358779215,0.0716315812815223,-0.36317598503866766,False
P61626,A114S,1.0,1.4143226564673417,1.1803279475989066,1.5415541832916009,2.153727671726053,0.5320077206749324,1.1969574947022854,1.4172959470160238,1.876985118665812,1.4853642564586145,False
P03706,H31D,1.6,0.7190208982519356,0.7129898620041984,0.4563447277077787,0.2629452835883283,0.6481808959164769,0.1895665065053182,0.5234460076744581,0.2905116681898332,0.44179110882635086,True
P03706,H48N,5.0,2.128877627052366,1.9408884842431653,2.1694327898317938,2.770170772495668,0.307313882273309,1.9123410264936007,2.316280818157166,2.4948033239795,1.2974882299781614,True
P61024,I6V,0.56,0.7135290504635522,0.664805981018806,0.822852989150934,1.0133277547570894,0.4763940359887177,0.8037856470527501,1.0792263740845915,0.9081579092169532,0.5692910310689877,True
P61024,V32A,1.13,1.5780403828929082,1.6159085464325271,1.70083134147433,1.545854639784089,1.0343518725154948,1.4238263350942355,1.7019033082644195,1.965647940568136,1.1440229245076619,True
P61024,P62A,-1.4,-0.252935614774768,-0.3960468876446019,-0.3488000774868259,-0.1933633924195955,0.8389758894075345,-0.2964609070902167,-0.2296408370456228,-0.0814492389945984,-0.25726584104231087,True
P61024,P64A,0.42,0.4737966996942025,0.4775112298347828,0.3934598313358944,0.3978954659664585,0.8389758894075345,0.518171252269718,0.4890610003328244,0.5183429508776461,0.9578117763418961,True
P61024,L67A,2.03,2.688509429955729,2.5604437591791376,2.3775466124722064,2.523573575742938,1.2014524221761822,2.267130504267832,2.3649266502491155,2.3795539737464937,2.5996209162583215,True
P61024,R70A,2.8,1.4572836108854657,1.1108139756514015,1.5281789103482353,1.722331854910056,0.4842385177740145,1.1895033843314269,1.3640547097566569,1.5372589282853524,1.2685753897061394,True
P62942,W60F,2.72,-0.1262073688450876,-0.3243926087544538,-0.0297887706304652,0.9997027917148362,1.2050690927023977,-0.7629327167770488,0.3533141175440025,0.5982656429571802,0.17187701038405945,True
P62942,W60L,2.35,0.8637864614229945,0.4724485737775515,0.9935656352369016,1.9298058423504991,1.2170640084814448,0.7703008627579436,1.4828473415665275,1.2533399852208122,0.6022001767894561,True
P42771,W15D,-0.17,0.7356591900634598,0.6852550616701348,0.5633923504991312,0.3137030261639729,2.9545399647009623,0.1573345810974409,0.5903340192543662,0.2985458937023359,0.2447746213143478,False
P00099,W78F,1.9,0.5351275042618111,0.2258527465962466,0.3354386943486392,-0.0226809274187373,1.2050690927023977,0.1741166716170511,0.3075230475597889,0.4538968465104515,1.15901811385241,True
P00099,W99F,1.2,0.57412310795252,0.5125098813039508,0.7767800018740132,0.9629328651079174,1.2050690927023977,0.465938037403519,0.9035097256895892,0.9020922079808458,0.6837618873737492,True
P61823,F72A,6.36,3.006004445597596,2.633844780932757,2.8407920007085403,2.9855002382201663,1.5289742388162222,2.3762519717158552,2.963856375285318,2.980616241777488,2.939768878891723,True
P02625,H27P,-1.25,1.2896434598453577,0.8850774710111053,1.178386107556849,1.1816467132472668,1.2671535771782856,1.0839973688693525,1.2900172557583238,1.264780909719076,0.5219287288903203,True
P02625,K81S,0.29,0.3788269946735417,0.1650122288569347,0.2031181432708219,0.1489808431048235,0.490164176712711,0.0848453528749542,0.1658733147467486,-0.0114281207323643,0.5625383700139923,True
P0A7Y4,I53V,0.2,0.7535721967783328,0.5986301142375334,1.2654535117297914,1.4710890066648656,0.4763940359887177,0.7456986241356324,0.9360048441085428,1.6183939532185645,1.0937492800547268,False
P00648,Y60G,6.4,2.6728835006302183,2.4062151800909284,2.6336260449601787,2.9594295024713984,1.6084509752438536,1.7970362659461716,2.311767460605127,2.6149036847560527,2.467942608341464,False
P00648,Q62G,1.6,0.6113981997173525,0.3959225033056294,0.6768057547579989,0.5287953164194842,1.049600017225793,0.2334819640371861,0.4775020627827164,0.3376546755622627,0.48545010731975724,False
P00648,Q62A,0.2,-0.0037502287007583,0.0808348457757573,0.1207190262656623,-0.0448284560315574,0.3064432922577295,-0.012436426709068,0.234617003934504,0.0864623270546388,-0.10778865366805035,False
P00648,I102G,3.1,0.8963677101060084,0.882082686475027,0.9561197032141596,0.6854871039726925,1.9335670928902624,0.5541230329424046,1.036360718467037,0.6721839433966653,0.9085303760898565,False
P00648,R119G,2.5,2.2361475101691584,1.6490169967984052,2.371322514333288,2.5567720067370074,1.0033475316963538,0.3880810525488579,1.2908220459919568,1.6662223408075896,2.0609004456883215,False
P00648,E120G,5.4,1.3583608307952588,1.1778174668660928,1.4457579895669224,1.786812061122537,0.6400959207537913,0.7367971604442378,1.8550122765650097,1.495557362748849,1.8286087136599845,False
P00648,I135G,7.4,3.018501747872512,2.586910632651241,2.880965983777549,3.4153995572997813,1.9335670928902624,1.4714435063380384,2.2908911669696232,2.7293756151634474,3.4056674843573824,False
P00648,L136G,7.0,3.243400554877031,2.9652615683275467,3.4902202415466093,3.376027501243219,1.841681641259816,1.4523957484335814,2.387369532911004,2.565147643143105,3.530825348421518,False
P00648,L142G,4.7,2.0458735794621967,1.611832456896602,2.208426596253969,1.826678660469917,1.841681641259816,0.2935339924124089,0.7786233859898666,1.0510573932676992,1.8655362130315574,False
P00648,I143G,5.7,3.061648126221644,2.6400678842285914,3.076160646265276,3.210294155970624,1.9335670928902624,1.6879711502200851,2.32723298640247,2.2495758969442887,3.9490352567330556,False
P00648,Y144G,6.6,3.4111903202409115,2.9713775116604446,3.707352384013311,3.855739408039097,1.6084509752438536,1.5330371965380418,2.034341242126829,2.69448635992315,3.326502581328877,False
P00648,T147G,2.8,1.078924232773526,0.8700304764291096,1.212804655958284,1.378970990986333,1.0479198155054508,0.6830862227269823,0.9560144488303456,0.9293666127845406,0.8507908812933407,False
P13479,V71I,-0.07,0.5252228405430045,0.2605857889047615,0.4636407713382677,0.0594950781373041,0.2068428039589834,0.3635676144282834,0.4432619635601968,0.0910150681009496,0.3207331177051329,True
P13479,A25G,0.14,0.5320599174338712,0.1766211366618589,0.4188164280205567,0.1460404840979708,1.0167834293510365,-0.0814987900734513,0.1508822571128121,0.1231431584623608,0.0674394356603964,True
P13479,V34L,-0.33,0.1451302543482595,0.0457601681426947,0.0385212639103842,-0.206563051313408,0.5729438288087083,0.0319712153984912,-0.0032104927063245,-0.0593427832199445,-0.3891156100108477,True
P03050,V22A,3.02,0.9679868481534748,1.032368128559991,1.1057911429672616,1.1823841772267056,1.0343518725154948,1.1183887414478093,1.2368991942254035,1.2559521865493095,1.0952439352812968,True
P03050,I37V,1.37,0.3738214621359824,0.2523707159342865,0.2618392311133791,0.6898544242417999,0.4763940359887177,0.2559912269986931,0.7540411851857698,0.4796866537180334,0.5954260867331721,True
P03050,V41A,3.71,0.7089829738326904,0.5677678976087301,0.6152921646123705,0.4172400131688075,1.0343518725154948,0.6097193687549988,0.8195160157049564,0.4518589679134552,0.40884013873674524,True
P03050,F45A,2.7,0.6822079036271355,0.8533522915277544,0.620298544829553,0.6226964864950538,1.5289742388162222,1.3766564627535804,1.072313648054957,0.8220995219512337,0.47945586482965574,True
P00720,S38A,0.77,0.5578350256112204,0.4155757337943629,0.8540340217023978,0.8764249195256552,0.2432926602208638,0.1262612058636411,0.1679685869389374,0.3524700090379561,0.739118684591807,False
P0A6F9,I3C,0.4,0.5277725785606918,0.5684817101935419,0.6887898299868825,0.6085841205498038,1.0564717611088943,0.4355014549335925,1.0657045599276576,0.9216584770377338,0.18066098151285925,True
P0ABQ4,N59P,1.34,2.3987119759590145,2.269695681965184,2.7424239911759094,3.030546006216374,1.517235966772424,2.614100225106773,2.446202728849101,2.616411670690259,1.3275241529008954,True
P0ABQ4,S148P,0.26,1.0789728100005824,0.7566295195053057,0.8550453527085887,0.5130434304995423,0.9919249525564166,0.3867441777008188,0.5230462815762998,0.6916199525999293,0.40793465368058557,True
P02417,M1G,2.36,1.4717478746171997,1.2250524094463706,2.2428819875232406,2.756596137331851,1.5021335199041017,0.5761261786509124,1.364669503566902,1.1451590520670227,0.9331475394689643,False
P02417,M1A,1.46,1.022933446412468,1.0413343002497293,1.4954735237077337,1.7402951375886584,1.2557927654126757,0.3914378981719853,1.160327118523928,0.7423559837076095,0.761366918809751,False
P02417,V3I,0.31,1.0851576429914558,0.4297640558576826,0.8451931802042001,0.811356701162666,0.2068428039589834,-0.030043044656879,1.0837413730069303,1.1867579589172097,0.7510309049907622,False
P02417,V3L,2.21,2.074549777986252,1.26669561113365,2.053734387286068,1.915113658156533,0.5729438288087083,0.6517562808781484,1.5917208533962457,1.8503721800558464,1.4944581112777846,False
P02417,V3A,2.55,1.4637199363787423,1.2785097430500905,1.660393608379272,1.4738713452416168,1.0343518725154948,0.2930328188119408,1.2990705694304197,1.5324755477044782,1.8424128446874337,False
P02417,I4V,0.59,0.9170106551536366,0.7159344107543708,1.226029903658158,0.9858382771359268,0.4763940359887177,0.2934923410258221,1.619807441944526,1.4111411710497066,1.4791110660497009,False
P02417,I4A,2.22,1.7525867400004504,1.4946259407252065,1.919107722175976,1.823334315998522,1.1841563309167786,0.6751555612571174,1.8032557937648868,1.7470680889479169,2.2004280885118623,False
P02417,L6I,0.13,0.5838773490398147,0.2508194583249173,0.6514531822274104,1.139828369828779,0.5869342221980756,-0.0118405840053815,0.913458984065667,0.7987124514024911,0.6795707568883815,False
P02417,L6V,0.41,0.5759925110922547,0.333021026956219,0.5791984371662119,0.9772766266641106,0.8623550905554328,-0.0812908936542684,0.9530049528949728,0.7923531809297819,0.43139458673440334,False
P02417,L6A,3.1,1.7823899530994751,1.158125202763295,1.8114847791669424,1.892602005059786,1.2014524221761822,0.4585537162746557,1.2372970971530557,1.3057392886603942,0.9008039430611029,False
P02417,V21I,0.4,0.5548500309356319,0.4280394900404765,0.906450634241504,1.3695197812813111,0.2068428039589834,0.1408202273528234,1.2073939290764264,1.3836155950806903,1.081801435835378,False
P02417,V21L,1.23,1.1214373550429877,0.794303160914426,1.313449318490356,1.729609994859936,0.5729438288087083,0.4002499816992196,1.3562361880883038,1.5046070382750714,1.4778047491026278,False
P02417,V21A,2.33,1.251990042619182,1.032986212650083,1.655573162961354,1.7335894721796683,1.0343518725154948,0.444250956734365,1.4685267282200345,1.5352244467443878,1.6402045933660776,False
P02417,L30V,3.62,1.9452341206575527,1.3146737105850437,2.3335522222126888,2.048923927150164,0.8623550905554328,0.7100120931319044,1.6470746231548332,1.865343368306936,1.4984389448332935,False
P02417,L30A,2.76,2.5236170157849447,1.9922261209623529,2.7150225313619734,1.7789344964724172,1.2014524221761822,0.5264165380595092,1.4986000745815908,1.5178156318110376,1.7148036365706407,False
P00171,S76L,-0.8,-0.6853710291099595,-0.8154788446549539,-0.7061294845211389,-0.2595587324309634,0.3309719031483139,-2.0524819532692384,-0.4052872446756241,-0.2918781687919368,-0.11730804874461842,True
P00282,V51A,1.67,1.9346619498239133,1.7941279686331364,2.0896775473650244,2.2592571927495784,1.0343518725154948,1.219019376606546,1.630942991347704,1.548694046573983,1.4753853204679936,True
P00282,L53A,1.67,2.419372034253993,2.373635619225864,2.446755563159865,2.819458673801331,1.2014524221761822,1.879918341249765,2.159907791661748,2.4274028623747315,2.4731159189998917,True
P00282,L70A,1.79,2.414017658302654,2.455654189579992,2.427566884890436,2.885716342448575,1.2014524221761822,1.8628318427586943,2.418541236890906,2.424997211737493,1.822932537288158,True
P00282,V80G,3.11,1.8358472119415628,1.6930296185400302,1.8236290873582248,2.478317097401088,1.8065612933128488,1.2983339143477513,1.9389986189809816,1.815666568342588,2.9707594260775303,True
P00282,V115A,0.96,1.0795532815646298,1.2172558389441392,1.0974473908104072,1.6183054499992504,1.0343518725154948,1.0469789398211926,1.1604033046368425,1.5020384728581817,1.165436241670228,True
P00282,F117A,2.63,3.6501514179843952,3.0165101264579155,3.319657685171042,2.406394674768006,1.5289742388162222,2.0247451935062086,2.4903878220808675,2.560031082514985,2.911318395028682,True
P00282,Y128A,3.59,3.03001630307088,2.3833437217600326,2.859969872743722,3.004858818757028,1.7437349920018923,1.8235505194256576,1.6451011842894083,2.2886886154659494,2.938694295000654,True
P00282,F130A,5.02,2.930154540147366,2.597350279556333,2.8817719498246364,3.071926550150061,1.5289742388162222,2.5845012998971137,2.910213283456242,3.069133692082797,2.7805792461381498,True
P00282,M141A,2.87,2.540165479994584,2.1009573084509823,2.357121351018743,2.571666114154103,1.2557927654126757,1.348458144991334,1.6317597685921676,2.026935038090622,0.7379331720443183,True
P02417,K7M,-0.35,0.3884118833812527,0.2035592706842515,0.3921982064332276,0.1765614488640528,0.1459241269594061,-0.1439635807081149,0.3300983343762253,0.3978804289939054,0.43195484310357624,False
P02417,K10M,-0.05,-0.0384336887559887,-0.0931140250491696,0.0267144009480208,0.0797499563152776,0.1459241269594061,-0.1530372058538561,-0.0623517251194156,0.0036806779111369,0.4208378576349596,False
P02417,K14M,-0.01,0.3700904522831001,0.2296779559712044,0.3663507137094333,0.1820040441618177,0.1459241269594061,-0.1132573806129392,0.2440945097361079,0.0913438997339759,0.28074710971079736,False
P02417,K15M,0.31,0.3105321530420981,0.1028603677272238,0.2538120580196759,0.5494792672773047,0.1459241269594061,-0.2607256636319482,0.2688113561155033,0.1917028004902975,0.1926619825244345,False
P02417,D8N,0.3,0.2822349481045967,0.0977416270555941,0.3387890871340525,0.2186221164089824,0.339742220712424,-0.0158393770167806,0.459013271568386,0.3769730782650112,0.47268817844831246,False
P02417,E17Q,0.21,0.2329636796046936,0.1400588036328906,0.1880180054847822,0.4535039411861239,0.1605155413051134,-0.0074684576572797,0.7589542628019462,0.5406577710259055,0.854287963203811,False
P02417,E38Q,0.56,0.2524704440384976,0.1704675454087243,0.2324262141390683,0.1503328652475585,0.1605155413051134,-0.173444541936864,0.3944075896568946,0.6019716215208407,0.44492457456058554,False
P02417,E48Q,-0.03,0.1919706294296081,0.0992669372068173,0.0959289246022935,-0.0601417775674141,0.1605155413051134,-0.2126404628808225,0.2348285525559719,-0.0875553353425453,0.3478227323264057,False
P02417,E54Q,-0.33,0.2253988073953661,0.0643940251623045,0.1730137473313807,-0.1426392235167873,0.1605155413051134,-0.0479490377562733,0.7403086514123032,0.009175689750877,0.17343973318289385,False
P02417,F5V,3.99,1.8241838142139863,1.2310222219487827,1.5867474922375266,1.4071666530649931,1.1892211841967797,0.555658430950541,1.7965870464454248,1.302962167815181,1.8506950689913095,False
P00720,L66M,1.0,0.8285294899690477,0.5168163247500532,0.7806234836913754,0.9992488931003516,0.4906440542870025,0.1839674019088559,0.8000674044586182,0.7189781450691664,0.7034088855543134,False
P61823,V73G,7.34,2.90764762227507,3.018528056541649,3.188341529688663,3.660014984743589,1.8065612933128488,2.53897368667155,2.9884020418046915,2.988117356437166,3.8640662898667495,True
P61823,I133V,0.08,0.2892870007979941,0.2490640716322853,0.2769901792493894,0.8984696741657452,0.4763940359887177,0.2988210478723446,0.5588161402623736,0.7215129164953977,1.0837007019199396,True
P61823,I133A,2.84,2.039664064904054,1.834907327278928,2.413469324890546,2.807804920188795,1.1841563309167786,1.544552343252755,1.514984619233596,2.04534300557616,2.613163290216247,True
P61823,V134G,7.28,3.286492626354371,2.9995480548087103,3.2451103056950195,3.641143362296447,1.8065612933128488,2.267551304480256,2.8455551935985435,2.990595370329094,4.0218446070576235,True
P61823,I133L,2.19,1.12755365984052,1.0919665158474632,1.6718219369794407,2.31422114259654,0.3561546230629321,1.1816753672309814,1.1823743870824963,1.574035741175707,1.7080958208554162,True
P05230,V46W,-0.96,2.118640796072755,2.2764294574856017,2.379431551567682,2.750121753517284,1.2965460946027274,2.4485922687401347,2.469420337398243,2.480743390539337,2.1175364636399676,True
P05230,C132I,-0.36,-0.2552224286587931,-0.3570439014108347,-0.1796937875938297,0.483033254306375,0.6824044418740962,-0.3525377038735923,0.0825162721557117,0.3782909429246913,0.19260846486523076,True
Q13526,L7A,1.72,2.106694937998045,1.538042917665063,1.5632357970301105,1.3457143383447134,1.2014524221761822,1.1007442528577245,1.5055008849984586,1.3029074995097358,1.3577877021453273,True
Q13526,L7V,1.26,1.6738592790811442,0.8788916704718318,1.5083353781201274,1.085492097931286,0.8623550905554328,0.5264488052287579,1.2124816258466855,0.9730936993726746,1.0492863779978865,True
Q13526,L7N,0.9,2.3137260989395587,1.975879634569355,2.239890188471357,1.7462706027807375,1.5945429797713229,1.1064696121560735,1.589744288342136,1.5679934227532686,0.9790101550021748,True
Q13526,P8A,0.97,1.848919157886712,1.2563743410121015,1.413455728233457,1.1012038116664609,0.8389758894075345,0.6725916672396689,1.0233620626248758,0.8991279701275128,0.7087815157233393,True
Q13526,P8G,0.92,1.825386014795047,1.1677944576111003,1.4008584881099388,1.162234424515019,0.929662235078946,0.5294717567373645,0.979989295436852,0.8953081798036677,0.7449498291489876,True
Q13526,P9A,0.19,0.6325177789583893,0.4613798522514141,0.4253535450305313,0.3665559968676742,0.8389758894075345,0.1966561042254866,0.7943160223037488,0.4992711795019707,0.11443593855805184,True
Q13526,P9G,0.49,0.7777837069142131,0.4058809827806955,0.4712812261389272,0.3578869839188446,0.929662235078946,0.2157029782737559,0.7384400229368667,0.4273042567437529,0.5014295081325482,True
Q13526,G10A,0.85,0.7932597650765176,0.4274056672421842,0.6602337640115667,0.5435140407820596,0.916421473108372,0.3317495609586507,0.7056274425263724,0.6190821473182473,0.7529411374387072,True
Q13526,W11F,1.93,1.1393151771513677,0.5389411885013721,1.3110622032687869,1.2751962867272773,1.2050690927023977,0.4963496075687097,1.5479980815457304,0.979484870550724,0.8432404917039981,True
Q13526,E12A,0.48,0.773402447825024,0.5053132873568736,0.6642556377941676,0.6614437488746481,0.2608713460382981,0.179605173464535,0.807789259580981,0.3167055104071051,0.538840984717674,True
Q13526,K13A,0.02,0.314172071478053,0.2241256569902528,0.3327340099964755,0.2443068683812582,0.3055327627161711,-0.0449110658552261,0.5499934856679229,0.1551594337956498,0.2420830573960585,True
Q13526,R14A,1.63,0.988948516087396,0.6620641097110568,1.390202487964856,1.1322857937470558,0.4842385177740145,0.4400283162992117,1.1535874893654363,0.8690742274353394,0.45441676205962794,True
Q13526,M15A,0.59,0.9823220665360266,0.7880629892270093,1.122677039652826,0.7148250650815933,1.2557927654126757,0.2619674208279257,0.7981160755546594,0.4759087639005241,0.5704781196725274,True
Q13526,S16A,0.44,0.5794899002589988,0.2527149390797286,0.4741921676214587,0.5577383065274374,0.2432926602208638,0.3411375074997835,0.9026920816123708,0.3814588442245655,0.45765433897555485,True
Q13526,S16G,0.92,0.9230728112776856,0.4579532869523558,1.188185593176017,1.0657149687248633,0.428383407318773,0.4406881425192999,1.009679508003852,0.6524831600760918,0.7045663514757108,True
Q13526,R17A,0.0,-0.0886972569611955,-0.0792833069851793,0.1109938718594546,-0.1102448369562166,0.4842385177740145,-0.0183317756389168,0.3720219486435416,0.1431015995718162,-0.25151630589895724,True
Q13526,R17G,0.22,-0.0928903400229879,-0.0867409160506702,-0.0408101408463996,0.176933307789058,1.0033475316963538,-0.0151192797965157,0.389418603786038,0.1913313591672543,-0.12889920404625987,True
Q13526,S18A,-0.03,0.095801405178824,0.0186949710323824,0.00248418413297,0.1060764426241104,0.2432926602208638,-0.0170317629091033,0.1589465272467809,0.1864103134648209,0.09472089823770397,True
Q13526,S18G,-0.02,0.3213353001079422,-0.0271502578028641,0.0303527530505138,0.1536110138858294,0.428383407318773,0.019955122206318,0.219226747612481,0.2167100757570025,-0.011647449881586613,True
Q13526,S19A,0.14,0.4000324605400486,0.1707802130934933,0.2208946813263928,0.5177778857871682,0.2432926602208638,0.1711043568323068,0.5247000713645477,0.4812798958875291,0.19751562350250695,True
Q13526,S19G,-0.01,0.6544603642765263,0.3220273051513434,0.7657195448772276,1.077616729556393,0.428383407318773,0.4618347700395311,0.6452725955610787,1.0705630173189462,0.047024424404974785,True
Q13526,G20A,0.86,1.5641939273820546,1.0983698651319542,1.366388449208371,1.1101549896538032,0.916421473108372,0.5490114597448155,0.8780283638138691,0.8519299815094149,0.7122465234133736,True
Q13526,R21G,0.67,0.7104126297837949,0.5017698431043225,1.0673361608480387,1.197015967531529,1.0033475316963538,0.2070928333123188,0.802343498250506,0.8400866416567462,0.8598084614718889,True
Q13526,V22A,0.26,1.035289871008208,0.7307235198235625,0.891634695494355,0.5732930338066136,1.0343518725154948,0.2498416304712777,0.7849526441220028,0.4674862893159096,0.39757925133225086,True
Q13526,Y23A,1.08,1.9331874387593733,1.2634826094614653,2.0948250211790542,2.1259026817260565,1.7437349920018923,0.8482035863338035,1.5928076777128757,1.5344564038024324,1.3393129923012594,True
Q13526,Y23L,1.18,0.8915836838271533,0.5401358953865059,1.241106094318222,1.2763888206889535,0.9739325641533106,0.5763255503816922,1.3855803137629483,0.8981486273688024,0.7564307787091891,True
Q13526,Y23F,0.52,-0.1120514227182703,-0.1524679774912965,-0.1098630272824287,0.3807338242878249,0.4611349587492128,0.1523242820006669,0.9487130066140796,0.383819183094029,0.3456117233976982,True
Q13526,Y24F,0.66,-0.0181849647235792,-0.0093723623667526,-0.0303050533749826,0.3203823752573886,0.4611349587492128,0.2939016148091372,1.1306722812540446,0.2867853774185403,0.49094619464918815,True
Q13526,Y24W,0.56,0.4299446247614303,0.1026171240413995,0.607587091570112,1.0220294777639072,0.4801489638519242,0.3541234825104846,1.2741329429725816,0.6397361155100549,0.48865713070428385,True
Q13526,F25A,2.14,2.026547497589126,1.4342412883285562,2.204332124847624,2.2320038868983163,1.5289742388162222,0.4601775944348317,1.3365492365987506,1.408226411989619,1.4390024886071138,True
Q13526,F25L,1.37,1.3426665579549222,0.730696993140475,1.408436409547111,1.4735519749812578,0.9046232825122686,0.2275505107715845,1.1977777977594273,0.9336914933467144,0.8698165848862907,True
Q13526,F25Y,-0.22,-0.078299317769188,-0.0810757978037856,-0.0457257585198598,0.4135562198396322,0.9440751122903096,0.1330310545086837,0.995720606906242,0.4778331594214379,0.5956109084516463,True
Q13526,N26D,1.88,1.4433858775985535,1.024348665159912,1.4781443095338578,2.108478693040373,0.3493393529451628,0.8240963100900442,1.3468483080510487,1.3552676437703095,1.1942052490687172,True
Q13526,H27A,0.12,0.5871554895136489,0.3892498138734527,0.7425654788633008,0.4812781990338131,0.5585512997788673,0.3085682756287435,0.7416934999226721,0.4139879417160751,0.21227552299545982,True
Q13526,H27G,0.68,0.964833571648572,0.6040258805232362,0.9741850999316924,0.8466681296559158,0.85331007114965,0.263770228850745,0.7675007612176683,0.5750571612401129,0.5365546625840498,True
Q13526,I28A,0.36,1.1940464075230106,0.862204336328759,1.0520818625986454,1.189618272389354,1.1841563309167786,0.599889282972131,1.145901611077708,1.323227433777433,0.44747074764069006,True
Q13526,I28G,0.48,1.2300992290271828,1.0273789479124011,0.99421819855605,1.2822121766146324,1.9335670928902624,1.00615959953976,1.2647796723914246,1.30467040897689,0.6141621594980146,True
Q13526,T29A,1.25,1.258386118605361,0.639121743659898,0.7559640916435622,1.2019120109304002,0.7142191955934971,0.430766290302908,1.172073966912837,1.382520016445685,0.500052663141521,True
Q13526,T29G,1.99,1.6240867270439971,1.0805347205559577,1.3753814140786838,1.5359140939382718,1.0479198155054508,1.0376144203372588,1.49464847942747,1.6257119012684655,1.3015642403301724,True
Q13526,T29D,1.33,1.406393943618457,1.4081271758337952,1.2673767537068277,1.610248467678129,0.6974880315619807,1.526349856136054,1.6739130440134709,1.6482486307212614,1.0537304121300086,True
Q13526,N30A,0.47,0.097402744187471,0.2654944089044288,0.3496169192740596,0.7508588031033934,0.4555207489795747,0.4557120791634355,0.9394703850218205,1.230902522235985,0.5583955905586283,True
Q13526,N30G,-0.53,0.154877711328497,0.1889693557547596,0.2009667349236518,0.8436056993369719,0.578843350847076,-0.0509238894948329,0.7487376462585245,1.1625727043558047,0.3795736368011838,True
Q13526,A31G,1.49,0.8736038716894743,0.4519039625754806,0.5693417465884169,0.8836758560454218,1.0167834293510365,0.3602102456709751,1.134910168684328,1.1828915631711034,1.0650778845062778,True
Q13526,S32A,0.26,-0.1744669147544998,-0.0439090341813371,-0.1192341708908855,0.0643657585089378,0.2432926602208638,0.1157072374027634,0.8412382250389582,0.2687486875096797,0.2604865975891879,True
Q13526,S32G,0.81,0.5160727216287815,0.3013836221927131,0.8196057277256361,0.8333919170175624,0.428383407318773,0.2890929168729343,0.9629732884015824,0.6161777259543151,0.8083924965322574,True
Q13526,Q33A,0.57,1.2532293862115378,0.9530184360587792,1.0287950348584591,1.3425876839621715,0.3064432922577295,0.5607097114916048,1.1911896716729589,0.8204893357406517,0.2882556775249583,True
Q13526,W34A,0.4,1.3673934749272507,0.8408887340511064,1.0261355557835423,1.0122762940899572,1.422381062656504,0.6070124314483565,1.44559798908448,0.6419514421397514,0.38010275096070173,True
Q13526,W34F,0.1,0.5955881565506964,0.222806131994819,0.5881022294852369,0.5198436681656737,1.2050690927023977,0.188674304331525,1.1150010728953923,0.4005713462084611,0.11088750375209266,True
Q13526,E35A,0.73,0.2246766263449219,0.1730667123283058,0.2869104526755264,0.1472647866668518,0.2608713460382981,0.0451511299771416,0.7107827541116145,0.2076482022765403,0.1165092327199031,True
Q13526,R36A,0.29,0.7083398897897466,0.7497952910520356,0.7115767549351177,0.6262716041487982,0.4842385177740145,0.4851399872931841,1.028285126153414,0.8374824459400978,0.6363487734058146,True
Q13526,S38A,-0.05,-0.0999531307007334,-0.0439202454848665,-0.066399847419181,0.2447189486645912,0.2432926602208638,0.0355298090634981,0.4435726601040957,0.317563910845308,-0.11882459845715976,True
Q13526,S38G,0.08,-0.1033389146805821,-0.1471203284871411,-0.1747239558264352,0.3769007933464414,0.428383407318773,0.0032798949622321,0.3782954945661723,0.3070306398179608,-0.20186848910298083,True
P37001,A110G,0.87,0.6088611146445416,0.4338303251380268,0.582003381178268,1.3035789702591551,1.0167834293510365,0.3712265029755801,0.5797728835145943,0.7150403782418181,0.9212864075253525,True
P37001,Y112F,1.37,0.3168935803944769,0.1925338438677888,0.5080506255910338,1.4006398430785032,0.4611349587492128,0.6460235480497345,0.7937632329549941,1.3606746318271026,0.0881180538645362,True
P37001,L130A,0.76,0.9333250412638654,0.8858466416695755,1.0369716249664225,1.0512270499984055,1.2014524221761822,0.5505428108605923,0.8250203476311235,0.5051708359851371,0.49780297177870825,True
P37001,M182A,0.77,1.155036365074917,0.903439012504262,1.195597396592047,1.0248491980494912,1.2557927654126757,0.1266204882976453,0.6555160146745576,0.6596148945995886,1.4104854353720233,True
P37001,W42A,0.98,0.5304173864264575,0.5921984940038421,0.6857977450562551,0.6984108360135635,1.422381062656504,0.5318271769620329,0.9869174367152018,0.7390001321882224,0.27759992050770677,True
P37001,Y48A,0.91,0.6502466659779704,0.3579379208132994,0.9181519846421208,0.6691125443075183,1.7437349920018923,0.1304996557116557,0.35251860820011,0.4715819868679404,0.4796851939336303,True
P37001,Y178A,0.55,1.453394851911869,1.181435950153917,1.4142118394881409,1.678030252777668,1.7437349920018923,0.9327596904175026,1.0579882660786093,1.1490052512585276,1.0580506094101514,True
P37001,D49N,0.6,0.6075473938347193,0.4676140690491288,0.6412370682597723,1.6402348364173882,0.339742220712424,0.6583065680173076,0.8900525339852491,1.3200789635581125,0.33958739400288007,True
P37001,S83A,1.26,0.459983327049256,0.5435607253831475,0.6749811032305721,1.586213246501314,0.2432926602208638,0.7347900317171856,1.1612330626648113,1.0697436721283409,1.1000807502505987,True
P37001,M97A,0.34,2.2365357757232256,1.9946959145117475,1.961860409395306,2.0895949741746667,1.2557927654126757,1.3793207777118404,1.8689898964597151,1.5868725214052577,1.7805894000729663,True
P37001,E115A,0.66,0.7553286187039331,0.7597610282612377,0.6028639344366324,0.9287635456715488,0.2608713460382981,0.675645583636042,0.9436963040002436,0.7927876664217309,0.6930136239266471,True
P37001,R119A,1.53,1.2481925301209449,0.9036426394503584,1.7323943079908226,2.024448949423604,0.4842385177740145,0.7576039807391839,0.7747036426577729,1.1090018934420862,0.677328136141431,True
P37001,T133A,0.4,1.135797088919721,1.1079465186088762,1.1069038808598055,1.7589302370501134,0.7142191955934971,1.195067848064964,1.209010913086925,1.2917749579525826,0.5829927563448372,True
P37001,S155A,1.27,0.2215358174450249,0.3169198871068027,0.298550568345428,1.1623526768582828,0.2432926602208638,0.6635410209996595,0.6212862786417748,0.7276178662663864,0.7223501793799451,True
P37001,T162A,0.51,1.07109139420527,0.9528537409492868,1.1716457440635208,1.8756317609438624,0.7142191955934971,0.5908421806045162,0.790502272446946,1.3054578195663809,1.087285157253293,True
P37001,Q164A,0.97,1.434720313738325,1.138883962759858,1.679670360551908,2.308209798294876,0.3064432922577295,0.9516135560564828,1.3329390339225011,1.825482387844439,0.22344685214075893,True
P37001,Q185A,-0.18,0.6914593434768193,0.3243122663108025,0.5116285336187676,0.315838060439329,0.3064432922577295,-0.0264285775873196,0.4601155657006236,0.1496326259798671,0.06852618682523459,True
P03706,H31N,-1.8,0.5279007786032395,0.4604211236180182,0.332935427299516,0.036513639163413,0.307313882273309,0.0508025966575377,0.3300394566171838,0.1098095894528412,0.22956456131172776,True
P00257,D73E,-0.5,0.2216555137427574,0.1674250055510516,0.0759352557471268,0.2057530761790391,0.5547454434476486,0.2085669503191387,0.5170995607496682,0.6041413043064088,0.554687636482361,True
P04166,R31H,-1.4,0.0733512808120478,0.1783842757999127,0.2459173960094675,0.5360716754639424,0.5250120527140189,-0.0569516310326079,0.9906642111099464,0.4787393309612448,0.4327842944072834,True
P04166,P97A,0.7,1.2766979065758732,0.898533250099842,1.116547810691333,0.5474726239224166,0.8389758894075345,0.5702551836157616,0.9846560819370308,1.0007268368283329,0.7845445405555856,True
P00648,T73H,4.3,1.3940625201020973,0.6111560807022591,1.1514581754478717,1.0377454491355966,0.6723495817940909,0.6535586763489183,1.3527951922944144,1.1766431704060043,0.6586511603089507,False
P00974,C65G,8.7,2.2898691322323748,2.030526160630777,2.148500392862231,2.5587588479954304,0.9088192933356763,2.654135666265648,2.682460218022384,2.438843184045229,2.1923736692321016,False
P00974,C65A,6.1,1.2895917687043337,1.0535436938374612,0.7118573596758084,1.3532872397187763,0.7153209983560026,1.570505996414134,1.627676577264425,1.443216776852429,1.446295859272968,False
P00974,C65S,8.0,1.9059661128062628,1.4668520602107378,1.5120134131511584,2.321079253028671,0.7017005580061673,2.01424487288916,2.2349820995431338,2.1321211529349613,1.8772443536944325,False
P00974,C65T,7.8,2.343466893984816,1.2940495015783215,1.5824211084395206,1.6727204817366317,0.7405640165251011,1.1194915765411422,1.5511959027744775,1.665704081941311,1.5073053602515087,False
P00974,C65V,6.0,1.6260040148394013,0.6170605433298706,0.2889114851760435,0.3953658545550013,0.7132881222054334,0.3355126382010985,0.7347043957838814,0.8509399765163937,0.753845425234212,False
P24297,A2K,0.6,0.5285650438784643,0.6571603232451171,0.713792729251034,1.03986924415355,0.7168476726588757,0.7573414674873957,0.9947053943423548,1.053900325822504,0.5235548884388057,True
P02185,G66A,0.1,1.0841249577535876,0.8867248392180308,0.676590967801139,1.1554254491152016,0.916421473108372,0.9251946391298108,1.163110056606396,0.8907366667041605,0.21019447376563055,True
P00171,V50G,1.9,0.7423673450607552,0.965816404961726,0.7957214632518216,0.7417850510585535,1.8065612933128488,1.0120821228193375,1.2192222434660287,1.1999518602788295,1.372667478695857,True
P00171,V50T,1.0,0.2406111437540366,0.3517778636187542,0.2513027644951237,0.5919303894719892,1.1707108781884497,0.5872650620368576,0.8786295996532338,0.9767199677868184,1.1781342778568606,True
P0A3H0,M69I,0.0,0.07630497410136,0.0391456649498981,0.0859562838259485,0.2124601538150876,1.4534399776474,-0.1012248082341063,0.3773150389990871,0.0445676195219219,0.30461685304290703,True
P02631,P22A,0.7,0.8470278230420369,0.6619207801002789,0.9340950054262296,0.4969574147526856,0.8389758894075345,0.3695767159025179,0.6478939590602821,0.4028777041484295,0.6910957568775046,True
P02631,P27A,0.7,0.6998913808876742,0.3630295659523498,0.3819599433834388,0.3219481036061622,0.8389758894075345,0.0018088449176936,0.5114294708684046,0.0490045583792443,0.9415139013982246,True
P00044,G7A,1.3,1.36565401714016,1.181442508383017,1.0684194069952275,1.3757368466853248,0.916421473108372,0.6187449122361994,0.7326790703719862,1.1518562592244554,0.29026769845083533,True
P00044,N58G,-0.9,1.2836629507923534,1.4407393813631957,1.8125246532544783,1.825014287098608,0.578843350847076,1.209721233464347,1.6745513823196692,1.8671710554672587,1.1469611179197596,True
P00044,H39P,0.8,2.6207733028899143,2.078142116822309,1.668842067361724,1.4418709198846216,1.2671535771782856,2.319784499073278,2.0124952045979114,1.705351250873116,1.301352951138463,True
P00044,G29S,1.5,0.9663041695481304,0.724474176891732,0.7315302652615108,0.5828150187474221,1.0433402419325728,0.6226171861088243,0.6873670277581756,0.6279591065242517,1.151002626059718,True
P01053,Q48M,-0.3,-0.0547998659347356,-0.088925910742725,-0.0878080881343871,0.1840348332332843,0.0345227885409369,0.1047709306571258,0.289348630470689,0.0435497177503815,-0.07463833388553298,True
P01053,E34A,-0.6,0.035739096367179,0.0682404883027516,0.2762609850193387,0.3089378913520561,0.2608713460382981,0.1467442648271136,0.2306942630055558,0.2288407573397196,0.1751989746278999,True
P00720,Y24A,5.5,1.3970887667168446,1.0723500258081065,1.430405795342098,0.9143077395633998,1.7437349920018923,0.3109792406045676,0.4993295609800624,0.3478974438993357,0.7212326500875084,False
P00720,R14A,3.0,1.1801631139861442,0.8851777164257995,0.8540014341168854,0.1497302400957305,0.4842385177740145,0.2451325191411221,0.5533309566907244,0.2363008251333241,0.38772845759500996,False
P00720,L32A,3.0,2.293525013828564,1.5982942019765765,2.3096499975648195,2.0381020681561584,1.2014524221761822,0.9207416217082016,1.1697798644405772,0.8927776420708897,1.3698624584711014,False
P00720,N53A,0.8,0.1604492552148515,0.1294741956228262,0.2037374866996997,0.0190584043210371,0.4555207489795747,-0.1109199220292847,0.2255413210187796,-0.0252313300077414,0.16495876955090683,False
P00720,T34A,0.2,1.7793018697696283,1.516787014501559,1.8130668306328928,2.6356498795265653,0.7142191955934971,1.4838645898737273,1.4805454983964057,1.7539809679895058,1.665655077521867,False
P00720,L121I,1.3,0.5085441754582398,0.2790112033618346,0.2252404342065715,0.602242021826169,0.5869342221980756,0.268103197099739,1.6304724910317758,1.044070638811874,0.2696964766513479,False
P00720,D127A,-0.2,0.4258444902189339,0.3918522275840657,0.2570006489449402,0.0706728902370463,0.3830785361353898,-0.0369734675270615,0.2433781332811375,0.232119179334033,0.001856499950868784,False
P0A7Y4,Y28F,0.7,0.1537335947180068,0.0635563342558709,0.0483270547802678,0.2802321147263653,0.4611349587492128,0.1428310197230782,0.5375176795764829,0.3052777288769966,-0.13915278767110628,False
P0A7Y4,D94R,-1.1,0.7819253049931664,0.6862731395394139,0.7227220699540002,0.1739990492162909,0.6143288605046765,0.3051062520479378,0.3384195306187839,0.252381999498076,0.2853350576586736,False
P0AA25,T78C,-2.1,0.2888403954484365,0.1302771401990473,0.2069946411715122,0.7104338603257699,0.1793523589853868,0.4081641371883949,0.3860179651410529,0.5684814439899216,0.39002537843651675,True
P0A3C7,R43A,2.4,1.083799667993215,1.1821993199305074,1.1714775759057765,1.223158055484728,0.4842385177740145,1.1920507286060606,1.0182536782757825,1.2002965051269272,0.8389504156056236,False
P0A3C7,T49A,-0.1,0.2616790162622656,0.2490394870350163,0.3357779791979949,0.079065446859215,0.7142191955934971,0.147060933430994,0.0375956092250472,0.2012075995272912,0.10656667984131074,False
P0A3C7,F66A,1.0,1.4152333602581877,1.093387103299857,1.3352885884392456,1.6011545614356124,1.5289742388162222,0.7614490911008593,0.845213210700609,1.4008243504706528,0.6226522196946157,False
P0A3C7,E95Q,-0.6,0.4174425292180387,0.2921542570619653,0.4676249027046399,0.3722598991732753,0.1605155413051134,0.2326960136910837,0.0275776503940597,0.3109321122423554,0.41817718242056,False
P01053,E46Q,0.6,0.1210281733669533,0.1246829461080315,0.0708152755229729,0.0956080869314697,0.1605155413051134,0.1146674057651491,0.1797565240752896,0.1554673464280017,0.5585726968529645,True
P01053,R82A,0.6,0.7834655912039563,0.8240906923313707,0.8383027601632925,1.0066338983393954,0.4842385177740145,0.9044716321502552,0.9829668307481488,0.5231350766512366,1.0525180504227905,True
P01053,D75N,0.0,-0.0403246815446505,-0.0412525798758069,-0.0334832675264775,-0.0570646145097194,0.339742220712424,-0.2622732566519982,0.2568384584278811,0.2054781527311592,0.06654684845164471,True
P0A2D5,V10T,4.0,1.8441288676091905,1.736522113034545,2.2811901558697096,2.6920686693563503,1.1707108781884497,1.9234843857661168,2.1773273901595966,2.590914510406576,1.944333738706214,False
P0A2D5,V11T,3.2,1.616120678966056,1.7100303247349378,2.1318563764153105,3.1886010314534152,1.1707108781884497,1.6999308335467525,1.9725598600671967,2.562765309379356,1.7546949408710797,False
P0A2D5,D12A,-2.5,0.4905519380407258,0.3942833477025226,0.499085877444532,1.2668833923133325,0.3830785361353898,0.961930191565206,0.6726633304036587,1.1367392823886846,0.5742141034607601,False
P0A2D5,D13A,-2.7,-0.1830794876567245,-0.1047318420445389,-0.1968808044328579,0.1086133630635824,0.3830785361353898,0.0683422923364251,0.0811846465293932,0.0842509473189308,-0.5596649191371403,False
P0A2D5,F14A,-0.8,0.3292821893015625,0.3734548889787805,0.4883725127537216,0.1359774404886173,1.5289742388162222,-0.1736653162221267,0.0432472887681891,-0.1013437895661651,0.09534053684616461,False
P0A2D5,V21T,0.2,0.7244586553793276,0.4121801425039774,0.4937209741848455,0.3010955763104367,1.1707108781884497,0.0621497070869633,0.483906464157164,0.2557878170318096,0.6685517969487639,False
P0A2D5,N23G,0.0,0.3730342599501524,0.2200500167100479,0.6085446598459996,0.2690342060102034,0.578843350847076,0.0057512803271964,0.2386580107465304,0.1420836090925241,0.35872754298284226,False
P0A2D5,V33T,1.5,1.572718584596159,1.2012789074072598,1.5140721183932933,1.5254703531616645,1.1707108781884497,0.7745885562860693,0.993572986463042,1.1232417283488865,0.8861120826248887,False
P0A2D5,A36G,3.1,1.6706484246233273,1.4003601477891003,2.255355292669299,2.221366671440125,1.0167834293510365,1.014701016867365,1.2069830454449209,1.4499540620490594,1.4372897788002201,False
P0A2D5,D38A,1.9,1.6304878114015169,1.8912086381902973,1.8653419309341364,1.7492636334731706,0.3830785361353898,1.239131894677766,1.2429915973838408,1.621551333818384,1.304501424223704,False
P0A2D5,D38G,1.0,1.2707312296446505,0.7547797402709814,0.8063463358545622,0.8843614152434048,0.5697595279787511,0.2815621336193407,0.3636986451418832,0.448207234854619,0.6089667054719057,False
P0A2D5,V40T,0.8,0.5710094701503017,0.5410346252294673,0.7047684462840627,0.5538504474440058,1.1707108781884497,0.1549470853509149,0.2346646268201555,0.4963881508296418,0.25426985104459315,False
P0A2D5,A42G,2.3,1.3702555512826042,1.0814884806914482,1.4541964986901657,1.714300127841864,1.0167834293510365,0.3078482311194383,0.7765736552261187,1.1538099732081957,1.2961697200268096,False
P0A2D5,I55V,1.5,0.4199134821687454,0.4876744081178851,0.511678754215624,1.3571064576280476,0.4763940359887177,0.3359919408236959,1.0948977102494697,1.6218172950585703,1.6790814309305568,False
P0A2D5,D57A,-3.4,-0.1474810820159428,-0.0735301850318915,-0.0540582409646836,0.5530220466324269,0.3830785361353898,0.4298616897376691,0.1495282293503656,0.4992253193307993,0.7416319847695576,False
P0A2D5,P61G,0.6,0.8821931467084558,0.6361310891086827,0.7507273110479387,0.5374548441658507,0.929662235078946,0.4499965010084739,0.5308810836270951,0.5731757222680963,0.4673681479076743,False
P0A2D5,D64A,1.0,1.194710679420379,1.0847917038700376,1.0604234828695298,1.0448092699123182,0.3830785361353898,0.9584651877301972,1.1998877611877463,0.981983719180552,0.4078090799946035,False
P0A2D5,I72V,1.5,0.8311824607044869,0.5579706153201078,0.784318635263185,1.0283600315473416,0.4763940359887177,0.4048270522198445,0.9899325926564292,1.1157472386326548,0.8625808773371784,False
P0A2D5,A74G,0.3,0.5266811400107192,0.3167859572104672,0.4363022328608279,0.2397520778359032,1.0167834293510365,0.0908429661907306,0.5091295318587796,0.3063108331998553,0.3925213678468679,False
P0A2D5,V83T,3.5,1.346396606524492,1.3074892148534183,1.3470945113698976,1.4799750813414112,1.1707108781884497,1.2086220213783825,1.810204321031155,1.2882129933552533,1.372117836969943,False
P0A2D5,A97G,1.4,0.5905784808381949,0.3896388726268042,0.9633392083482862,0.6492878892367193,1.0167834293510365,0.309754090221051,0.5845298378921726,0.4180821289379656,1.260538117854308,False
P0A2D5,A98G,1.3,1.601276129175886,0.9724049849214458,1.399799662594478,0.9751957498540628,1.0167834293510365,0.4941457497414604,0.9356530798673972,0.7072560175484892,1.3278676551245776,False
P0A2D5,A99G,0.5,0.4418676224418704,0.2560430720700929,0.497765457689602,0.3647164408066536,1.0167834293510365,0.062393895617628,0.3006483393155484,0.286003844526818,0.8352120999649049,False
P0A2D5,A101G,1.0,1.0320870798701445,0.6253280262110235,1.2866634886513233,1.324462469362525,1.0167834293510365,0.7419909080354928,0.860323774717148,0.8954945727876584,0.9069348715547267,False
P0A2D5,A103G,1.7,1.061632624081336,1.156732186153786,1.3272133550969485,1.6336152006959943,1.0167834293510365,1.2868846747157092,1.214928094975091,1.46497869091437,1.0982179695610077,False
P0A2D5,V108T,1.0,0.1858357825279598,0.1421634378952113,0.2562004868793426,-0.0060163026585687,1.1707108781884497,0.0798465755761718,0.0147221748181046,0.0515882556007562,0.1618534497479207,False
P0A2D5,T112A,1.5,1.1864692701419273,0.8942305238144371,1.0772360597199584,0.5980648114730096,0.7142191955934971,0.5983917645942423,0.5987578852768055,0.2252664999471768,0.8110815369281545,False
P0A2D5,T112G,1.0,0.5922250440470473,0.1916170676029899,0.1469147052102682,0.2358112720021226,1.0479198155054508,-0.1859078560758196,0.1167592698835166,-0.0530690547968219,0.6202533010959822,False
P0A2D5,A113G,1.3,0.4399711749506323,0.283919437676274,0.365749461615462,0.2478946887532117,1.0167834293510365,-0.1308125946883826,0.221800211522588,0.077252899447073,0.07197939893155503,False
P0A2D5,A114G,0.8,0.1865407711363566,0.2683292864725247,0.3966152170962783,0.2563775300079055,1.0167834293510365,0.0461535555800975,0.2863856637114857,-0.0342286558657781,0.5886262867100509,False
P0A2D5,I123V,0.8,0.729425487536134,0.6781242622528516,0.9020890980612262,0.8426367223219146,0.4763940359887177,0.567718893574726,0.917066490994734,1.0585945239242047,1.0877699669765546,False
P00818,A31G,1.6,1.4464896224131931,1.3134292917574648,1.5365824768655163,1.4289464327104944,1.0167834293510365,0.8093584624003884,1.1418929782218623,1.1898453327000054,1.535243010034569,True
P00818,E30D,3.5,1.5410050866634584,1.6785029084739145,1.7302634850951126,2.259527536456857,0.3743203631982903,2.199088243475931,2.0736074743636843,2.0503467813083995,2.1514963961269693,True
P00818,E84D,1.5,1.0090745352362176,0.6878555800473206,1.171671708331732,1.2109928087536717,0.3743203631982903,0.5403414394111605,0.8354269818657339,1.141977030220374,1.0250532416914626,True
P0A3C7,E95D,1.1,1.177583069655453,1.3118669478546603,1.286788584872656,1.3208156494862813,0.3743203631982903,1.1745776211601324,1.1230738281525097,1.2950204580742883,0.40539357133394915,False
P0A3C7,F66I,0.9,2.055733135961637,1.317314914813392,1.5686817592425597,1.0420285367705242,1.0848385149568882,0.367831146203839,0.7550273236036031,1.095819293977578,0.8678781428992156,False
P00818,F23L,1.3,1.7991793649817391,1.451707456035488,1.1973124010382823,1.2942617489667303,0.9046232825122686,1.4021582128034746,1.5722062409996926,1.3719261358257573,1.1782680406329007,True
P00818,F95L,4.3,1.9711280778794915,1.915094652471748,1.8305168280909183,2.1648752456456304,0.9046232825122686,1.7579624708467978,2.0338492455367936,1.9226160968350967,1.520952575753402,True
P0A3C7,F66W,0.6,0.248014810695361,0.3619425562594711,0.2966571030489479,0.896622697404546,0.6861260040931049,0.542707421003805,0.5199055180430575,0.870849786012584,0.03173160784557749,False
P0A3C7,F66Y,0.5,0.1572991838344241,0.0013692064359305,-0.0422474601077875,0.6293442580831584,0.9440751122903096,0.0389933339580609,0.1529348069918842,0.5199191701785275,0.5032710859575686,False
P00818,G46A,1.7,1.667645632686467,1.610606990686066,1.3725324552219953,1.1772373246618062,0.916421473108372,1.1025680822430295,0.928920431628932,0.8373853106768185,1.181061921499928,True
P00004,H34F,-0.7,-0.0962199131081815,-0.3009809530200784,-0.3042067859348271,0.3289848998853107,0.1409884232060799,-0.2730191493289947,-0.2733662301456295,0.0211303947439523,0.43314331944508755,True
P11053,H43R,-4.0,-0.4005315798222194,-0.4402386283607217,-0.5187379011336812,-0.1227888581175284,0.4500540272471586,-0.4859831846566924,-0.0675488782820125,0.05068718476631,0.28707903495756254,False
P00004,H27V,3.8,1.4032926467735385,1.227459019099197,1.9809669729276809,2.228400639494171,0.2096344294521668,1.082568167385602,0.997523870594877,1.511284034083504,0.7624281743555796,True
P00818,I76V,1.4,0.5137836602484273,0.5431641134385703,0.6779500547673706,1.0826523120309917,0.4763940359887177,0.5301971585648466,1.0490859734140008,0.8366764736906946,0.7903232880202327,True
P03050,K46A,0.0,0.1549960900509633,-0.0059257474564433,0.2160242395985495,0.1375343250576179,0.3055327627161711,-0.083249933130952,0.146985298948289,0.1423075292543007,0.09766646550255698,True
P01625,K56T,1.3,1.6340100658847867,1.225278370363324,1.335592477949088,1.417717205023732,0.4098394248448246,0.6563343589894454,0.807369215330586,0.8394241079624235,0.14468552473529483,False
P00818,L90A,1.7,1.8495950578033244,1.905600065680766,1.8516324622319595,1.327299806338404,1.2014524221761822,1.1409716983444216,1.3820565860151317,1.306737116146694,1.2534143211814883,True
P00818,M62A,4.0,2.2576627383842536,2.0217602767096507,1.8575458817150188,1.8574713857256964,1.2557927654126757,2.1150676842289444,2.456883965470161,1.6959078057961208,2.91763663300199,True
P03050,N34A,0.0,-0.0778188276925892,0.0991543655568266,-0.0936229300913963,-0.0050600552936693,0.4555207489795747,0.1879974091577521,0.1259787983814973,-0.015154547720268,-0.11547151718310156,True
P00004,N53I,3.1,0.4523560668764242,0.4078415536591955,0.727536040854743,0.2234889542542562,0.4760652469749477,0.4673404668002124,0.6797335484723922,0.5915338084599848,0.5719248416509337,True
P00818,P55A,0.5,0.9112289626035024,0.800651847373467,0.9129289891749311,1.3716647360122274,0.8389758894075345,0.5849494559857191,0.7838843094898704,0.9034598511493308,0.8976275362847056,True
P00818,P72A,1.6,1.2741512583543808,1.1212970236472717,1.9571410782050536,1.35980777954935,0.8389758894075345,0.8901525411197315,0.6546952866141473,1.2454399920787105,0.11937471611042838,True
P00045,P86G,1.2,1.0550769880473605,0.6856882906468764,0.9578024954101072,0.8708673973158506,0.929662235078946,0.3855500142659872,0.326486399299209,0.4591643865555049,1.014758697836538,True
P01625,P66L,1.7,0.4361933108526759,0.6380768664985481,0.7463900204528404,0.1125170393203278,0.4411703155949139,0.4766238637942595,0.3020743435194667,0.1593762981405442,0.2832508655376592,False
2IMM,P49S,0.2,0.6666631565501009,0.5007919530029519,0.8339293509708074,0.1355800791504653,0.7389245096248371,0.2124446372678531,0.1129124959545217,-0.0038458847138722,0.28825926340841396,False
P00045,P81T,0.8,0.5317861984679377,0.5800955600062068,0.8534288741248239,0.6363767533069999,0.6188726667915285,0.836745385793361,0.7297544281439101,0.753953074783574,1.4230089063860762,True
P00004,P31V,5.0,1.5666348536691204,1.292082056683009,1.6366760626307415,1.3217365746168603,0.7983626582819744,1.339552457167223,1.2379068298533966,1.4096601470564318,1.1062866690828703,True
P0A3C7,R43H,1.4,1.1448562771346875,1.15741912939199,1.1281719196300473,0.7065539210645448,0.5250120527140189,0.8621196224650195,0.7403343032175189,0.9808989070622752,0.7671745901349578,False
P00818,T43A,1.8,1.8716184845919013,1.8045346493796453,2.0876547333331947,1.636494809336548,0.7142191955934971,1.2662544364890966,1.259298709006918,1.2779373380492105,0.871986064424012,True
P01625,T120H,-0.7,-0.0553871104986371,-0.0315417324273253,-0.0495778574571155,-0.0060469562013917,0.6723495817940909,0.0169466945151668,0.0407490596356408,-0.0023932407764992,0.17145428067333474,False
P00818,T79S,1.4,1.1003183237290322,1.4206393529466588,1.6435094859670591,2.1919171251689176,0.3817050466382695,1.065831407026285,1.1842447689359945,1.6822039665736106,1.2852158254450519,True
P00818,V14A,2.6,1.8620969232871367,2.1009332401991165,2.453528289738,2.162800941975223,1.0343518725154948,1.7672013736285,1.9917663778094368,1.80652259061326,2.170988629832679,True
P00818,V18A,1.8,2.286701462786178,2.216598147967841,2.0634999391676745,2.119963571298137,1.0343518725154948,1.982593171920704,2.4005209405448795,1.8459216837254284,0.9013920342079726,True
P00818,V21A,0.3,1.2322418926473957,1.040070367029267,0.9727750580056772,1.120990189454976,1.0343518725154948,1.0704742018030378,1.3320587319455346,0.9515504379975896,0.33379237056454214,True
P00818,V36A,2.5,2.0321127426974703,2.194280550376989,2.1219052080322607,2.3215507327313896,1.0343518725154948,1.8222825060915653,1.7133003681854817,1.861638841020092,1.8753239337058403,True
P00818,V40A,1.6,1.1253727903955348,1.2567407681359124,1.1731085360137457,1.5824782172943093,1.0343518725154948,1.2986548778423646,1.8047184495536084,1.4489512088602203,1.3829185318971704,True
P00818,V48A,1.9,1.1514354605196346,1.024105201243855,1.161541221113789,1.656874798398825,1.0343518725154948,0.8280928370996976,0.8149231929034151,1.186941285717219,1.7338435968063657,True
P00818,V52A,1.9,1.297112126359143,1.170780917486016,1.2863752303065472,1.853414460837104,1.0343518725154948,0.8647285921307049,1.3532620509603626,1.2960655398152985,2.486121285809676,True
P00818,W65A,1.5,3.1906337557075948,3.151124664488763,3.0580119800477967,2.83541563837759,1.422381062656504,3.1893348646529254,3.279520554043708,3.148360137833284,1.7334264220425029,True
P00818,W39F,0.0,0.5886239027673837,0.3363048771768742,0.4521016018508664,0.5689240077121003,1.2050690927023977,0.8959787243200731,1.322188705220205,0.734603341642573,0.4394729477328717,True
P00818,Y12I,2.2,1.7731543368468743,1.8598929971860791,2.01500038279852,2.126627514679066,1.129356491878537,1.9171741365307449,2.414083168720045,2.323164283978959,1.5339019542791448,True
P0A6F9,I48W,0.2,0.6200397071222621,0.1441090510862981,0.2194941573385038,0.0055904026109308,0.9928536295692396,0.0411054604571985,0.0459984846540934,0.0427197346277421,0.3309985270871797,True
P00593,H70A,1.9,1.7902616989340938,1.277352468513812,1.6943711841496998,2.2279446843728183,0.5585512997788673,1.8213554156444367,1.663650289271556,2.132786092698839,1.7419788869913473,True
P00593,H70N,2.4,1.4485669186060623,1.3133754194196654,1.4393857260091725,2.028549181621276,0.307313882273309,1.292896373525437,1.5625598814187849,1.9341812442146256,1.2441260141984074,True
P00593,H70Q,0.5,1.0928857950116804,1.0477694826097763,1.0761360036743406,1.7108043462107294,0.2831600273313526,1.490773872350663,1.5535646594838226,1.4743890600059153,0.8656205841478273,True
P00712,L31A,2.7,1.949969964235803,1.7837907708595675,2.358662314304788,2.3250343662829778,1.2014524221761822,1.2031073538993249,1.4305099062804525,1.85218679936944,2.823692948527205,False
P00712,L71A,3.2,2.434376554717784,1.9829752111474208,1.953486006290412,2.2618600226818644,1.2014524221761822,1.3597051905782966,2.02870360668192,2.00490051524928,2.3322822990407683,False
P00712,I74V,2.7,0.8788596659932884,0.7816486406465641,1.0371042169479678,1.6359969717969154,0.4763940359887177,1.146374631983906,1.871406828052915,1.4267433562747494,1.2536098747136477,False
P00712,W79A,2.0,3.156032163053049,3.072419843529961,2.755304923053449,2.4592024730230806,1.422381062656504,2.4116581457409128,2.4829938431902177,2.467835052037923,1.8312609460083973,False
P00712,D106N,1.1,0.1698687810842052,-0.0273175250897828,0.0905698158465863,-0.0846002000427297,0.339742220712424,0.2465407191759492,0.3076869804987794,0.1855856245960132,-0.43077536111009485,False
P00712,I108V,0.9,0.3785279266979021,0.3598692647097681,0.5006760007771158,0.6988884627276949,0.4763940359887177,0.2945372763156063,0.7186798168649926,0.6763738756494269,1.1112791376473243,False
P00712,V109A,-0.9,0.0239570522334237,0.0195678638854573,-0.107160107004157,-0.4755375888483327,1.0343518725154948,-0.3780349416176803,0.0814779350688853,-0.327357029094188,0.22946013971946888,False
P00712,K112A,1.7,0.899234080445544,0.6598140147150496,1.0901316371744003,1.2706979142802457,0.3055327627161711,0.6525715858062574,0.5528116006551371,0.7061347062786415,1.0164360208261356,False
P00712,I114V,1.7,1.0389292689487677,0.990004219793169,1.2556995962944246,1.66532897830494,0.4763940359887177,0.9387231260470176,1.6205792103370449,1.5991611122062008,1.2778715981147317,False
P00712,L115A,1.8,1.7035811473028346,1.1639415547045684,1.5112322995005107,1.3907784312460665,1.2014524221761822,0.4629109271874521,0.868917080897629,1.0995859963569925,1.2757038734129085,False
P00712,Y122F,2.1,0.8031729181922618,0.7894369398926255,0.9676762794729544,1.0845212758151228,0.4611349587492128,0.9646299078963988,1.254431806433692,1.2848233502104651,0.40900819732889393,False
P00712,L124A,0.3,0.077730043339709,0.1191094664916121,0.1852130624381696,0.1172335931467639,1.2014524221761822,0.097182055754117,0.2136667754067649,0.1294008979169815,1.0129811133655757,False
P00712,L129A,0.3,0.902871820162206,0.7869206286738806,0.9900097958763856,0.7325869639164768,1.2014524221761822,0.60582436510577,0.6607495119216809,0.9390633445519572,0.8470056510655539,False
P05413,F5S,3.7,2.7920758434980093,2.9616262738055648,2.663516477018677,3.220223254608096,1.7062556949054772,2.775015417813345,3.255005366667517,3.284944040721419,2.585051907218975,False
P05413,W9E,3.8,3.6651498581839945,3.582943535592295,3.905034400065954,3.900283788308054,1.8032525065453449,2.9711060549129016,3.1964755938502782,3.732545020740356,3.5564719593038623,False
P05413,F17S,4.0,2.548262337519275,2.6271139528201566,2.6900988635059635,2.941495455174472,1.7062556949054772,2.465340431556783,2.742949676748637,2.8839528673869976,3.1579489071530125,False
P05413,K22I,0.0,0.3570311148598535,0.2031287712879259,0.2887605359686896,0.2005690921833379,0.1484741359306512,0.1913707794247795,0.0146367713478306,0.0507461587941582,0.398256113766963,False
P05413,T40E,2.4,0.7242044946979665,0.6458898461537109,0.541312577417776,1.077825274278788,0.9311062346371518,0.3992547532697582,0.2253595573467772,0.5438805005184081,1.074465089143544,False
P05413,T40Q,2.7,0.5499642767567081,0.4200597514918505,0.3905351786182157,0.7257473399727739,0.6648553935122228,0.340013715750178,0.10515614292377,0.3022881123920412,1.1102921175387253,False
P05413,T40V,0.8,-0.1234998476436397,-0.1343129987534612,-0.1097241637219111,0.3669697117873275,0.346772357079152,-0.1930837511117063,-0.0981017484579252,0.046794854782609,0.2259721239502544,False
P05413,F65S,3.8,3.6519940846719208,2.950582448135477,3.094104269534616,2.4874566613535705,1.7062556949054772,1.8645538551600784,2.378333120010132,2.431568951639415,2.3379583174794174,False
P05413,L67G,3.7,2.622096743157722,2.4033117123589123,2.747973197306105,2.389283638091249,1.841681641259816,2.150768426696028,2.3044081272373167,2.3439415119826985,2.5045516142429736,False
P05413,G68S,1.2,1.5123631969610352,0.997611831076806,0.9962316835473776,1.1136017981710609,1.0433402419325728,0.5372342209051527,0.8222817564496114,0.6227075232391008,1.0154833094804667,False
P05413,E73S,3.7,1.6825373455490875,1.6764290213915802,2.0234350501742497,2.8137919363583976,0.2643424724512143,1.5541017127499717,1.8829340746261485,2.5466223467555293,0.4785171249894381,False
P00173,D65R,-0.1,-0.4988684693249314,-0.5004107838412601,-0.4166678221368321,0.0758474818521226,0.6143288605046765,-0.0450717105801805,0.0589501157487278,0.2266319571348301,-0.021036732036100014,True
Q03026,D35A,0.7,-0.1820329820248098,-0.2281120718211,-0.0680990773101379,0.1403534410348356,0.3830785361353898,-0.1113585252384318,0.0424084719738659,0.0565163838305905,0.5412753846003013,True
Q03026,W40F,2.3,0.6084128184894985,0.5935205979821117,0.8805534345990653,1.6253656180471374,1.2050690927023977,1.288320426606918,1.480670565899087,1.596036170100035,1.524118308731719,True
P61626,D67H,3.7,1.3902869978640486,1.323431694909669,0.8175676338874636,0.9829659383113528,0.3994583328370912,1.0025845772828934,1.0810917794840749,0.8977753522565551,0.8333330994361643,False
P07445,Y16F,1.8,0.1091585653692242,0.0765766193350489,0.2390071428334636,0.7380234424928978,0.4611349587492128,0.5666229129682864,0.888783099380466,0.6867979167709113,-0.3194838620898621,False
P07445,Y32F,-0.2,-0.1162581139594804,-0.1602880968711756,-0.0610638148088876,0.9713964390216592,0.4611349587492128,-0.199923134006785,0.6083560175996181,1.0554736637449191,0.13755392976435332,False
P07445,Y57F,1.2,0.4340902825685002,0.7383914908123179,0.9605451532383988,0.9869288746862857,0.4611349587492128,1.1573001279345063,1.4762805677264264,1.336070928596642,0.08646832982453567,False
P07445,V101L,1.7,0.7879778303173923,0.4958851052904796,0.6648114263659018,2.047154226785188,0.5729438288087083,0.913582479348104,1.0443906446247422,1.6439910941594966,1.006201788751322,False
P00651,G49A,1.2,1.73690309894804,1.5767678201429625,1.3690698715241492,1.9372845066996445,0.916421473108372,1.48593385788661,1.978412409486597,1.7036273580727463,0.7064485948759446,False
P00651,V78T,3.6,1.211090851373012,1.039370745606235,1.0805969929540622,0.8383896715834973,1.1707108781884497,1.0552818263212689,1.104554430079313,0.8901106849971929,1.0173327210245355,False
P07107,A9G,1.9,1.5146003874880083,1.161844447101534,1.3024162994495718,1.8597753023826955,1.0167834293510365,1.5152834008607827,1.6665488434519615,1.5038358122462638,2.146791465345032,True
P01053,I49T,1.2,2.112249246361127,2.002363202443641,2.2631718276583355,2.2999256661370984,1.2933680304390762,1.9366831738361816,2.2134322733230225,2.111457279086715,2.4060634923928212,True
P0ABQ4,I2V,0.6,0.187359229777932,0.2529198310871082,0.3370733055951338,1.1382907468907622,0.4763940359887177,0.1739798152007098,0.614644561960593,0.6288629953382311,0.33718803252171875,True
P0ABQ4,I61L,0.4,1.318947461586134,1.199716892612355,1.5334445310612383,2.3068399230531584,0.3561546230629321,1.2377016155545026,1.5586251554804338,1.7285975110041771,1.8071618721088187,True
P0ABQ4,C85S,1.0,0.4223641567575441,0.0551219780444647,0.559724500420528,1.0072500418969128,0.7017005580061673,-0.2273481059665381,0.6321559732740933,0.8826598216807108,1.0123514783323357,True
P0ABQ4,I94L,0.6,0.2806107478697194,0.4120104859805956,0.5700621469278773,2.0782347832139445,0.3561546230629321,1.085800494675647,1.4490764042919095,1.728631847455618,0.49652385618603456,True
P0ABQ4,I94V,0.7,0.3543692659674703,0.3186035088817357,0.5379163351561751,2.135911544046384,0.4763940359887177,0.4584446027784429,1.1420500231995756,1.4904377213352231,0.3923629804022801,True
P0ABQ4,L112I,0.2,0.6785304092316488,0.3313143914689924,0.7700227170877638,0.9132084984021464,0.5869342221980756,0.3046230239646431,0.953957017364352,0.7824828047783189,0.6354374492499114,True
P0ABQ4,C152E,1.0,0.37351944292864,0.3340983256672678,0.2020933015720378,0.7744961095316858,0.8122074096357998,0.5866566300658891,0.5949544533064721,0.4855889870802355,0.7107417664335313,True
P00974,F39L,2.2,1.5272084379065218,1.1987906025506834,1.2318585048235913,1.0065357095959888,0.9046232825122686,1.2777997455139185,1.4068387698108498,1.305405669246403,1.987690947832808,False
P00974,Y45L,2.9,1.4765736927902122,1.243505932447714,1.124517623342898,1.356860555072807,0.9739325641533106,1.2457059204520644,1.3533839892094617,1.1958976589888235,1.6659516828724539,False
P00974,Y56L,3.4,1.463034862037278,1.0972963097382185,1.6387070699721913,1.8151299887936176,0.9739325641533106,1.3427278011478276,1.5667066149766222,1.5063698620151929,0.8453437585906024,False
P02185,H82Q,0.0,0.1045891095586214,0.0882253989605254,-0.0810795621790701,0.1607607947678445,0.2831600273313526,-0.0217604284556823,0.1103655059605026,0.4146473833994649,0.24979776244230756,True
P0A3E0,E107A,-0.6,0.2720203643364555,0.3214477714591369,0.3944429081674415,1.0379882349207077,0.2608713460382981,-0.2582204436220829,0.1063499191013384,0.3936617062269392,0.09088174515938008,True
1YYX,A36G,2.7,1.84697351668094,1.488336283963004,1.964897632000532,2.200495648096331,1.0167834293510365,1.21959578149239,1.3587819907329677,1.5593457590185729,2.4940618396621552,False
1YYX,A87G,3.0,1.6290712946159538,1.5186655054334632,1.823195248193432,2.1201288845285298,1.0167834293510365,1.8106709387255449,2.090905604744397,1.4653712109124428,2.1692405367200083,False
1YYX,A90G,2.9,1.0949462685614493,0.6848855568951461,0.9242686798171476,0.9820879183384168,1.0167834293510365,1.4631712271485502,1.537205599198191,1.142156504332846,2.075857913782513,False
1YYX,F61A,5.5,2.7464222938965217,2.227342986643858,2.5189349252003232,2.465943289132589,1.5289742388162222,1.954981803418912,2.172137683352412,2.003343511130164,3.02199174415359,False
1YYX,F65A,2.5,1.972386915407908,1.8681028879070665,1.9627392038393536,2.1469648799559025,1.5289742388162222,1.7235349973921703,2.0125515052888945,2.017929722006612,2.1498899902382043,False
1YYX,I72A,4.7,2.71839494527951,2.277347631292701,2.349725655734677,2.1264417760758327,1.1841563309167786,2.007291679844594,1.809619263109204,2.0024114140397544,2.990171267817652,False
1YYX,I98A,3.8,1.954669220076377,1.9267084283965807,2.0438084412422173,1.89134508515456,1.1841563309167786,1.8522617465576223,1.8028690220757488,1.8661621936552044,2.817807132124417,False
1YYX,L48A,4.2,2.059873652080116,1.8077307997739216,1.9682446448831443,1.3590629736346471,1.2014524221761822,1.6321895380119489,1.918227196804595,1.567838918624194,1.3977465300491452,False
1YYX,L68A,4.0,2.429174969289228,2.189847874285955,2.172587576390408,2.138534917319313,1.2014524221761822,1.634454164479536,1.7180656516795096,1.8763066087612088,2.674083855843505,False
1YYX,L76A,3.4,1.9249252981913216,1.7128212911931056,1.4189081354232236,1.400203993077244,1.2014524221761822,1.5527388545229597,1.702292848748444,1.3907654105359994,2.495062219334164,False
1YYX,L94A,1.7,1.7962190343888214,1.27434307658213,1.636634030883814,0.8682503781998834,1.2014524221761822,0.54155874444231,0.7078917855179819,0.8085862183118293,2.125511477813215,False
1YYX,M33A,3.5,1.9919132966902544,1.8061581107277167,2.2239328301253147,2.165645832905449,1.2557927654126757,1.1639715530694492,1.6623467226686806,1.6929578336263824,1.5521480272219195,False
1YYX,M58A,3.6,1.934389318451354,1.6994967392899478,1.6505405457946576,1.229120349082957,1.2557927654126757,0.8619317403597467,1.366253443121217,1.3677121936312375,1.988882704226583,False
1YYX,V84A,3.9,1.4049713617437185,1.418730702092755,1.4918380037186334,1.190466427936774,1.0343518725154948,0.7077854282520033,1.2642708868866508,1.318552845804114,1.0146241439413572,False
P01625,S103T,-0.1,0.6032814952435912,0.4424533385411456,0.4745462757321381,0.3780162984577997,0.1863785943013882,0.0551295367696779,0.0587932556637556,0.3578298744492788,0.9445101868296327,False
P01625,K71T,2.3,0.8214284855589169,0.6258822572377578,0.8009915596586847,0.6310277652793326,0.4098394248448246,0.5176011268521473,0.6228775869223206,0.3638988429305348,0.6105136667177644,False
P01625,T100H,-0.7,1.8013184494495615,1.0658301024656505,1.479151839667468,1.0462084682170625,0.6723495817940909,1.2015260521180535,1.2981484091580275,1.0241196964641623,1.0993594087279401,False
P00651,D75W,0.9,0.1119483461325775,0.1240514968425724,0.2694302604576672,0.4403367313649177,0.3341141719831812,-0.0027903313858543,0.0144578830278872,0.4174701572254598,0.6324957439675005,False
P05230,C132V,0.3,-0.0717213110954967,-0.1316245065006254,-0.1316397200629054,0.6474971852335732,0.7132881222054334,-0.2487378670628361,0.342736131317263,0.4351389606001196,-0.1762489164851846,True
P05230,V46I,1.0,0.7868814221891031,0.614685042410559,0.7609413282580049,1.6980949209188114,0.2068428039589834,1.031862830762583,1.2074538938249106,1.2205088958272534,0.8434355528773029,True
P04164,M69A,-5.0,1.129247824532058,1.1394289865472569,1.323654549594539,0.723248723635417,1.2557927654126757,1.186793524361842,1.2138588959035104,0.938869884420613,0.785472338227376,True
P04164,M69H,0.7,1.021177394393574,0.924436961123372,0.9692354993513922,0.4972161647198113,1.0440558952570609,1.2570922579629578,1.2211625324242092,0.8644141932260461,0.6490744358834512,True
Q03026,A33P,0.2,0.9062768228301342,0.6841556231485748,0.6289440338470997,0.4183151108635504,1.6818975115145205,-0.0420705319184278,0.2272721742336397,0.1857055892528248,0.24098267973037907,True
Q03026,D35P,0.5,1.4050029034764762,1.0796139591622895,1.6972298462230426,1.8281044025590352,1.3831935573405447,0.5876498374826857,0.5499766917347657,1.467878365276973,2.107688948503025,True
P61823,I107L,2.2,0.1326706078520553,0.3861684242627544,0.3043538925850447,1.0888889092075271,0.3561546230629321,0.9071852464931308,1.2505269072792826,1.270716593769896,1.5753191472213983,True
P61823,N93D,-0.6,0.205767120494083,0.1909275578839643,0.3527259245258195,0.9747813517218928,0.3493393529451628,0.3673080904278136,0.2936068683910732,0.7095362980712527,0.32068863278040155,True
P00720,A42F,5.2,0.6319097482189294,0.5358407946094883,1.0111197347736949,1.3398842811813794,0.5669500479126135,0.4784087958657526,1.142781294306796,0.6628247082731618,0.007097565320359656,False
P00720,A42I,4.4,1.6255020712122104,1.5397011213221845,1.4869907421123014,1.682157215602054,0.4266509499960544,1.143814152610317,1.7030214158996866,1.4155932240142828,0.836540437585642,False
P00720,A42L,5.1,1.7792762222452034,1.8755101318662344,1.8757242000030985,2.390581878554972,0.5600622370961714,2.138955469679906,2.388631251762517,2.0320232709904684,1.5477938538015192,False
P00720,A42V,3.5,1.761833851986493,1.713341237302173,1.7683273960696215,1.726317742026286,0.554681399987439,1.0268218587617737,1.698896456566595,1.4115646108260689,0.7281191284258037,False
P00720,A98C,1.1,0.2252464707542444,0.1526928858994728,0.2367164314845968,1.4108551513965086,0.3486246112307368,0.0740935508848147,0.8058108493809298,0.8882490485274797,0.2004554769030173,False
P00720,A98M,4.0,1.480090138133349,1.4242331503848824,1.7335928371902023,2.236643098500051,0.5024216771949103,2.0062558906510346,1.89258919731188,2.050970261520744,0.5728088764459782,False
P00720,A129F,1.9,1.06790237759815,1.0409001432183973,1.419014626370075,1.641663353891587,0.5669500479126135,1.2569255466853062,1.8842975171772345,1.49374904300632,0.7827719564981138,False
P00720,A129W,3.2,1.9194057461546208,1.5314007041001354,2.101859312374084,2.21915143110842,0.5254050654862725,2.0436339627706865,2.414522993754751,1.9895936353972588,1.4817296893209235,False
P61626,Y38A,2.8,2.481127745698492,2.6195028266275373,2.2862139614142287,2.8644092107945003,1.7437349920018923,2.232148411061134,2.3286975463618544,2.808117630303092,1.0749660627980606,False
P61626,Y38G,2.5,2.405131592619631,3.065645146215574,2.527146542722379,3.0622562903667165,1.6084509752438536,2.970392546277761,2.907056595302886,3.171921512880205,1.6932400252280173,False
P61626,S100A,-1.0,0.0814981638089494,0.1848069365042755,0.1679455353627617,0.1318579764748547,0.2432926602208638,0.1345673980279165,0.2411710253135163,-0.0604819770556966,-0.1024499927841741,False
P00651,V78S,4.9,1.968525994934749,1.8059034462688,1.7190198089291229,1.5675549998563985,1.2885300480370143,1.7779123582061254,1.7690397965528284,1.7533873606789214,1.7157672463896871,False
P00044,A13L,-0.3,0.2446380527159892,0.3928900018086209,0.1431427965105246,0.2250351540857576,0.5600622370961714,0.3354820250103186,0.2827268031544236,0.3333266830915487,-0.2713900870962467,True
P00044,A13Y,-0.3,-0.0686261145203767,0.111927049644238,0.0956832977438042,0.0169283704933786,0.5681414282966336,0.3753917893527391,0.182731287220983,0.1008375235875582,-0.25972724235621913,True
P00044,F16I,0.9,2.1182108728307325,1.9957259675175585,2.4133339200082204,1.990723671209123,1.0848385149568882,2.3547630975264098,2.399784721785162,2.231301827485248,2.289166798558978,True
P00044,F16M,3.3,1.7700449943333658,1.673418628586847,1.8821414548443696,1.8085474602470164,0.8718045334266025,1.795216736106419,2.022361556765604,1.763043339648754,1.6905794435776937,True
P00044,F16W,1.3,0.7716055028090351,0.671552618220933,0.485698736256532,0.6309407058225629,0.6861260040931049,0.9630159283851206,1.2678910154382057,0.7182236644387722,0.7185461226629277,True
P00044,F16Y,0.7,0.5613255252081064,0.6015984237006048,0.5419445113741603,0.877983421073149,0.9440751122903096,1.0579220868655446,1.2964909031057783,0.8857662265359728,1.3987457186499754,True
P00044,L100A,3.8,2.76548208734555,2.339937128708276,2.430679210853633,2.1458557656472124,1.2014524221761822,1.71060987919518,1.7018885982119074,1.9485876595503453,2.92246961013002,True
P00044,L100I,0.0,1.6548390433620273,0.9750206347685868,1.4360090469587232,1.1099010195595431,0.5869342221980756,0.7103633134303816,1.1160269526938538,1.0318386751759283,0.14819258037967775,True
P00044,L100T,3.3,1.9208374445593388,1.7050009678554336,2.041991005617519,1.851174200349964,1.4222499824767667,1.27465181671195,1.510102354786842,1.7152233285031624,2.061576370394093,True
P00044,L100V,0.7,1.2419962219636926,0.6816335570374991,1.0434152912730823,1.1008152403099862,0.8623550905554328,0.7691981525478491,0.964962436764916,1.0152368356699786,0.8561493771851576,True
P00044,Y103F,-0.1,-0.0537794434144432,-0.0465898670134434,-0.0532471941380209,0.5519953640820516,0.4611349587492128,0.0135749547921183,0.3701447301329491,0.3888143917893968,-0.02743725323552515,True
P00045,N62I,-2.4,-0.2348136365085131,-0.22833916796639,0.2237064868194581,0.1700600425916657,0.4760652469749477,-0.1464532554066795,0.309629203092652,0.430857280536804,-0.14835044595073,True
P04168,Y12F,2.3,0.200033107461324,0.8423419024337709,0.773468264689692,1.3557869951922477,0.4611349587492128,1.5615818472470115,1.519787974582313,1.7490080993946768,0.893857849150253,True
P00720,L39P,2.8,1.136849643790585,0.912488397734832,1.5904956300121946,1.1846301583967496,2.017389444430198,0.7066659355792753,1.05638310312192,1.2072962943601615,0.5143899768821513,False
P00720,P86A,0.4,0.9548066358620242,0.8608029550349242,0.9235174298720824,0.4340639356743583,0.8389758894075345,0.3642043900374078,0.5446249787793128,0.5946999782698179,0.012056615277402205,False
P00720,P143A,1.0,1.018972875455539,0.8441968205959622,0.999179838341642,0.4751919470515774,0.8389758894075345,0.4006165035377821,0.4496276450087643,0.2822075476869951,0.4190269724258828,False
P0AA25,P41S,-1.4,1.1964390223243098,0.9174816981623368,0.5957230514003538,0.2962769736959544,0.7389245096248371,0.6549600297399418,0.5986726871532047,0.3724531291512455,0.45196278423494707,True
P0A3E0,I103V,0.7,0.9672679680677796,0.8263525354513656,1.0037451008113332,1.4060413424194134,0.4763940359887177,0.7855406098633431,1.7417728725320645,1.4783585176235874,1.6209241567251769,True
P0A3E0,L142A,0.1,2.826209802090553,2.261580214974692,2.5532113915394468,2.853915841155274,1.2014524221761822,2.074662435069777,1.975570523322576,2.754493549702963,1.5810111225755337,True
P00004,P31A,5.566666666666666,1.325273323423125,1.2163660216193943,1.4666868995487057,1.1789784783844286,0.8389758894075345,0.7120027247304918,0.7523012320237221,0.8756923181375008,1.5004644037602426,True
P00004,Y68F,2.1666666666666665,-0.1155437774123409,-0.0813920417978526,-0.0123219306429048,0.3082220923689538,0.4611349587492128,0.3606943117522711,0.3533040778418718,0.2423573751687394,1.0703565536760205,True
P00004,L95V,1.0,1.1798973508053767,0.6762691493076541,1.0131710880486704,1.3067494538506346,0.8623550905554328,0.5424841625444954,0.8969565333253952,1.2337706159377797,1.0312399050393108,True
P00044,H32Y,1.9733333333333327,1.3968936176680065,1.360472731294999,1.3306385474840818,1.66273841549073,0.1593830289141042,1.508370842544705,1.2522508681673112,1.754799761762218,1.2116152907946227,True
P00044,N58H,1.6,0.8593608221164546,0.3548979501751582,0.4964832148337684,0.7878734151928416,0.3787495950396641,0.7785921697436406,0.8935916010788383,0.9258550345123095,0.5701110514386684,True
P00044,N58S,0.29,0.2157608505903233,0.4551832465910996,0.4204250314370153,0.9224599460866464,0.3313904717619403,0.6300174349491254,0.8975583845501361,1.0311832595899948,0.6460240066632441,True
P00044,T75E,-1.4,-0.1288260465424461,-0.2396138583000976,-0.2557530867789211,-0.0965495506377408,0.9311062346371518,-0.7009167212173594,-0.5104913947874746,-0.2301484837513072,-0.15748422470923684,True
P00044,K79W,1.51,0.4271225698108485,0.4090469805178964,0.2807023620254522,0.2227548411208611,0.1711479089862663,0.3815240298494684,0.1839330753953334,0.1877979140509451,1.0038145095073794,True
P00044,T102A,-0.9,1.4686808899595774,1.3500004921043611,1.3744957828699236,1.1941562327412103,0.7142191955934971,0.6187497261412607,0.5970850193709498,0.6581889225227789,0.078974206027553,True
P00094,K33D,1.2,1.6264444017568416,1.180069187194572,1.150175404421074,0.8347370534564394,0.7606922472331851,0.4902134134872784,0.3448166232564412,0.4727142606081223,1.114349342878393,True
P00094,K53E,-0.3,0.2275684057876206,0.2215061109413785,0.1657074030743127,-0.0261036666980518,0.3829837526569796,0.0472082035640498,0.2258587855922755,0.1202934400722584,0.6809038816310664,True
P00171,F40L,1.87,0.8607799993452032,0.448903982356449,0.4805807992644039,0.7518159397179544,0.9046232825122686,0.3595699034908672,1.3784215073952084,1.1019841026732995,1.078739845227736,True
P00171,V50H,1.4575,0.5145935942036669,0.4549775312512393,0.4196011761000524,0.6176537935655484,1.4115439367227989,0.9271747727481716,0.9875048308713812,1.0490573479817282,1.4027479535876575,True
P00171,V50Y,1.54,-0.1408634056233186,-0.0514482818002692,-0.0778829262260787,0.4493204380817092,0.9388008753007724,0.2422366443403416,0.5603491868061824,0.7591015400967415,1.4385445427302526,True
P00171,V66E,1.0750000000000002,0.9667650277803762,0.8360845430798773,0.6659711635374135,0.775359457248093,1.3505937145637226,0.97269258714889,1.207581715903664,1.1191472569495389,0.9785021605384352,True
P00171,V66H,1.615,0.8589060525941241,0.6314903182720323,0.6131382256384645,0.6543453832199638,1.4115439367227989,0.7651387205062697,0.9312633042367532,0.926938813699771,1.1855963027990262,True
P00171,V66K,2.365,0.8302362375603568,0.7042593354841492,0.6351047961153291,0.7255790613397908,1.47765797004906,0.956800435919868,1.153359550121986,1.0684511501975238,1.0321733103306827,True
P00171,V66Y,1.315,0.2188979040150422,0.1250478664604457,0.1347752787126745,0.4950297544617461,0.9388008753007724,0.3526275288329945,0.5532517093164253,0.6411536214200819,0.9895941245095561,True
P00257,T112A,1.37,0.0632052688495657,0.1892619011103742,0.1736412995584573,0.4893811614728154,0.7142191955934971,0.3967551199532785,0.6381266712919365,0.7566473941948186,0.4020905246701592,True
P00257,T112S,-0.0875,0.0332522949884181,0.1452081385779833,0.0973532522396625,0.5035756456847068,0.3817050466382695,0.3683434559147642,0.6616482155457583,0.7387687891199123,0.2809687027683945,True
P00257,H114R,1.2533333333333332,1.22725307973998,0.7792307108013764,0.9164622121291512,1.4760478143125002,0.4500540272471586,1.2198588227313756,1.5628443887781247,1.7438752401715338,1.2235426178786613,True
P00257,H114T,1.2633333333333334,0.8162351702962038,0.4573389652499089,0.4684881211408168,0.7044340738282151,0.3945613237086671,0.3298625318523575,1.2284227302424473,1.1933780950890926,1.1156949778980159,True
P00257,Y140F,0.0366666666666666,-0.1581989191164211,-0.1452449880486317,-0.154567538784931,0.135180400324482,0.4611349587492128,-0.0770258914398735,0.6190241229426003,0.649136460947672,0.026605686620475355,True
P00257,Y140L,0.4866666666666666,-0.1305267258699342,0.159327369866013,0.0300783416813224,0.1881087588808896,0.9739325641533106,0.4020229040876364,0.7863277617697058,0.7566541496913832,0.21376341781096841,True
P00257,Y140W,0.205,0.0385542164797885,-0.0850046885647101,-0.0956586105240253,0.1187038243180654,0.4801489638519242,-0.0095398185873664,0.6103374509073551,0.6586197290975668,0.04743418675269284,True
P00257,C153S,-0.9533333333333333,0.0892489693560963,0.1617817468185438,0.2055104988561091,0.321439085441874,0.7017005580061673,0.6474839735372206,1.1932818730546195,0.7768998748260115,0.304380020302052,True
P00268,V24I,-0.36,-0.0925284964863548,-0.2350353234716189,-0.173669860132721,-0.0792170153582857,0.2068428039589834,-0.6227286180499257,-0.3915290969072272,-0.0494298364218226,0.576005492043709,True
P00268,I33L,-0.76,-0.1074658115292965,-0.2349832369054746,-0.1875667840802426,0.3619364145413304,0.3561546230629321,-0.7888040427718989,-0.29390760758377,-0.0970852190067508,0.5747488573870397,True
P00282,I27A,3.2750000000000004,2.1111397567168684,2.045275499774484,2.362341703164448,2.134214705361328,1.1841563309167786,1.5092775291771596,1.8645641841889429,1.935023811275784,2.2406886004852122,True
P00282,I40V,0.32,0.6450063904410301,0.6032685530859068,0.8023021231556748,1.4833677832643322,0.4763940359887177,0.6571709100727787,1.228645731231201,1.1659631792675218,0.5062711384102858,True
P00282,V42A,1.526,1.6755164108029637,1.567083308839819,2.1735161665143896,2.310694791146734,1.0343518725154948,1.1264711158074168,1.693545490266171,1.7606114715184276,1.5337548376163852,True
P00282,W68A,3.375,3.36221749850438,3.029092419197439,3.0710857156591183,3.276314136161424,1.422381062656504,2.400760542774904,2.97337730701505,2.9687028891380494,2.0102404373152627,True
P00282,L70T,2.245,2.6800292280117475,2.6040206039251177,2.85478663918082,3.101455398110456,1.4222499824767667,1.973921440166449,2.53855980457773,2.7967016000291087,1.646290275019035,True
P00282,L70V,0.3,1.8895893428945847,1.7986614816120183,1.9859794857836324,2.3967699603076453,0.8623550905554328,1.4894781085858155,2.197425584590635,2.3130492269471365,0.9435948506338806,True
P00282,I101V,0.155,0.695811270255545,0.6761026494380864,0.9996297647492376,1.6130302930785565,0.4763940359887177,1.1155064553845233,1.1539960160187497,1.6361853272413291,1.09318551519633,True
P00648,N52A,1.81,0.9649914998555896,1.040927310878914,0.9548952069492984,1.2183880419939217,0.4555207489795747,1.2282303638192855,1.329468342854757,1.0771627653109015,1.2619338033561434,False
P00648,T53S,0.26,-0.042281822441882,0.0478704812063173,0.1206039857634466,0.4200868087154513,0.3817050466382695,0.0566839964855492,0.5085894566340642,0.2050105527840731,0.7586230257719282,False
P00648,D55G,1.154,0.2667532798450588,0.222818935792418,0.4516517768128631,0.3969803451463737,0.5697595279787511,0.2321132920678278,0.5250137743358406,0.062843386052737,0.5552496433593269,False
P00648,D55S,0.7675,-0.0602613421286063,0.0058697533397176,-0.0890694553380147,-0.1948840117625179,0.1591144950960311,0.1054976755782934,0.345983655357234,-0.1736320115433335,0.03660418812852312,False
P00648,V57A,3.34,1.978733220368656,1.9297327862567832,2.6144759868893943,2.133920922734322,1.0343518725154948,1.190440568523098,2.019140679080059,1.9227673652535564,1.4864430437668332,False
P00648,D59S,0.7833333333333333,-0.0211088496651723,-0.0810238796598098,-0.0848016750925399,-0.1541843670784826,0.1591144950960311,-0.0246492101213418,0.1581241916502805,-0.10202477026853,0.3012882257539042,False
P00648,Y60F,0.5033333333333333,0.0231388616064687,-0.0054032343611728,-0.0024986101325021,0.3666220709497317,0.4611349587492128,0.2984888738450602,0.3062200801164064,0.3067686911180526,-0.04109323404358345,False
P00648,Q62I,-1.2,0.0957516278995211,-0.1432714861863841,-0.3100614293539657,-0.3687850179595952,0.0817144519999654,-0.2572131632287395,-0.0060083513951567,-0.004998823477974,-0.6915572467252133,False
P00648,T63A,0.3675,-0.032626110953123,0.0829791721231487,0.042319579097283,0.0671089895848861,0.7142191955934971,-0.094084883448636,0.235622178240613,0.0072012524334937,0.21898052936797618,False
P00648,T63S,1.6388888888888888,0.0761393929739823,0.1922024084254123,0.2664087716245487,0.1919275540676469,0.3817050466382695,0.0995473764933846,0.3708209783264004,0.1579318589145772,0.37243443837918633,False
P00648,Y64F,0.45,-0.0830819208590311,-0.0630381212467167,-0.0537961863517958,0.9579221186066398,0.4611349587492128,0.1118262404022903,0.1042044565073197,0.5615048424410484,0.15995190106053186,False
P00648,H65A,1.925,0.7285606870973785,0.3363331043002613,0.8299809837937998,0.6365565236898691,0.5585512997788673,0.2546163597723829,0.4031145149767742,0.7487788453523571,0.8750528797618933,False
P00648,H65K,1.038,-0.0825576596061479,-0.0593102694593367,0.2609845837379929,0.5424438091912885,0.2395199181682217,-0.0294214139600575,0.3396588575611374,0.5036554258875665,0.5259615244916375,False
P00648,H65N,1.66,0.7420574677917451,0.4729743436138223,0.9564900673863316,0.6966888616400857,0.307313882273309,0.1778774813259351,0.3091085205312172,0.7512163173647416,0.9400949928212385,False
P00648,H65Q,1.435,0.0767661879828305,-0.0550325089930088,0.3877710108947563,0.5520545531362402,0.2831600273313526,-0.0652214375394242,0.1362903669621686,0.471480300310129,0.577740327029222,False
P00648,H65R,1.0425,-0.1409095155938309,-0.1368606629732254,-0.1161736532514238,0.5314626073794039,0.4500540272471586,-0.0127179936130442,0.1894700518305885,0.4781147461007472,0.6399828848205601,False
P00648,D69M,0.185,0.3065802033928708,-0.0542191050474111,0.1494563409989423,0.4200259231730457,0.3655452584024315,-0.0101032054711608,0.311282953979122,0.3780291779736193,0.22384144256860394,False
P00648,N70A,2.19,1.7038398063946096,1.4587727752264552,1.129478941900791,1.4641359995503986,0.4555207489795747,1.4134733205612222,1.370479319602053,1.3565807243815506,0.25492308213563963,False
P00648,Y71F,-0.0633333333333333,0.2126009159786145,0.1190240610052928,0.2786589475830757,1.4388770003409868,0.4611349587492128,0.3554617081112575,1.2496303631520207,1.5483679665788566,0.5256710351838454,False
P00648,I72V,1.0033333333333334,1.0075989257140183,0.8302872494366828,1.0567900176680185,1.6961271043400437,0.4763940359887177,0.5261357579736292,1.2313510882773246,1.5633235662250384,1.184627158166212,False
P00648,T73D,0.0266666666666666,1.4653401966979047,1.0447416784785442,1.3438613816689566,2.0744252251915003,0.6974880315619807,0.9770332337669648,1.5363977427227338,1.8676420397544184,1.8928283542566207,False
P00648,T73S,0.53,0.7728196717430661,0.5153656492366467,0.6597499738518883,0.9964041021419484,0.3817050466382695,0.3828915662019586,1.1673186405008011,0.9381789460858296,1.0669908776035073,False
P00648,T73V,2.205,1.0044261238231458,0.2816255873400101,0.9046718725529364,0.9475005506994594,0.346772357079152,0.288869458397214,1.0798571833168469,0.9636717522956084,0.603092663283626,False
P00648,K74A,-0.445,0.5925393717684464,0.3966763430198343,0.7586009755468017,0.6501739870896598,0.3055327627161711,0.4329468969400724,0.7975170921329988,0.7232077861230823,0.27396919180859663,False
P00648,K74G,0.35,1.304129453589407,0.9538954665668004,1.4237721245506738,1.6473154013881248,0.7248042648400427,0.5499367141106156,1.1625248079869364,1.243721472559039,0.9609984619685747,False
P00648,S75A,-0.4775,0.0380024188833015,0.0577953079166812,0.021325018770871,-0.1981227702486874,0.2432926602208638,-0.0043791258498548,0.316703675164636,-0.2221816288107967,-0.31753952492029813,False
P00648,S75E,-0.5,0.4053590380633411,0.2279263684347256,0.2197433489477441,0.1408910711220347,0.4890030004011723,0.1301317059547634,0.34981855633259,0.0942463257844548,0.04108014726139764,False
P00648,S75G,0.45,0.3021840603293234,0.2156314826950393,0.2876044905982605,0.3375075372831779,0.428383407318773,0.1790512492205352,0.6009016677513381,0.0326443514196349,0.29868618955851245,False
P00648,E76A,1.242,0.3526110972587777,0.3861754449002408,0.4300415035313582,0.2519419896077847,0.2608713460382981,0.5637182090432169,0.6498805481131603,0.4172411788788735,0.8059888075475038,False
P00648,E76G,1.8671428571428568,0.5727140037611169,0.6280225282742352,0.9102634546688184,0.5956152238173387,0.6400959207537913,0.603020421819694,0.8752796104023256,0.4998331062252257,1.3837326290608556,False
P00648,E76Q,0.1733333333333333,0.0237389819111467,0.0361488824517517,0.0101713997791257,-0.1195926516200924,0.1605155413051134,0.1250605742577867,0.318636225289797,0.0875460981618809,0.6927883510865361,False
P00648,E76S,1.143333333333333,0.4656846298451946,0.5141771321057658,0.7428266779996892,0.5940175045937219,0.2643424724512143,0.7505951366134308,0.8307216963130111,0.6438347732847971,1.2677260272040816,False
P00648,Q78A,-0.1333333333333333,0.141596000781189,0.0795141540753195,0.2104977542945522,0.1529793044444224,0.3064432922577295,0.1332328327498218,0.5837904093240632,0.2182831981509249,-0.1705472735493625,False
P00648,Q78G,0.995,0.4969726015283343,0.4264842548800656,0.6758041103974566,0.9457858393959812,1.049600017225793,0.3709397785464584,0.8446181032323838,0.6571284450360466,0.6958251151277645,False
P00648,Q78S,0.175,0.2851406719411816,0.1119043008310123,0.2454344697015079,0.1495240099757437,0.287836043016506,0.2006176045860717,0.6018039222122118,0.2509803786544308,0.133961984948343,False
P00648,A79D,0.5,0.1866499012598927,0.2038368855431719,0.2048385274748876,0.1510242822795668,1.3512263441005974,0.1373844370863386,0.4342014386459418,0.3353541513255771,0.515565978448327,False
P00648,A79F,0.5666666666666667,0.3366725623560169,0.0961535751500282,0.3315960528521531,0.1351527665978352,0.5669500479126135,-0.0233683673904973,0.1638641052324876,0.265049436053637,0.404495788981368,False
P00648,A79G,0.842,0.4770237033368953,0.233632458871956,0.4848252760657825,0.3203360115867271,1.0167834293510365,0.2473491006087648,0.5133350487369117,0.3847336084364989,0.6423479382239026,False
P00648,A79H,0.7000000000000001,0.1882883534824909,0.1319893607278282,0.1904020539845283,0.0628468977575572,0.9667412523712924,0.1729751800137989,0.3441119276015848,0.2319562408142993,0.1856321808484902,False
P00648,A79I,0.7000000000000001,0.0287964521408717,-0.0768888670062634,0.1424085637725913,0.0682730770643068,0.4266509499960544,0.0390944949923978,0.3265981973845102,0.1754053826230192,0.38580666151282195,False
P00648,A79K,0.15,-0.2205629653692519,-0.0703075469598837,-0.1260132938395157,-0.2082245596422073,0.7168476726588757,0.1448178487186868,0.4091269466901954,0.0918626351912184,0.19708955256049931,False
P00648,A79L,0.1666666666666666,0.013388175632978,-0.0709996667770771,0.0682862759185807,-0.1547150938997597,0.5600622370961714,-0.0443411459628963,0.2650571731989983,0.0518646385019514,0.37779344889768557,False
P00648,A79M,0.1999999999999999,0.1010504951145532,-0.0239642335668387,0.1225556428980465,-0.1579365568347962,0.5024216771949103,-0.0930405247100269,0.2329891613491966,0.0575771867622334,0.21801353110838118,False
P00648,A79Q,0.3999999999999999,0.0059046142157022,-0.0218506867636169,0.0312000716054431,-0.1017153026027906,0.9395368478409278,-0.0331504621550896,0.303204532691893,0.1078920862528578,0.18229109118777798,False
P00648,A79R,0.15,0.042375632608379,-0.0384139211420805,-0.1887145154704357,-0.2296452737824684,0.9972008340639013,-0.020694401607711,0.2731092728898832,-0.049215983150283,0.06727756084178982,False
P00648,A79S,0.25,0.1859022955751326,0.0674262191173971,0.2615113547401547,0.0308061832708318,0.5320077206749324,0.0686403960569204,0.3777612343879186,0.1446879265530226,0.2444691447138101,False
P00648,A79T,0.6,0.2641745722075682,0.2329477200177184,0.4284193842887197,0.1564252780387554,0.9039757476571364,0.1376357902048992,0.4133321958539588,0.2899219227400189,0.3260301450870944,False
P00648,A79W,1.05,0.4526207587600673,0.1610781518530729,0.4414479786435145,0.2155059912277426,0.5254050654862725,-0.02652780954549,0.17409194054311,0.4124929320120262,0.70335265774378,False
P00648,A79Y,0.7000000000000001,0.3804947326516617,0.1603520129308,0.3096075365154843,0.1278650293274481,0.5681414282966336,0.0253947610521723,0.1833059139663989,0.2710008552270698,0.483560859483983,False
P00648,L80Q,1.3,1.5072069868535671,1.1955514850227715,1.6299881143147896,1.6760409830676164,1.9005747828243549,0.6297660966503541,0.9993129114563676,1.4211387436700955,0.8555051347256984,False
P00648,G81R,2.606666666666667,1.5581586677380177,1.2171632954895288,1.6004584197516667,1.5346679893514827,1.309423773031691,0.817917008808055,0.6571608019703596,1.2762135720073575,1.8734320397738995,False
P00648,V83A,1.3616666666666666,1.2744454298955012,0.7655564167700319,1.2465336425765643,0.6157195313329524,1.0343518725154948,0.0663651013828045,0.2031235784332838,0.1131463636288266,0.6512346510951266,False
P00648,V83T,1.0625,0.7942659742911127,0.5410859873914103,0.8364072899227256,0.4885844705614377,1.1707108781884497,0.0828849902507608,0.189190526790507,0.0747239530507221,0.6728978979836492,False
P00648,S85A,-0.25,0.0329790882490173,0.0281432827906938,-0.0384903095446428,0.2366650583892227,0.2432926602208638,0.0663307480940112,0.2177494465462349,0.0470699394937394,0.016904591831404747,False
P00648,N88D,2.464,1.6685561212094584,1.2802131698952546,1.9639267251545705,2.4235224891521634,0.3493393529451628,0.974717192812793,0.8733959697528026,1.539463826879523,1.4811958385996686,False
P00648,D91E,-0.2,-0.1967942778098836,-0.2322071326503562,-0.1353330087973332,0.0796423246500677,0.5547454434476486,-0.0374446083636185,0.1061511569758547,-0.0235934196755181,0.21724100018229253,False
P00648,V92T,2.264,1.124325403923278,0.8069949904878477,1.3439390723516418,0.7852457523822798,1.1707108781884497,0.5254215860365301,0.7648958025028939,0.8233340421104541,1.122550557277555,False
P00648,I98V,1.82,0.7387743068477391,0.7497207584007423,1.1095218155893498,2.358427594135763,0.4763940359887177,0.7093528024827005,1.8453139317872853,1.7322359172542183,0.8597285422465113,False
P00648,N105D,-0.425,1.3342720842116162,1.1225470279947125,1.5913528418777738,1.0882378626702789,0.3493393529451628,1.4024758429476214,1.825126736070064,0.9898180329901368,1.6950947609962355,False
P00648,R106A,-0.5700000000000001,0.0886624659804035,-0.1036699974467701,0.0417322078167458,0.3232109012716088,0.4842385177740145,-0.0391787821996586,0.1520126718395109,0.4000074875729929,-0.14946112470858286,False
P00648,K109R,0.305,0.12002657584858,-0.0183158196914754,0.0394990701199981,0.3264132349683185,0.0988915994947232,0.0529272744841083,0.4515871322860759,0.2133872719506622,-0.04284475271637045,False
P00648,R116K,3.165,2.164450568026754,2.134604473902771,1.887888467853556,2.0655602818574184,0.2357077728192357,2.23096762281562,2.314391472609491,2.264200850196769,1.7819481423554322,False
P00648,R116S,2.76,2.4343952275043512,2.1400714110167827,2.264100978468468,1.8343473694398296,0.6585972295567544,1.704589211039056,1.873668422723694,1.8944712531488364,2.2022210437466008,False
P00648,D122N,4.9,1.091106058802961,0.8993953585264259,1.037453635865773,2.130202702903318,0.339742220712424,0.920725683763903,1.6369076261313853,1.966514579260067,0.6113957858304427,False
P00648,I123V,0.855,0.7303854214991286,0.468913544458285,0.7228972306724144,1.5109643986957213,0.4763940359887177,0.2689486706820294,1.4092264704049613,1.3902668727435137,0.42621892026519415,False
P00648,N124A,1.565,0.968958621622344,0.7416323434890365,0.9724961466711964,1.0874953758100978,0.4555207489795747,1.1169466361889475,1.4015397366059157,1.1121859626591828,1.2464599833579397,False
P00648,Y125F,1.325,0.3706671322177772,0.1199692105274871,0.2628438914863741,0.7252131112508422,0.4611349587492128,0.8072601893244696,1.409788099423233,1.0827871795310269,0.06746062787487156,False
P00648,T126V,-0.25,-0.1331753791809676,-0.084367922457196,-0.0780366970419168,0.1206016325449669,0.346772357079152,0.0153281573466364,0.3718251865999044,0.1455417640354935,0.5273185892200021,False
P00648,R130K,4.265000000000001,1.8404907236419847,1.4997829237809623,1.6959101227609934,1.3624064779608802,0.2357077728192357,1.6763540098158791,1.80574918735692,1.4770103629115754,1.2153720966032324,False
P00648,N131A,1.87,0.950119544819637,0.8534573091297049,0.6535791783163027,0.3668135097936758,0.4555207489795747,0.6905772559800838,0.7008562808904394,0.5381524523133494,0.8523615035929598,False
P00648,I135L,0.1666666666666666,0.0888477010486687,-0.0138480324019983,-0.0013965533437399,1.153011318243487,0.3561546230629321,0.2636805473841211,1.1316003711965503,1.4224160087408813,1.1966589567179944,False
P00648,I135V,1.3877777777777778,0.771193822853555,0.6366459124347866,0.7614584395764267,1.6553063506922066,0.4763940359887177,0.4011308842060874,1.3669991801583992,1.678863275915329,1.3200312902244842,False
P00648,L136V,0.3,0.903387014068976,0.5254014502462253,0.5496986156415125,1.204471491685224,0.8623550905554328,-0.0570423995142985,1.332345125231143,1.200832004761645,0.5651414896764901,False
P00648,D140N,4.055,1.4660383750963777,1.2990578596410682,1.4460511423386893,1.831633532535501,0.339742220712424,1.2016786068870426,0.9903572400092256,1.931160157848124,1.2624036931145768,False
P00648,W141F,0.8320000000000001,0.998131829488973,0.6388798961769828,0.7876219214724918,0.7683808673866022,1.2050690927023977,0.5917588957292295,0.8123512553040566,0.4211461794809278,0.7524767796293437,False
P00648,W141Y,1.14,1.2657343615487044,0.917833273160064,0.7330336220647883,0.9268425682587582,1.1090101595116368,0.6600301180779441,0.8891031070694959,0.5856331715072169,1.1501971787072955,False
P00648,I143V,0.96,0.5381982010915676,0.5564078248493296,0.6190477764054966,0.8075510679101978,0.4763940359887177,0.3959370420422911,1.2481125915048297,0.961678134228552,1.3472878478353199,False
P00648,T146V,2.758,0.718537471900133,0.3986192961401657,0.7754225867398449,1.754818103527345,0.346772357079152,0.3507955595444834,1.0460489811921008,1.403666388892339,1.384008561256153,False
P00648,Y150F,0.12,0.0952609134510343,0.1436391762163458,0.1783803907021268,0.4712226399155056,0.4611349587492128,0.535754790051489,1.0658218845849652,1.2751742378590858,0.4214049876134286,False
P00648,Q151A,0.115,-0.0106179857163475,0.0492141721958839,0.1880657770464404,0.0562240738761494,0.3064432922577295,0.0401508735972376,0.2057836805413818,0.1320886940672036,-0.026289429107595907,False
P00648,T152V,2.13,0.691745428269424,0.6103325979848507,0.5812692713748009,0.1461913321959045,0.346772357079152,0.2809011773835665,0.1605444078021183,0.226209371382795,0.7734334460103631,False
P00648,K155R,-0.7999999999999999,-0.2189212244590745,-0.2725521156968592,-0.3046046638622141,-0.5269807580017826,0.0988915994947232,-0.3048204494726964,0.1067108327044679,-0.2577850576808446,0.30691747638410427,False
P00648,I156V,0.765,0.6810102171618141,0.5791067386598584,0.6860000847550015,0.5260226779766514,0.4763940359887177,0.4588547770258742,0.564733545506781,0.7237875397155007,0.6894762470909341,False
P00648,R157A,0.3025,0.6452430366042904,0.4110694657555901,0.4474738407727964,0.1783192127091618,0.4842385177740145,-0.0101618125569531,-0.0264641228742509,-0.0737450985739385,0.44767332759987793,False
P00651,N35A,0.8033333333333333,0.4442404256616393,0.8000832064235522,0.8395980458910606,1.034894712610294,0.4555207489795747,0.6156281187154938,0.9110598005986568,0.821794085981737,0.18006737579997256,False
P00651,Y37F,2.07,0.4588441788602318,0.375927501354497,0.4063785484727608,0.9255226649185454,0.4611349587492128,0.6088417499208735,0.8325819666784327,0.954946766976725,0.21626556739873076,False
P00651,S38A,1.155,0.3281598640521426,0.2959148854853876,0.2942013591229303,0.5160196628648521,0.2432926602208638,0.4076418479270328,0.6652803983389189,0.3323902290672523,0.3449661686593419,False
P00651,V42A,2.295,1.3609503801630356,1.4775981867881185,1.9126534268029896,1.810686277047561,1.0343518725154948,0.8226796167360462,1.1756090097190812,1.3635638166051876,1.568738977256045,False
P00651,V42S,4.69,2.2644173751163,2.359587552625288,3.0349792509556086,3.301501558797586,1.2885300480370143,1.8732449284185424,2.1636329373419496,2.776245173635626,2.6829343846145437,False
P00651,S43A,-0.62,-0.1936999783503381,-0.0545534956723885,-0.1962697991844589,-0.1402203431683399,0.2432926602208638,-0.062252686215519,0.0064259595730653,-0.2295530581347925,-0.44331170392080743,False
P00651,A47G,1.0,0.6031014363785695,0.4218404412671223,0.6552580190116379,0.5562262173092275,1.0167834293510365,0.1036431107075274,0.6657209494474662,0.2806269705495644,0.954907897695467,False
P00651,A47H,0.3575,0.0658934910817505,0.0794642900721288,0.1101445729741164,0.1860112668454219,0.9667412523712924,0.0267278157146817,0.2090352510290865,0.0189177794871267,0.3406182810792187,False
P00651,A47Q,0.33,-0.1608197717783741,-0.1635687712701438,-0.078306192797996,0.1575493885263364,0.9395368478409278,-0.2688472120180551,0.0743804992295727,-0.1008494899534999,0.12404505928390969,False
P00651,A47S,0.445,0.2080582283395076,0.0641638899948428,0.1347780642614207,0.1424377441501264,0.5320077206749324,-0.0255461828956852,0.3970901041061675,-0.0085376910978299,0.47833637974148163,False
P00651,Y68F,-1.145,-0.0600535309672964,-0.0689658331568033,-0.0076954108347874,1.034973595945311,0.4611349587492128,0.2236490902306,0.8208545111193322,0.7231407562830114,-0.003681924128586256,False
P00651,N70A,1.908,2.2890563422248613,2.0639775552747537,2.33691806840154,2.0190452326394515,0.4555207489795747,1.5378604576835522,1.5763153498103697,1.5907999579436,0.528659595269161,False
P00651,N70S,1.775,2.103971993414453,1.8515303060881425,2.3015084951282,2.061364940937041,0.3313904717619403,1.6357473743147837,1.8012865895022798,1.722364749076561,0.5324157378434761,False
P00651,Y82F,0.745,0.1470361205690069,0.1011650584168446,0.1046312778188469,0.866060652108593,0.4611349587492128,0.526868503808902,0.7342103455297998,1.234254455909582,0.6263825911115106,False
P00651,Y83F,0.47,-0.0053554011194195,0.0377219968378783,-0.0351179718199736,0.5172040394659435,0.4611349587492128,0.189989101683344,0.707209592226311,0.2381049612844507,0.38310035297557743,False
P00651,S90A,1.5,1.5316058233707603,1.329471582276529,1.023919230020693,0.5155956236502045,0.2432926602208638,1.158561024942987,1.1741010474443148,0.6861194743792022,1.4715841562958056,False
P00651,Y94F,1.355,0.0572138935000362,0.0418876628371291,0.0721153077620333,1.0778762673921392,0.4611349587492128,0.6515966037961154,0.8940708666605559,1.112130235292615,-0.07493463029733693,False
P00651,D102A,3.75,0.8874194291130235,1.0131543470311786,1.3766602344404149,2.842729712015303,0.3830785361353898,1.3350045060057534,1.220500637606725,2.300640280462207,0.4036947823597239,False
P00651,D102S,3.2,0.5913534510497839,0.7419619921126503,1.073109547912327,2.6979442354723675,0.1591144950960311,1.1601228309818017,1.177584204354077,2.165842671634792,0.7510610585057202,False
P00651,V104A,4.09,1.918419299380732,1.7667401419662052,1.8936192416865147,2.546500261084072,1.0343518725154948,1.4536960114934232,2.101500656047962,2.32847898294625,1.6283901923610975,False
P00651,V104C,3.685,1.2435496128756476,1.1863230207053783,1.4606488734575085,2.3137748134898795,0.651611987066557,1.333623653559196,1.9688189363658288,2.00267139433995,1.3346987445624074,False
P00651,V104S,4.715,2.3807927121271124,2.4414158111954123,2.72457614066698,3.6233376875280414,1.2885300480370143,2.338197022582289,2.96726656890256,3.2376859520123347,2.0740077503851633,False
P00651,N107A,2.89,2.352806783862679,1.7125576399057008,2.15112377089387,2.043841730183165,0.4555207489795747,1.414878111198151,1.2697532696809513,1.7180940036455794,1.3742648076841177,False
P00651,V115C,3.52,0.6919500558133892,0.5528199597315047,0.7265603735375239,2.2831455257055824,0.651611987066557,0.7236933214187906,1.7905254352762217,1.6893189483673208,1.3767089079260373,False
P00651,V115S,4.885,2.1454584762469744,2.1978119842348027,2.6945503313917434,3.963431176689864,1.2885300480370143,2.437350543846028,3.187663376017652,3.422880255503369,2.8265940144791473,False
P00651,V115T,3.085,1.1895142242126475,1.1471653398500663,1.6846507827140904,2.63000591790635,1.1707108781884497,1.0366453239456317,2.108863542770881,1.977645239773368,1.6259403823288543,False
P00698,I76M,1.09,1.8669125734656733,1.5730756643682675,2.322699900178073,2.454042106553436,0.7620248195826685,2.2167009081471964,2.492880607977157,2.629591432917704,1.4373504284419543,False
P00698,I96M,0.8500000000000001,0.3123579273751597,0.2768625712509222,0.4411052397773808,0.8987781269965194,0.7620248195826685,0.4177784671655445,0.7235405128402606,0.908255031582127,0.7727674231477092,False
P00698,I116M,0.8500000000000001,0.8912729766343741,1.107190716584856,1.2749629600817405,1.609049240048951,0.7620248195826685,0.8763774320856961,1.170177111147654,1.416938870967149,0.9301394967303848,False
P00698,D119E,0.0,0.1657548044814193,0.1965771468312722,-0.0487160179655659,-0.0471534820728297,0.5547454434476486,0.2203387694023038,0.1658366867806414,0.2266072691885238,0.8427936997386025,False
P00698,D119G,-0.45,0.3459268971209503,0.1800594339532696,0.0191030369519288,-0.2814806790965458,0.5697595279787511,-0.034180645741895,-0.1265373910414366,-0.1330932027229173,0.4307621710532409,False
P00712,W123F,2.135,1.5397173806051407,1.3972833676991911,1.5356179222003976,1.943144016297544,1.2050690927023977,1.959068982453131,1.8501044865415848,1.9200404229905943,0.7464986244979933,False
P00712,W137F,-0.2299999999999999,0.456890843883113,0.1725598513991476,0.3883031445655255,0.7064796288918291,1.2050690927023977,0.5478975729711681,0.9346627207440884,0.843381018718867,0.8438655563374217,False
P00720,I3G,1.9666666666666668,1.9760523049899408,2.020862770563953,1.7059964648522317,1.4872067335464605,1.9335670928902624,1.6951111958308434,1.983514478767177,1.6311758498856146,1.1304170664517592,False
P00720,I3S,1.8,2.037710194020339,1.8381114740718287,2.143464731338063,2.0064280640208936,1.7052919680292749,1.560768548684888,1.8094008189187167,1.829194495010568,1.4849718780323427,False
P00720,I3V,0.5,0.0647960211150159,-0.0252526481689017,0.1181125546940186,0.3599066084690858,0.4763940359887177,-0.4316756388864883,0.4459290595094717,0.351248528663768,0.1846960940945746,False
P00720,I3Y,2.475,1.1754844062076606,1.3285753344426727,1.4615449911511216,1.5822059621066964,1.0454899005975338,1.6654567103523568,1.768407390027189,1.6283741380847083,1.4729896102366489,False
P00720,R14K,0.015,0.3907178286331881,0.3968404925580046,0.2993876556292483,0.0282101333164337,0.2357077728192357,0.1890180355874008,0.6475495094726067,0.1492370140270475,0.3306480402078193,False
P00720,D20A,0.4,1.6013730857386022,1.2736552916799415,1.905370392191427,1.510658041869927,0.3830785361353898,0.7254504273480752,0.7413359816037245,0.8664768483925303,1.7129020664797567,False
P00720,D20N,-1.2000000000000002,-0.1053533233582845,-0.1656363687207853,-0.314823864560403,-0.2315690527635105,0.339742220712424,-0.1824008822261081,0.0327246784065457,-0.3629505958514713,0.9182950061378898,False
P00720,E22K,-0.585,-0.034117201968974,-0.1197083998308847,0.0905247308693584,-0.0092868026878023,0.4116619799381557,0.0296235685395309,-0.0200457265190709,-0.0528319658910113,0.12742402555590182,False
P00720,T26S,-0.585,1.2059088716218045,0.8236569045555392,1.436611782693165,1.4715287594165016,0.3817050466382695,0.391668395976155,0.8082670490760314,0.7052765948525018,1.203892326407385,False
P00720,G28A,2.1,0.7861297815785269,0.8205112702209598,0.9403017313419724,1.6894662850307305,0.916421473108372,0.9765565021905188,1.4553287150110514,1.0770095441853398,0.9041779969924004,False
P00720,I29A,2.6,2.455394983627735,1.938966575607432,2.002562630637679,1.963729944233441,1.1841563309167786,1.3315990570158378,1.439150346297248,1.6622656318514497,1.5389490049154289,False
P00720,P37A,0.0999999999999999,0.5747452853695585,0.4292071704655377,0.6006826849815636,0.2164898065942531,0.8389758894075345,0.0239614536994059,0.3274007090342981,0.089867224832572,0.25036615600245055,False
P00720,S38N,0.025,0.5731273638170302,0.2604993318330674,0.3456193419737839,0.5565994130700294,0.3702711614679222,0.1114093979351418,0.1501803717537139,0.2238824832209871,0.18044764124118162,False
P00720,L39A,0.9,1.3964327250036763,1.1490975427684644,1.5936597798050027,0.9237286079577568,1.2014524221761822,0.5942629531857697,0.9063252445521912,1.107243459554221,0.466732538568252,False
P00720,N40D,-0.42,-0.1053974408143058,-0.0177081628816293,-0.1228403288006324,-0.2019134890870284,0.3493393529451628,-0.0699487747744035,0.0470484634106589,0.0030382191531845,-0.11090058244415357,False
P00720,A41D,-0.295,0.464215605365035,0.5051561472186845,0.185836300446993,-0.095422976760813,1.3512263441005974,0.0901521266724624,0.2648727585904445,0.0617459012979718,0.21162650884098483,False
P00720,A41S,0.7,0.3809558799333797,0.2082445599984015,0.2359286373736888,0.1441123393956306,0.5320077206749324,0.09391842071329,0.3833529086882872,0.2346354878812179,0.26325857187829227,False
P00720,A41V,-0.356,0.1069784248397859,0.2527707186041819,-0.1851126922053493,-0.2504912120631251,0.554681399987439,-0.1926434835410312,0.0794095009209645,-0.1482339312431622,-0.41086200876110024,False
P00720,A42K,3.7,2.5952158194739114,2.41186556056658,2.484723590660434,2.426077519612477,0.7168476726588757,2.6171166936496264,2.5749025255921265,2.413138501534501,2.18487688661953,False
P00720,S44C,0.105,0.1214379843894117,-0.0912967583781722,-0.0934676715528025,-0.1972928593136937,-0.0371298418079501,-0.2527103162839177,0.1440459113181648,0.0289046792356478,-0.005190393812578242,False
P00720,S44D,0.105,0.0040789069765153,0.1990047989906979,-0.1381218834398979,-0.1389561310115566,0.4420602824887117,0.1480321335927493,0.1755543163163497,0.1976123828742086,0.08869824243178914,False
P00720,S44E,0.0,-0.0337574480837188,0.0561419220397376,-0.1730332753620056,-0.1965716882615579,0.4890030004011723,0.0626560937647462,0.0815413514174924,0.0720093702591428,0.20980614550575827,False
P00720,S44F,-0.08,-0.0402877026211924,-0.0704916629558035,0.0461119805090561,-0.2129057065238877,0.4134295424613732,0.0785358434291893,0.1290805228804754,0.0369782297779811,0.04707950029954178,False
P00720,S44G,0.515,0.1311320813150056,0.0730683918596036,0.348411688913665,0.3098975786565436,0.428383407318773,0.072530423872726,0.2368862087030198,0.2542716524833329,0.639762545657712,False
P00720,S44H,-0.02,0.0256410367583306,0.0564713897294905,0.0474952120092182,-0.2214345871892513,0.193713663475811,0.1704217783748804,0.1897746192332303,0.0435787391553569,-0.22358182010592176,False
P00720,S44I,-0.305,-0.0752172825280473,-0.0720206241242756,-0.1673066370570607,-0.1795497449637938,0.5212295491337324,0.0685506460020751,0.0727014557887287,0.0711156961621564,-0.07795443000423152,False
P00720,S44K,-0.2,-0.076578912924119,0.0628255775432846,-0.066340958612704,-0.3063724482952381,0.2790208455382551,0.1924926326821823,0.1808870746753429,0.0738476042054184,-0.14255004471445387,False
P00720,S44L,-0.395,0.0141869464821481,-0.0118405744440925,-0.0803837955724824,-0.2378154262821107,0.3309719031483139,0.1020689359318643,0.131674239625846,0.0568332620431588,0.04852478219083378,False
P00720,S44M,-0.315,0.1990246972803366,0.0367573937103982,0.0143925713994281,-0.2911634527196107,0.422144259443243,0.0344666802480013,0.1071472347858584,0.0082620302957118,-0.053709577393043606,False
P00720,S44N,0.12,0.2121733417701124,0.1703641630729838,-0.0577194837988519,-0.2090174483175961,0.3702711614679222,0.0371508993235547,0.1161676200037125,0.092686750906615,0.046192031109233256,False
P00720,S44P,3.015,2.039403865824194,1.5620412880634718,2.283953882195955,2.4938269133095163,0.9919249525564166,0.4925118077813731,0.4795750495492262,1.4445300746603589,1.185848044062937,False
P00720,S44Q,-0.285,0.0529444981357524,0.0588831348557137,-0.0598883712987017,-0.248491459013222,0.3553997937875906,0.013711988412833,0.0788202925030122,0.015841972765828,0.08354799523196793,False
P00720,S44R,-0.22,-0.0511326635216999,-0.0268042369998857,-0.0603093385923167,-0.3218263037431396,0.4063450028505202,0.0330233786340161,0.0858330405094581,0.0023300069269411,-0.20896099959461334,False
P00720,S44T,-0.005,0.2045663820818802,0.1744982376319134,0.1188531155157984,-0.0744639591922138,0.1863785943013882,0.0710089172745688,0.1332168457841597,0.167193323790952,0.05945875251986127,False
P00720,S44V,-0.1,0.0649762004785293,0.0202601201852168,-0.0790504110383376,-0.0463919601424101,0.5043566358493466,0.096032984720393,0.134726433855977,0.1763942790181537,-0.014427137578505222,False
P00720,S44W,-0.075,0.2446304854070482,0.109107281878005,0.2005527175140958,-0.1487603036658987,0.3396924184747074,0.0946903763488748,0.1923127797724286,0.0990460879620226,0.2642869636784022,False
P00720,S44Y,-0.195,-0.0044662549795454,-0.0523157348355525,-0.0136568202843475,-0.2999380335245208,0.5865163520787615,0.003716017232641,0.0646536299508503,-0.0592189141069427,-0.03817755174428372,False
P00720,A49S,0.45,0.7045459664681978,0.4236225153358369,0.9655273986105936,1.145556771805575,0.5320077206749324,0.3324151666054321,1.2815493330802514,1.0907324251554995,0.6854492600015646,False
P00720,N55G,0.55,0.1994366725309741,0.152834983086206,0.3070199228077966,0.4232902867049447,0.578843350847076,-0.0694202555406634,0.3179311857175605,0.3479734107202782,0.14461313449965318,False
P00720,I58A,3.2,2.2798080902233933,1.9929241740935195,2.377276454519527,2.6779843062085904,1.1841563309167786,0.957194856849292,1.6710847633391448,1.654517415248456,1.7088922614501345,False
P00720,I58T,3.4,2.328215467233038,1.6385434406319708,2.4018013292149343,2.748349529618158,1.2933680304390762,1.1042730255656217,1.7107071601296866,1.7722662061351089,2.0141773623986134,False
P00720,T59D,1.1,0.7170513581865785,0.6234286700694311,1.4671810015848394,1.215353967697531,0.6974880315619807,0.5001058201437146,0.2031330265424609,0.4389123339573857,1.07280422987099,False
P00720,K60P,-0.0333333333333333,0.5831656875407487,0.2638497159349654,0.4384745106132735,-0.0539494976641344,1.5520237371588004,-0.0064034357622764,0.3043205198128681,-0.0758090742027499,0.2272284611541424,False
P00720,F67A,1.9,2.5238485557284283,1.925980569311449,2.0256894497657707,1.9202126352823747,1.5289742388162222,0.9721922530783754,1.245813080253845,1.601017438114681,1.1671136996752227,False
P00720,Q69P,3.04,1.910191688160359,1.686201072639926,1.9216668749902432,1.8966848388164927,1.2241852555565518,1.50477160828629,1.2472640705012208,1.5513786575158293,1.299111753459451,False
P00720,V71A,1.5,1.6890681090828277,1.6878782138950763,2.330831234556719,2.319781613092008,1.0343518725154948,1.4485632779319364,1.7091637360473773,1.955352009281488,1.605070547459157,False
P00720,D72P,2.6666666666666665,1.987663634623237,1.576452774966231,2.0248907601433426,1.923232291502088,1.3831935573405447,0.790500124002026,0.7426083551975801,1.0522224957281383,0.9327391200683213,False
P00720,A73S,0.35,0.3311924308256196,0.0959140743876103,0.1776696974740878,-0.0013531826793304,0.5320077206749324,0.1009793734144421,0.3353931035230096,0.087320533033997,0.5151339472017926,False
P00720,I78M,1.55,1.4309412642442414,1.3737841420584032,1.75961761483175,1.9602162072877904,0.7620248195826685,1.8756724250419083,1.8107721338312703,1.9047900363425967,1.4400706831126988,False
P00720,I78V,0.75,1.2341076928351893,1.0702183371993468,1.5214940587520251,1.622886055076124,0.4763940359887177,0.8621496110236707,1.2773292286770062,1.563317999721751,1.4858334658975882,False
P00720,R80K,0.185,0.4602892043082683,0.4175884982689286,0.6428618966271286,0.2876151085329125,0.2357077728192357,0.1242843276929596,0.4307956096702881,0.2400962493647761,0.04552573214309524,False
P00720,A82S,0.25,0.1166307274975451,0.0277654585552951,0.0307175412205302,-0.0757156114804535,0.5320077206749324,-0.1417630341884116,0.3021341969752443,-0.0814718780956843,0.1758436978249544,False
P00720,K83H,0.4333333333333333,0.4504673124154144,0.5341800212236482,0.5509858555793532,0.5887884027809686,0.3549001215246877,0.3671543002393137,0.3776391400245811,0.3808230231602739,0.4119272957472962,False
P00720,L84A,3.7,2.191232658257303,2.0634781584786914,2.569616270124492,2.4867110047029675,1.2014524221761822,1.202844188081908,1.8991695394988528,2.025981373997811,3.0754753311005767,False
P00720,V87M,2.25,1.9948800197437888,1.5175519510078028,2.150708506182287,1.8208626875995504,0.7465815673693317,1.6910392867874742,1.8983382399423967,1.8305535317984147,1.4047658764240163,False
P00720,D89A,0.6,0.718153501283701,0.6029162504774963,0.8100382787723287,0.4268837911348681,0.3830785361353898,0.205192897417133,0.4167645014619392,0.7085203505913434,0.28243084872738367,False
P00720,S90H,1.0750000000000002,1.2494848760050443,1.3128460958178831,1.5847305851587046,1.620376464176304,0.193713663475811,1.3231644269004437,1.139580153627752,1.3418622684500376,0.7736796069941237,False
P00720,L91M,0.75,1.7687871885310558,1.4261003582397382,1.4199738736044392,1.344350390070547,0.4906440542870025,1.0195831030748337,1.305095781544838,1.0589818042935168,1.4979755450505148,False
P00720,A93S,0.15,0.0888674094221453,0.0359419867727053,0.0551869730864822,-0.1279942605943148,0.5320077206749324,-0.0427115628526948,0.3565577342945829,-0.0274877576455225,0.24825338874622427,False
P00720,A93T,-0.08,0.3575008486851088,0.4313009507745887,0.370929413165242,0.2545420969598707,0.9039757476571364,0.2147514954205294,0.4806954670408759,0.308992072645783,0.03034751609944042,False
P00720,V94A,1.8,0.8310456451494318,0.8423711560908924,1.121267736495064,1.1921556901616808,1.0343518725154948,0.3094995394645193,0.506305995617077,0.4704255024160521,0.6722282438509422,False
P00720,R96A,2.0,1.266617489017377,1.0549884356209378,1.49725230965066,1.648470584723151,0.4842385177740145,0.3507703512906725,0.5384948399381353,0.687609897160111,0.1569329659082549,False
P00720,R96C,2.9,1.1296441656658205,0.9354091187589956,1.188577534988919,1.7415841350747194,0.122337064864409,0.2963883189372958,0.5127229629386084,0.6658582272721867,0.21570252531940626,False
P00720,R96F,4.2,2.182246588175596,1.9113148153928603,1.9979594971766943,2.843123076689316,0.3918205428386582,1.7728382272381205,1.4907553433895988,1.9019312680389129,0.562852124695335,False
P00720,R96I,2.85,1.0062583384452402,0.5616398110982328,0.6400295055354313,1.730761351118673,0.2957127121006419,0.4670871087696729,0.5418580827454329,0.6794176650869558,-0.23838063428280543,False
P00720,R96L,3.2,2.1965970258340106,1.622412170105168,1.759861902385639,2.301728773753266,0.0982419205808711,1.3524955060720631,1.2816534863116469,1.3731196516100337,0.39664501219425863,False
P00720,R96M,2.6,1.0327168971317628,0.7443916547288076,1.0612432152830835,1.3380220117438608,0.193868949871274,0.4339272448091654,0.3928905927907243,0.4342742411381762,0.2754159116748103,False
P00720,R96S,2.7,1.6410619518447316,1.504599900446707,1.976715278838936,2.4168569524847103,0.6585972295567544,0.776626021275125,0.8298475640390306,1.276579708589923,0.9531329162328115,False
P00720,R96V,2.45,1.3976901273386726,0.9056870311606292,1.2052291034461142,2.220589336061836,0.4624119382155242,0.7756682655598383,0.8778871870230948,1.134294738183522,0.03545817738995327,False
P00720,R96Y,4.6,1.9987560722497908,1.94711849836224,1.915269949093087,2.942770877833155,0.3092176486188402,1.7510485827137146,1.5485125298038416,1.9833842854418704,1.2572548497620568,False
P00720,L99F,0.25,0.9980267943966744,0.6588662527642655,0.9729782984424632,1.057302420594341,0.8209120134372314,0.8712985870485401,1.1960476484942353,0.8495749933751299,0.7020860579433069,False
P00720,L99I,1.4666666666666668,1.2147430246925637,1.086511634855822,1.6320151575226387,1.5619062525644238,0.5869342221980756,1.255076889051227,1.59337302806757,1.2662945222955777,0.687386543229901,False
P00720,L99V,2.1,1.5021543398421415,1.2502378595776609,1.3303291983464978,1.7544951516086809,0.8623550905554328,1.193080744260946,1.6522186229453848,1.3121723540307446,1.2594841142271451,False
P00720,I100V,0.4,0.4264561224567287,0.3501299911272428,0.2729554933780592,0.8336184813682344,0.4763940359887177,0.483562757541792,0.6813459776910629,0.6586255547702401,0.7529527358783682,False
P00720,N101A,1.5,1.1955599546241518,0.9640439568686844,1.4758866160522188,2.2677140070465063,0.4555207489795747,1.0516888870005556,1.218302040567265,1.7421540448262447,-0.32300957849324385,False
P00720,M102A,2.85,2.2032073724037056,1.9846805918925483,2.175411524615717,2.4241759695599767,1.2557927654126757,1.3496752582390088,1.6100512269679406,1.5956101378526577,1.781088976098667,False
P00720,V103I,0.4,1.591548999869722,1.321119814639872,1.7770609242557414,1.8929265501702968,0.2068428039589834,1.6020199333329974,1.9002170477753189,2.0460375936223616,0.4570723258452879,False
P00720,Q105A,0.7333333333333334,1.222953995617844,1.1156334098326306,1.131886290379131,1.5998794292982068,0.3064432922577295,1.373546692851171,1.360192911358591,1.6336778381261303,-0.15526577680918818,False
P00720,Q105M,1.2,0.9399601691830012,0.7463214985145072,1.225538879480936,1.5009644915031266,0.0345227885409369,1.0476844340881106,1.1265722654331474,1.7143354826622612,0.1909584679570373,False
P00720,M106I,-0.1,0.8144712008544344,0.3075091826722759,0.6930064132887053,1.0723196496275005,1.4534399776474,0.474149302291696,1.0169031267862068,1.0362917798300428,-0.07457534558285683,False
P00720,M106K,3.45,1.790288866444861,1.5589715197795215,2.4250285982305826,1.9691858390350536,1.1049792136475682,1.3408485217028818,1.7048274783477797,1.9720889499263767,0.9884602808203584,False
P00720,T109N,-0.0666666666666666,-0.0082166061086344,0.0269559569808663,-0.0955318927387637,-0.1091112897323353,0.6868330669988602,-0.0757941532164152,-0.1848612211069132,-0.1103669010903739,0.26647264024788075,False
P00720,V111A,1.1,1.3590653242685709,1.2845781941880552,1.9215058558879607,1.5402934383034772,1.0343518725154948,0.723905594598819,0.9604143979096428,1.2399175794463235,0.5966984400043086,False
P00720,V111F,1.605,1.2624959217639269,1.5942723265776997,2.267721242506225,2.7970864080413085,0.8310399776592199,1.825428950844476,1.9881467946329727,2.396922848186668,1.6095317622061196,False
P00720,V111I,0.7799999999999999,1.2949778253566635,1.4606650310271851,1.9172329774315744,1.880480444670092,0.2068428039589834,1.923538626626843,2.0118354546559223,2.1461084116130342,1.3766327003114778,False
P00720,G113A,-0.3966666666666666,0.3727324704980965,0.1610547770183685,0.3474922751514677,0.0937727749312725,0.916421473108372,0.0920455105514153,0.3079258331107855,0.2732356477687278,-0.37827314964109215,False
P00720,G113E,-0.3,0.636325425234824,0.2310248037593125,0.4952580846402954,0.2892454599504125,1.3363436108050193,0.2238094385334582,0.2071052701208105,0.3799761682070205,0.322105626867399,False
P00720,T115A,0.12,0.3222570805116271,0.4156934762696037,0.1632222208598893,-0.0347314913167659,0.7142191955934971,0.1671571934263319,0.2429538181581684,0.0154555818110361,-0.04927594318874773,False
P00720,N116A,-0.185,-0.1363442728293208,0.0309421807219769,0.0316591326105286,-0.101920255128312,0.4555207489795747,-0.195765175682527,-0.1165296715438279,-0.062910409522121,-0.20075796865034679,False
P00720,S117A,-1.2566666666666666,-0.2432871625014245,-0.0607080776860182,-0.1813078885758306,0.1030769967419087,0.2432926602208638,-0.2738436566268921,0.4753964188213316,0.0936351341869164,0.08767508279722008,False
P00720,S117F,-1.1800000000000002,-0.3953291040840808,-0.6979786299014783,-0.7415337389658518,-0.602372991853318,0.4134295424613732,-1.4048954860303438,-0.220238576478331,-0.6410682235601015,-0.6185077092291282,False
P00720,L118I,1.2,1.2609683130210465,1.017727301991508,1.778920244648392,1.637173619015434,0.5869342221980756,0.8808510534073681,1.697477269801586,1.43900284871534,1.1303890678740292,False
P00720,R119A,0.19,0.221278130447514,0.1882039969158283,0.445201824651425,0.2997869049096778,0.4842385177740145,-0.1940598406385821,-0.017600088046798,0.139154487635933,0.023640552860466624,False
P00720,R119E,0.1133333333333333,0.7414862060533904,0.593150613853119,0.804517715463053,0.4503487985834334,0.8161471553921051,-0.0021093431087048,0.0125321554897151,0.3341451295426924,0.3488445140405039,False
P00720,R119H,0.295,0.2743190511107454,0.3018369086531361,0.3943986113697579,0.2465509273911562,0.5250120527140189,0.0864642249014931,0.0978266222839104,0.2208068084305103,0.21818331171243932,False
P00720,M120A,0.2,0.847602963774959,0.7924382624902053,0.8150365845104159,1.0148225411384288,1.2557927654126757,0.1586901387089679,0.4859782980539316,0.9082445921110937,0.5601008421385605,False
P00720,M120L,-0.45,0.0664532093135329,-0.0248094061798433,-0.3233126174173003,-0.1732547197154017,0.4571766836821148,-0.2433616121893068,0.1806609502709751,0.2468390881530921,-0.11012586638999267,False
P00720,Q122A,0.22,0.3450846840810526,0.200428930441233,0.21962709341996,0.2525444020568154,0.3064432922577295,-0.0754084110446993,0.5798051363672843,0.4282824556468209,-0.19883750394936262,False
P00720,Q123A,0.21,0.3889782628802714,0.3217131763823942,0.2144661789824859,0.5113493791312665,0.3064432922577295,-0.0558577751136996,0.1706701689468774,0.4778054385553444,-0.2811096867636028,False
P00720,Q123E,-0.2666666666666666,-0.0578898537952857,-0.0119405543063684,-0.0899946123534937,0.2578736538154356,0.329501777609918,-0.1143332345876769,0.0907900805979952,0.2626455145541224,0.015163651118247634,False
P00720,K124G,0.05,0.5662345511093582,0.3326737903889382,0.3733372481453204,0.7493446240009939,0.7248042648400427,-0.2261497321821717,0.535269250877427,0.6130417209634491,0.34642819744105713,False
P00720,E128A,-0.16,0.1860010109085856,0.0942914574191152,0.2303858456553754,0.1730081683898435,0.2608713460382981,-0.286381188464627,-0.0355306729565182,0.1311407522500796,0.19020413953544857,False
P00720,E128K,1.23,1.01912766287674,0.659442142445878,1.0137333150440864,0.6426530909630944,0.4116619799381557,0.3678624237216887,0.3115240519625616,0.7192789517747792,0.5942105968225474,False
P00720,A129V,0.75,0.8166567467805402,0.9007323049049551,1.1871359209995795,1.0285504861682362,0.554681399987439,0.3940351721493237,1.433849806608976,0.9533439293518594,1.0029710445881488,False
P00720,A130S,0.9,0.6061889178359369,0.2095073206394717,0.4162782261960728,0.5598574877025595,0.5320077206749324,0.2643400555251589,0.9103433063674724,0.5482279610265479,1.017460116497425,False
P00720,V131A,-0.2799999999999999,0.1269340507893851,0.086773464654885,0.0433433839429213,-0.1691121088407303,1.0343518725154948,-0.1470266434826169,0.10602690953138,0.1666121779061705,-0.1398767512150767,False
P00720,V131T,0.0933333333333333,0.3186957848976657,0.208521536548754,0.3355235348346145,0.0882743260986675,1.1707108781884497,-0.0364059169134886,0.1261556380083094,0.3678621165775942,0.22394950614199782,False
P00720,L133F,0.275,0.0589590780566175,0.0554011138029348,0.2157208353434447,0.5188015661664866,0.8209120134372314,0.1005273401071011,1.1463480237955197,0.6873860266745645,0.42075408087265026,False
P00720,L133M,0.35,0.2150963077634547,0.304761907725701,0.6196409906072292,0.7913878744557704,0.4906440542870025,0.3728259905865324,1.320683043737244,0.921140294351874,0.5926544306892609,False
P00720,A134S,0.15,0.0692809613749306,-0.0372790648744007,0.0029529682806641,0.1488653674133639,0.5320077206749324,-0.0269584663967343,0.2900480836005359,0.278650927588812,0.1899771506845923,False
P00720,N144E,-0.42,-0.0071520644250257,-0.0506009247587238,-0.1752675244936972,-0.0143000825058999,0.5219379710146995,0.0964608084491045,-0.1534439261794754,-0.1388127102195699,-0.12656412267223283,False
P00720,V149C,2.14,1.4899350487405223,1.059857098548552,1.74539975690088,1.9842763045708784,0.651611987066557,0.6360766128040296,1.460202465039675,1.399886796612683,0.8648042087395891,False
P00720,V149G,4.9,3.1225880144478126,2.6959832415828324,2.86302527649978,3.2318392250165004,1.8065612933128488,2.122405248734719,2.5899463740003563,2.623449109865501,2.695565728994433,False
P00720,V149S,4.4,2.6687349232563,2.5166826442475765,3.018504556650617,3.028758458928438,1.2885300480370143,1.9176203916387595,2.440087325421417,2.536844156960582,2.0908750239770155,False
P00720,V149T,2.925,1.6285623961705322,1.234267693338836,1.8626044432886144,2.161258336300917,1.1707108781884497,0.925283328832391,1.6541472832069406,1.6606565552957684,1.3131658627749048,False
P00720,T151S,-0.395,0.0615149713102918,0.0878605877444722,-0.0260623186191517,-0.2130555307884187,0.3817050466382695,0.0387640872977497,0.2603964416295819,-0.0523249460677352,0.7236617583271985,False
P00720,T152A,1.5,0.8447574288714648,0.868977154405037,0.9980529509838312,1.4762589464471012,0.7142191955934971,0.3817245432242208,1.1616147656721294,0.8782521286834377,0.6646130192266024,False
P00720,T152C,0.5,0.2315059919554078,0.0865445982847659,0.1884433745689299,1.3107053258503636,0.1793523589853868,0.0425404870787941,0.9225394268273036,0.7208953479615229,0.26631798182907895,False
P00720,T152I,0.4,1.1507869312464634,0.7056208266499004,1.0486943668112585,1.7443327566076623,0.3001295053725096,0.6775628546860412,1.350764041409383,1.2778105878396393,0.013488198750132074,False
P00720,T152V,-0.2,0.0870770446798908,0.0395897863356837,-0.037059052686221,0.9576284960894436,0.346772357079152,-0.1397231600133107,0.8219297370003547,0.4126149952617995,0.1796223574625811,False
P00720,F153I,0.3,1.55771018210416,1.262717562243055,0.8465190344164236,1.2686378291366882,1.0848385149568882,1.1503792434188014,1.8414521080876776,1.6189607404105395,0.17034171356532107,False
P00720,F153L,-0.2875,0.9590723859046124,0.8003683076610739,0.8077393484947694,1.1659344511006997,0.9046232825122686,0.6187253575993572,1.60582666073963,1.3996406509367698,0.08062877033257582,False
P00720,F153M,0.6,1.284570703368599,1.157310519876979,1.6584856278099704,1.9171364362102643,0.8718045334266025,1.4340230898478263,2.0094031725586827,2.089296564991141,0.4106925728945249,False
P00720,F153V,1.8,2.2648987068624207,1.8547408058524035,1.5065292705261328,1.9077611791942448,1.1892211841967797,1.7505524745915504,2.342789953068896,2.1713950260870005,1.0485671896952216,False
P00720,T157L,1.6,1.1714708388001625,1.0849720126219515,0.8485520518940511,0.654258708670476,0.4702300031860487,0.8041095415734244,0.5785234626741921,0.4507270890114231,0.8968893530758955,False
P00720,T157V,1.52,1.2192534750053228,0.9631192951541164,1.2542841934240887,1.14508043090719,0.346772357079152,0.7550243503980196,0.531977719724696,0.7295186354916404,1.00968568497306,False
P00818,L66V,5.35,1.0310018088444164,1.0679946674347371,1.0478605964140253,1.6941795050538655,0.8623550905554328,1.264105654034403,1.7762043852867635,1.521239048209149,2.241793814231637,True
P00818,I87V,1.7000000000000002,0.7164189340043914,0.7769723936419295,1.1990832968076115,1.5858368744527662,0.4763940359887177,0.492725568413807,1.1080721694065758,1.295209182277013,1.2082543933019867,True
P00974,T46A,0.0,1.031873070885463,0.8803965508154293,1.392186611374108,-0.0865668561485164,0.7142191955934971,0.4879347880207889,0.9382676974263366,0.2289283919682317,0.5227072954355034,False
P00974,G47D,4.3,2.5463594540929853,1.9028018243929448,2.733864660524889,1.7514659647700892,0.918707051349337,1.8957304351287048,2.1027659945178043,1.7562120703097548,2.017053940941816,False
P00974,G47V,4.1,2.437963654012635,2.3017416019596824,3.0565526369998377,2.9016138347665765,1.2846427425672895,2.2234649546014067,2.373024596570967,2.4279518364117227,2.4306205423660856,False
P00974,A51T,1.7,0.7296619580097834,0.6296820840705011,0.8174973127354512,0.3918582270981041,0.9039757476571364,0.4087057730650806,0.5394281869157289,0.4505211445378401,0.09582718107902144,False
P00974,A51V,1.3,0.3360580800389076,0.3077611456555605,0.6003871018151312,0.4575672028079737,0.554681399987439,0.3416404766135531,0.5163344560948971,0.5111960175926143,-0.11707182863428023,False
P00974,Y56A,3.9,1.6051582438471883,1.3918734600685287,2.044059590746476,2.4564146891093075,1.7437349920018923,1.0627758936158291,1.5675759683983284,1.9659760672623567,1.7813584351009573,False
P00974,Y58A,5.95,2.7231695253076547,2.6984224093565574,2.861326210027124,3.0010749991671326,1.7437349920018923,2.0858738156722776,2.567308807317091,2.7343861269261347,2.5610542043466342,False
P00974,L64A,0.0,0.8050416748955603,0.6528875966847398,0.7926829541134779,0.2595031975082308,1.2014524221761822,0.355931277695828,0.7575100009977062,0.4665361186181728,0.43387757908426594,False
P00974,F68I,2.4,2.2740823846114204,1.9881520894507017,2.5499478458057765,2.1099837920178954,1.0848385149568882,1.9213112223145743,2.0543132051574355,1.8734382077870413,1.4271620123957738,False
P00974,Y70D,3.8,3.13116029326064,2.779636509468693,2.9240581968239345,2.2359161159288035,1.777898527256259,2.037331855715625,2.4112004361245503,2.561448511701319,1.6054805142886923,False
P00974,Y70F,0.6,-0.2411602302161973,-0.202867155504774,-0.1860519642592702,0.4545164168357738,0.4611349587492128,0.0093811975338617,0.6343021401605693,0.8889661807851571,0.6326887025151545,False
P00974,Y70G,5.0,3.203256181202076,2.758493507031764,2.741025016072613,2.609505209622652,1.6084509752438536,2.358995559625592,2.766639841726957,2.574969465209089,2.3792400799291786,False
P00974,Y70N,3.7,2.902527430185748,2.5685010161678035,2.76797014953575,2.2519929720146004,1.6600181943510033,1.8608753883362348,2.245222835111456,2.4595767162740545,2.0779274068549647,False
P00974,G71D,2.8,2.617793874152324,1.67255774624158,2.3200635628851387,2.768480645032979,0.918707051349337,1.5525356032002957,1.780807505184363,2.1879441704714333,1.345007282129635,False
P00974,G71S,0.7,1.5197459530594764,0.4319385362886216,0.9783568565065957,1.49369249374331,1.0433402419325728,0.2272825230730698,1.0748369520594836,1.1959021875816611,1.1021848394703433,False
P00974,G72D,1.7,2.769337529109891,1.5981655743885006,2.003945475229635,1.7772058765491512,0.918707051349337,1.275647122688459,1.3428041326928957,1.4739612436709169,1.9326991013065942,False
P00974,R74A,0.0,0.2085794835222657,0.1129175578899204,0.2608493942486941,0.2410936229791689,0.4842385177740145,0.1624829305609107,0.2801107737911691,0.1859093964663366,0.26287101292569826,False
P00974,N78G,5.7,1.1405834499305405,1.0904865762889493,0.9393573115142272,1.3481898710881826,0.578843350847076,1.4262447968863572,1.5017040283415892,1.2020323923275504,2.2569993257503183,False
P00974,N79G,4.7,1.5923291535014656,1.2807849003708154,1.1982947425123978,1.7617447769467804,0.578843350847076,1.7860619766812025,2.006123065159356,1.744665640987376,2.2096254492290868,False
P00974,F80A,6.85,2.927748396419932,2.611225829591388,2.799351695053105,2.5751338005643243,1.5289742388162222,2.4271244737674613,2.485645054412269,2.371717753058182,2.627928654795215,False
P01006,M104L,0.3075,-0.0555169382820972,-0.0929488801549366,-0.0954857150664442,-0.1423923006425448,0.4571766836821148,-0.0725931875966262,0.3311231274688314,0.2238110178897225,0.2695103018001438,True
P01051,V14A,1.02,1.241992698556892,1.399819942357674,1.633114600619053,1.8244067298071576,1.0343518725154948,1.244748829437467,1.49239002392035,1.7099740634545828,0.7921522515850916,False
P01051,V18A,1.2,0.8460341803465257,1.0000899025105074,0.7995889139992746,1.3635593420205372,1.0343518725154948,1.0575980003900114,0.9989107291682104,1.3524365774964644,1.1429003001419078,False
P01051,L27A,0.18,-0.0316872431891263,-0.0129048547519509,0.0686390486376918,0.148602179237724,1.2014524221761822,-0.032482082276168,0.189577325653728,0.1317817077643522,0.08434877384777872,False
P01051,V54A,1.59,1.5846979917928556,2.139562896235572,2.1447825364536315,2.4578022699192883,1.0343518725154948,2.41510269653436,2.462635463378394,2.0452911737112665,2.2174215126998664,False
P01051,V62A,1.005,1.1987735631553251,1.2463868041103583,1.403294938032261,1.2459499191839978,1.0343518725154948,0.8611794555774759,1.101062145165408,1.213155505023472,1.2377140087949066,False
P01053,T23A,0.85,0.6097751035631639,0.4971566873233379,0.4655951062276067,0.3629067248528755,0.7142191955934971,0.4067994084775268,0.2769149217082681,0.0761288628997897,0.6896809842279836,True
P01053,T23G,1.153333333333333,0.7690826130921329,0.6680146611125611,0.4157614024943306,0.4001497481421438,1.0479198155054508,0.8097926691863983,0.6346438860326811,0.1164869430146601,0.9963888877644215,True
P01053,E34Q,0.4974999999999999,0.2334923303315169,0.1696926771638539,0.224698675435932,0.2856681513270024,0.1605155413051134,0.0187382400765852,0.1769747750744097,0.1890623861148941,0.23763005451596475,True
P01053,A36G,1.1975,1.0245856512361524,0.846628487433555,0.9782376411481162,1.5467581470221046,1.0167834293510365,0.6407747786074783,1.0685617496517887,0.928594880600753,1.482061245855939,True
P01053,K38A,-0.22,0.1332176230868422,0.0739406644086222,0.2087550782193252,0.1448787753507115,0.3055327627161711,0.2140827249961412,0.1223570352630175,0.0062050021926544,0.029930600266397656,True
P01053,K38G,0.98,0.684848791120424,0.4111911404021772,0.6275664487073198,0.684675402195131,0.7248042648400427,0.5301904005592107,0.3872091006978417,0.4125574858180243,0.9802315610289448,True
P01053,I40V,1.1777777777777778,0.6710048363779373,0.8255160357410884,0.9223062417568076,1.1142911486724254,0.4763940359887177,0.7187548994974486,1.158638783148321,1.080675895136131,1.112643262366218,True
P01053,L41A,1.2766666666666666,1.456473151532571,1.2977108205565548,1.215529197218131,1.3044340796083298,1.2014524221761822,1.0686617687800235,1.229093573433905,1.0622992731071492,1.2035327630545243,True
P01053,Q42G,0.725,0.2449224897038211,0.2059678556729636,0.2280338489522034,0.3921149962276103,1.049600017225793,0.2673338772812644,0.3911817572516462,0.1612541620793522,0.4698853408239467,True
P01053,D43A,1.02,0.5578623388277352,0.8664736859968146,0.9029107617807524,1.609190904140687,0.3830785361353898,1.2124953583704516,1.1404122238525438,1.5013102589081675,0.5049511321386048,True
P01053,K44G,3.2975,1.7547684899114195,1.827244294080296,1.715418347224824,1.445393777628545,0.7248042648400427,1.452320786728281,1.7930082464927672,1.624170130978245,1.5573658153150676,True
P01053,I50A,2.12,1.1946927247493215,1.0108476820917525,1.2472047109966646,1.143003973506144,1.1841563309167786,0.9910243193739768,1.1163421268382416,0.9971317014941647,0.8531969535519146,True
P01053,I50V,-0.08,0.1531471077927199,0.0834597664438216,0.0988318242629767,0.1907062065328869,0.4763940359887177,-0.0718794762615266,0.5543659148651016,0.2511780477651776,0.2592013499042692,True
P01053,P53A,0.3425,0.7496703310685828,0.5819377814257556,0.7444693815477574,0.6230596846992826,0.8389758894075345,0.3640215263892254,0.3117292170729958,0.7044745627606593,0.37784188043780387,True
P01053,V54A,0.6925,0.6775218109367074,0.5061440685945634,0.8920004189404744,0.8112071500229321,1.0343518725154948,0.2749379334424836,0.255083588176031,0.5010959075689417,0.6039641665619326,True
P01053,V54G,2.3766666666666665,1.6642168914859916,1.2997202278207864,1.2509713856355908,1.0449308642560975,1.8065612933128488,0.8737122753948603,0.726127485205831,0.84827481235156,1.7736115627260998,True
P01053,V54T,1.09,0.7778921480554825,0.7244353602723324,0.8033005742713316,0.7215952472673204,1.1707108781884497,0.3616828364518145,0.4304438226496659,0.5523656473219102,0.8615909229173424,True
P01053,T59A,0.695,0.1553227093649638,0.2208604758879002,0.2252893866811554,0.1503897237922074,0.7142191955934971,0.1704036844416581,0.1872928957622734,0.1752450316685097,0.3200560162530128,True
P01053,E61A,0.8160000000000001,0.3841951161050945,0.4467604368727134,0.5615457210154426,0.2622976327171347,0.2608713460382981,0.2531146593681463,0.2220846495763488,0.3061162752292593,0.7492208295770361,True
P01053,D65A,0.875,0.4159710376860295,0.3306634246810784,0.4405473614352665,0.4105893049133879,0.3830785361353898,0.2630938365495119,0.2650256749290071,0.0702792587705181,0.7275663779220336,True
P01053,V67A,4.9225,2.33426829807038,2.264898381098899,2.513224944628216,2.1499670315843176,1.0343518725154948,1.9544908296197776,2.2110788097932974,2.27702071339695,2.7348291198414696,True
P01053,R68A,1.305,1.4827337638985925,1.2809533821612298,1.2036876629795787,1.315365862571328,0.4842385177740145,1.464824961908724,1.3124087824373278,0.9442274539409272,1.0020898285581106,True
P01053,L69A,3.74,2.298661754529137,2.0926086911014066,2.143148898482373,2.152379093862442,1.2014524221761822,1.6621128724648646,2.159641816795321,1.9300487826254205,2.4407575821089393,True
P01053,F70L,2.03,1.2430077032365825,1.031430197671206,1.2539083823959416,0.966205034944112,0.9046232825122686,1.1543149398054482,1.1381073160029758,0.7958074354636538,1.6626319852171434,True
P01053,D72A,3.3025,1.7147590585116834,1.3931610146399975,1.6800605641308608,1.0167483241765338,0.3830785361353898,1.802246483789408,1.5136530274653457,1.354361742475421,2.4253359940471775,True
P01053,N76A,0.9575,0.2075017289133752,0.4501536374045368,0.5270043121166937,0.2294381936430248,0.4555207489795747,0.3414114697741875,0.3835037147981102,0.4465216927883563,1.0125549360263189,True
P01053,N76D,1.3275,0.8473780355980844,0.8836613721440987,0.8869829303601857,0.9044735287215216,0.3493393529451628,0.8609792836733259,0.7477256007887028,0.9580264979922214,1.1811919030261446,True
P01053,I77A,4.244,2.2020907844253848,2.159390822792444,2.5193315626248465,2.3031742899820364,1.1841563309167786,1.7632649697324336,2.124960356254136,1.968470164133148,2.739245712010785,True
P01053,I77V,-0.1725,0.5038100668832035,0.56332045899262,0.523429106544071,0.715907502088182,0.4763940359887177,0.2120878480178742,0.9594385682683252,0.7665281933580937,1.0856967346283593,True
P01053,V80A,1.505,1.1789535323571854,1.192754691833126,1.2342360861517083,1.0039589769090524,1.0343518725154948,0.9348943523245944,1.1889225130035588,0.8747170792044552,1.263786239497369,True
P01053,P81A,3.385,1.4389277395919085,1.496036584511654,1.6968054109349295,1.9794699378445348,0.8389758894075345,2.1861867375446566,2.1102394196788423,1.9614113665263144,2.3600849658660974,True
P01053,V83A,1.4249999999999998,1.2448887139421536,1.3486685393240598,1.305475933481085,1.480262516309128,1.0343518725154948,1.223767368882049,1.542263756907893,1.4175872642824334,1.3561689807875437,True
P01053,V83G,3.4,2.341657486941142,2.2391589489781465,2.13483333224306,2.3758174616373906,1.8065612933128488,1.97862455171186,2.1167326403649342,2.209795685942441,2.355491154901511,True
P01053,V83T,1.1833333333333331,1.2363585636468806,1.0448772107337063,1.0182313961062257,1.3428082585389107,1.1707108781884497,0.9182069165547914,1.468738414565265,1.2876745954780484,1.2442038294410729,True
P01625,Q115H,0.8500000000000001,0.2032509851391696,0.1205440111438693,0.0903092540003026,0.8133204397725418,0.302315223721279,0.2268603936190072,0.32876259375009,0.0553730655012546,0.6203122433701674,False
P02185,E5A,0.625,0.3235285126342127,0.3900268166747411,0.1710307225859654,0.1744944289846984,0.2608713460382981,0.1853341546326856,0.4145256010918133,0.3068072268970303,0.13615041552627727,True
P02185,Q9A,-0.965,-0.1056639749086507,-0.0763135125405697,-0.0060476329591824,-0.0114965964289864,0.3064432922577295,-0.125714596437132,0.025107582640597,0.0781740059059889,-0.18890636311497566,True
P02185,Q9G,0.5433333333333333,0.5610503882892114,0.3358835903550441,0.6940885923440833,0.4158830486657514,1.049600017225793,-0.0550980622802634,0.3203564253166163,0.5100527076118812,0.6612820071122999,True
P02185,L12A,0.52,1.4677538510853836,1.2908743149576585,1.3530721742184115,1.127461401007532,1.2014524221761822,0.957023060203181,1.183052250479644,1.2211849354024669,0.8630853867274721,True
P02185,A16L,-0.15,0.4419429542179203,0.2992256377051187,0.3760073151008823,0.0136997649956201,0.5600622370961714,0.4235654663620974,0.3686571665248628,0.3670518633866805,0.22413886646331732,True
P02185,E19A,0.6,0.522207604944708,0.6578180793161723,0.7114533484492209,0.4635439848743251,0.2608713460382981,0.8385917337644191,0.7926442042092805,0.511813227146656,0.06945998545913301,True
P02185,I29V,0.0,0.1779368612342992,0.198712335463439,0.1388409076570254,0.366311633055833,0.4763940359887177,-0.1595439298411129,0.3850152979734579,0.4380972365248494,0.3997996875646917,True
P02185,D45A,0.175,0.3757980200758889,0.321047312303078,0.6634685622023486,0.1600783243444486,0.3830785361353898,0.0942774301226881,0.1174880615755595,0.0429509280450594,-0.04416877525902818,True
P02185,K57A,0.225,0.3976784245072663,0.2529311658375026,0.4816347246887297,0.2695526088692325,0.3055327627161711,0.1393778897668801,0.455174947253507,0.4425161483784928,0.49695714778987854,True
P02185,D61A,0.125,0.0577111990475723,0.0669799293246883,0.1040024265775826,-0.018966810630665,0.3830785361353898,-0.0941909222264305,-0.0031026002306954,0.1111543031795949,0.03636113679217101,True
P02185,H65Q,0.2875,0.387825644033999,0.2057480574606748,0.3729191091105437,0.3894367483206279,0.2831600273313526,0.0701168110139735,0.2351969284022819,0.3965295528399589,0.04535134354101367,True
P02185,V69T,0.3999999999999999,0.8552622228157192,0.6345363410160209,0.944312821298802,0.8462093287184167,1.1707108781884497,0.6966863378857002,0.7137185030170947,0.7835754293942675,0.4196028109713607,True
P02185,L70I,0.0,0.9060941007793112,0.6350997610867267,1.0124281799427493,1.2832133251898712,0.5869342221980756,0.9505454462053988,1.2113928849228146,1.4185039437684297,-0.13297223345661724,True
P02185,L70M,0.0,0.4077707833761416,0.4295138621631498,0.64739431765994,1.264359641906116,0.4906440542870025,0.5428881261622432,0.8762150760401836,1.106848247840706,0.17136556981279938,True
P02185,K78A,0.035,0.4694682983051773,0.4791456817798392,0.4100031903915749,0.5671099228061858,0.3055327627161711,0.662522636400185,0.4898609296361284,0.600810817762397,0.0061098839957021145,True
P02185,H94G,-0.02,0.7613298579995778,0.5224733496866516,1.1234184004173435,1.1324719215676642,0.85331007114965,-0.0721310154744308,0.7757811757826097,0.8282020229123368,0.8531675158265691,True
P02185,H98Q,0.055,0.5354813340324698,0.2769643344494679,0.7576099170418719,0.6434821194109359,0.2831600273313526,0.3274678448312249,0.4176095049246972,0.5964529391775109,0.09601591987254132,True
P02185,E110A,-0.2575,0.0857300380417531,0.1383554953095529,0.2535549873492562,-0.0348590123583518,0.2608713460382981,0.197589329054939,0.3059084177745736,-0.0388661572858927,-0.07127956557308579,True
P02185,E110G,0.9166666666666666,0.5008303650841397,0.3991869448133471,0.6543258924004265,0.5116025158936225,0.6400959207537913,0.3353208485804352,0.5165071556530108,0.3484007880851991,0.897866534214076,True
P02185,A126L,-0.5,0.1231952783784531,0.0717152327128399,0.1100029778776209,-0.092941085313732,0.5600622370961714,0.0649265859256074,0.3211974202883799,0.211776356856533,0.03208062994904137,True
P02185,G130A,-1.0,0.2753350329186343,0.0363924276708902,-0.0700130175357294,-0.0129754538621274,0.916421473108372,0.0342957683121595,0.3995724889269799,0.0858982182939012,-0.15594694344502502,True
P02185,K141A,-0.4375,-0.001694274222685,-0.0719394218023367,0.0684363451308364,-0.1920248218976121,0.3055327627161711,-0.2401117003410896,-0.1251183259463101,-0.2174755053301006,0.18445819249495676,True
P02185,A145L,-0.25,0.1651928496745373,0.0846287339926273,-0.0018353480577587,-0.1438271538149924,0.5600622370961714,0.168617719594353,0.2695482198652453,0.1737883266070682,-0.15363203116511948,True
P02417,H144Q,0.835,0.6321905357069715,0.5734217451081853,0.5467510660824509,1.067210383813122,0.2831600273313526,0.1612604559857384,0.7258364052340877,1.1967438807788435,0.4272888833356282,False
P02633,Y17F,1.145,0.3089435277405491,0.4129380308965878,0.4421637004130018,0.6300557961917447,0.4611349587492128,0.5819817934786802,0.4336478134235813,0.5439076341243902,0.8423211536062697,True
P02633,E21Q,-0.3866666666666666,-0.162424426649635,-0.1542197234665662,-0.1375710071168463,-0.0284894070480637,0.1605155413051134,-0.0144950335706097,-0.0763913669064008,0.1031295901900047,-0.3135347289207734,True
P02633,D23N,-0.68,0.1893755497815429,-0.0127908526434967,-0.0396127608294492,-0.0840943852946589,0.339742220712424,0.0344660479297348,0.0575848001124654,-0.0502348087262674,-0.015379469999738049,True
P02633,L27G,4.140000000000001,3.6054429786283615,2.889916588227766,3.12984155270759,2.3251260655482606,1.841681641259816,2.3339968449781523,2.2361821748095068,2.504092053326827,3.511304769568284,True
P02633,E30Q,-0.045,0.0936179988680234,0.0585652624646099,0.0658048848410041,-0.0342453164636468,0.1605155413051134,0.0193006305728648,0.0399021188199044,0.1148326231863944,0.10150360666952707,True
P02633,I77V,1.415,0.2496270413475327,0.2122512158712779,0.1975503503900609,0.2932134578402121,0.4763940359887177,0.1015445842695283,0.0972844504683945,0.1906801612292476,1.2267756201837137,True
P02693,W7Y,0.8766666666666666,0.9040025248880288,0.6192478173085375,0.5130417845124613,1.1167641181249466,1.1090101595116368,0.8609197755130878,0.9695742542327048,0.8172007314302494,0.8648849043167363,True
P02693,V61N,0.775,1.29499708485046,1.30779494159164,1.2941543375735105,1.5369344343662743,1.4627936817762568,1.0586005882486782,0.8583971854929757,1.2763918657418152,1.3172527175576598,True
P02693,L65G,2.5,2.8578572309027725,2.278309582695467,3.0315709424798607,2.992858855443443,1.841681641259816,1.8839005991278688,1.955426813854584,2.23116290423681,2.449464534390132,True
P02693,L73C,0.05,0.766225691615365,0.5598340401325619,0.6448153345099904,1.0467211293782424,0.8956275328699681,0.4522543940425659,0.6907496483419976,0.8913597430007429,0.387674004066773,True
P02693,F94A,2.306666666666666,2.5081089435439106,2.332027705200681,2.302008220084115,2.817796328777278,1.5289742388162222,2.2142666512863505,2.330953928051388,2.383031609386455,2.270387919409301,True
P03050,P8L,-2.48,0.1185920698019898,0.126764841915197,0.1360026468048099,0.0798212087832384,0.4411703155949139,0.2495478330466065,0.3381824999686343,0.3579530734399757,0.017407507457539217,True
P03050,R13G,-0.3299999999999999,-0.0117085590385793,-0.014855524423959,-0.0856122487638285,0.0658194646387051,1.0033475316963538,0.5066203570589194,0.2494751738292059,0.2913850158756771,0.4509469440458692,True
P03050,S32A,3.78,0.7828384838872731,0.6523127151604741,0.7349452727517298,0.7404185172656702,0.2432926602208638,0.8577686749632102,0.4862411009799019,0.5870120398278301,0.6794381222838535,True
P03050,S35G,0.33,0.5115614573489762,0.450991774155909,0.3352265363873041,0.3830297358910021,0.428383407318773,-0.1904135242920408,0.4411133445713895,0.3913319086158263,0.27118877490448584,True
P04166,D76R,-0.175,-0.329728955064741,-0.3425290237066417,-0.3475187921873404,0.0492769295435314,0.6143288605046765,0.0276791781826448,0.1474515182892321,0.3187023401404604,-0.3155810944942087,True
P05230,G77A,1.465,1.4368909263339749,1.2322752329675908,1.2644739652854182,1.1923964050290212,0.916421473108372,0.915960160724015,1.0740333477028785,1.125667521790642,1.399223433677292,True
P05230,G77N,0.895,1.1635337485001074,1.0325906999758798,0.9170368915779654,1.0503023468243886,0.6859360488345675,0.7815496097416975,0.9219744838498832,0.9746666725271612,1.1376698436628836,True
P05230,F100W,0.01,0.6819791638305415,0.2241800879262807,0.3408055815345027,1.1707241231529797,0.6861260040931049,-0.0787369833594784,1.0047515690388,0.8281432927709396,0.3751710213741627,True
P05230,H108A,0.515,-0.1292044765494155,-0.0775803852447643,-0.0326595597280545,0.1511364073674216,0.5585512997788673,0.1716268154730443,0.0950597139852934,0.1966328609388131,0.30196796771631995,True
P05230,H108N,-0.245,-0.036870535033783,-0.0169175082644041,-0.0455354036922064,0.0913782799993409,0.307313882273309,-0.0441510700856755,-0.0786511956389131,0.0799367349104708,-0.11525470713838704,True
P05230,H117Y,-0.3066666666666667,-0.4281950262711652,-0.3991983593371458,-0.470928220300029,-0.038353206430186,0.1593830289141042,-0.8746433883683924,0.3030298252974485,-0.0130516744315017,-0.5012429920395003,True
P05230,A118G,0.4549999999999999,1.090224954321308,0.6157009882061025,0.9050934050275616,0.8929013829034826,1.0167834293510365,0.5124242099035382,1.0567312020333728,0.7556518818391648,0.7102817571529316,True
P05230,N121G,-0.29,0.2202585489339024,-0.0342327856895136,-0.1254329002194493,0.1294922487788556,0.578843350847076,-0.2919870152838581,0.2055401565416263,-0.0396453120756765,0.36013093355668996,True
P05230,V124I,0.0075,0.3486048412375056,0.2886000433716414,0.475042853742771,1.7303125053275832,0.2068428039589834,0.4068273114633693,1.2130786472811743,1.2950189940134371,0.005915600204123739,True
P05230,V124L,0.59,0.1974507444762403,0.2953625018452978,0.5134194622346805,1.9573012448356768,0.5729438288087083,0.6678449715897407,1.4665170670868397,1.550419004913519,0.4183753028175392,True
P05230,F147W,0.3175,0.8560383507282572,0.4951533777258189,0.5596557925935872,1.133411945264962,0.6861260040931049,0.3578314749253358,1.170311910552638,1.1341739863195717,0.6549230798844525,True
P05798,V2T,0.9,0.8877623979844568,0.726720685805075,0.6625841365060009,0.3676282782176108,1.1707108781884497,0.4526590144981194,0.6285369668839835,0.4281598803060471,0.7217079908731281,True
P05798,T5V,0.0,-0.1388378157394959,0.0196929783294122,0.0386212042132977,-0.0598889536455028,0.346772357079152,-0.2174382736305,-0.0363893569876327,-0.0069921134542007,-0.1330072631614425,True
P05798,T16V,-0.3,0.2841767095600126,0.2144230261891235,-0.021306620246245,0.183447832518777,0.346772357079152,0.3496346373768862,0.4511915094394609,0.2383281111497762,0.14845181558054033,True
P05798,D17K,1.1,0.0400874753722069,0.1858878252414138,0.2059720266711019,0.394800647525484,0.3896902063067877,0.098526420416818,0.0350923936823158,0.208303625093322,0.0005232860462809352,True
P05798,T18V,1.3999999999999997,0.8816430046406094,0.8691154270961106,1.2238940452840652,2.022523502221312,0.346772357079152,1.2673035886812394,1.5372834602246053,2.0991412558853897,0.4936768661477584,True
P05798,Y30F,-0.4,-0.2518258082103718,-0.1595396500382556,-0.2005233796704685,0.1428255683154527,0.4611349587492128,0.0727769952155294,0.5028684565767734,0.4402126060703817,-0.007356468330578014,True
P05798,V36T,1.3,1.2877817256384785,0.8793101122824867,1.100575724427051,0.5969571890478127,1.1707108781884497,0.4823100705774178,0.4999113126689006,0.3506553908283636,0.6872782293290186,True
P05798,N39A,2.2,2.1702143289679823,1.9886824497765647,1.9522777999177023,1.8937922850954645,0.4555207489795747,1.6156707834414117,1.7837194900407156,1.714249017636093,1.8122505491552325,True
P05798,N39D,1.5,1.5481450806909138,1.4502421861486203,1.6447345907181363,1.3577059162850038,0.3493393529451628,1.5921768282459632,1.624062455778693,1.2786452725074229,1.5078200847536483,True
P05798,N39S,2.3,1.9835414005802885,1.774636067891204,1.9164828403993448,1.7670034167243678,0.3313904717619403,1.580695684181809,1.7416927430171545,1.6134129301031417,1.7936288269313605,True
P05798,V43T,0.5,0.16669694014503,0.2070208014222133,0.0873512609822708,0.1253668448615143,1.1707108781884497,0.2160140607174684,0.1398594597405024,0.3256376778393378,0.29018949359174945,True
P05798,Y49F,0.2,0.1705070246511093,0.2259453275284323,0.3542879197441518,0.3931402391204067,0.4611349587492128,0.1583463679342826,0.2787165827465899,0.3202853623799558,0.010821242559572286,True
P05798,Y51F,2.3,1.2209314929382091,1.3424076050232283,1.2441181411031212,0.8790066495761957,0.4611349587492128,1.9561929939698484,1.810385685697784,1.3153407720035226,0.917101199037571,True
P05798,Y52F,3.6,0.4889144999416664,0.5631488833112439,0.735370897290594,1.0997175993274122,0.4611349587492128,1.0299114314747526,1.0576674323145694,1.1945355483866982,0.7156906453739589,True
P05798,Y55F,0.6,-0.0974779781986625,-0.0776892013980052,-0.0548800752113661,0.7476639986751739,0.4611349587492128,0.3817713912434141,0.7594010889523384,0.6097162339315491,0.4659994304971912,True
P05798,T56V,1.9,0.726627952573868,0.7740596018655298,0.7366276950037646,1.719688511502941,0.346772357079152,1.1824773715715124,1.3058462142018803,1.6147946481874793,0.5790302390456749,True
P05798,V57T,4.4,1.8843485367859127,1.7627477483525973,2.047073373063613,2.3199438876105325,1.1707108781884497,1.9766625427938027,2.010067870397698,2.099579305401494,2.153858754962252,True
P05798,T59V,1.7,0.3464978697443198,0.5783380312267292,0.5214537029988677,0.5749976810679216,0.346772357079152,0.8145316786517949,0.8389304007195475,0.65812286329849,0.37339322267619834,True
P05798,R65A,1.1142857142857143,1.6744632158007284,1.4799352155302097,1.656494391507706,1.5854828871407356,0.4842385177740145,1.336097748096096,1.4854618849653822,1.6714090595796158,0.9228190766034252,True
P05798,T67V,0.0,-0.0132783850193501,0.0467772975192082,-0.0389069755968942,0.3107684869611963,0.346772357079152,0.0487896248093263,-0.1071486682283581,0.2129614864780276,0.23499434516550566,True
P05798,T72V,0.2,-0.0456175684266031,0.1317469227248701,-0.0720078030833764,0.886850136813707,0.346772357079152,0.2551886867768945,0.8984147442716631,1.0021258004452045,0.8107827264317529,True
P05798,Y80F,1.5,-0.0479158146547616,0.0399066355508626,0.015101072582816,0.7859407459226178,0.4611349587492128,0.6636363634269962,0.8581157236897404,0.721393999075134,0.4044687243410666,True
P05798,Y81F,1.2,-0.0718916181384785,0.0040505436881718,0.0151560283180883,0.689467563350229,0.4611349587492128,0.4533266562043073,1.0390802274388509,0.7021676961062763,0.9106109910162894,True
P05798,T82V,1.7,0.7734397387581599,0.7369592400273616,0.7632324805646051,1.4717163510469675,0.346772357079152,0.9881745997216924,1.295527131054199,1.768797187006895,1.2964126882322549,True
P05798,H85Q,0.0,0.3149584498245245,0.1830213511149197,0.3400009986382825,0.2391897289096166,0.2831600273313526,0.6143139075087666,0.5991496424939324,0.2280780194457174,0.3858144141742538,True
P05798,Y86F,0.3,0.2373775131135907,0.4197654300096421,0.4101464858117718,0.4770943624896926,0.4611349587492128,0.9821572143339228,0.972691363633832,0.9461415945885148,0.5608902783973208,True
P07107,F6A,2.575,2.4126840625549795,2.4874212298282834,2.55160955119018,2.1426595400843658,1.5289742388162222,2.528851905474782,2.228316751601412,2.278192979067434,2.958208328640373,True
P07107,A10G,1.905,0.9289779121751948,0.992599818948998,0.9685013644871,1.286056863775633,1.0167834293510365,1.0727167555612844,0.992271876091978,0.8459926830318178,1.8027929052095728,True
P07107,V13A,1.596666666666667,0.3565873893002446,0.4436328530533974,0.6557290236692189,0.8107729435053329,1.0343518725154948,0.4308286905852978,0.6527369321315735,0.9388749257224872,1.4809476402004293,True
P07107,P20A,0.9933333333333332,1.3915568769311064,1.3061255873800728,1.4120697665338655,0.9789419108551832,0.8389758894075345,0.9958002582752884,1.0170220887350634,0.9285263090296214,1.606171917438926,True
P07107,F27A,1.665,1.979501367904771,1.9801097456071908,2.309031718657327,1.7459949841406623,1.5289742388162222,1.9613077978577813,1.891108132592692,1.9047664999355127,1.5747585958663908,True
P07107,Y29A,2.563333333333333,1.996890551187126,1.611727333335558,1.6530665628212844,1.4646767847044144,1.7437349920018923,1.973601100619567,1.9355546188435848,1.6530987283101108,1.9196789195389474,True
P07107,Y29F,1.1733333333333331,-0.0015949797589911,-0.0093805273928809,-0.0027644743450063,-0.0056853688595053,0.4611349587492128,0.3593804881968515,0.4734643945696626,0.0065302967754203,1.0235793504917872,True
P07107,Y29N,2.3666666666666667,2.06670698830363,1.7512611028474765,1.6512165827661651,1.4960329000542232,1.6600181943510033,1.7269388861094277,1.9047363981661456,1.702533352227827,1.8804639470521411,True
P07107,K33E,1.5833333333333333,1.1802493657584343,1.1907645094526114,1.3971508277966689,1.5391012345370911,0.3829837526569796,1.3223224656326535,1.0475677295933177,1.0089889955485916,1.4296037221610436,True
P07107,K33R,2.016666666666667,0.1660518261696467,0.1533536096252443,0.183985676183439,0.7547557884070082,0.0988915994947232,0.9169468399598966,0.4717487147284395,0.2312610314972146,1.114788776661665,True
P07107,T36A,1.2675,1.0396640076261283,1.216121900881152,1.3529450224868218,1.0667203662918872,0.7142191955934971,1.083579156409279,0.9212291222585506,0.8462088959254631,0.6115644607802923,True
P07107,P45A,1.3099999999999998,1.626131464974005,1.4216625738358288,1.5602133909700735,1.1108065655136208,0.8389758894075345,1.1624866717835007,1.017993816286018,1.2341931837055486,0.9495204639263017,True
P07107,K53M,-0.32,-0.1196488662990763,-0.1440341313652222,-0.114104338485245,-0.243007825582668,0.1459241269594061,0.0318018168738839,-0.043813388739645,0.0263391251454335,0.012977060818630703,True
P07107,Y74A,4.68,2.6531580176788574,2.4340331860157995,2.657608356199539,2.4308804564259034,1.7437349920018923,2.2758907731976343,2.28920913254355,2.244399635369533,2.3375562479753387,True
P07107,Y74F,-0.1333333333333333,-0.2553467187678774,-0.3155522973180904,-0.2152123146397869,1.0491201066769276,0.4611349587492128,-0.2720176191535964,0.4023906038123879,0.9337447414143032,0.10149942407637574,True
P07320,V170A,-1.2333333333333334,1.0024188652743624,0.9306589704506116,1.3021898563897554,1.0907172425455012,1.0343518725154948,0.1513090457310764,0.7083958968466293,0.9165254629231476,-0.23349410278171912,True
P08877,S46D,-0.71,0.0855494306323234,-0.0146511091914834,-0.0749540155984217,0.3297838205889518,0.4420602824887117,0.2935534752122253,0.1746874883637599,0.2569732248017599,-0.012662124562083266,True
P08877,G49A,-0.8500000000000001,0.3349273983905592,0.0978931196140174,0.1642299777193465,0.149194507663108,0.916421473108372,-0.0600201657576235,0.1762217811547727,0.2413284525006824,-0.6425425410438244,True
P08877,G49E,-1.2999999999999998,1.1956190812781715,0.425408068882582,0.2610908085708922,-0.0895154775916548,1.3363436108050193,-0.0707240528677475,-0.1051551532750678,0.12408559944542,-0.2593922542763051,True
P08877,G49K,0.9,2.118266659519732,1.3873139668445726,1.2206364744705005,0.7080313247895227,1.0620385856621268,0.8299034855008236,0.7454744253513403,0.9493458204657064,0.5710609561624738,True
P0A3E0,F8L,-0.0225,2.582346139335733,1.993342638442296,2.475618340757504,2.6734075262873582,0.9046232825122686,2.025006391875159,1.4970038277872308,2.2534200164202525,1.473266359766749,True
P0A3E0,I22G,-0.06,1.1038372435327393,0.7721373511154166,0.9361096799710228,0.9188633018084468,1.9335670928902624,-0.2067323440159723,0.4515784646821438,0.3874551458728735,1.2081856297524616,True
P0A3E0,I23V,1.92,0.908681059376789,0.8796705899574059,1.0163084189427,1.5583739763739382,0.4763940359887177,0.8332587477739676,1.598774813939844,1.3466944186382277,1.1485606221225968,True
P0A3E0,D44A,0.0,0.6327587026328272,0.4812690673912788,0.4983792077678424,0.4624573101849029,0.3830785361353898,0.2660503043073496,0.5655401019829047,0.3573098645445246,0.03765438757778217,True
P0A3E0,G69A,-0.4825,0.0588072945240259,-0.0741342017623865,-0.0871662244832063,-0.0544885341229895,0.916421473108372,-0.1204439033886455,0.1993532471131812,0.1648415602302479,0.11711152117183932,True
P0A3E0,V84I,-0.0271428571428571,0.8021419975010126,0.5399395659009691,0.8527419545843724,2.2348322078916865,0.2068428039589834,0.9684393734901444,1.3540199827912272,1.8391098203957807,0.38349619165449583,True
P0A3E0,G88A,0.11,1.227721766334217,1.160993590156618,1.189305510725043,2.526937483121819,0.916421473108372,1.5698487171755402,1.6906017786556322,2.394757893817622,0.01939855929761769,True
P0A3E0,G88V,0.0033333333333333,2.656302758229524,2.781396951706657,2.6482309257990697,3.1114213776475177,1.2846427425672895,2.375708683131154,2.4935958792015485,3.142677235450444,-0.11249818297756364,True
P0A3E0,E108A,-0.1933333333333333,0.026174398207769,0.069827826404349,0.0961917392101832,0.0174107501809437,0.2608713460382981,-0.1523165236789294,0.0836085343175737,-0.1580774383489946,0.16106751913055295,True
P0A3E0,Q112G,-0.18,0.2571847543520094,0.2115508682128207,0.3952265952347195,0.4159259841884874,1.049600017225793,0.0816091672943756,0.5083687618614201,0.4328182563171194,-0.021329797148110674,True
P0A3E0,L144A,0.15,2.407988321099808,1.8931259761815884,2.065469515347349,2.3479504270203604,1.2014524221761822,1.294352141504896,1.6809029741778865,1.8760530289862525,0.9374403776986822,True
P0A6F9,I3W,0.3,0.121883806537267,0.0552287806208217,-0.1266216185114697,0.2300515705424165,0.9928536295692396,0.3868694811053174,0.6056777872831608,0.444385075346339,0.333923484160049,True
P0A6F9,V95C,0.25,0.3667036778530003,0.2068283144313331,0.3987302623988515,0.4881797407836282,0.651611987066557,0.2816925993173593,0.4452101076063412,0.2503314151616467,-0.11785534921846619,True
P0A7Y4,G23A,-0.6666666666666666,0.6299124095000851,0.5421071053309442,0.5053313718061506,1.6975872945002402,0.916421473108372,0.1312388137287573,0.8555351229882457,1.1890548709713795,0.742414924288934,False
P0A7Y4,A24V,-0.8033333333333333,0.8190036959766568,0.9605829591910936,0.680885652756037,1.3348667336300548,0.554681399987439,0.2567322538629207,1.0237064222920838,1.0869684582017414,0.34984918255410274,False
P0A7Y4,R41C,-0.2866666666666667,-0.099793145916979,-0.0498393912557834,-0.1176480194713246,0.2003836630868814,0.122337064864409,-0.207957535016718,-0.0065174818923299,0.1788077917551627,0.14211400226157467,False
P0A7Y4,E48A,0.1999999999999999,0.1051251106743392,0.0697530797981873,0.0505187835854656,0.4765013472218933,0.2608713460382981,0.3152902760621992,0.1233674387687485,0.5600412055141202,-0.4053071270796773,False
P0A7Y4,E48D,0.125,0.0774141697298326,0.0893296933000383,0.1120786411555686,0.5776506386811243,0.3743203631982903,0.3306189399159769,0.3823563907956928,0.639277255459372,0.6313685764925591,False
P0A7Y4,I53L,1.2999999999999998,1.216309022057181,1.0499789848335603,1.6586516651817171,1.5740561200061731,0.3561546230629321,1.7142333798747078,1.5523587839696789,1.7539547392703554,0.698519685970555,False
P0A7Y4,H62A,-0.4399999999999999,0.1842607279748043,0.1720289458254772,0.1185120708137641,-0.357666221887961,0.5585512997788673,-0.2303057911211453,0.0230088363415636,-0.245915991234525,0.48515899102589355,False
P0A7Y4,S68T,0.0333333333333333,0.0123655606541315,-0.0309232959837869,-0.1546326356610083,-0.3325543222798667,0.1863785943013882,-0.4482971116079405,-0.2695351358063203,-0.2905345494505346,0.5104261546070546,False
P0A7Y4,D70E,-0.275,0.5831686302911511,0.492234753244277,0.2895200273107307,0.8218126071028358,0.5547454434476486,0.6431355395144515,0.3392947069395441,0.8933320631485018,0.03293161450167559,False
P0A7Y4,V74I,-0.6499999999999999,-0.112661532613983,-0.3177875653200597,-0.1726095573151887,0.2095059976225885,0.2068428039589834,-0.4424761124056749,0.4988438364713551,0.3353831556513235,-0.23893704655178627,False
P0A7Y4,V74L,-1.0,0.3080503952811392,-0.0864475803240658,0.0570451051585245,0.4358474858573363,0.5729438288087083,-0.181869455035781,0.6867388436538956,0.6691025419645406,0.16841826077289124,False
P0A7Y4,H83A,-0.04,0.1528757970733354,0.1421639705447814,0.1879115690578799,0.031906004750751,0.5585512997788673,-0.3454555419525899,0.0734472153500167,0.2041080167770101,0.3170588273846721,False
P0A7Y4,K91R,-0.075,-0.160583632563679,-0.1853737124327126,-0.2422842699084182,-0.6183156099507789,0.0988915994947232,-0.0791243623417877,0.0758677208507006,-0.1670642933528633,-0.09629288713361461,False
P0A7Y4,D94E,0.4,0.1253930967869761,0.1251316862352624,0.0021096211951797,-0.1637427630632141,0.5547454434476486,0.0417764595871924,0.154727721873722,-0.0313140094282505,0.28777889956727687,False
P0A7Y4,K95A,-0.1,-0.2233668490366349,-0.1406542005586052,-0.2545112873339335,-0.0192384941841461,0.3055327627161711,-0.2064231877110283,0.0692590595976972,-0.0933399874618691,0.23836572607179252,False
P0A7Y4,K95N,-0.89,-0.0813864391828702,0.0201600401267963,-0.3695686642989476,-0.2570380080114144,0.5703694882598509,-0.3176808615582901,-0.0110575639077326,-0.2371842858780264,0.09144400512879064,False
P0A7Y4,Q113P,0.425,-0.0807737444808895,0.3796760666539209,0.0700190072593093,-0.467397279580218,1.2241852555565518,-0.1194321518165804,0.2336288196827577,0.1387940920888413,0.7072151944977095,False
P0A7Y4,K117R,0.015,-0.1832542292950948,-0.165549318886503,-0.1849117788846279,-0.119708829795318,0.0988915994947232,-0.0248850189082365,0.0254003657696924,-0.1567432321542752,0.5649676052568883,False
P0A7Y4,A125T,-0.0333333333333333,-0.2644917709648993,-0.3055000433111966,-0.3442106126397621,-0.0507436334922436,0.9039757476571364,-0.3184123671879336,-0.2759242465385269,-0.0697250422120953,0.2544428285732053,False
P0A7Y4,H127A,0.3825,1.4909885473633036,1.0444942371321295,1.257962507239753,0.9661892585885375,0.5585512997788673,0.5492853362802878,0.8265423335300912,0.8145053159675198,0.6504613634880481,False
P0A7Y4,D134E,-0.7933333333333333,0.3529783887110598,0.1855717811410059,0.1140997186191964,0.1186800504822597,0.5547454434476486,0.2105583983048306,0.0673188439403724,0.0263545870425557,-0.06070220334987275,False
P0A7Y4,D134L,-1.34,-0.1440509227379735,-0.1765576529953308,-0.3951796356910087,-0.6064298608705083,0.3001878539796619,-0.2187528726827342,-0.2819847220613626,-0.4941345599344594,-0.9356454903486546,False
P0AA04,S31A,0.365,-0.1180494819469741,0.2334254076039751,0.1803546569378656,1.0444917079612768,0.2432926602208638,0.5952619637800428,0.8735148582270975,1.162002555753579,0.21616158692954546,True
P0AA04,S46A,1.0,0.8536044455387437,0.6688846732433489,0.824372254463577,0.756675436830822,0.2432926602208638,0.9831261599815896,0.6784830890999822,0.5813675962076569,0.8513808518226611,True
P0AA04,S46D,-1.45,0.2247488242670302,0.1259219532907915,-0.0505429668217268,-0.05848554842052,0.4420602824887117,0.2183126706329653,0.1698860794369665,-0.0114143385587321,0.19163453092024774,True
P0AA04,S46N,-0.3999999999999999,0.5909102416444497,0.3267395936769631,0.231734233188654,0.1288654278836434,0.3702711614679222,0.3010413655937986,0.2228643436738563,0.2193498670277234,0.4321050830414608,True
P0AA04,K49A,-1.5,-0.398143880384332,-0.4685685432140036,-0.4229818181201666,-0.3641855922308732,0.3055327627161711,-0.7182214490313273,-0.4164112698801073,-0.5933243195423783,-1.2347237856878188,True
P0AA04,K49E,-2.0,-0.5452199694824383,-0.5887198976148962,-0.7008124069673657,-0.7990991382032258,0.3829837526569796,-0.8805136460728816,-0.6250017009134842,-0.7781006970370756,-1.223778275490151,True
P0AA04,K49G,-1.1,-0.2248594988088682,-0.3908635707938277,-0.2471391890848249,-0.2630857381190568,0.7248042648400427,-0.913573780883097,-0.369810901816062,-0.6598924616601922,-0.3624138552953057,True
P0AA04,K49M,-0.95,-0.3183567584455513,-0.1265939512451868,-0.199131612996712,-0.3301404135626283,0.1459241269594061,-0.1375396391710705,-0.2006721370710552,-0.2078352173505261,-0.5734341659249729,True
P0AA04,K49N,-0.35,-0.030967935916999,-0.1189578155931518,-0.1112693334002137,-0.2905760729974533,0.5703694882598509,-0.0292507334034827,0.0027410861221498,-0.2130995692620055,-0.06040165060988767,True
P0AA04,K49Q,-1.5,-0.576812736595358,-0.5207692574316296,-0.6659530338268629,-0.7604575754617915,0.1378486169347623,-0.8723902537256318,-0.6276136323941383,-0.6935967132779923,-1.1514023852960293,True
P0AA04,K49R,0.15,0.0398236593571871,-0.0070790877057315,0.0261319948446176,-0.082359970205853,0.0988915994947232,0.1413701190155077,0.0111120224197697,0.0414191026288012,-0.20344431507336536,True
P0AA04,K49S,-1.0333333333333334,-0.3203544352449494,-0.3769604129516028,-0.3149337972002612,-0.4800613780033966,0.490164176712711,-0.7081252520279985,-0.3639790245838781,-0.535872054819279,-0.6256867673695385,True
P0ABQ4,W22L,-0.2,2.5916730793818923,1.4638739068993325,1.2538209864600458,0.926919943635476,1.2170640084814448,0.4178149201380475,1.0284484794857425,0.8745184966859835,0.4959264057385524,True
P0ABQ4,D27N,-1.3333333333333333,0.1196876218975983,-0.1583881571970511,0.0347403588659753,0.5327739095071491,0.339742220712424,-0.3314638100558437,0.2083462083616736,0.4087849747005057,-0.1900651209475498,True
P0ABQ4,W30M,1.965,2.841914720499685,2.029369535959687,2.909740863257382,1.9839545460496448,1.6820939239999682,1.736866958222714,1.830581362126989,1.8606668654087768,1.6714431987487428,True
P0ABQ4,F31A,1.7999999999999998,2.61013165364364,2.384142531889806,2.540809111082777,1.823261690904959,1.5289742388162222,2.001101590776506,1.9649217001321684,1.8439852639503769,1.3479787259465779,True
P0ABQ4,F31V,1.5,1.5787785172643876,1.242874919389554,1.6214642215673614,1.519480914186493,1.1892211841967797,1.1597614202997195,1.3302108793434233,1.3942618398034123,0.9759616915895788,True
P0ABQ4,T35A,1.1,1.728935992228082,1.689405147807578,2.144465441577106,2.32374369476154,0.7142191955934971,1.5369070257486797,1.5338050891179005,1.887635724580809,1.631788619285972,True
P0ABQ4,V40F,2.075,2.227158095616518,1.6903124684855733,2.086827043532119,2.809045160984789,0.8310399776592199,2.858741744320593,2.488573825996629,2.7155122423920384,2.111687341645407,True
P0ABQ4,G43A,0.45,1.108360650901517,1.0647159097832284,1.2155169694256762,1.95925437276672,0.916421473108372,1.123018471136512,1.289293565594501,1.6272299249011983,0.5003030342103968,True
P0ABQ4,L54V,-0.35,1.0125127698217278,0.7739015573628585,1.0110135903809516,1.3192910182248765,0.8623550905554328,0.7984998197471133,1.2325710767832236,1.174747115099119,0.5620580913662484,True
P0ABQ4,N59C,0.11,0.4164175292158741,0.6109225418317846,0.7502148753622967,1.4680739213560687,-0.0872874719144014,1.5400930482911808,1.493695401147372,1.0026760924394,-0.016550261471407146,True
P0ABQ4,N59I,0.105,1.3120572656672171,1.3873848168556109,1.320685491620999,1.3279271626202742,0.4760652469749477,2.1416974767589214,1.71643326335048,1.3630475630891534,-0.12884282214538723,True
P0ABQ4,N59L,0.015,1.6679983525302642,1.8668374034740856,1.8026612080970863,1.893788784815548,0.5169144424960658,2.31871767187439,1.9393401200290168,1.8903520732320456,0.44708804852424755,True
P0ABQ4,N59M,0.185,1.3168099361428565,1.3308400231553654,1.1818944503048427,1.8136964503937625,0.2739745439003018,2.2549059187761324,1.769748626142664,1.857359918239689,0.21879307483255828,True
P0ABQ4,N59T,0.21,1.2994270841087925,1.3044561036727735,1.4273267869703,1.875004904433735,0.5803008963538759,1.9411110065464328,1.7581272224584144,1.5280482172921992,0.6631660061503122,True
P0ABQ4,N59V,-0.31,1.0565477060900863,1.1933595657298832,1.274823661499458,1.513368599152253,0.7543844682517132,1.94980434235282,1.6403216159637193,1.283022122311338,-0.005802635938102263,True
P0ABQ4,P66A,-1.3,0.3063901750992741,0.28453238207204,0.5621444369334492,0.1905840298144572,0.8389758894075345,-0.0666315387448881,0.2234443997432829,0.4190586922068168,-0.009765529676971085,True
P0ABQ4,G67C,0.43,0.5249385215164384,0.5068733072089461,0.6206444382077649,1.2451070979623282,0.5220160443320266,0.2092350148775216,0.6231487872222268,0.7033708808827981,0.4521169961934883,True
P0ABQ4,G67L,0.47,0.8915993219391586,1.1524997797982055,0.9761280043141276,1.2611717091212384,0.7978231161259199,0.6127629412271611,0.96157976891827,0.9318965950177158,0.572328055811739,True
P0ABQ4,G67S,-0.185,0.999992771780354,0.9337736147526848,0.8129402163998313,1.225531141256485,1.0433402419325728,0.6636618248701921,0.8656071051093115,0.9658515699474732,0.35973593191787373,True
P0ABQ4,G67V,0.82,1.0437232540954209,1.411630558144514,1.4017136483841497,1.6281664369264075,1.2846427425672895,0.5306570168166438,0.853905561735974,1.0951231418901737,0.5308043766430744,True
P0ABQ4,W74F,1.2,1.3382728774560804,0.8525304370465232,1.759505315427365,1.7096815147020792,1.2050690927023977,0.558552916026204,1.0790086505917589,1.5260964412510294,1.3282345402069142,True
P0ABQ4,V75A,0.1333333333333333,1.172150601290476,0.7266880066958479,1.0085100100527982,1.060427525103009,1.0343518725154948,-0.2232577795849894,0.7187219006187189,1.05017168505879,0.7606106409332551,True
P0ABQ4,V75C,0.14,0.9233764449880076,0.4473271816471219,0.7027926997335043,1.0467532878930237,0.651611987066557,0.0014521921862282,0.711686676662705,1.0575999797196196,0.15569875101226138,True
P0ABQ4,V88A,-0.2666666666666666,0.7007867401095259,0.5254085979195,0.7807997282701157,0.8501770609085006,1.0343518725154948,-0.1080704534248536,0.5239066934941843,0.545741128012698,0.021487169541088535,True
P0ABQ4,I91L,1.605,0.3253794289729602,0.2780768235202254,0.4018856510642369,1.31765223596572,0.3561546230629321,0.2455406052126572,0.7431430006482656,0.8249489134749245,1.3357230733851706,True
P0ABQ4,I91V,1.28,0.6417392385826334,0.5939040440574258,0.7393096701695155,1.3981886731582105,0.4763940359887177,0.4538667959413568,0.9859812833049514,1.0949583852405058,1.2521226058783286,True
P0ABQ4,T113V,1.1,0.6745717911775957,0.7620253562768864,0.5940870657326823,1.4349663715437448,0.346772357079152,1.0210703539684705,1.3325454414057645,1.2809558884097405,1.0306958258571184,True
P0ABQ4,G121C,-0.145,0.93296548954883,0.5493822347867205,0.8098054534008676,0.7412557191478365,0.5220160443320266,0.1857370418549798,0.3282084760654656,0.5061471399575391,0.009841761108656533,True
P0ABQ4,G121D,-0.245,1.9301606067160213,1.3991851662969392,1.2315008270372436,0.8874231309878755,0.918707051349337,0.7574825464637185,0.82196970942235,0.8761676698736351,0.3647508845784743,True
P0ABQ4,G121L,0.5275,1.699187978961832,1.2575932884310892,1.3764353932716784,0.8384229680855236,0.7978231161259199,0.4009531461209305,0.4382885603392978,0.6291805339835866,0.22984352744146908,True
P0ABQ4,G121S,-0.055,1.1586433575558417,0.6980971272470146,0.755840474156694,0.5222090271964018,1.0433402419325728,0.2951148319851163,0.3712948771751544,0.4874983175432757,0.10984015129750258,True
P0ABQ4,G121V,1.0775,1.4982404099819069,1.346295930763764,1.2449152768522715,1.0187266086276243,1.2846427425672895,0.445069983518329,0.6171634622879676,0.7481543683221371,0.5298936814549212,True
P0ABQ4,S148A,0.435,0.9245304242686496,0.9081267822238128,0.6798525850594361,0.5104487986148103,0.2432926602208638,0.5409182833619737,0.7153839225779858,0.7094523184478696,0.39272374703715385,True
P0ABQ4,S148E,0.56,0.961723230569256,1.0082139017272618,0.5733944606212376,0.423626936097529,0.4890030004011723,0.6721031230670229,0.8049401983371555,0.4997329113859501,0.5343224957333645,True
P0ABQ4,S148K,0.33,1.256028462974225,1.2411735094440377,1.1199892724347262,0.8611741006816249,0.2790208455382551,0.6723946737197004,0.641897039167117,0.9592548542159454,0.6546957348702347,True
P0ABQ4,S148N,0.895,0.8100814793507496,0.8445229941642749,0.9687738128029748,0.3426043876536642,0.3702711614679222,0.3558756899908575,0.5623174255981669,0.481997819117447,0.37012670814301984,True
P0ABQ4,S148R,0.725,1.287709786026085,1.138296394890543,0.97809404523182,0.9278848999663462,0.4063450028505202,0.6593327739184193,0.6267928275623655,1.024644181629456,0.42050523124046046,True
P0ABQ4,S148T,0.455,0.778430621852768,0.5015514586238379,0.7244411371674673,0.2016814804031112,0.1863785943013882,0.2624617989526555,0.5628558034113562,0.4486969628323166,0.3073846224721696,True
P0ABQ4,S148V,0.315,1.3396894631299194,1.160566358495761,1.0394588220950165,0.7240885332040483,0.5043566358493466,0.5722144447832391,0.705769592530055,0.8656751901892534,0.2971934317943944,True
P0AE67,F14N,-2.8000000000000003,0.2454856113886194,0.2264833107123713,0.1052552322776546,-0.258143526966141,1.9088232541561,-0.2933364060987861,-0.0778703462807919,-0.3861421453763339,-0.08292581445183644,False
P0AE67,A48G,-0.15,0.4349931605394407,-0.045901825254199,0.3219988856034056,0.0375496498476612,1.0167834293510365,-0.0860469207650301,0.2682552949654693,0.1086353500954351,0.06436020628599459,False
P0AE67,A80G,-0.5,0.1567893262474122,0.1832276166361287,0.0326209678043375,0.283111174934212,1.0167834293510365,-0.1895042347785107,0.1572645447102491,0.1146000102137129,-0.037975284419079824,False
P0AE67,A88G,-0.05,-0.0270500608466274,-0.0658117257409656,0.00155229640433,-0.166313372303805,1.0167834293510365,-0.1991869743368238,-0.2325772659435422,-0.2858093196250285,0.034667832107676766,False
P0AE67,A90G,-0.4,0.162308849980454,0.0446941009999591,0.0788401142920581,0.1950011387300405,1.0167834293510365,-0.1549511526478111,-0.0700205424858867,0.1080157193571991,0.6493800238099854,False
P0AE67,A101G,0.95,1.0163543417424723,0.6146369455683958,1.25942004622034,1.288262604179523,1.0167834293510365,0.7145644518557865,0.8130447985746538,0.8870441876354672,0.7655859490077564,False
P10762,L33K,1.28,1.4123598994366922,1.1805540560435848,1.10501382682521,1.0967898265544502,1.4092032748025978,1.7367446017133712,1.35317286840547,1.490836029814138,2.4554166293688624,True
P10762,T47A,-0.55,-0.2367084016508087,0.0054471374486862,0.0528068768570885,0.3605481461065885,0.7142191955934971,-0.1235945802984769,0.2862210286554321,0.3630434221463275,0.19748560319844038,True
P11540,I6V,-0.95,0.2315985159047498,0.3509504198274711,0.4007965918571265,0.9747626045969714,0.4763940359887177,0.1360907413971672,0.865970571450085,0.9695386844727304,0.506560810923381,True
P11540,L17V,-1.0,0.9538575811064348,0.5089231484315766,0.7910573391650935,0.9622713495301816,0.8623550905554328,0.0094871227006053,0.4933461680346213,0.8031926571217864,0.574191631836751,True
P11540,K22Q,0.93,0.1059548108770764,0.1195871158780043,0.253489724284657,0.2767466480246837,0.1378486169347623,-0.2360986737224423,-0.2237509653453273,0.1367397034118707,0.46478334634458873,True
P11540,L35V,-1.0,0.9786256685112036,0.768441320537609,1.4588059858015945,1.237380162560149,0.8623550905554328,0.7798934747690325,0.6579685409340009,1.0767896181265977,0.20691135206135547,True
P11540,L52V,-0.55,0.4962646491198429,0.493241473617558,0.1742156068048595,0.2462879018656127,0.8623550905554328,0.648381962529832,1.4251314400509856,0.4426223209228587,0.9173438361983454,True
P11540,R76L,-0.7,0.1693292749805706,0.0865150996492837,0.0779236740972183,0.0167505767418651,0.0982419205808711,0.1291205161419274,0.1659252247147623,0.0926379506949933,-0.023611521613501996,True
P11540,R76Q,0.3666666666666667,0.4144354681067445,0.3413670136981408,0.4624414896170079,0.595677323273308,0.4171261809856643,0.2610077724335239,0.3664651420764054,0.4973127581962835,0.4450177318325419,True
P11540,K79Q,-0.3333333333333333,-0.021354398132637,0.054571809139325,0.0725903182548242,-0.1768590519500618,0.1378486169347623,-0.0470895349716347,-0.1276881248463549,-0.261781194855429,-0.01546768852723901,True
P13479,T27G,1.2999999999999998,1.287506752063395,1.2063223071481446,1.5862782519801022,1.8325412770381715,1.0479198155054508,0.9843805913186058,1.238976432278228,1.4977325161110833,0.8323408709688473,True
P13479,E31L,0.635,0.1442544118250574,0.1464387995442716,0.2475448802835928,0.1475773319683782,0.1352009219435951,0.1235976467777959,0.0908458594511038,0.2212265613429835,0.36958908832118637,True
P13479,V37L,0.23,0.2424394774669543,0.3412764545412402,0.5042612351503507,0.1975575796142604,0.5729438288087083,0.5008854731315162,0.2324186864104044,0.0855576851385088,0.12264432118223279,True
P13479,E41V,-0.8400000000000001,0.1987876024273159,-0.050995848104784,-0.0547418803236764,0.0067679855391169,0.3025040087971306,-0.2587239138131834,-0.0296272625874138,-0.1724204091825963,0.33340608829229695,True
P13479,V68I,0.755,0.7742529211877668,0.7751974941060957,0.9661600795223502,0.8374750914394603,0.2068428039589834,0.679942098737666,0.8809813829069967,0.8226053952204623,0.456505387130275,True
P22069,F28A,5.0,2.29985954434967,2.140015774164428,2.0424339895314625,2.1200507053114745,1.5289742388162222,2.0877871460452755,2.171488117937465,1.8811754040543256,1.7069692046003004,True
P30289,Y53F,0.6,0.0816366714419864,0.1229475213772754,0.1536167666042807,0.3469985413536768,0.4611349587492128,0.4017215746740333,1.0100389001457484,0.7531172142848236,0.5155557762119944,False
P30289,Y75F,-0.5,-0.1521793765854749,-0.120553430856978,-0.1254535288932327,0.0619813626583263,0.4611349587492128,0.1452102890912862,0.655089042898383,0.5592236214679491,-0.04293311596262406,False
P30289,Y96F,2.6,1.055318548323812,1.0760222339146954,1.1292462620947838,0.79977639569906,0.4611349587492128,1.3770869622291326,1.3523419715884626,1.0311213789926172,1.265509663386931,False
P30289,Y97F,2.1,0.581476416534389,0.5560136599430516,0.8313006289248935,1.201166934420533,0.4611349587492128,0.9328344848402984,1.285581942325996,1.5444327084711176,0.6754211079296011,False
P30289,Y100F,0.7,-0.0607422495882173,-0.1229205957915925,-0.0333648903164819,0.6811200857266515,0.4611349587492128,0.1474372016192342,0.8862014717017018,0.6994011467038883,0.6622426295284539,False
P30289,Y125F,1.5,-0.0039968983676228,-0.0226255106076582,0.0402344686465267,0.7914948503170544,0.4611349587492128,0.4244991783389565,1.062729159510182,0.8177837480708661,0.40067834450175044,False
P30289,Y126F,1.0,-0.0995473132296531,-0.062463995563394,-0.0223749014142676,0.7620328205066212,0.4611349587492128,0.2852857246722377,1.018681202125706,0.8631570669950939,0.7989382908644584,False
P30289,Y131F,0.0,0.04116766466658,0.1014056288518073,0.1222938209132997,0.4814102431960457,0.4611349587492128,0.6875406691130193,1.0114238122909032,1.0095074018116956,0.44256275392211797,False
P37001,W76A,0.475,0.5858409252254725,0.6443504794941585,0.805711404002029,0.5537905080421225,1.422381062656504,0.3131441747260812,0.365209751683215,0.3480310595287902,0.032591584370090354,True
P37001,F80A,1.0750000000000002,0.9833937644530996,0.6906071939401924,0.9725218176802748,0.7977034128666031,1.5289742388162222,0.1964788419380196,0.657153368476749,0.5235187175451619,1.0620494019933404,True
P42771,L37S,-0.755,0.6053722551248278,0.5067398059785297,0.3915566005592131,0.5209654554585519,1.609779382935271,-0.3081746273346483,0.1947393631538426,0.0691526230786753,-0.3377575033617175,False
P42771,L121R,-0.63,-0.0657519485388371,-0.1216479298982659,0.007511184049475,0.404316561902892,1.4371871213339258,-0.2118457498362408,-0.0493456982375978,0.1251017680220109,0.3380297997073596,False
P42773,R55V,0.2,0.3237898941265197,0.0590363886639214,-0.2321146226480772,-0.194807375684208,0.4624119382155242,-0.0911637166856087,0.1649314477547017,0.2558784420381825,0.06609093271523503,False
P42773,F71N,-0.6,2.057161745854084,1.7179798109186386,1.5600657481659053,1.0836577401254197,1.9088232541561,0.5233143505040798,0.7749109128147225,0.9096257392841196,0.6781105446068654,False
P42773,F82Q,0.45,1.234757568886738,0.7058568061384464,1.1176366102976567,1.002940975277994,1.7509781488464309,0.5738604117012401,0.3572724098694217,1.109893520665422,1.3043272495344607,False
P61024,S9A,0.37,0.2977403750641251,0.2741269025761008,0.4927072954600379,0.0520078522197116,0.2432926602208638,0.2575993689634084,0.6710442762093165,0.353738899206221,1.0841110283767907,True
P61024,K11A,-0.5549999999999999,0.3406269182729942,0.3478218934606574,0.9255064692337012,0.9016869893739278,0.3055327627161711,0.7475408702930681,0.7141891442845039,0.6061835299956412,0.2256187087482564,True
P61024,F17L,2.6950000000000003,1.85426219154141,1.5371022134496737,1.6212283028465726,1.0378760163850267,0.9046232825122686,1.1587603638564197,1.2843878457774245,1.1649205179993043,1.8565388830596705,True
P61024,V22A,1.465,1.7567610884817035,1.904803144328029,2.1088646187051303,1.7358110587536626,1.0343518725154948,1.663298862209866,1.6712198924182329,1.485450796491616,1.758836688125847,True
P61024,S39A,0.715,0.9014210268144388,0.5883673492448631,0.8154675835029233,0.7995190443180166,0.2432926602208638,0.7314700635378819,0.5582684649963886,0.9034501155278842,0.3821165551523462,True
P61024,L46A,2.035,2.066567255063441,1.6595201985863248,1.737210084640493,1.933258171350616,1.2014524221761822,1.6262781564020987,1.983213813615476,2.201017786483336,2.046893515354862,True
P61024,V55G,2.05,1.357160203047616,1.371170631921219,1.26837947532423,1.2207986634329295,1.8065612933128488,1.5422715729345566,1.7299569665028716,1.4571407309193634,1.8468381730806593,True
P61024,H65A,0.55,1.0751303602573965,0.7825269306532597,1.011491762204991,0.7077389424298773,0.5585512997788673,0.8800511310440772,0.6179950037007199,0.3672399484754498,0.4125410669687093,True
P61024,R71A,0.64,1.1067317321942514,0.9394851331930798,1.1043187087135884,1.343420677045788,0.4842385177740145,1.1900677820768055,1.569825485554799,1.3952835986372871,2.1489227471260968,True
P61626,V20F,0.8300000000000001,0.7082465975926483,0.4484296952955668,0.4799288245765874,0.2429028553168232,0.8310399776592199,0.2614496119082038,0.1818478453106154,0.141115534766226,0.29850378688620227,False
P61626,V20L,0.15,0.373275077964344,0.2048378063544143,0.5379987660966489,0.2897449046126829,0.5729438288087083,0.0796797046217001,0.1189571992976704,0.1322613967967342,0.22893923636139857,False
P61626,V20M,0.255,1.0174741125077678,0.6267710569262082,0.9047605179173692,0.3053664030204387,0.7465815673693317,0.2581074701088349,0.3054793841661942,0.1355719634444921,0.16744843713398055,False
P61626,V20R,0.49,0.7948186769221721,0.3871202256481879,0.3343558645054882,0.238881375763914,1.436827667225539,0.2239193258342325,0.1390638677123554,0.0771394844365904,0.06774950892226778,False
P61626,A27S,0.11,1.2310262248711172,1.0294764100598668,1.3810633659244451,2.086116915395924,0.5320077206749324,1.0273183835379374,1.1102672638460631,1.415912140485462,1.9855809851642734,False
P61626,T29V,-0.2,-0.0902983934930194,-0.0179637743603891,0.0214170154285096,0.1617459687441264,0.346772357079152,-0.002488035956753,0.3160442482994527,0.1267796144910701,0.16044634934567986,False
P61626,Y38F,0.44,0.1824219405800517,0.151353167264564,0.2455668959606132,0.8030362735051769,0.4611349587492128,0.4199784538038543,0.7216658195026305,0.8518430011753306,-0.21992640926229923,False
P61626,R39A,-1.405,0.8866566003979355,0.4697003183675597,0.2716800143482757,0.5012326973332253,0.4842385177740145,-0.1555891428758119,-0.0262795507630849,0.1380337395636931,-0.2112206778831267,False
P61626,I41V,0.394,0.3679220863647395,0.3062273199375611,0.282237723976627,0.639509141432187,0.4763940359887177,0.1390415998501646,0.7859667335275611,0.4224281883011969,0.7162311199981886,False
P61626,S42A,0.5,1.1260521883800971,1.0081417866293785,0.966439613090444,1.4709968368476276,0.2432926602208638,1.015837200172623,0.6415272843482646,1.3085170084148685,1.0729378272731382,False
P61626,E53L,0.615,0.6377944059373156,0.3224879738163099,0.3456343335747148,0.866982959151423,0.1352009219435951,0.5525793977733255,0.749579336470604,0.7027391614691354,-0.6992051493877744,False
P61626,R68A,-0.515,0.2044888318248788,0.2184240334475136,0.3328420199536813,0.2892142541290631,0.4842385177740145,-0.1289304304201536,-0.0823989045459272,-0.0584034749526697,0.5408487685872552,False
P61626,S69A,0.1,1.1196849472470525,1.0176234851731614,1.1044087764837132,1.0376723994097583,0.2432926602208638,1.131993705922538,1.0864840817171744,0.9351282353039834,1.6681787457548816,False
P61626,T70V,0.5666666666666667,0.4225945524032966,0.3955564831797866,0.4015580074220632,0.810207507321341,0.346772357079152,0.3751351811407013,0.5012445190098227,0.5015041207032772,0.3339949090733101,False
P61626,Y72F,0.98,0.0219062292941042,0.09681349828109,0.1285194193488629,1.2075940423732303,0.4611349587492128,0.7707405797315441,0.680400306502532,0.6884569295304103,0.2505266260107582,False
P61626,I74L,0.2,-0.0108722169167228,0.0734055645474698,0.2500614225944534,1.5363402664949557,0.3561546230629321,0.709844280592707,1.415625863449138,1.4505030329102495,0.5927452834021396,False
P61626,I74M,1.6900000000000002,0.873174797795152,0.734322883553096,0.9542152344755171,1.8633272243664745,0.7620248195826685,1.4064589461318735,1.8271638773213208,1.81236842413824,1.0035314837841236,False
P61626,Q76G,-1.845,2.0485916841506,1.7882160795308166,1.6420644452427902,1.9732782177622887,1.049600017225793,1.3573653868638584,1.4304677252080609,1.959626644547176,0.3443520360279164,False
P61626,I77F,0.755,0.5720017263803956,0.6227413141798893,0.7854923610759297,1.822566685143134,0.9455214670764804,1.5161849259122884,1.7648734023373511,1.9582527233942124,0.7987017771923773,False
P61626,I77V,1.09,0.8876564949055504,0.8718441269781974,1.0902093547045464,1.7199407402455855,0.4763940359887177,1.2225856583482468,1.953781109566065,1.5413465429347075,1.1612030890025138,False
P61626,G90A,0.3299999999999999,1.0157527792194234,0.6703177181982954,0.6109716353176363,1.0487453551135986,0.916421473108372,0.2467009907399932,0.3833872749902889,0.4849635470697889,1.0281770954842582,False
P61626,V92A,0.3983333333333334,0.5724827181415442,0.6491784935797699,0.98300291987649,1.1126804387211868,1.0343518725154948,0.3670121187909071,0.5370036680514267,0.5992009441490146,0.42438459759541636,False
P61626,V92L,-0.295,0.0947980813451508,0.1120016990623427,0.3198259927747254,0.5524474363518258,0.5729438288087083,0.1441875796494628,0.3527205497305793,0.1153682256065856,0.21695193611142627,False
P61626,I107V,0.55375,0.9891082674719036,0.7631370941632919,0.901592496292068,1.762922821060402,0.4763940359887177,0.5064874004552172,0.978288618263622,1.2204659770126196,0.9718617408956493,False
P61626,D109P,0.625,-0.2038320951407882,-0.1320914870407649,-0.2125129058488952,-0.3268488853999612,1.3831935573405447,-0.5943833170111243,-0.1640068257679985,-0.3492934656517977,0.3242296648313442,False
P61626,V111A,0.7733333333333333,1.5503956470789173,1.330690144388288,1.862954601598378,1.3309883250961827,1.0343518725154948,0.3099004638088124,0.5030440604848184,0.9238619951092952,1.1259070255526296,False
P61626,V111T,0.7350000000000001,1.3062886046259554,0.9812501437530468,1.4252908426452269,1.4128665940721068,1.1707108781884497,0.7470653713572049,0.7358915390773584,1.2487884353692027,1.6203485178370625,False
P61626,V117A,0.954,1.1507971967444806,1.3420196528533146,1.2562890431773748,1.837151507460232,1.0343518725154948,0.9485116664814964,1.483482843955588,1.6503352668930595,0.9770196330341048,False
P61626,P121G,0.05,0.3657043713142834,0.2198289340676309,0.4010112542419792,0.5590296332055973,0.929662235078946,-0.1182505873014274,0.11734598970202,0.287156241294808,0.6387257767015357,False
P61626,I124A,0.8766666666666666,2.3956376101884578,2.0522784692889564,2.337066438504518,2.027581527784948,1.1841563309167786,2.019609565333149,2.164051096577414,1.8770688521527643,1.8275811022837523,False
P61626,V128I,-0.8300000000000001,-0.0529917051226842,-0.0189256942654405,0.0702480607888084,0.0818384506355398,0.2068428039589834,0.1957142021438911,-0.049212852741252,0.1497793727042918,0.23108840844551354,False
P61626,V128M,-0.415,0.2377788255604274,0.1625121485306475,0.2166744700600776,0.0037986524014645,0.7465815673693317,0.1775537386870081,-0.0941733703667156,0.2081424622215678,0.26048021936383214,False
P61626,Y142F,0.2866666666666667,0.0509775129190468,-0.0002916209260703,0.0887611737979131,0.6686541961851459,0.4611349587492128,0.4185395214091542,1.0377661528965478,1.0215180691403911,0.022184466215835585,False
P61626,G145A,0.575,1.317293843222234,0.9203169649684364,1.01752484306575,0.6869780517804613,0.916421473108372,0.2404714348379294,0.3674728480269713,0.4647009606685609,0.9278942593078616,False
P61823,A30S,0.482,0.3525374400660435,0.1417492445291267,0.2240831372268968,0.0792267004450285,0.5320077206749324,0.1602317178202359,0.2612794368748878,0.0350163024556398,0.4131423974763163,True
P61823,F72L,3.2,1.4578156950509986,1.2089516413518904,1.6015554303574313,1.7203177111664718,0.9046232825122686,1.5434095693518233,2.056187980609674,1.931576754472948,1.2674337269134726,True
P61823,F72V,4.52,2.0219240446632507,1.556341529106564,1.8232440920744053,1.987077361032988,1.1892211841967797,1.8482791699492216,2.4265443162002684,2.4016789102003995,1.2296685199556898,True
P61823,V73A,3.75,2.0602060689212385,1.8976682040535275,2.449912543427094,2.486426326076875,1.0343518725154948,1.2625586439034715,1.7751149711043095,1.918090803865623,2.306107686327379,True
P61823,V80A,2.59,1.8779932813609728,1.897700710928195,2.5913281276030307,2.547470655840552,1.0343518725154948,1.4816732499160747,2.044201155346394,2.143704910044284,2.3394523329437384,True
P61823,V80G,4.885,2.8401407078783576,2.6547833445919253,3.2631537719961003,3.3664658855620315,1.8065612933128488,2.297327363463494,2.77475604340308,2.860769572923908,3.295486609476066,True
P61823,V80I,1.925,0.5121392779007732,0.7783114441435834,1.239386330104221,1.6131356126655487,0.2068428039589834,0.8947309760820991,1.5163481119568778,1.5643599756719764,1.031358757431647,True
P61823,V80L,1.0950000000000002,0.8729570262171297,0.9415048957373772,1.554733485461265,1.6130052069267244,0.5729438288087083,1.3505436691495465,1.832703574428329,1.6862183807310231,1.161830096300673,True
P61823,V83A,2.875,1.8262062444796947,1.949723820797105,2.2284283866741093,2.5287175499263435,1.0343518725154948,1.5954730231083616,2.126282247154221,2.184157310503717,2.0512635109437802,True
P61823,V83G,5.51,2.063919371831278,2.6249018497713097,2.8863809245103265,3.6838576077690206,1.8065612933128488,2.663859895118592,3.2913440840488013,3.2031650316555527,3.2542750587728206,True
P61823,V83I,1.3,0.1164422884937387,0.1489868968886018,0.2302380676681021,0.9589284778810744,0.2068428039589834,0.3204715345316909,1.2310173031168792,0.9856972892183858,0.27159173493917277,True
P61823,V83L,2.385,1.666996960245902,1.3340819097453842,1.889445282294853,2.1721311784252464,0.5729438288087083,1.6743934194679704,2.107854790097889,2.102124886993291,1.260342622094297,True
P61823,V89A,2.01,1.3676275591068152,1.193891400737889,1.348932490085743,1.5339445301725476,1.0343518725154948,0.9140625654497224,1.0923336767760694,1.60975101853619,1.2863088955368487,True
P61823,V89G,3.5,2.15720841007648,1.966339445783732,2.496109558078156,2.551021563278077,1.8065612933128488,1.6474639644755311,1.69232030563322,2.263676227145864,1.9424224139974962,True
P61823,A90G,0.415,0.0798276999604354,0.1581604245039116,0.2344175913685351,0.5446548980727771,1.0167834293510365,0.0173887268750983,0.2463817109343252,0.4444497022914457,0.4190264790032187,True
P61823,S101A,2.5,1.2250048069445998,1.2689309056636229,1.3565227753316538,2.014889658400752,0.2432926602208638,1.4753982842486544,1.598924285088332,1.7234858936505355,1.224054371758063,True
P61823,S101T,2.8,2.5973614469438053,2.2114143696715907,2.6854006058451496,2.632936597781938,0.1863785943013882,2.001749751873367,1.9314839725546384,2.496938328297894,1.561895145756101,True
P61823,I107A,2.9225,1.95099006350834,1.962313994825985,2.1331143339086047,2.5449460264504324,1.1841563309167786,1.6663875300900173,1.873563432979921,2.31099115235887,2.861097070159229,True
P61823,I107G,4.8,2.891976072869868,2.663825579178728,2.8108053928861705,3.2661468470017865,1.9335670928902624,2.222705021101361,2.5052538911806623,2.7886283449457223,3.6353605506211917,True
P61823,I107V,0.31,0.3189528812129354,0.2594525832887814,0.3892356132183614,1.0939909469305849,0.4763940359887177,0.2927737583659329,0.944121503773696,1.176685950584608,1.082216373218235,True
P61823,P119G,2.35,0.8316665282016042,0.6773379983563947,1.2392241198838998,0.4663101010749401,0.929662235078946,0.0443722444573289,0.1789987013179155,0.3812554375440687,1.4792935682809203,True
P61823,Y123F,3.52,0.7111745890020913,0.7323421694894302,0.7748662641104325,1.5509678758514842,0.4611349587492128,0.9423720179859204,1.238606975828358,1.1795926729975694,1.2105820036743378,True
P61823,I132A,4.385,2.3957025471919926,2.590464826875386,2.8205629063498323,2.986698302748865,1.1841563309167786,2.161252313766528,2.687340988164833,2.489499016170167,3.2847284807115273,True
P61823,I132L,1.795,1.2398671806375154,1.232383103548025,1.535184194900818,1.894363535811552,0.3561546230629321,1.780427043349314,2.16862687208424,1.9532150606300545,1.4879084206257671,True
P61823,I132V,0.8,0.7272682249159395,0.7160203351677568,0.773315361080808,1.4270856654959505,0.4763940359887177,0.705699009531077,1.4671412138291704,1.2894175450979837,1.2597894749713463,True
P61823,V134A,4.2,1.889275764645037,1.846134694220212,1.8194756638686804,2.21538283091418,1.0343518725154948,1.4074636358842034,1.932472165508396,1.818159836977196,2.701004196824371,True
P61823,V134I,0.415,0.1391554607555121,-0.0394030193866163,0.1074537176713772,1.1664854760728036,0.2068428039589834,-0.0507421629738665,0.9001035909638212,0.8281701207157829,0.6515221326760315,True
P61823,V134L,0.7,0.6699594807432373,0.3820961507480828,0.4173308262935986,1.0576043834732878,0.5729438288087083,0.5558604392217441,1.2269515928106114,0.8952852673763034,0.8476610155036729,True
P61823,A135G,0.415,0.8268398216333003,0.8088612641420285,1.166720645112039,1.8561037690590183,1.0167834293510365,0.6742306107185287,0.9409497867931088,1.0416257740687758,1.8216524439032122,True
P61823,V142A,0.6799999999999999,1.039920844884328,0.905667268110269,0.9416085930516656,0.9500046429120764,1.0343518725154948,0.4541562371603148,0.7836927250416832,0.4613759373745442,0.7234299315618746,True
P61823,V142G,1.19,1.299785698660579,1.038783266387321,1.2527024325597165,1.64686610702039,1.8065612933128488,0.5119170448225235,0.9944923913035024,0.8839826806591015,1.4616088147036854,True
P61823,V144A,1.91,1.766958604720529,1.5769342140902265,1.8168149569732712,1.6207314228611405,1.0343518725154948,1.4799285547346106,1.6092253564775247,1.6008970835574363,1.7097582125053856,True
P61823,V144G,2.785,2.586113069863556,2.081505919527093,2.486104070621076,2.5132117612898304,1.8065612933128488,1.7304456992652435,1.860020304085642,2.240054716107953,2.4282225497644117,True
P62942,V3A,2.365,1.7594610491796714,1.7625836307601055,1.8116406854765807,2.1535635337403964,1.0343518725154948,1.4788292601363895,1.4028272893242857,1.9164990648483784,1.7319366984606808,True
P62942,T22S,1.345,1.1097034179848009,1.000758426205293,1.1659452303805191,1.5839223006028742,0.3817050466382695,0.9981750351520514,0.9719051858807384,1.203171888560009,1.5689564087665295,True
P62942,T22V,-0.8049999999999999,-0.0903908810269481,-0.0490196765516983,-0.1235984401861386,-0.130163925091654,0.346772357079152,0.0369932979574609,0.1647098616536904,-0.1020437128527297,0.3806672063987484,True
P62942,V24A,2.956666666666667,1.717155874860054,1.6022524782849554,2.352079274039588,1.8627483866985883,1.0343518725154948,1.0962180574037808,1.028924851340809,1.3631076685929888,1.724692988436961,True
P62942,V25A,3.19,1.6243337615301736,1.6577440610456229,1.856177805265236,1.7241621348007925,1.0343518725154948,1.416810786955329,1.6013718972670747,1.410745313870279,1.7142536723069024,True
P62942,T28A,1.91,1.295776281706967,1.244701027232094,1.4735502140221477,1.744877472593867,0.7142191955934971,1.0118995109407023,0.7241119161239385,1.264180981842994,1.7901104613605636,True
P62942,T28S,1.395,0.7653959681445124,0.7321474341344736,0.9490292726124286,1.4936179210053917,0.3817050466382695,0.6344790274953718,0.5119838477363279,1.0121007815159673,1.5664014250006166,True
P62942,T28V,-0.315,0.2659945717619061,0.1666531200589611,0.054968579432369,0.6224173544643365,0.346772357079152,0.2496831081118703,0.2387723218291629,0.3733825721480509,0.7345509445135532,True
P62942,L51A,2.485,2.519566415390174,2.0347005787805523,2.304126539853768,1.6270672237542434,1.2014524221761822,1.4155154205362763,1.7699796089135629,1.4929070242929796,1.3964803767563665,True
P62942,V56A,2.04,1.6587278315723863,1.9007737449304964,1.7448693666537711,1.5794153297557565,1.0343518725154948,1.818780102202395,1.4987610492493095,1.7764120156983367,1.8159093852679342,True
P62942,I57D,3.0733333333333337,1.8035101546057308,2.1442259358079374,1.7857638662833375,2.90043815272796,2.2682605643219658,2.421638997168196,2.543700397602361,2.828101021408709,2.2269993381831954,True
P62942,I57T,1.83,1.3958271276556553,1.515220073482506,1.5211713524654396,1.9816004471724529,1.2933680304390762,1.1723500602543675,1.4326502368748104,1.725534853331625,1.1397061157245982,True
P62942,E62A,0.8,0.2777425427394238,0.2769635033151137,0.3327370619402418,0.4103284480142969,0.2608713460382981,0.4218009871368231,0.3308965375612951,0.3710154597836318,0.7126071609436557,True
P62942,E62G,2.475,1.1200935967142838,1.0099240663453126,1.2048965767270956,1.3296352940823684,0.6400959207537913,1.473717050927774,1.170149588233944,1.232361660208514,1.8840314454853968,True
P62942,T76A,2.5375,1.3670476771177802,1.4110346522724408,1.4852303623425978,1.7498570166575564,0.7142191955934971,1.3300229684177003,1.1005323798649216,1.6007641564671886,1.6402645791627626,True
P62942,T76V,0.78,0.2123490810469942,0.0457812326368365,0.1747978817089819,0.363715981562192,0.346772357079152,0.2325677831196231,0.1905439838001796,0.3762889216733983,0.5043262492884395,True
P62942,I91A,1.4,0.7898614632363605,0.7284495816752362,0.4562606338156366,-0.1197956026622031,1.1841563309167786,0.4530654696015491,0.4382408059535659,0.0950431973805556,0.9008663025078474,True
P62942,I92A,1.54,2.318756512585953,2.115065550944421,2.293679859555366,1.7635217627180435,1.1841563309167786,1.7316428569413147,2.040470307252712,1.6821835669266416,1.6076523653114483,True
P62942,I92V,0.38,0.4307438035321006,0.4664407795494737,0.4377927341262834,0.4273602568222599,0.4763940359887177,0.3588429955949504,0.9871718515184692,0.5071915936983556,0.7076877810835775,True
P62942,L107A,2.26,2.4651097997582307,1.9748019173029177,2.458925811458992,2.4851259675941195,1.2014524221761822,1.198877618008995,1.610036868903937,1.9862639625667464,1.4357126607842847,True
P69543,V19C,0.2,1.0020010985092085,0.425456726090211,0.6013124877176825,0.4381667760209716,0.651611987066557,0.0697677124065918,-0.079248597441184,-0.0330415903444015,-0.17249698259520618,False
P69543,Y26R,0.3,2.484603274110802,1.7836029251379857,1.7955168332179237,1.4517309663929212,1.5619698669040805,0.9134040235365356,1.0082774389965092,1.3979333188169467,0.8953299214981213,False
P69543,C33V,0.15,0.3763900490964696,-0.0394010949026485,-0.0236235904861678,1.0558438482329684,0.7132881222054334,-0.2131705471555825,0.3784959413489289,0.4144786420164223,1.2924414640871915,False
P69543,E40T,0.3,-0.0759169771272642,0.1136182672691662,-0.0618574592791616,0.3562203796681117,0.2689537873456133,0.1289023529348264,0.3542715136159174,0.4706397894125514,0.3520678178415759,False
P69543,Y41A,0.3,0.3648972957749141,0.5703504922125472,1.0247848108351094,0.4004556511114304,1.7437349920018923,0.945855164998756,0.4727726812910539,0.6577660190810632,0.24412714680962866,False
P69543,V45C,0.05,0.427311488485533,0.2979267884357944,0.6530591263593806,0.8138803785919025,0.651611987066557,0.6350942987920426,1.290424483792632,0.8382417397248789,0.4049274227309428,False
P69543,I47L,0.5,0.1528351050385369,0.2747924339984972,0.1504226828575131,0.6349411157197423,0.3561546230629321,0.7327939509298945,0.9978813408918832,0.6679884756114526,1.304979364222396,False
P69543,T48V,0.0,-0.2157736751309999,-0.0743811990658604,-0.1705813955654892,-0.308452843067287,0.346772357079152,-0.3477422659084326,0.2803826799970933,-0.2048217179455909,0.06169511814912926,False
P69543,K69M,-0.15,0.019479750527616,-0.0014796779900744,0.0311410084811494,0.0189768399344588,0.1459241269594061,0.0392710159359711,-0.0596485320778179,0.155701842556575,0.18632184064256424,False
P69543,M77C,0.0,-0.0604352875493184,-0.0792535856307212,-0.0322477142054091,-0.0095040184617797,0.410193958278863,0.0304675562169166,0.1650271588517296,0.1071517975998374,-0.15534881442976467,False
P69543,M77F,0.15,-0.1274847266261413,-0.0939150481752264,-0.1880286238593737,-0.1541687156352501,0.5018604314511835,-0.0331238685904613,0.0554186557399631,-0.0232611163767655,0.23606194957266702,False
P69543,L81V,0.15,0.544619185824646,0.4655446798372061,0.4276374214016131,0.1012007918929713,0.8623550905554328,-0.4396462800409203,0.565616844993268,0.4636287575993449,0.6300359617584991,False
Q13526,K6A,-0.125,0.0484166958984692,-0.0565031991984969,0.0367899637102437,0.3342877128605388,0.3055327627161711,-0.1145599992861602,0.4367818038946919,0.6300861053739706,-0.08936515766962416,True
Q13526,L7I,0.825,1.6543736718420832,0.6998979591968328,1.533487287353601,0.8058978650353288,0.5869342221980756,0.3286116852542853,1.0617482470916113,0.6915986223693744,0.7271098224950928,True
Q13526,R21A,0.675,0.473612428606659,0.4482522280159611,0.697169519328602,0.8173287232340887,0.4842385177740145,0.1397998426866926,0.7058369898609147,0.6716824855189814,0.6769118631715871,True
Q13526,T29S,0.675,0.4641509289527216,0.3285412239800777,0.3756423523841458,1.257630780215203,0.3817050466382695,0.3008233550021595,1.1006588642501076,1.3719388420410294,0.6758274271930307,True
P06654,T228A,0.47,1.1607220691581088,0.8150343612291003,1.1435455327275366,0.6815016502111763,0.7142191955934971,0.4099277988284927,1.3937244974271108,1.1631879713196276,0.8581741882312575,True
P06654,T228D,0.55,1.2262775732107865,0.7743689256899808,0.9784607088838058,0.7606277404902635,0.6974880315619807,0.6593681575319303,1.6941333261367633,1.4863734581625945,1.1197097261458735,True
P06654,T228E,-0.13,0.7507649035648294,0.5725255128902788,0.3857602525155361,0.369701177921702,0.9311062346371518,0.365108688976674,1.581934327090104,1.1580823200630088,0.6154718359344544,True
P06654,T228F,-0.3,0.3794083954773738,0.1804256626866655,0.257839247796201,-0.0207767290068821,0.541123749643579,0.1978264532592148,1.1705398003408132,0.7986931803985932,0.5566528126851339,True
P06654,T228G,0.67,1.300206856115747,0.6714721822262183,1.0977563918160032,0.9441363739737884,1.0479198155054508,0.3777413332757869,1.4429545880327432,1.097094863959312,1.5921287023042068,True
P06654,T228H,0.13,0.7826743247064956,0.3094022118867063,0.6766749177921606,0.4530599707934099,0.6723495817940909,0.6203769185681303,1.4695481249627345,1.263446206069234,0.9162577508819606,True
P06654,T228I,-1.0,0.2727360907660609,0.0708484746316957,-0.0332191218936077,-0.1862379635955316,0.3001295053725096,0.2627678383842768,1.3112958394331256,0.6698067466781891,0.1540212638163192,True
P06654,T228K,-0.31,0.5674930753262682,0.3669583701363476,0.3205544384181249,0.1832398710417788,0.5946111562191112,0.4010333928896365,1.5048355847725212,0.9688996320755217,0.6166878569113434,True
P06654,T228L,-0.54,0.2126643473591443,0.15509994829546,0.0578398005983692,-0.0094469443678592,0.4702300031860487,0.2115649736451512,1.2655393683086382,0.7338158756958102,0.4359717188088258,True
P06654,T228M,-1.0,0.3792645237688433,0.1486813671953136,0.21914529142005,-0.0269289261325134,0.3673402814020771,0.2485700724426832,1.207493130080027,0.7260966284511541,0.6135110955425574,True
P06654,T228N,0.14,1.008015328620285,0.4817807316446785,0.7550843031843826,0.4933952270209928,0.6868330669988602,0.5861303107627819,1.4846011959825482,1.24919273802123,0.8530373902308809,True
P06654,T228R,-0.09,0.2169469942572738,0.1120971751268453,0.1197517194195697,0.139801284959142,0.5433265812826409,0.3237048832491024,1.3279189795052246,0.967053444934668,0.5281840792933389,True
P06654,T228S,-0.06,0.6306903867018919,0.3268786243819009,0.4810076407486049,0.4066589705402368,0.3817050466382695,0.2867743784972126,1.3586248539643446,1.103169183261323,0.8279948958691475,True
P06654,Y229A,4.0,2.970707472427488,1.8840229692601305,3.0319284466117304,2.8442581858419964,1.7437349920018923,0.7031234599510416,3.018769062319288,2.8604034011310584,2.6911173386038167,True
P06654,Y229D,4.0,3.180780051957478,2.39853559699976,3.3925753335222124,3.5755976645690866,1.777898527256259,1.3620131483904412,3.2887627148089025,3.54222958234038,3.1358680655159827,True
P06654,Y229E,4.0,2.913795156494837,2.1799996603867893,3.2260756024905404,3.43735993185204,1.488122505129541,1.2334903011224572,3.223605896619536,3.3156999552177124,2.6721179104558477,True
P06654,Y229F,-0.55,-0.0168540232550282,-0.0168281178974235,0.0212943395221431,0.7159779137266005,0.4611349587492128,-0.0325372200326779,2.356343463515931,1.800667106332292,0.5123913936629076,True
P06654,Y229G,1.44,3.3717937184522144,2.288177314123081,3.728384805345791,3.492653891677682,1.6084509752438536,1.1446888245439506,3.263127762080243,3.378885161416801,3.2256717905944283,True
P06654,Y229H,4.0,1.887399596535972,1.2470913772965226,2.0368549942903726,2.3015203931259824,1.1818406283083758,0.351545362427794,2.726445974124993,2.6359527242119656,1.3822299564217986,True
P06654,Y229I,3.29,1.846508119630641,1.1147469119264788,1.9795906686668128,1.95662208625093,1.129356491878537,0.246739704394659,2.709764476535192,2.2502631263801973,0.9816285873015327,True
P06654,Y229K,-0.88,2.5960125905181,1.7115737128952293,2.98952454787723,3.257143025068713,1.4528552649150703,1.1587817823908075,3.110367625880144,3.127426332695301,2.9727558623393717,True
P06654,Y229M,2.6,1.9187862199108887,1.1138806350424146,2.42160767466033,2.562113994872122,0.9932980891516626,0.4468252863294977,2.7631446495950165,2.6394280440218187,1.631996816633096,True
P06654,Y229N,4.0,2.8050562948773616,2.138735074733135,2.9379589848153502,3.0201968932600844,1.6600181943510033,0.6471555523497268,2.95090007862018,3.103254970293991,2.677968347427655,True
P06654,Y229P,4.0,3.124693569879536,2.244866210202192,3.14400337233901,3.212769922876619,1.9897058778313537,1.065959166025603,3.0701262675817307,3.215653250071945,2.640245252001882,True
P06654,Y229Q,4.0,2.8882319908106324,1.7646189193454636,3.0736921230567527,3.2033888695875987,1.841606748334982,0.7358357568931526,2.9812750757700712,3.000130865772216,2.493481456234404,True
P06654,Y229R,1.22,2.334686080335448,1.523611092215352,2.6135600563690145,3.1777228562558446,1.5619698669040805,0.8849123752603111,2.918551286582072,3.1019589418807336,2.2425477865348338,True
P06654,Y229S,4.0,2.839023780255544,1.92286202388788,3.095239087806617,3.2419665544386485,1.435971947566705,0.8061835059824439,3.0506911058023167,3.159078422144868,2.9012127305239526,True
P06654,Y229T,4.0,2.7720495686104623,2.08582194484324,2.9619029259546656,3.0238463362666588,1.1738025811046882,0.8852454682767845,3.039272253090024,2.978436262257873,2.6228646278075716,True
P06654,Y229V,4.0,2.4247467942392538,1.4937333736897378,2.2985598391838247,2.201913211912683,1.052432906429393,0.4310859812569685,2.845475317082992,2.505114571268402,1.4858836896693401,True
P06654,K230A,0.34,0.8425888467265181,0.4555612012329693,1.0546916163290814,1.134693358772146,0.3055327627161711,0.0168994474328817,1.3096249176426835,1.1361579606883714,1.0069734593080244,True
P06654,K230D,2.05,1.6691072224201602,1.2409627339615343,1.640415418446287,1.8699962575996207,0.7606922472331851,0.4568928437676363,1.623916846109579,1.5673341885481833,1.8336736551014705,True
P06654,K230E,1.36,1.202516649671454,0.9231969707604556,1.170788991337936,1.6489771189766669,0.3829837526569796,0.3231145134739908,1.509019418293893,1.4200488105848703,1.2082611903360865,True
P06654,K230F,-1.04,0.0215337605850284,-0.083907708737469,0.1900652859526438,0.0198283664939845,0.3337267307342781,-0.1581430686512496,0.9147756940761648,0.6411109726541138,0.4950217912714503,True
P06654,K230G,1.23,1.5989136972550333,0.8237712410184596,1.7992293927197494,1.680938962474185,0.7248042648400427,0.0703149700272027,1.4517586710015915,1.2726388699482232,1.7284793605468787,True
P06654,K230H,-0.74,0.2078888094008135,0.1780820108805325,0.264215889334222,0.2918838726807541,0.3549001215246877,0.2283867967425793,1.346625912467326,0.7962662689486301,0.45935876966968225,True
P06654,K230I,-1.08,0.107996033220014,-0.1108915099565648,0.1548960442277299,0.0490836781737598,0.1484741359306512,-0.2187704197424444,1.071638372270066,0.6397759562860454,-0.0871640059214629,True
P06654,L231A,2.01,2.261722132077324,1.4680298527086737,1.9132040091912368,2.170572511606293,1.2014524221761822,0.7112439416558594,2.8959479218535336,2.4126997709156144,2.155345098118469,True
P06654,L231D,4.0,3.126183291934593,2.4562917570746965,3.110132439912056,3.204038809723398,1.862002199093333,1.5435443829583653,3.2571948115013227,3.230670991937912,2.994478641405515,True
P06654,L231E,4.0,2.815585652947765,1.9555850215593271,2.870948225304782,3.056472040152188,1.7292332571077016,1.295466955022338,3.141260787259057,3.072280842797967,2.7798430916849237,True
P06654,L231F,0.47,0.5352699014139457,0.2066727301345061,0.4303673096086546,1.388914130536815,0.8209120134372314,0.0552178849072516,2.497643727636184,2.1581839143657624,1.1079342362789224,True
P06654,L231G,4.0,3.015503233787026,1.902521886683672,2.750688228612346,2.467859447322772,1.841681641259816,0.7920422898149632,2.94114826390554,2.55988613928402,2.707241145417852,True
P06654,L231H,4.0,2.943620146231909,2.2627117691232628,3.11626601777457,3.037949967082061,1.4763974758152691,1.334971762161544,3.043425018583173,3.082551972679921,2.347857472753854,True
P06654,L231I,1.34,1.3209265639929173,0.5520288850202888,1.389874210355816,1.494403552063934,0.5869342221980756,0.3243476076420019,2.722162066933853,2.1439734353397206,0.9729649729177461,True
P06654,L231K,4.0,2.469777405558353,1.9188541459216804,2.4469619096056934,2.7907970458825924,1.4092032748025978,2.4575511124834986,3.422561791618316,3.280146934492005,3.0294515726132047,True
P06654,I232D,1.97,2.10674166255968,1.204009042150695,2.127576188228667,1.5531307247877182,2.2682605643219658,0.6355886993488175,1.9202971365908008,1.535567938417227,1.0802776353515076,True
P06654,I232G,3.08,2.351663798086181,1.4524548563569102,2.676686761811637,1.896895249093021,1.9335670928902624,0.3483304616979146,1.898770916585767,1.5721702168347922,2.0723209621198313,True
P06654,I232H,1.06,1.094914694093126,0.6385515343530315,1.1120743302964673,0.962860956439757,1.553498402388831,0.4080010213972285,1.747836404149886,1.2696571175432847,0.6230463837955018,True
P06654,L233D,3.11,2.3352356126033182,1.90971904780822,2.7197511866449045,2.238129570321584,1.862002199093333,1.4473495787736803,2.9779707277328447,2.213910904751076,2.7459359933598297,True
P06654,L233E,2.79,2.428846916543369,1.78522341474256,2.5345569801340813,2.13374135386342,1.7292332571077016,1.455152308075306,2.9526781806461333,2.161717265786014,2.516138962414735,True
P06654,L233F,-0.26,0.1751616721976129,0.1201082853637645,0.4025456998870506,0.0702437767069245,0.8209120134372316,0.1053377072174848,2.066729789506818,1.1622753437872544,0.8028820045801413,True
P06654,L233G,4.0,2.4596558746385617,1.863286331269358,2.4909343146350915,1.806878192929825,1.841681641259816,0.8926886009270069,2.903246771625625,1.924805613918331,2.2564740461135884,True
P06654,L233H,1.59,2.0530182680290583,1.6319491228490306,2.3933682400646035,1.556115793680598,1.4763974758152691,1.0863600603206252,2.5723969583286053,1.8317243654672832,2.2045350371354653,True
P06654,L233I,-0.97,-0.0471301563342491,0.1241677531015154,0.0535713922107319,-0.4195890840879892,0.5869342221980756,-0.0667440557443334,2.2596438005888766,0.8516820160911991,0.04889864760454632,True
P06654,L233K,2.76,2.1979252608045794,1.5701310880352506,2.4632578557863383,2.1154360125247207,1.4092032748025978,1.9862866772656864,2.947637918318696,2.2079461103096154,3.259234470086664,True
P06654,N234A,0.28,0.4464159710541093,0.3319836537429802,0.5341643236349981,0.2964510054415921,0.4555207489795747,0.2058818524370439,1.4802210207512718,0.7653930118735932,0.4942452078119879,True
P06654,N234D,-0.19,0.3380922773542786,0.3511843262485565,0.3612265176118299,0.1789902749783204,0.3493393529451628,0.3704293628173895,1.5921597323380037,0.7610395817558331,0.3357207556430525,True
P06654,N234E,0.01,0.1102072306461486,0.3379519086854189,0.2488061381022904,0.2458005208180937,0.5219379710146995,0.3130846890031736,1.6161631013033262,0.8172099821400682,0.29176192013341573,True
P06654,N234F,-0.35,-0.2097239426107594,-0.0128720170951755,-0.0772264516220296,-0.2052481799574755,0.2912230471356515,-0.3000782944833304,1.1840512937259775,0.5355350650150411,0.5211820560906235,True
P06654,N234G,0.85,0.9893352815023734,0.5187753578616375,0.8419449385230491,0.4674655520854817,0.578843350847076,0.0547472302697016,1.3666073196342876,0.905614757973215,1.1719287381464336,True
P06654,N234H,-0.24,0.1101788703156096,0.0703340344102154,0.1994374367570646,0.1154203794930626,0.3787495950396641,0.1187689603579964,1.4218999624476858,0.721103695781309,0.5289569863648089,True
P06654,N234I,-0.56,-0.0192939753372848,0.0221737918677587,-0.0639381274430714,-0.0532068890912481,0.4760652469749477,-0.2017042540606251,1.374146149348966,0.4066629470370682,0.3410694623792198,True
P06654,N234K,-0.45,0.0385369827949083,0.2407596559842893,0.1703832533238155,0.0071027305252812,0.550376399620478,-0.0856163573929472,1.5298945125089345,0.6664230290179934,0.31424386965692136,True
P06654,N234L,-0.95,-0.1175140704234384,0.0797581295815022,-0.0194060584096772,-0.0075907177496122,0.5169144424960658,-0.1815487822420012,1.3555285764180325,0.4496707396020689,0.38614998806715484,True
P06654,N234M,-0.37,-0.2058720996898312,-0.0541085721233392,0.0129477487403417,0.0599303383433608,0.2739745439003018,-0.0619644949281036,1.3356977981478324,0.5799670695198984,0.5387282921076123,True
P06654,G235A,0.25,0.2990333622172362,0.1787821335875168,0.1293689957632196,0.1155387315481629,0.916421473108372,0.258425507830158,1.2614473651140137,0.6276394548679664,1.0187987300713615,True
P06654,G235D,2.5,1.025005045152034,0.9663104674378186,0.7751006861208335,0.459393282709887,0.918707051349337,0.9868481074677912,1.664612191636945,1.0439970997876404,1.1058062474067771,True
P06654,G235E,2.0,1.2415943451710825,1.123525302016025,0.989682673142282,0.5418310367636929,1.3363436108050193,1.101824782891509,1.7434918796716148,1.17487972674936,1.5213306389513657,True
P06654,G235F,0.0,-0.4693924957579007,-0.1189598979065066,-1.0088672904469969,-0.6816740470012863,0.8206863528027217,-0.516059504320761,0.8806268204623031,0.378804194836266,0.5867897728561154,True
P06654,K236A,-0.22,0.164796918578202,-0.0546855780327984,-0.0179189765079842,0.1383191200800972,0.3055327627161711,-0.116160584147021,0.8768451147018055,0.69769196916152,0.14039050494252225,True
P06654,K236D,0.5,0.4133755787898745,0.2383069907548201,0.2496847763021807,0.2013286429350063,0.7606922472331851,0.3961592566170882,1.1274389156271327,0.8605441136604771,0.002192044203129462,True
P06654,K236E,-0.55,0.3605505441829857,0.3551146497291243,0.3368989149728477,0.2218087339771429,0.3829837526569796,0.4654287780435954,1.16263916008949,0.9367757687170444,0.12678266080350914,True
P06654,K236F,-0.22,-0.4760805820915593,-0.2676251108757869,-0.4206944554601655,-0.1209113179802637,0.3337267307342781,-0.4696470019457893,0.7603167306486196,0.647514925970661,0.6469476366818541,True
P06654,K236G,0.35,0.2129667809570798,-0.1117507113200771,-0.071482472738944,0.1603408089110239,0.7248042648400427,-0.1554990660539389,0.8255434417996484,0.6415414941064559,0.3834718608453391,True
P06654,K236H,-0.15,-0.1114952397404759,-0.056732794040127,-0.1611620307724068,0.0474356183604377,0.3549001215246877,-0.1360272966499332,0.8934762467756793,0.7499020900242369,0.1465784433053675,True
P06654,K236I,-0.56,-0.2015560562962977,-0.211723340105735,-0.1806290968000215,0.0085775272645183,0.1484741359306512,-0.2789317714635846,0.8852843318179053,0.6439448978796101,0.4500522301350491,True
P06654,T237D,-0.46,0.1477312246227783,0.4877090130997752,0.1984228047413073,0.410594177351293,0.6974880315619807,0.2294016361278443,1.3361395434173005,1.1288855116861454,0.044809781000828386,True
P06654,T237E,-0.46,0.2041926126777186,0.5614654789245799,0.2630564262358571,0.4852773083248546,0.9311062346371518,0.2216750924388736,1.2898027434034742,1.1267109456130835,0.28107022870375403,True
P06654,T237F,-0.76,0.0848023845325105,0.2654356898986112,-0.0113899617999666,0.3885454280658548,0.541123749643579,-0.9692733745741334,0.7426732932596238,0.8265621532950354,0.24987875064287013,True
P06654,T237G,0.01,0.1511388475834918,0.1407920414253414,-0.0511100899222507,0.1780493400656396,1.0479198155054508,-0.2828729714879264,1.0578545825341976,0.7928814298753072,0.3895207705852781,True
P06654,T237H,-0.42,0.0431130072009276,0.2529814740762052,-0.0590445189762705,0.3762184237141533,0.6723495817940909,-0.2958768322097546,1.0220603076927532,0.8067058233439951,0.1396810923163045,True
P06654,T237I,-0.56,0.2824054259895431,0.2417189799688932,0.0328617558172314,0.4288341048605494,0.3001295053725096,-0.7559544163517069,0.8953791412506735,0.8508413557957104,0.28475831455696715,True
P06654,T237K,-0.35,0.3189439010537125,0.3990008926483934,0.0525521317557583,0.3415529811126739,0.5946111562191112,-0.1932254189207058,1.1138552244782214,0.7967963889223816,0.38804657598185655,True
P06654,T237L,-0.38,0.2661098617934944,0.2466485307625709,0.0282456955617972,0.3901677092023378,0.4702300031860487,-0.8577226405653862,0.8619274783983606,0.8141760932347142,0.2698840483473588,True
P06654,T237M,-0.39,0.2178110567178954,0.2533679570023046,0.0006125364498888,0.3907122869269549,0.3673402814020771,-0.7444317895280987,0.8356827162589289,0.8159434758437462,0.282391102632614,True
P06654,T237N,-0.17,0.0404571539656196,0.2326688377444992,-0.0466652807486378,0.3748748593218455,0.6868330669988602,-0.2505737151591072,1.0813840214185406,0.9315598874065236,0.06640725791541957,True
P06654,T237P,1.03,0.6419435858705314,0.7125855984660328,0.5528794469902861,0.5327727812602342,1.4755808185282349,0.0922925756147462,1.2792441229934997,1.0177696770802425,1.1136532463445645,True
P06654,T237Q,-0.59,0.1830184092229721,0.3447497090354482,0.0379937977169811,0.4096760490810552,0.6648553935122228,-0.1144450873438728,1.108072240399522,0.9470122068726812,0.3853913707735344,True
P06654,T237R,-0.39,0.2251395939099912,0.215677582312151,0.0567948582944514,0.3506084880568511,0.5433265812826409,-0.3085594306462964,1.0406333642506134,0.7849663966381011,0.2789024009802879,True
P06654,T237S,-0.3,0.327469343326025,0.2146752456747581,0.0564660864329526,0.3223502051106116,0.3817050466382695,-0.0602431505427177,1.0837350471983114,0.8115924007843935,0.20751289443718973,True
P06654,L238A,0.28,1.218424886900634,0.985276507094371,0.8752031635734987,0.5503684085379545,1.2014524221761822,0.6590626680180108,2.0794897764499765,1.3324832621527634,0.3980795384561235,True
P06654,L238D,0.68,1.727311006096215,1.283436054674822,1.4068538552291403,0.8470049654583583,1.862002199093333,1.254290997864001,2.300027848619775,1.7018880297673804,0.7869494700335815,True
P06654,L238E,0.25,1.5946205301847365,1.1297262797962655,1.2717848383983603,0.7876694172724251,1.7292332571077016,1.1752840541596294,2.2516640611266974,1.6256985055875568,0.7611945250537828,True
P06654,L238F,-1.26,0.146253203532134,0.110938329256649,-0.0050628953586797,0.0238850019490589,0.8209120134372314,-0.3024177158415263,1.5814488355683411,1.068084116671233,-0.09824254146095046,True
P06654,L238G,0.28,1.6726714495127577,1.2135284956261985,1.1587819577671428,0.8392138856439688,1.841681641259816,0.9749407962097328,2.14564891001221,1.520009189159057,0.8903075764451909,True
P06654,L238H,-0.28,1.2670024630785464,0.8469471457155793,0.9029631899951592,0.4239691188088356,1.4763974758152691,0.4856167954193737,2.015878197605306,1.3339113077628793,0.38812754332139965,True
P06654,L238I,-0.99,0.3508032014694099,0.2004459594005527,0.0677583378956885,0.0332957684139823,0.5869342221980756,-0.1048516473837997,1.7367316138019775,0.9776982446422318,0.113998240662946,True
P06654,L238K,-0.6,1.2364699103770436,0.6634316476356392,1.054420704680562,0.4370402578483293,1.4092032748025978,0.5720146242802406,2.05997599110352,1.2776730364796696,0.447713170507134,True
P06654,K239A,-0.21,0.2021582299618637,0.1423502130222937,0.1487242744959482,0.0776737190592473,0.3055327627161711,0.1356425249637955,1.059934920423336,0.635180009572039,0.20166281366840078,True
P06654,K239D,0.45,0.4342825266053182,0.3444552425838539,0.4259496724210899,0.2563018466057848,0.7606922472331851,0.5052204929867669,1.2792348008621115,0.8980113523141011,0.6266711392218458,True
P06654,K239E,-0.02,0.4164662459652969,0.4399334561747715,0.3635643157718303,0.132822143867756,0.3829837526569796,0.5176257325847261,1.2236104700557109,0.7883803462342028,0.40583803078219605,True
P06654,K239F,-0.64,0.036584758049683,-0.0446509340639996,0.0500409010932963,-0.0403449819007298,0.3337267307342781,-0.3227608750501712,0.6614988255747212,0.6018928389470222,0.36325586113177505,True
P06654,K239G,0.35,0.5832123553140145,0.2635433261088307,0.3386714807215853,0.2481908942680444,0.7248042648400427,0.2109647492511646,1.1101243394958662,0.723050923617348,0.8850552619656921,True
P06654,K239H,-0.45,0.2005899479318999,0.199541377073916,0.1357501034441003,0.0509618120590039,0.3549001215246877,0.2142772247855719,0.985885713104978,0.6569923280810842,0.023392197328164444,True
P06654,K239I,-0.23,0.1713373472451561,-0.1045258099765406,0.0859115634093221,0.0684369093138834,0.1484741359306512,-0.023750303369666,0.8505945144571572,0.6429061628073169,0.14857604745740394,True
P06654,G240A,-0.51,0.2225435594532561,0.0010810119478494,-0.1530950267342325,0.2573155200510836,0.916421473108372,0.0413168428635434,1.1330110609533357,0.6308056204580111,0.20481497787593073,True
P06654,G240D,-0.1,0.9565922144528722,0.809698420974781,0.6234467004839314,0.4927853166058645,0.918707051349337,0.9322732543080228,1.4910433555375655,1.0338019268828575,0.36025618688395333,True
P06654,G240E,-0.53,0.8298843482071634,0.6239033520444789,0.4920902329099865,0.458554872492683,1.3363436108050193,0.8871063053280798,1.440789580068331,1.0197568196126547,0.344916786607798,True
P06654,G240F,-0.67,0.1016091816989061,-0.0259286620844023,0.0216892760923961,0.2762712878074245,0.8206863528027217,-0.2546821225793979,0.5954071336971123,0.6434892240898119,0.7880481366653254,True
P06654,E241D,0.19,0.2473593979056101,0.3391134635696337,0.3204373112652819,0.415618090785969,0.3743203631982903,0.3836676984251558,1.499288175309103,0.7123103781222412,0.8255651392284717,True
P06654,T242D,1.04,2.0982680490207346,1.4361323929261574,1.7167049160922054,1.2885458011989324,0.6974880315619807,1.0433554531465845,2.1801820829498326,1.8586080485415493,0.7188170634873405,True
P06654,T242E,0.23,1.5427035179357496,1.057992957353188,1.2217934994066098,0.9348942257659788,0.9311062346371518,0.928513949432076,2.041079668388723,1.707404514499748,0.15573028924922816,True
P06654,T242F,-1.85,-0.0941064575420499,-0.0592126237579875,-0.1757119964647839,0.1006812347273065,0.541123749643579,-0.5102623614793809,1.103928255285148,0.8763251319270214,-0.11178499231809358,True
P06654,T242G,1.21,1.4916780315482794,0.8687348361167789,1.3038182280260635,1.4508437228767983,1.0479198155054508,0.1965902334487485,1.8330974811334064,1.5775980895971722,1.314449491363538,True
P06654,T242H,-0.51,0.6191377014946304,0.4273444312812626,0.5192113412363831,0.5254318998690714,0.6723495817940909,0.5937166425701241,1.6473272128174703,1.3945017991622042,-0.26641365153253904,True
P06654,T242K,-0.32,1.1290654869813403,0.7619040171113989,1.1954028000061725,0.9525393523016112,0.5946111562191112,0.8162646979377464,1.8203429334557544,1.6056943616459614,0.24481465683348236,True
P06654,T242M,-0.7,0.153774468483255,0.0192700989768174,0.0798277700955858,0.3171288819366011,0.3673402814020771,0.0153720930566431,1.4510520876633846,1.1011446913743017,-0.2823490148015946,True
P06654,T242N,0.14,1.269384682349604,0.8143165011781563,1.1615648296176242,0.9477933096600764,0.6868330669988602,0.7107065462026696,1.895835104948975,1.650248525185111,0.6417845006291194,True
P06654,T242P,1.99,1.0118175355605366,0.6176917449048753,0.8091710891045523,0.743722358875665,1.4755808185282349,0.107232214094695,1.763292945207915,1.3061603790214724,1.2946270831083195,True
P06654,T242Q,-0.33,1.033255395971748,0.6346564128028458,0.9548250791918356,0.8151318215241987,0.6648553935122228,0.8182440500922914,1.8546837857848808,1.5706143811114557,0.36197574638228464,True
P06654,T242R,-0.55,0.9964321443464096,0.5508347664747444,1.047866489975246,1.051187970988933,0.5433265812826409,0.6262639703396723,1.6095196361504,1.616806327570141,0.12757563363391422,True
P06654,T242S,-0.01,0.8035215163328804,0.5782164522762491,0.8474410058467395,1.1355320986368125,0.3817050466382695,0.3355576040044917,1.889386010014034,1.578724436828535,0.5040350956418339,True
P06654,T243A,0.21,0.6788097148249076,0.6367721684140648,0.5819200932818264,0.8132294881130349,0.7142191955934971,0.0774775958167309,1.6880159545829183,0.9980538208460468,0.25176414746117853,True
P06654,T243D,0.32,0.8239472541484723,0.6905180865475984,0.6789313752103746,1.1000393059802742,0.6974880315619807,0.3500352347295405,1.8836936624113831,1.265487936218464,0.3764141124820687,True
P06654,T243E,-0.33,0.6776649403556857,0.6091217865043055,0.3131125083081874,0.7209549144329344,0.9311062346371518,0.2650295741605112,1.8007333552995994,1.0172428721117746,0.047571966773154895,True
P06654,T243F,-0.68,-0.0727226429530529,0.0969735002849788,-0.0868709805408071,-0.0186895114962424,0.541123749643579,-0.2241150337796828,1.2258001291813692,0.5827194677097675,-0.35871455249983497,True
P06654,T243G,1.05,1.4506922519111751,0.7612417544650079,1.235876322607426,1.087795627015096,1.0479198155054508,-0.0170056828828732,1.7666057888234696,1.1239173945390408,0.8952299736001182,True
P06654,T243H,0.05,0.3057847583815644,0.1876166052370504,0.1934186303869484,0.6618169680362795,0.6723495817940909,0.1723081465616588,1.530276216762966,1.0359236823299554,-0.01831978178647864,True
P06654,T243I,-0.06,0.212246567675446,0.0287301885129037,0.1339551581965881,0.4263987215017352,0.3001295053725096,-0.0557943672744066,1.5214927888841705,0.8768951934493947,-0.16351900590745838,True
P06654,T243K,0.08,0.7823575259313214,0.5187529362420932,0.6247106471431267,0.7383315369295611,0.5946111562191112,0.3503252210646138,1.7049727815259008,0.9961166813029182,0.02161532312548109,True
P06654,T243L,0.07,0.2776919174358585,0.0949912056954963,0.3717258134800766,0.4275603473320918,0.4702300031860487,-0.084167064239693,1.4109169774678902,0.828337948402531,-0.07150760733274852,True
P06654,T243M,-0.06,0.4295813934805905,0.2091884129511215,0.3093628076178065,0.4399692151815184,0.3673402814020771,0.0365181976767201,1.456072398595385,0.8151722148749665,-0.3068930491676557,True
P06654,T243N,0.13,0.4524966063569463,0.2979447228330679,0.4130518484031467,0.916473581762118,0.6868330669988602,0.2855666817728948,1.664603581073712,1.136908363467692,0.3147660459466065,True
P06654,T243P,2.08,1.0576391112903558,0.7134134534251353,1.0611705871182049,1.0865654624131833,1.4755808185282349,0.3813115058437207,1.666159865429521,1.272791376573338,0.8739668410929217,True
P06654,T243Q,-0.28,0.346146759827615,0.3088452923591313,0.1919310343927759,0.6181655696330828,0.6648553935122228,0.342401340507853,1.6888668508947553,0.959383836541824,0.2507516831724238,True
P06654,T243R,-0.21,0.4429296556167119,0.2446566669714195,0.379285113748261,0.5968936289799701,0.5433265812826409,0.1828365814667951,1.4450853892578586,0.9573797665375772,-0.33358387436258874,True
P06654,T243S,-0.39,0.2497410158646959,0.2477925937092407,0.1885484955675242,0.7639571262939462,0.3817050466382695,0.0592918320706669,1.645877623948348,0.9785730657905296,0.1203397328608013,True
P06654,T244D,1.79,1.969932903647364,1.2675832205567257,1.620678544016575,1.219769835291285,0.6974880315619807,0.7596370014265927,2.2856083145942527,2.1275952240237435,1.1827768638633067,True
P06654,T244E,0.67,1.6831475926028017,1.0789152526744854,1.3489664750726782,0.8589331187038353,0.9311062346371518,0.7049043625020152,2.177722126258492,1.977885474902252,0.8898730299925617,True
P06654,T244F,-0.56,-0.0874980456825571,-0.1191190036923005,-0.0445145982176657,-0.3363402574672118,0.541123749643579,-0.5437685760211443,1.51769144083299,1.155364795992821,0.22246309108743534,True
P06654,T244G,1.74,1.391470521364783,0.95372099938259,1.0403978803377183,0.95712720488919,1.0479198155054508,0.0245356611259411,1.9852345882067284,1.630998973183121,1.4127742325612682,True
P06654,T244H,0.42,0.5471008649975474,0.4025352882622831,0.5732987384133823,0.2241923972508584,0.6723495817940909,0.3572100932469291,1.9196145340945927,1.5402843317580637,0.46563771591383607,True
P06654,T244I,-0.84,0.0628335505313961,-0.0005080631430885,-0.0881792400831039,-0.0517017252143026,0.3001295053725096,-0.3359552505392728,1.6380023696234507,1.229313212823838,-0.273321685492815,True
P06654,T244K,0.95,1.735959752725714,0.9065444061864568,1.6401799493867473,1.053567628579476,0.5946111562191112,0.7431966938800193,2.0491174079389114,2.074906612069811,1.2532931357285269,True
P06654,T244L,-0.8,0.2596471776741604,0.0977574629675179,0.2018095298071259,0.0295882427253691,0.4702300031860487,-0.3846433389822931,1.6758814641469058,1.4262245781450542,0.22785595153208538,True
P06654,T244M,-0.62,0.1741423855874499,0.0411092905142755,0.1236199614534464,0.2398881619118256,0.3673402814020771,-0.2715003157251418,1.689571121241738,1.4907798619713302,-0.022704082971576334,True
P06654,T244N,0.87,1.4275635933161452,0.793620192272512,1.5313764009657078,1.0081936481081075,0.6868330669988602,0.4677034715697006,2.068926654363917,1.9635310981388323,1.4342945261499043,True
P06654,T244P,4.0,2.236269565315163,1.070131785881006,2.206706571299617,2.175173154168338,1.4755808185282349,0.5669032588443133,2.048262257675527,2.17798710372125,2.4921615056948276,True
P06654,T244Q,0.59,1.3432070826080078,0.6767874541553613,1.326780542088444,0.8027036184985071,0.6648553935122228,0.5699129613467835,2.044167892840104,1.9103125309808209,1.1534933262046136,True
P06654,T244R,0.44,1.5061365418057937,0.5888074674992055,1.3795541188731513,1.1276486919496682,0.5433265812826409,0.4754454995241023,1.8535725559189304,2.047298952624688,1.130962273312376,True
P06654,T244S,0.78,1.0646407388573242,0.7043464106150866,1.1546803310410505,1.0431214355138838,0.3817050466382695,0.3822480309589525,2.059165764940656,1.8334870026146008,1.019475106248315,True
P06654,E245A,-0.05,0.2698164629260966,0.0579762554413057,0.4265333080127303,0.4244282242893839,0.2608713460382981,-0.2015818838301379,1.4025942684446435,1.308902439753975,-0.06848717552093597,True
P06654,E245D,-0.2,-0.1030906460053991,0.0855260060230646,0.1615044666020422,0.0396570323878879,0.3743203631982903,0.0423469701803796,1.6914390830396226,1.3430306391592728,0.21555661965849543,True
P06654,V247A,-0.42,0.9341382973552662,0.5176330016151865,0.54563350200862,0.7498944949863164,1.0343518725154948,0.2871278950553956,2.339722717814337,1.7963142619346164,-0.1413705624460363,True
P06654,V247D,-0.46,1.5768771641000252,1.0427042749165305,1.3213425664390448,1.4399195882064175,1.8195683911293223,1.0515591988451756,2.6394996597823464,2.5650032429979333,-0.005195691172650618,True
P06654,V247E,-0.76,1.0378392053447971,0.8394313751767871,1.0009255054459938,1.1096147682914732,1.3505937145637226,0.9876966278116076,2.6385233672550403,2.3135628730073825,-0.20786625032428607,True
P06654,V247F,-1.1,0.042723544576476,0.0659196791714053,0.1681972242432362,0.7999468571253424,0.8310399776592199,-0.1630709701205361,1.9809073190958288,1.6266656954598406,0.008366568228783011,True
P06654,V247G,-0.19,1.2148628288162309,0.6998103506812681,0.715129191967226,0.850945415101168,1.8065612933128488,0.0486420083234846,2.3964458281418795,1.8009814207512045,0.26146610893966504,True
P06654,V247H,-0.19,0.772948696799025,0.3750560150708732,0.6303906972261378,1.0096285939603993,1.4115439367227989,0.3484007925537614,2.31396859041874,1.928899838890632,0.1972033208229117,True
P06654,V247I,-0.54,-0.1655733258070038,-0.0574192594813073,-0.038878694113167,0.4269906181662669,0.2068428039589834,-0.1313728822636347,2.104309073177321,1.5078760402641636,0.01962861861971371,True
P06654,V247K,-0.54,0.4634463019485343,0.3855015439177848,0.4645619938576759,0.7485694201051839,1.47765797004906,0.5918979278367313,2.4491134303396955,1.8968253737074263,-0.12318449883759242,True
P06654,V247L,-0.41,0.3922273512150903,0.1054735749160655,0.3514557000543546,0.5995931231635941,0.5729438288087083,-0.0988569492255875,2.138184829447851,1.638402254051218,-0.08193447675450005,True
P06654,V247M,-0.52,0.2795463215215626,0.104098526390079,0.3723113387000414,0.8530324809597228,0.7465815673693317,0.0358969938816296,2.15800410965572,1.7796358687825835,-0.0447257336872906,True
P06654,V247N,-0.5,1.4456206491136516,0.8946105098917082,1.1373861730273855,1.1698355538307963,1.4627936817762568,0.4188376263272078,2.310962570736509,2.1717220474398924,-0.028103839445597023,True
P06654,V247Q,-0.27,0.8359097168350876,0.4269220552483238,0.7858572773476123,1.008741002426509,1.5154653427503186,0.5450630264956327,2.403814319534569,2.0558242754297127,0.13529593591428946,True
P06654,V247R,-0.51,0.4106736048930058,0.119824146389603,0.4929893367260947,0.9075084621322894,1.436827667225539,0.3586596775593815,2.235161171937416,1.9228542359307164,0.1231974590906394,True
P06654,V247S,-0.44,0.903770097832982,0.4426336843459154,0.43954813050286,0.7771585255378343,1.2885300480370143,0.3793116030006307,2.356363809821238,1.902313762767824,-0.18755046007194598,True
P06654,V247T,-0.13,0.5610801580493853,0.2699825364033115,0.2294263286626599,0.5220889585639593,1.1707108781884497,0.2273776423852436,2.3015191162646,1.6133094847428702,-0.18857681276394533,True
P06654,T251D,-0.23,1.2921598629369446,0.7882963029599435,0.9215115239121182,1.128509549853798,0.6974880315619807,0.7164979859472174,2.232050834520013,1.4329667385624087,0.44616302298907096,True
P06654,T251E,-0.62,0.6979303054056414,0.6228402506981945,0.7894188840888209,1.028954243041286,0.9311062346371518,0.3610769078466124,2.096705517252235,1.284664843149356,-0.1975600088512075,True
P06654,T251F,-0.39,0.8042868605454794,0.1259769529957095,0.5957933123624259,0.6836995943695656,0.541123749643579,-0.5037874563398395,1.5984074780628383,1.019687949591494,-0.06367040430775706,True
P06654,T251G,-0.17,1.4394060676536655,0.8384401318574717,1.2119073171017472,0.9819069457167224,1.0479198155054508,-0.1404590821019619,1.9816448135782017,1.0032705445454857,0.8231015965540993,True
P06654,T251H,-0.67,0.5406673612156405,0.2206899086955639,0.3921799970703574,0.4249549900677193,0.6723495817940909,0.1979473906553518,1.9309363260714576,0.9508823906222303,-0.1737095635949224,True
P06654,T251I,0.35,0.3442741211495027,-0.0025304759018723,0.0914470021203796,0.1038122335596747,0.3001295053725096,-0.3110662867392382,1.81077249262288,0.7068017468258968,-0.2417279063832808,True
P06654,T251K,0.08,1.35126093423696,0.6773501454536384,1.1961558174796836,0.8195897268870226,0.5946111562191112,0.3161022162038481,2.036971122677259,1.1946759281860913,0.5581811701982049,True
P06654,T251L,0.06,0.5012185201639032,-0.0157193003065594,0.2736135896356579,0.2458803184167206,0.4702300031860487,-0.4382562532460844,1.7620857568973858,0.7558599938974956,-0.10457533126703344,True
P06654,T251M,-0.2,0.5200650843758485,0.096863837538728,0.2095956502309651,0.3070146222808122,0.3673402814020771,-0.3781846742567888,1.7203828419265892,0.8034580511086599,0.049223799260725176,True
P06654,T251N,-0.02,0.4522619885536281,0.2741379914362414,0.4259588854744948,0.3740837782485839,0.6868330669988602,0.2885534383344311,2.047368991329991,1.0935449566536932,0.3911392433912881,True
P06654,T251Q,-0.47,0.3431876327844635,0.1832461441706412,0.4511032658783763,0.5164965904744905,0.6648553935122228,0.0974030381277385,1.93562140537061,1.027444936773248,0.08430188560934099,True
P06654,T251R,-0.03,0.898867211913345,0.2203451263959027,0.8263795081127784,0.6048991321146653,0.5433265812826409,-0.0192865042086359,1.7889071808392116,1.044198198788246,0.5678492851955848,True
P06654,T251S,-0.51,0.287282702993997,0.3530662059520003,0.3685724120113719,0.2337216279530793,0.3817050466382695,0.0307836346725704,2.010044546173378,0.9029222209124844,0.10737083088951194,True
P06654,E253A,-0.41,-0.0250758177646986,-0.0028145542276854,0.008779336822106,-0.2955958778682659,0.2608713460382981,-0.3326348848477304,1.3698603959009112,0.3844337606626333,0.5627924757975944,True
P06654,E253D,0.72,0.0810909145626266,0.1519331550561378,0.3504566244426241,0.1251009182666186,0.3743203631982903,0.0847702649877103,1.6495943144631124,0.8226241260389411,1.3823295620111216,True
P06654,K254A,-0.57,0.1393041488054443,0.1907163905426751,0.1374394228625264,-0.1529677192710442,0.3055327627161711,0.2060527389802103,1.3190681007121463,0.3338086708889019,-0.33481447174850953,True
P06654,K254D,-0.1,0.7238217225028585,0.5504475696897257,0.6189553618478614,0.128041730287105,0.7606922472331851,0.5913006513914455,1.5037701560601424,0.6441902272948644,0.14801944437671066,True
P06654,K254E,-0.56,0.5219065770925163,0.4649352965696146,0.2785295100024257,0.0129714299277381,0.3829837526569796,0.6107959884117626,1.5136606250697666,0.6310624842496091,-0.3118356738373096,True
P06654,K254F,-0.27,-0.0376450030993019,0.0097729522491867,-0.048684843514629,-0.1629276686413683,0.3337267307342781,-0.248844972654165,0.9402734828221768,0.3565444611031199,-0.06964975360321102,True
P06654,K254H,-0.07,0.3275770848699291,0.3610789177277601,0.2740934611496975,-0.0473887068104705,0.3549001215246877,0.2432277421915355,1.2207152173023132,0.4562638921910274,-0.1101008609041183,True
P06654,K254I,-0.72,0.1010375369084406,-0.0586002407041508,0.0929160035677904,-0.0247689570326956,0.1484741359306512,-0.0635498086089726,1.1366898046927525,0.4821806785320964,-0.26978795489953367,True
P06654,V255D,0.22,1.3461910648416946,0.8241922430936258,1.012338725854375,0.6000640107156154,1.8195683911293223,0.8478892440719239,2.4658031880943208,1.5465210920392265,0.6349970009261957,True
P06654,V255E,-0.12,0.6779225929476782,0.5195003353318569,0.7048829001121654,0.5920708186365029,1.3505937145637226,0.7529528569873205,2.40875885879345,1.4921256636276734,0.16471798453700082,True
P06654,V255F,-0.59,-0.0647431681088945,-0.1132432456175635,-0.1041435577206263,-0.028790829152566,0.8310399776592199,-0.1244301639462984,1.905146580730284,0.9663421466438648,0.160951208052722,True
P06654,V255G,0.91,1.5026998296543128,0.8437865823469117,1.0282634265069377,0.6665467003847418,1.8065612933128488,0.438220119531068,2.441472152874202,1.384851067299903,1.347011753169874,True
P06654,V255H,-0.16,0.2877284382492183,0.1898226763935734,0.1946487448774296,0.0863671833156041,1.4115439367227989,0.6211182760902911,2.230133619924184,1.158445372740081,0.4160816788968327,True
P06654,V255I,-0.68,-0.4611257406572816,-0.3195241955776852,-0.4716359250496786,-0.3114615288714523,0.2068428039589834,-0.3141777382539263,2.0585627508521336,0.8003941240227395,-0.5906258298094129,True
P06654,V255K,-0.33,0.16580384101442,0.1345216967439903,0.4126582809268112,0.1605291684596438,1.47765797004906,0.6402778900883526,2.258604550070003,1.1037879383726792,-0.13121082278545337,True
P06654,V255L,-0.29,-0.3144037706584769,-0.1649987660699803,-0.264736231597209,-0.3245559059416818,0.5729438288087083,-0.1822722286319096,2.127129446545242,0.8884085700948731,-0.6992252263828902,True
P06654,V255M,-0.14,-0.1616589104907563,-0.1881250313901375,-0.1485470616389232,-0.1827080136424563,0.7465815673693317,-0.2020463821214339,2.0498893105558103,0.8201313129628645,0.00803455250981866,True
P06654,V255N,0.22,0.9290684406703938,0.5786317839513508,0.6799076587194817,0.4424474597672981,1.4627936817762568,0.2663298685183164,2.26709807712499,1.3443868417287288,0.16551687981728103,True
P06654,V255Q,-0.38,0.2471448905196694,0.1658303530017266,0.2914625979943987,0.2681768015285134,1.5154653427503186,0.4167872580718758,2.2757384365508275,1.2126212408149497,0.29586790390196777,True
P06654,V255R,-0.44,0.2710762732651693,0.0517461479487638,0.255179005685101,0.1201335834983633,1.436827667225539,0.444222359484931,2.1350530567443826,1.012785777290928,0.25122498612249594,True
P06654,V255S,0.17,0.8315486027824507,0.452557878344952,0.4716547033657212,0.2545786872081169,1.2885300480370143,0.4315578915120188,2.368703147158532,1.307648053138282,0.8969617230932021,True
P06654,V255T,-0.41,0.4779363575246079,0.236749356204289,0.2628701179600395,0.1111607767101566,1.1707108781884497,0.3190963872354463,2.313931983627138,1.2058259189142784,0.3353387806640429,True
P06654,F256A,3.04,2.5178250088646865,1.717516445972184,2.314075192171253,2.3213752078258136,1.5289742388162222,0.5113795168401261,2.833092650674628,2.31202244720308,2.6075884452007854,True
P06654,F256D,0.5,3.5439762205815506,2.465210107302014,3.4380260912175915,3.383055063699792,1.89551021668668,1.4473724835419144,3.170796418550551,3.210586524261513,2.8785386593792577,True
P06654,F256E,4.0,3.359816525015095,2.2594484873720466,3.1576805017343297,3.2881141588063407,1.7574508876621049,1.19221775017843,3.040010990461916,3.0058524985204444,3.0926554539193627,True
P06654,K257A,0.44,0.8059396784730245,0.4632440384757483,1.007374319231079,0.8620675868886941,0.3055327627161711,0.1550605990035659,1.4379911012423985,0.8567688104655442,0.45500041991107454,True
P06654,K257D,4.0,1.3622433611908338,1.0509582236812132,1.7571285823527691,1.5130565031731398,0.7606922472331851,0.4692300016232961,1.6289184678074182,1.2842386013729048,1.2501266257006103,True
P06654,K257E,0.78,0.7354739718736099,0.6701994743654517,0.8368628228870956,0.8747839469350005,0.3829837526569796,0.3783362451886541,1.531613389641963,0.9479623165460828,0.33264285517795006,True
P06654,K257F,0.22,0.6921047782896587,0.1538806794393393,0.3634954138588478,0.5449265134468606,0.3337267307342781,-0.1270209264504271,0.9827750897550792,0.7230322429390889,0.2875194020165511,True
P06654,K257H,4.0,0.5324733916893201,0.2677462698772248,0.4663216047437812,0.5652552484855962,0.3549001215246877,0.1521998622648344,1.2925842448406064,0.7893848917452783,0.22898588040332868,True
P06654,K257I,-0.19,0.4097005662135148,-0.0328595112407652,0.2357283248163595,0.411929758097199,0.1484741359306512,0.0194567906546946,1.282707936149881,0.6402941398712342,-0.34989465359508354,True
P06654,Q258A,-0.16,-0.0040228398267085,0.1040054186122353,0.1729163664259219,0.010389269480874,0.3064432922577295,-0.1241905639550808,1.4779350777370357,0.4016680740378289,0.1277356696353592,True
P06654,Q258D,-0.05,0.2834481309654358,0.2011076806841796,0.3979038496065817,0.1529097705301302,0.4156066938744601,0.2048818171932502,1.621878610696578,0.6577750132921498,0.5288456179604174,True
P06654,Q258E,-0.38,0.220292939755422,0.233384153901879,0.2468266270631573,0.0687814519993613,0.329501777609918,0.1993757085035193,1.592184613498994,0.5496871114777332,0.19535452100610134,True
P06654,Q258F,0.32,0.6234363333478811,0.1933268235358631,0.4312580101456033,0.3371515003809079,0.2097763005887278,-0.3915576363765272,1.2333810331956516,0.5629640962116382,0.5833243110347759,True
P06654,Q258H,0.2,0.5324045906715881,0.2195184860141014,0.511689361623973,0.2724972525020468,0.302315223721279,0.1363941828390971,1.5291482622555974,0.6071999194276569,0.37474281075159477,True
P06654,Q258I,-0.11,0.1975879248859239,0.039379785903401,0.2262672455424892,0.1275301943098173,0.0817144519999654,-0.2503431437023097,1.4547741131362135,0.4382353894439005,0.2112466637064152,True
P06654,Q258K,-0.58,-0.0197951931575504,-0.0055521524105812,0.1537241890811115,-0.0523382640229269,0.2121306246095747,0.0725852547884118,1.5833785659090134,0.3718306090267085,0.25915692419979697,True
P06654,Q258L,-0.14,0.2241829606470214,0.0155154404713687,0.1537064279205917,0.0775948915682374,0.1276073001755215,-0.2844439908871451,1.4096482019732384,0.4234117624691874,0.2473764409989903,True
P06654,Q258M,-0.5,0.2058860138085558,0.0195786459308823,0.1404316079318098,0.0048381326487479,0.0345227885409369,-0.2487855512516014,1.3425859916071516,0.3891065595693329,0.4474019287762181,True
P06654,Q258N,0.01,0.2239397935859938,0.1415297032611465,0.3126127873130648,0.0321993097398337,0.3939368823506779,0.031903965148174,1.4679123953140736,0.5102831887980146,0.6330675199984521,True
P06654,Q258P,-0.61,2.11677123155708,1.034160097068226,1.987912875800044,1.5565643438410195,1.2241852555565518,0.295202387300802,1.6463583329980227,1.5587278154217212,1.6419772353748256,True
P06654,Y259D,4.0,2.420941289237894,1.76442288245116,2.2310313642499127,1.887472008690868,1.777898527256259,1.307029066012308,2.962674447850061,2.216587323114572,1.7449762857438782,True
P06654,Y259E,1.74,2.301280645492362,1.5714779338811538,2.0945129824702944,1.7353989712203972,1.488122505129541,1.257328007650674,2.889516532351799,2.1315053868814005,1.1313719832212505,True
P06654,Y259F,-0.29,-0.0539617327119602,-0.0661826877903099,-0.1127226119706923,-0.1752775963381208,0.4611349587492128,-0.2923573818791072,2.079755845388358,0.9413568320978716,0.21179484103509671,True
P06654,Y259G,3.46,2.703201159478825,1.6623687809396863,2.119630341167688,1.8199118655986704,1.6084509752438536,0.8397665202272087,2.782242715888079,2.072058047620726,2.2734874409555745,True
P06654,Y259H,1.44,1.1803787951744755,0.8099485614484389,0.9411519961264216,0.3971895121949482,1.1818406283083758,0.6701376016319328,2.552730885399156,1.4474013421421998,0.9442802036650447,True
P06654,Y259I,0.14,1.3138717426176902,0.9202876399371378,1.032570421200823,0.4960733401058327,1.129356491878537,0.171705143294295,2.383473097415804,1.3153167693214467,0.002007122726227495,True
P06654,Y259K,1.53,2.381068878241832,1.2274659330940048,2.053173146731189,1.3455998144345658,1.4528552649150703,1.2361078354961503,2.7472842737212764,1.909571982575464,1.2003772943823083,True
P06654,Y259L,0.72,1.108487490399397,0.710361024452511,0.8824851978060491,0.3217404593343893,0.9739325641533106,0.0234115395307891,2.3426134669637,1.2851507027199314,0.4627517109450495,True
P06654,Y259M,0.6,1.0350540773572432,0.6430556279252746,1.0631536118006353,0.3889682545153815,0.9932980891516626,0.0750683059554807,2.296279097795581,1.2617276946103009,0.7336473682381429,True
P06654,Y259N,1.95,2.145922502522644,1.6448315084815297,1.90899297547915,1.5178418999671384,1.6600181943510033,0.9320891602584088,2.7516943672117526,1.9911783828726224,1.6172818359088452,True
P06654,Y259P,4.0,3.1852200561186006,2.436357368219942,3.02110098955825,2.2871290391831947,1.9897058778313537,1.467564838899364,2.767450780445661,2.368528747705077,2.871290570430272,True
P06654,Y259Q,1.34,2.0491672475531253,1.3811995305320015,1.8357172475868129,1.366459720299061,1.841606748334982,0.903778489747254,2.6824437469011904,1.8847146766444456,0.8638689240915172,True
P06654,Y259R,1.72,2.1379906007696308,1.1013846910480936,1.822300042770697,1.325551042919774,1.5619698669040805,1.038300587867312,2.5724352639610246,1.8256162125119533,1.2092922614094601,True
P06654,Y259S,2.09,2.136548969637173,1.46632527106298,1.85258612836961,1.6224242514699116,1.435971947566705,0.861484438224493,2.7598299631706538,1.9375001101618776,1.7953547696826506,True
P06654,Y259T,1.64,1.9657310862192083,1.4520627564049708,1.695868002627965,1.3351955921109098,1.1738025811046882,0.8823207458879679,2.6999131287346936,1.7990553883225997,0.9804970086488507,True
P06654,Y259V,0.44,1.73084688772032,1.2855849752224984,1.2778074166396745,0.9665576403350918,1.052432906429393,0.3204097200377827,2.503618633545643,1.5890233345622122,0.6607941605373162,True
P06654,N261A,-0.59,-0.1471127341110197,0.1324340120062059,0.0207652529488497,-0.254055518200024,0.4555207489795747,0.0299370329953183,1.125060435629456,0.135010607114476,-0.5097140027421831,True
P06654,N261D,-0.16,-0.127054609719574,0.0681839581208436,-0.1117879333112676,-0.1110244585693412,0.3493393529451628,0.133034228448383,1.1508829370656284,0.3598851270026916,0.012109729919651091,True
P06654,N261E,-0.75,0.0059699970947351,0.2888368712094529,0.0330189637234358,-0.192574516255237,0.5219379710146995,0.146953985077354,1.1363539755466303,0.28812359408259,-0.2461172502991108,True
P06654,N261F,-1.0,-0.2239383818394569,-0.0360932392389416,-0.0734241704151078,-0.3424776409599833,0.2912230471356515,-0.3345397784830234,0.8857088851571738,0.1131672485940823,-0.185692792376695,True
P06654,N261H,-0.04,-0.1050986547508547,-0.0417154346504973,-0.1701027102493423,-0.3583437540485908,0.3787495950396641,0.0926616926887042,1.0824272773047512,0.1401411388243007,-0.45742904979388055,True
P06654,N261I,-0.68,-0.1811642984230149,-0.0192038087842455,-0.0419783662320939,-0.2280247578051946,0.4760652469749477,-0.2291962809718807,1.0523173852449823,0.1167991133757782,-0.34590054402320625,True
P06654,N261K,-1.04,-0.1974469862477172,0.0936707602238539,-0.1499962370105593,-0.3977184737173507,0.550376399620478,0.1564092121075156,1.1618068282404412,0.154559270740276,-0.45183979580757827,True
P06654,N261L,-0.85,-0.2653641033876791,-0.1314761771913518,-0.0392705415647132,-0.2528130981447986,0.5169144424960658,-0.2357517036533934,1.0439949878774042,0.1431563669479892,-0.6168540509407687,True
P06654,N261M,-0.18,-0.1784980714966188,-0.048741539046957,-0.1150201494310274,-0.306025601537547,0.2739745439003018,-0.1615971336145452,1.001700408543174,0.1341002670778802,-0.29033122642127784,True
P06654,D262A,-0.4,0.1175021245354941,0.0256122961634959,0.0691553262264452,0.1514011125969941,0.3830785361353898,-0.1045067790701846,1.0711802888788144,0.4498283354432733,0.2675960967437486,True
P06654,N263D,1.12,0.8585078164908589,0.6094575069690306,0.9488360707217524,0.8153653208812145,0.3493393529451628,0.4861679007052896,1.913156803836637,1.251473308992106,1.0096802997065462,True
P06654,N263E,0.0,0.5967291337437877,0.5689085836922525,0.4200778741476195,0.5582517010581987,0.5219379710146995,0.4442528428584844,1.892172576008453,1.0802825536863652,0.4718919882759152,True
P06654,N263F,-1.01,-0.0531547356368646,-0.1379535658128615,0.0362973922076585,-0.0297739715634892,0.2912230471356515,-0.9593092897239208,1.085075840294346,0.5528942612737924,0.21138292775043666,True
P06654,N263G,0.94,1.1516457488274818,0.6737883085842525,0.5807275034981083,0.4015554127302048,0.578843350847076,0.330323830447545,1.7129972253123604,0.85892987243148,0.6560322695786925,True
P06654,N263H,-0.7,-0.1411983443838716,0.0034071600974184,-0.2146015131368766,0.0001781052661814,0.3787495950396641,0.2273864687011978,1.6195787451674128,0.6669722578958451,0.01348835928454073,True
P06654,N263I,-0.57,-0.0405906890970483,0.0174910224514495,-0.2091977447172406,-0.1348811245659323,0.4760652469749477,-0.7479147443327461,1.2556413601353174,0.5365149880443484,-0.06218010469459667,True
P06654,N263K,-1.02,0.1554728730605781,0.3018044374529353,0.1451406809592174,0.2630416305498401,0.550376399620478,0.3689950615647569,1.7292961895409995,0.8847833086544,2.2300870679003992e-05,True
P06654,N263L,-0.95,0.0104598274583135,0.1198977910020691,0.0629688694926504,-0.0682816254845897,0.5169144424960658,-0.7727205662916653,1.2802726905215902,0.4789920244029724,-0.316436592087078,True
P06654,N263M,-0.3,-0.112270657337852,-0.0791825404091879,-0.1147826672646165,-0.0649066879597636,0.2739745439003018,-0.5036931241276885,1.2886576846063835,0.5218072475300349,-0.04705002687216131,True
P06654,G264A,0.29,0.5779392613200176,0.2962001269612009,0.4244389934862426,0.5005761885260006,0.916421473108372,0.2373431689921621,1.1882906517454508,0.8918636033134302,0.9653200492054691,True
P06654,G264D,-0.05,0.5366104175488362,0.4682105956418468,0.4401373539294309,0.4612341153811665,0.918707051349337,0.4118344941103327,1.3233013283514992,1.0001350134538245,0.7726460181939503,True
P06654,G264E,0.13,0.8024137295665122,0.5399652801126127,0.5650928247707122,0.5032835474547858,1.3363436108050193,0.3614459434656852,1.2516160009888275,0.9882797365745252,0.7831599687534351,True
P06654,G264F,0.2,0.4408673132153515,0.3463540950055487,0.2773486139839692,0.395588573132864,0.8206863528027217,-0.36306704207023,0.8537813961699955,0.7971008738943233,1.0183066147802111,True
P06654,V265D,3.41,2.126150249779827,1.7258036790957263,2.031421042805079,1.753389139003518,1.8195683911293223,1.796632646955991,2.781699466062036,2.0125092771484066,1.8876327194383602,True
P06654,V265E,0.27,2.0487746720739954,1.3801983664125337,2.012954487113644,1.598742814802732,1.3505937145637226,1.503348189267568,2.641004307068715,1.858133752659968,1.493981502856987,True
P06654,V265F,-0.67,-0.1698366469476891,-0.0595822583394031,-0.0188733573861338,0.1037767306337151,0.8310399776592199,0.1960226693162183,1.8874972287425595,0.9574257467145794,0.5729936039598228,True
P06654,V265G,2.29,1.7388764152427925,1.3703333919738387,1.4815812766607694,1.3965099837137764,1.8065612933128488,1.1154547260229295,2.528937335504882,1.6427550245075508,2.132920378025804,True
P06654,V265H,1.57,1.80435919421394,0.9732963505443476,1.662430358094752,1.2813263038445135,1.4115439367227989,1.2094265617729751,2.2609370042242483,1.535442287373049,1.5427628056697857,True
P06654,V265I,-0.91,-0.1275586221045545,-0.0519493283412898,-0.0837631304087579,0.0265060820388877,0.2068428039589834,-0.0332853954446594,1.959527795445183,0.7761625262677084,0.005375344592665976,True
P06654,V265K,1.96,2.0803594647093844,1.1862429597021094,2.003695974394589,1.695197207107269,1.47765797004906,1.9592291199605003,2.685387511544376,1.9717648439181072,2.052321669528192,True
P06654,V265L,-0.27,0.2189082641819264,0.1274312917188749,0.2463143285284721,0.3688184365497016,0.5729438288087083,0.0904183847573809,2.001248956600821,0.8875014285283154,0.6404918422797095,True
P06654,V265M,0.27,-0.0492482318509382,-0.1387176918950889,-0.0515600289374802,0.1732303267833619,0.7465815673693317,-0.1847222382544948,1.779666509805888,0.6987191352053407,0.15948212675061468,True
P06654,V265N,4.0,1.9498998044028863,1.3406953317474144,1.5903745085719607,1.302765956684523,1.4627936817762568,0.9510363105221818,2.293958641772711,1.529291443796613,1.4696962684616797,True
P06654,V265P,2.31,2.130308316673883,1.4018612250600708,1.855619103055004,1.451649882264371,2.0018617942478683,1.247495455945882,2.391786694515593,1.5806008031277057,2.2723941938136174,True
P06654,V265Q,1.52,1.8149100576940325,1.0198177483258557,1.7567593703642372,1.3311641954170632,1.5154653427503186,1.0263055921990225,2.3096781589175857,1.6183435906877155,1.1794680949111784,True
P06654,V265R,2.04,2.1616696067211403,1.1766609322902053,1.9146679806494888,1.6306071186541065,1.436827667225539,1.8344018863080176,2.5147622988085856,1.957465052260564,1.8449882416171455,True
P06654,V265S,1.7,1.57033783225781,0.9455841728483302,1.296292493522781,1.1217799728124054,1.2885300480370143,0.4851052464583041,2.225090928336974,1.32515468812517,1.9301509490302993,True
P06654,V265T,1.28,1.269121148178704,0.5799886657353442,0.807924146937659,0.7142456993050481,1.1707108781884497,0.4388418058752827,2.1271190459227323,1.050368950325703,1.1657429983465968,True
P06654,D266A,-0.12,0.1880212484417125,0.0943629076413374,0.1759614956494188,-0.0244059690231576,0.3830785361353898,0.1678262691517719,0.9593145154787536,0.3538518924768098,-0.018264430610219318,True
P06654,G267D,4.0,1.9792068307897737,1.581145852395513,1.5141472821132431,0.929670907739312,0.918707051349337,1.7744816898204534,2.1538022872216223,1.2475947712695965,1.912559014943221,True
P06654,G267E,4.0,1.9454231259614263,1.6317431293651203,1.4510798621329617,0.8623216875092645,1.3363436108050193,1.8304891727173207,2.161127761519949,1.279927311382821,1.7983168830169203,True
P06654,G267F,2.32,1.258065677879642,0.9170695758724648,0.8631611415974977,0.5595346704867581,0.8206863528027217,1.159117337900214,1.4438824271132322,1.1327854860920523,1.937342500167153,True
P06654,E268A,-0.68,0.4270036151571517,0.2776523495272424,0.5608011995222457,0.4851224460767557,0.2608713460382981,0.2946444610325372,1.2076531644194164,0.8993942476175143,0.2195157999756462,True
P06654,E268D,-0.61,0.1077233680275204,0.0899149746992998,0.1792315842124797,0.4280987748628224,0.3743203631982903,0.382013631743289,1.4151572776738075,0.9946781187088568,0.362003101988833,True
P06654,T270A,-0.4,0.347029279799201,0.4291642149013859,0.4222526132851664,0.2662482518972156,0.7142191955934971,0.4072977831334759,1.7159980332228304,0.8605944581049221,0.17607077869345428,True
P06654,T270D,0.06,0.3487840716735399,0.4040629352713351,0.3645943300811074,0.4004454286238387,0.6974880315619807,0.3750429750652924,1.7334615627622338,1.051663122488263,0.46601550911160927,True
P06654,T270E,-0.27,0.371074064778866,0.4519913026194823,0.4243491510327374,0.370928860100442,0.9311062346371518,0.3282704360707236,1.7129719162584294,1.0284744049880568,0.16128914743372041,True
P06654,T270F,-0.09,0.3746893085737358,0.1964353595587155,0.1894371592566766,0.5092908359455787,0.541123749643579,0.0494747724261401,1.3080513567420222,0.8117260293298882,-0.035415961586594547,True
P06654,T270G,0.18,0.773633755141271,0.4456053979092389,0.6667277388383692,0.5603121146429016,1.0479198155054508,0.3216162542194684,1.6859999124316378,0.9412821923844824,0.5974142789039283,True
P06654,T270H,-0.31,0.153818748329488,0.1672213409332216,0.1311767600862139,0.4618840146572075,0.6723495817940909,0.3339761586057456,1.5849637872761515,0.9218319364483518,0.12826111863344059,True
P06654,T270I,-0.52,0.5555236918331283,0.1042221588931112,0.5338530553687182,0.5755713348547788,0.3001295053725096,0.3418450592678401,1.582251290496281,1.1464651289507604,0.06938747633920866,True
P06654,T270K,-0.21,0.5231870605692936,0.4612304055169819,0.569049624031147,0.5898825018503986,0.5946111562191112,0.4619685681798917,1.781470649244292,1.1260122022846606,0.08737243395980498,True
P06654,T270L,-0.07,0.6025237160574342,0.1746888147134266,0.515535780471155,0.633438172706301,0.4702300031860487,0.3592618404433185,1.5736983111166176,1.081336890732801,0.0706099458567922,True
P06654,T270M,0.11,0.5168048091999261,0.2265887514934369,0.3901053156881228,0.5791493360983444,0.3673402814020771,0.4295426840273991,1.5662607503123294,1.0379300069167727,0.12579212475296453,True
P06654,T270N,0.0,0.1422571398950328,0.153242468898186,0.3265280079505849,0.4375955981595031,0.6868330669988602,0.3786954476929264,1.6438747404818752,0.985753656897542,0.12268493632232941,True
P06654,T270P,4.0,2.119338180799544,1.0077985339947164,2.194736258565887,2.562515526593994,1.4755808185282349,0.5934090100524271,1.7584081827427127,2.1364177585941286,1.8938621054819444,True
P06654,T270Q,-0.22,0.2870104373991363,0.2644222794677918,0.2712055633863825,0.3650607811448879,0.6648553935122228,0.4754655075736802,1.687934898709456,0.9961492744356436,0.26475523382296084,True
P06654,T270R,-0.11,0.3141724520209173,0.2893922403058437,0.4035333344747941,0.6436606607036667,0.5433265812826409,0.4903516725047269,1.658882280449943,1.094906577077595,-0.13887619668209272,True
P06654,T270S,-0.36,-0.072162872658831,0.0812016174787362,0.0616302735329153,0.0403025613056324,0.3817050466382695,0.2063507361589781,1.6311357505662043,0.7874355395868902,-0.015166399130355335,True
P06654,Y271A,4.0,3.181709944053741,1.794554037266331,3.30580062541842,2.750603809137611,1.7437349920018923,0.9470887538501492,2.2814591479420523,2.24350111109593,2.240080871967465,True
P06654,Y271D,1.05,3.770745153093087,2.4480896325575183,3.628539666183875,3.265455751364492,1.777898527256259,1.4650216504118083,2.578667412895798,2.718261398110711,2.991091698676505,True
P06654,Y271E,4.0,3.261646127300004,1.9762093377312908,3.3714256649658623,3.2655368881826576,1.488122505129541,1.1363209092898514,2.437296208986595,2.6014261411714488,2.5606871189678526,True
P06654,Y271F,0.05,0.1441988240613459,0.0499630499501231,0.0807592535276283,0.995753781887091,0.4611349587492128,0.1770949055451582,1.7362207027290026,1.5515643317880388,0.5031613124182353,True
P06654,Y271G,4.0,3.229797006264986,2.032140765003068,3.0700867753406187,2.675248287975667,1.6084509752438536,1.1066954521447443,2.404247024973901,2.4004922557629387,2.6353614905782745,True
P06654,Y271H,4.0,1.8254727379625368,1.1571149494907105,1.9819922103021133,2.135558413409832,1.1818406283083758,0.6633875908736895,2.1083746118427795,1.9894856406768893,1.5368283856822373,True
P06654,Y271I,2.24,2.592051193979151,1.3391782278163329,2.873705451267741,2.4976081233934613,1.129356491878537,0.5483166704183648,2.014844531912401,1.978313357291452,1.5810682879271905,True
P06654,Y271K,3.12,2.995288550920244,1.488840349115654,2.9597160806677545,2.850897813609874,1.4528552649150703,0.9282974388833022,2.264871199731262,2.30135598283029,1.9497161149388593,True
P06654,Y271M,2.49,1.8939122309205705,0.971366872570242,2.2166675679762604,2.3874004974471363,0.9932980891516626,0.5919835640092344,1.9927351148614696,2.001528845664612,1.2486618045065343,True
P06654,Y271N,4.0,3.3542190061629547,2.1038874160753926,3.3495965858949064,2.991670412075849,1.6600181943510033,0.9667623289560948,2.214851038691599,2.438127452405974,2.438193716489997,True
P06654,Y271P,4.0,3.323753151660719,2.0680670765168108,3.3272767246704182,2.960603640885238,1.9897058778313537,1.2182713897227884,2.2849352692074,2.4158901984406342,2.866667492369009,True
P06654,Y271Q,4.0,2.9062314916252494,1.697235723697465,3.032697404245466,2.823278066161884,1.841606748334982,1.037629349034519,2.2097154710077618,2.369456268846867,1.931084122163408,True
P06654,Y271R,2.22,2.337498736351997,1.1538824568666186,2.2416682587238563,2.389001953519523,1.5619698669040805,0.7059766417556691,1.94883513297966,2.098229280804805,1.685642206838579,True
P06654,Y271S,2.97,3.3803627120448567,1.923557554166256,3.4029704696535577,2.806023006783072,1.435971947566705,1.032651754283081,2.299245582936437,2.35491696458478,2.2817945157162365,True
P06654,Y271T,4.0,3.3595735472017942,1.9828333565650265,3.4856352936030035,2.7320798445433536,1.1738025811046882,0.966147457589278,2.246927640925869,2.202987201234196,2.065273283866489,True
P06654,Y271V,2.53,3.159240098695018,1.7032437660776265,3.245034004567777,2.85303119274936,1.052432906429393,0.6553509327929656,2.115582875894156,2.224353321991041,1.7248174181738913,True
P06654,T275D,0.84,1.3370955470299246,0.4899096995131586,1.0693400283237802,0.8537261727362718,0.6974880315619807,0.4317473574684216,1.204274358316227,1.529864074978401,0.8718707169628074,True
P06654,T275E,0.35,1.1001013948990148,0.6364419619761952,0.938823488584934,0.7209168357051025,0.9311062346371518,0.4572972139763318,1.2218639991462783,1.3488690588325305,0.8623202794124203,True
P06654,T275F,0.69,0.913607046491523,0.5429933596698204,1.123512081064186,0.9031817523307382,0.541123749643579,0.1734986319603967,0.7765340763233857,1.3872065206922928,0.9524414592333665,True
P06654,T275G,0.91,1.2138600944910125,0.5924516057368889,1.052241721822364,1.163342508706563,1.0479198155054508,0.4163703196524049,1.0940891326195434,1.3961633039672916,1.1591562769117072,True
P06654,T275H,0.47,0.6891985631475105,0.4120210636092389,0.7604809539466353,0.6645835505290302,0.6723495817940909,0.4995846058670722,1.0728255787731698,1.1991573792873207,0.2846536330680619,True
P06654,T275I,0.33,0.8168224122683301,0.3560414510280437,0.6934755697747346,0.5863374499272868,0.3001295053725096,0.0848324589695681,0.9036163515983036,1.0505691742925125,0.667859316237457,True
P06654,T275K,0.03,0.9351703328141124,0.4835832290402808,0.6476216671290248,0.64143174176024,0.5946111562191112,0.4097652494368364,1.1757992801833197,1.136170429239293,0.5977129734443429,True
P06654,T275L,-0.21,0.9287496498562484,0.4100381651806761,0.7632708889237777,0.6847320829136873,0.4702300031860487,0.1400315609172431,0.9516549957867207,1.080088688414527,0.3407395711087068,True
P06654,T275M,0.45,0.9486088000651708,0.5295941452925617,0.8157548559653062,0.7157225987054832,0.3673402814020771,0.2334295383657866,0.917756728125542,1.22081484636447,0.534538340199866,True
P06654,T275N,-0.07,0.948478878347092,0.2775314415865915,0.7653115798030241,0.6826138533226433,0.6868330669988602,0.3644508280152846,1.0249602906531745,1.1961590376011464,0.11993373828344417,True
P06654,T275P,4.0,2.1185474301366805,1.058273312812996,2.276309698909258,2.6557390890787835,1.4755808185282349,0.5146252138071032,1.1117679913793734,2.2411357795241025,2.334493002172324,True
P06654,T275Q,0.39,0.8237498527645798,0.4009220031874626,0.6787121394436673,0.6361502493731538,0.6648553935122228,0.4740299496346623,1.0980992615754064,1.1900218734115744,0.49765066489141396,True
P06654,T275R,0.47,0.7179056975677913,0.3795544517837741,0.4887067586588164,0.6752551250094297,0.5433265812826409,0.3514331401884583,0.979647669264078,1.1084704113042725,0.46414550301171936,True
P06654,T275S,-0.18,0.1788527633378875,0.1555318785619411,0.2210298316472744,0.520297272996743,0.3817050466382695,0.1216038487414107,0.9877650145184969,0.9125042235066246,0.32474782441900363,True
P06654,K276D,1.33,2.120083849434528,1.777480345522256,1.9372132644385869,1.7869286724521731,0.7606922472331851,0.723037752334309,2.271597874574572,1.996227388763661,1.3852160859479217,True
P06654,K276E,1.09,1.721345133467878,1.4363773508604225,1.7661992709437762,1.8722793969677525,0.3829837526569796,0.8422073985011895,2.2130329370730606,2.07299783180869,0.8601264552416144,True
P06654,K276F,-0.34,0.4154484401113444,0.1828433032345278,0.4954454172350498,0.5180975548825935,0.3337267307342781,0.0640669903973863,1.546724639645894,1.2843203854577132,0.49957931272003997,True
P06654,K276G,0.23,1.3890394197286475,0.7063327416935323,1.0388535054589114,0.9989691394672178,0.7248042648400427,0.4543629365706434,2.036247442386139,1.2414743725366584,0.8876692270804833,True
P06654,K276H,-0.82,0.578516096814522,0.5280263892617147,0.5659185489770643,0.676903867285037,0.3549001215246877,0.3794629088052912,1.9915437767518465,1.3530227253208764,0.08278657878917683,True
P06654,K276I,1.52,1.0383761104353713,0.3184261442595258,1.3602479293517522,1.3921454138559104,0.1484741359306512,0.3912978513944428,1.9163209254277005,1.6711865188898969,0.8554925063535423,True
P06654,T277D,3.31,1.6719830698753433,0.9525260632018168,1.8891243348717843,1.8072426495885177,0.6974880315619807,0.8410518033486092,2.177011210940412,2.099559949331159,1.3938456975302478,True
P06654,T277E,0.76,1.4685270048720291,0.9014266448609272,1.6980191367937243,1.5305969525433127,0.9311062346371518,0.7573732796009477,2.0752046619395568,1.8959995198968167,0.847364393639547,True
P06654,T277F,4.0,1.5743837773917104,0.694757582291776,1.8717804304518728,1.6294670896209638,0.541123749643579,0.6086265546787286,1.561671207182571,1.8253347130718645,1.4974900473679236,True
P06654,T277G,2.48,1.8473316182894208,1.091014759711454,2.586671799040829,2.1593085577358524,1.0479198155054508,0.3744936121404206,1.811678243694532,2.0656591409040628,2.296458078115949,True
P06654,T277H,2.16,1.4947977772750325,0.6957178115980907,1.804167363327651,1.6097849696507651,0.6723495817940909,0.7375932307444024,1.871601950182884,1.9305687063088168,1.3584853633668459,True
P06654,T277I,0.3,0.9965505660506484,0.5431406422944381,0.8383382013680641,0.5185858607316979,0.3001295053725096,0.4820676824066153,1.6791902547443491,1.422019589037354,-0.1317623512966184,True
P06654,T277K,1.38,1.5851942641641683,0.8063767598034894,1.857350402512377,1.611162909556209,0.5946111562191112,0.6760591796697042,1.936334992702235,1.885025919983668,0.6858973231733317,True
P06654,T277L,1.05,1.0938213045062937,0.5478443856531916,1.1024354451413918,0.6409559200540932,0.4702300031860487,0.3878499327641093,1.626008588021871,1.440599216342822,0.3132636434081088,True
P06654,T277M,0.98,1.3068110199653606,0.6092829845385324,1.3067908739357863,1.158484609739985,0.3673402814020771,0.6004578130273043,1.6290005176825215,1.627985828596654,0.3611928698380662,True
P06654,T277N,2.19,1.497217233771999,0.7928184942315438,1.91763203432424,1.5691120569196833,0.6868330669988602,0.7189585342975675,1.829619844173497,1.922080597970196,1.2272855907062485,True
P06654,T277P,4.0,2.7276900026218067,1.6315822824120914,2.85530497352944,2.228982781748402,1.4755808185282349,1.19699125407259,2.0418552026369925,2.4401893686849334,2.8785358873585354,True
P06654,T277Q,1.03,1.2705781209775184,0.6302592263730185,1.4493836992989055,1.3652827596325328,0.6648553935122228,0.7517293693091935,1.8431084216708016,1.7834416295772813,0.6263609773758914,True
P06654,T277R,1.85,1.3705292170731966,0.5191060903404692,1.6526512188184312,1.6098692928052611,0.5433265812826409,0.6308957399415401,1.7081417984263605,1.901728155621727,0.422122038884951,True
P06654,F278A,4.0,2.336353403777496,1.6032048897493687,2.1199393433851315,2.186933126118106,1.5289742388162222,0.5174884593427114,2.697097303456246,2.315603194429845,2.8744603745315773,True
P06654,F278D,4.0,3.0460406401364994,1.9686202943361173,2.921705279855499,2.8712688784326263,1.89551021668668,1.126077580408603,2.90511320900866,2.9759607085382576,3.1737645768641265,True
P06654,F278E,4.0,2.653373101203683,1.7695178050266829,2.701602903307029,3.2585140765688165,1.7574508876621049,1.126341412603701,2.8614013194218044,3.043739526912417,3.2024802061033704,True
P06654,T279P,4.0,2.428024693739163,1.2789519024757317,2.5913151847060183,2.490664592363288,1.4755808185282349,0.5821118867990671,1.8770078056270936,2.4360514863987666,2.254508287341302,True
P06654,V280D,2.67,2.46870674601988,1.680206350718859,2.8775930567810457,2.655143141550845,1.8195683911293223,1.0606956973897206,2.6929547738387525,2.4077685727563827,2.7035744450906183,True
P06654,V280E,4.0,2.2392694622613587,1.4481877048911451,2.685751447252813,2.8047480397824023,1.3505937145637226,1.2203962621901296,2.7034155686366,2.4571188777644446,2.895762388504716,True
P06654,V280F,1.64,0.6082048326627909,0.3184357650953819,0.7866466344688822,0.9174307034745952,0.8310399776592199,0.7420241982801048,2.1923140715988167,1.7189589920473658,2.0096514864082247,True
P06654,V280G,4.0,2.2248212023876177,1.4830370366059389,2.0189072892937405,1.843407186614584,1.8065612933128488,0.6833151528318405,2.464700909079365,1.958876040163012,2.6632587635908793,True
P06654,V280H,4.0,1.8399496644007,0.9869160299271108,2.1261652197672527,2.049734308298981,1.4115439367227989,1.267835281580015,2.5440541166311634,2.1909640656699856,2.4346681941844976,True
P06654,V280I,-0.26,0.022136493283809,-0.0358719675555887,0.2547473590063248,0.8437878546446997,0.2068428039589834,0.1896244926711019,2.1998837496408115,1.628173376011965,0.3320447404176212,True
P06654,V280K,4.0,2.3250156983413826,1.2701848596367498,2.6700650810503004,2.582368782925707,1.47765797004906,1.711455318019386,2.7278556707620654,2.544236476207684,2.622348194615335,True
P06654,V280L,0.08,-0.0246099309473062,0.0535467648724791,0.2173148134256312,0.3476321079739969,0.5729438288087083,0.0539076694678525,2.1450179590450453,1.3885953803222435,1.162757685496007,True
P06654,V280M,0.68,0.1834616014506849,0.0177492014369361,0.2273399448823121,0.6326717628587897,0.7465815673693317,0.1775112943941358,2.087712065660979,1.3893513501430437,1.4015646662796617,True
P06654,V280N,4.0,1.2373789621303335,0.941741229321989,1.3687106985157815,1.1001915436525738,1.4627936817762568,0.3536984987975319,2.331608195863867,1.773916930559643,2.1148483961108058,True
P06654,V280P,-0.42,1.9267563669377727,1.318340184062541,2.208106490506556,2.035950530888208,2.0018617942478683,0.6085729934795808,2.3986863686110995,2.319405719224955,3.1087723454495935,True
P06654,V280Q,2.91,1.9682463331259008,1.123716596150638,2.43398615399344,2.239104705652116,1.5154653427503186,0.8771553175917287,2.4849165527247736,2.1879500557336584,2.5191971783705998,True
P06654,V280R,4.0,2.279709840121206,1.1268486818620644,2.6602400779031634,2.4736374161625263,1.436827667225539,1.5003784621468386,2.554300665649898,2.490677405475286,2.7324259529337964,True
P06654,V280S,1.54,1.3311646609679977,0.908233791664483,1.3959051845910144,1.7348753029804294,1.2885300480370143,0.2953796747777634,2.3777859016129765,1.86773186005694,2.550359173195731,True
P06654,V280T,1.68,1.4589070404671305,0.7134586548957799,1.472232318633464,1.3091426185870332,1.1707108781884497,0.3903256600718876,2.3305156042195696,1.7835582874227836,2.010698100126821,True
P06654,T281A,0.7,1.1373167955939416,0.7064677201926366,1.3450626119848894,0.6281064085296058,0.7142191955934971,0.3847458219729641,1.7764919373640955,1.1523276746332007,0.27419931426386024,True
P06654,T281D,0.33,0.6899565218450846,0.3845397499244698,0.6139575014506952,0.432440599976589,0.6974880315619807,0.3567575843086675,1.7932541741266237,1.1290154881974463,0.4912866237296844,True
P06654,T281E,0.36,0.841867579440405,0.6064414169716332,0.967423957784459,0.6289457567346599,0.9311062346371518,0.4451934183464395,1.8445353870960328,1.2368097667212758,0.032643828089573446,True
P06654,T281F,0.19,0.781695359583714,0.4513190510724059,0.9365455682464732,0.5751878272479382,0.541123749643579,0.2908917723407231,1.59242409347342,1.3130175913450015,0.5951648928085462,True
P06654,T281G,0.98,1.4036579638063982,0.5983113521933967,1.5213587040812904,0.9233499640964052,1.0479198155054508,0.3471021756119996,1.7191623431625715,1.3361537193580009,1.2814927454035785,True
P06654,T281H,0.66,0.964781133604704,0.4529428088048188,0.9594620438159058,0.4708564751257048,0.6723495817940909,0.4776207148157619,1.7176994022146612,1.2012203780059023,0.3975550478190156,True
P06654,T281I,0.24,0.7714483342225906,0.4538101425340523,0.9031724582733792,0.56024295748292,0.3001295053725096,0.2792177234831807,1.718602708815638,1.1678523519624435,0.4535098127419988,True
P06654,T281K,0.64,0.9947357824702008,0.7006781285053308,1.358304812706696,0.661225779685102,0.5946111562191112,0.4811833870891809,1.846239540791445,1.2560775165627454,0.34019678131900977,True
P06654,T281L,0.3,0.8652843422937421,0.5208697500333098,1.0767549439990045,0.7056264887167963,0.4702300031860487,0.3475618738615638,1.7323944216665903,1.2148710342502345,0.6702981487805622,True
P06654,T281M,0.48,0.8125097794165941,0.5112087749621901,1.1599069342821688,0.630623175194228,0.3673402814020771,0.3304130685684091,1.6765491335803966,1.2215324047299618,0.5904577896617875,True
P06654,T281N,-0.34,0.9933581028664747,0.3944428309768488,0.86830411888998,0.3524896750389962,0.6868330669988602,0.3295805705493674,1.6686878184260363,1.0398278258061118,-0.018819874510707324,True
P06654,T281P,4.0,2.5530487032090057,1.4098052901917233,1.9465037921104007,1.610099841935056,1.4755808185282349,0.7969661545746375,1.8634670019309405,1.9533435865885016,2.439864106631999,True
P06654,T281Q,0.04,0.8185215463863897,0.432433660781572,0.8526737035625033,0.4527256475161317,0.6648553935122228,0.409427486081996,1.71891848001944,1.0892401452974934,-0.0408453964314629,True
P06654,T281R,0.13,0.7083402959077106,0.4694949163548321,0.9681351024111732,0.663523038129597,0.5433265812826409,0.4424620271718568,1.717081623910591,1.2341675928016824,0.03892950426099634,True
P06654,T281S,-0.35,0.2570000743858887,0.1787481309868436,0.3269739121274562,0.1954230130360691,0.3817050466382695,0.0873818651472364,1.6247995624078295,0.9147098880998732,0.21303739493456725,True
P06654,E282A,0.18,0.4514971485576831,0.4077871979599408,0.8964719278865232,0.8834604048315293,0.2608713460382981,0.3953388707575645,1.4376794553135,1.2742098375625677,0.5100334291905447,True
P06654,E282D,0.1,0.5981409963720388,0.5481231131411693,0.798254836790788,0.9984269553730692,0.3743203631982903,0.809531741907412,1.8935591062435704,1.4396517121857153,0.918850402988924,True
P06654,E282F,-1.03,0.3765635565166955,0.2318495247749241,0.794117395749174,0.9232092363610912,0.1067348298163372,0.2559910104490462,1.1528984368729638,1.3996649775288694,0.5180568040024485,True
P06654,E282G,0.32,0.922001523965711,0.5472346265858772,0.9709417339146512,0.99086661534098,0.6400959207537913,0.4568975559662572,1.5377904049736018,1.261673643182716,0.8080178886424041,True
P06654,E282H,1.06,0.6095992165886824,0.5137023729748517,0.7652953688489108,1.0806904755453153,0.3458070590604454,0.6303966165244279,1.4536812603299487,1.4418582175249504,0.8226905972266534,True
P06654,E282I,-0.02,0.8927230150757103,0.5495487254519477,1.075896831737705,1.1161027563244534,0.1810843421823844,0.6796202065541942,1.4672578368277818,1.6730236306310793,0.7942745326683268,True
P06654,E282K,1.04,1.1345153073508627,1.0008438401000332,1.1460660180551838,1.4604913340597452,0.4116619799381557,1.2020709235457343,1.82928275266207,1.829785898682094,1.1623812205041653,True
P06654,E282L,0.14,0.9169451924026054,0.658643000047277,1.0886674836162131,1.0617836729435317,0.1352009219435951,0.7474365925374374,1.467266632082702,1.6554402323474875,0.860130979935734,True
P06654,E282M,0.29,0.5745187140092873,0.4502033722789677,0.7909826307634649,1.0241069944557024,0.1268639536653517,0.6080352374145391,1.4715730026295786,1.580401021821914,0.6096916923304541,True
P06654,E282N,-0.13,0.8774963407321774,0.5924114488096354,0.960872402186095,1.1076697400603883,0.4941231404837147,0.7267801996124093,1.5418730815648476,1.508666504395341,1.0492764328299944,True
P06654,E282P,0.66,0.9520706131761354,0.6981618196694813,1.1994809355793292,0.8356977153851455,1.3105822945547196,0.6562196037570999,1.5373772286498988,1.5669650932178436,1.393757656428527,True
P06654,E282Q,-0.21,0.1943360737704258,0.030078615025074,0.2974042146086598,0.6005476618757539,0.1605155413051134,0.4773996296244657,1.504066386072359,1.2340300799845436,0.5986609859437149,True
P06654,E282R,1.34,1.0425064892865232,0.7222236699880801,1.0092094757303711,1.392268536546962,0.2709411993605226,0.9525865886024072,1.5389748195660498,1.7493325049922006,1.1365957211156357,True
P06654,E282S,0.17,0.3322420973313488,0.2418612537599141,0.6989960190120229,0.842048907519972,0.2643424724512143,0.3592838117065534,1.428404629197877,1.2553509403966443,0.5477636108439994,True
P06654,E282T,0.2,0.7059527580470499,0.5887662258633182,1.065055113414466,0.95744172718383,0.2689537873456133,0.5619833579603535,1.4945386313703324,1.496563776722652,0.41927802641940337,True
P06654,E282V,0.25,0.9457556186410174,0.5133995919818695,1.1522510027579174,1.0108495192966185,0.3025040087971306,0.5501268934161267,1.4773761698113286,1.5911127527365267,0.6376371226925825,True
P06654,E282Y,-0.68,0.2461977541997603,0.1414776339950398,0.6101799988257974,0.7930901926010488,0.178753402979139,0.329541386112835,1.22000947202456,1.2642180796784976,0.9844286137778333,True
P06654,T281V,0.23,0.7116628963197704,0.4068949143405614,0.7107779391920521,0.4747083096309286,0.346772357079152,0.2769359313725247,1.7341262648340598,1.0971707025414457,0.11613763734605609,True
P06654,T281Y,0.14,0.7064120742636746,0.4997549496869427,0.913363059644874,0.5590175255224787,0.5562172570129525,0.3921823121143147,1.669877586389907,1.3239105236211817,0.009040272183216791,True
P06654,V280Y,1.73,1.332110126157161,0.5402434382403987,1.3995053202115864,1.5536347499330538,0.9388008753007724,1.1060016594236943,2.2779910196323216,1.9170026958202224,2.5280912219637797,True
P06654,F278G,4.0,2.737617167781882,1.9060569858207508,2.6225512366205983,2.738564879496825,1.999282532575616,0.9429716270597502,2.904020353348173,2.6590418062524206,3.222068534744578,True
P06654,F278H,2.66,2.212615668865186,1.249616667885604,1.9632239329278376,2.0814937891007923,1.6392171623322462,0.4888303188752575,2.4545992813812587,2.405733705946094,2.007554410570923,True
P06654,F278I,0.24,1.6641866664458267,0.925033645648048,1.7211510986445455,1.708654395764727,1.0848385149568882,0.1747640011409299,2.371167270255373,2.112927659271981,1.1174698599186823,True
P06654,F278K,4.0,2.770525263633235,1.8228620641225504,2.74203444861936,3.045550044172603,1.3844350414876352,1.49689568763295,2.828491187175774,3.065668817857535,3.402574504031937,True
P06654,F278M,2.71,1.233585344074818,0.569780971029664,1.488972633065736,1.8727903683201823,0.8718045334266025,0.1258780666328013,2.2747127260530364,2.097868431696555,1.4870394963980402,True
P06654,F278N,4.0,2.752223392803669,1.7140467141356008,2.2074751851554195,2.240196325700417,1.9088232541561,0.532548297239573,2.5721669847222057,2.531539805922535,2.748168717548145,True
P06654,F278P,1.72,2.70752874741934,2.1430733633733565,2.4672379756520173,2.736312186070732,2.2037321882201524,1.3006093813149189,2.912531857426824,3.0069914662351773,4.336830569808594,True
P06654,F278Q,4.0,2.588756526838196,1.541693622552457,2.509068120890023,2.957729198943217,1.7509781488464309,0.8357616073800003,2.644498123907192,2.8363934783659555,2.8788698923812963,True
P06654,F278R,4.0,2.319884017381688,1.5819441121232332,2.5859583329954807,3.1527596531012785,1.9201620753718367,1.3775120030392818,2.660783686569712,3.105847877084057,2.8848496166362994,True
P06654,F278S,4.0,2.3961482594099524,1.5213116914762963,2.1512633359887405,2.276962502825275,1.7062556949054772,0.6526844282131545,2.663738680733734,2.436679433297797,3.020766548068754,True
P06654,F278T,4.0,2.3082475546542347,1.5849680802721855,2.196358083812709,2.3302185340438304,1.5950915619049233,0.8182986684999506,2.6861070860720715,2.5459593831564407,2.6642544597355746,True
P06654,F278V,2.99,1.996122629343524,1.2796408219870352,1.8166456915362204,1.845388540947944,1.1892211841967797,0.5231347773304174,2.595965945520554,2.307187046233824,2.0253430847024516,True
P06654,F278Y,0.34,0.9364502489825228,0.4977633648801034,0.9670266580285368,1.2898282283532665,0.9440751122903096,0.4060876085767088,2.209449343134847,2.053693819783436,1.5831509671173387,True
P06654,T277V,0.5,0.5476123387049621,0.3769753715540433,0.5864810989939232,0.3470025625002359,0.346772357079152,0.3638277458298491,1.6798571119041692,1.291317514468155,0.09770191455342009,True
P06654,T277Y,1.64,1.723119327602142,0.734047353506398,1.8504690498555345,1.5486785458521504,0.5562172570129525,0.6602023103481459,1.6309873222766822,1.8546754144882955,1.2096925863576706,True
P06654,K276L,-0.55,0.2571450531615677,0.0486612446638319,0.2585243048988465,0.2444734410897525,0.1555663803633185,0.0561031515966161,1.7807610331523418,1.03714396820139,0.4302586627457967,True
P06654,K276M,0.05,0.281038115565068,0.1996809099872453,0.4180327994386004,0.6136997585257437,0.1459241269594061,0.1512954500452557,1.6994727426001806,1.04256310464022,0.4574309560277736,True
P06654,K276N,-0.38,1.2470345975607944,1.1091164354881808,1.290309519764603,0.9676435194596994,0.5703694882598509,0.2899264845036776,1.9725236557287475,1.4037212938268255,0.44600005760999883,True
P06654,K276P,4.0,1.4823061673576468,0.8340721635367633,1.2782783699820628,1.329425943254812,1.5520237371588004,0.3510045437654846,2.014573568524535,1.4877337216062023,1.551767417005121,True
P06654,K276Q,-1.17,1.1498309100579578,0.8875963911169407,1.1645768396368523,1.1632560063966,0.1378486169347623,0.5447850086737643,1.9327509331753496,1.5320880816528657,0.7955131474206021,True
P06654,K276R,-0.76,0.5245169785356364,0.2543626792748356,0.2078592334691881,0.3492589869249303,0.0988915994947232,0.1287646349459209,1.7964681159264362,1.0846880271260688,0.4659082618722292,True
P06654,K276S,0.29,1.4574943913300973,0.849240840911146,1.1722360081253704,1.3325399734677743,0.490164176712711,0.377280333651635,2.0389530976150034,1.5128588910910108,0.9394136044799519,True
P06654,K276T,1.17,1.4059795602847125,0.9903734020442746,1.5466498389990757,1.4699680045481478,0.4098394248448246,0.4136882483670407,2.091576560916068,1.6662131971928509,0.8571685219992577,True
P06654,K276V,1.35,1.5991970778373774,0.824613247453636,1.788725070064631,1.7665300536772222,0.2978966466531442,0.5781173203235002,2.034574815307387,1.9347991383596976,0.8740263132558009,True
P06654,K276Y,-0.46,0.5985420063503384,0.3106553544728972,0.6073987474179239,0.5224699432279325,0.2022622291047258,0.1245600706182873,1.6461193542165915,1.3440579460304414,0.46925703409195046,True
P06654,T275V,0.5,0.9691169981315768,0.2889616589762803,0.7764566920986626,0.6898589243724981,0.346772357079152,0.1205666801765455,0.933925624779836,1.110184564944486,0.5828480595941286,True
P06654,T275Y,0.83,0.8978366638283598,0.5725670882060151,1.1469894538907384,0.9259895223183284,0.5562172570129525,0.2597282140632337,0.8796053516242761,1.4447478077999982,0.5696160527700213,True
P06654,A274D,-0.35,0.0093176659466666,0.2587931941766588,0.0370836305635832,0.5869242643635565,1.3512263441005974,0.2662148559136701,1.0493187749778845,1.0755452203019211,0.22133304607293686,True
P06654,A274E,-0.46,0.046738451888791,0.279089386836671,0.071891492569583,0.5762130949755869,0.890212045450505,0.2548951834495792,1.0470260215379228,1.0721345684487171,0.1472109785433563,True
P06654,A274F,0.0,0.2429179580949496,0.1777462167903029,0.2500200347535468,0.5707361957400197,0.5669500479126135,-0.0884602771388555,0.7220569835685737,1.0449588986163818,0.3435950964656863,True
P06654,A274G,0.12,0.3086148295417504,0.0042352815978193,0.0159522954162326,0.5556415079729417,1.0167834293510365,0.0423340668823052,0.9064847707244268,0.92573954097092,0.33258928830463663,True
P06654,A274H,0.08,0.0938875542419114,0.1411132605060374,0.1854049435892542,0.5846857320913625,0.9667412523712924,0.2382250402550568,0.9225132159763708,1.0799186159828174,0.1501332474275887,True
P06654,A274I,-0.07,0.2570072623292413,0.2001157825640363,0.2236736505400129,0.6008615649955472,0.4266509499960544,0.1355728136338947,0.9374226362407676,1.0411736863276089,0.12377712423458087,True
P06654,A274K,-0.5,-0.0157428187071536,0.0639358832017337,0.1143381134695759,0.6105007231262082,0.7168476726588757,0.1991902824500388,0.98680011653614,1.055967887983502,0.21544168002349573,True
P06654,A274L,-0.51,0.1745226506630987,0.1511544367473149,0.1893211459379823,0.6104394607143557,0.5600622370961714,0.0500886427522519,0.8868907353188551,1.0390783740880205,0.17010026896785974,True
P06654,A274M,0.04,0.2276883822190848,0.2322069902493196,0.2256056942215213,0.5923778143111369,0.5024216771949103,0.065117366772614,0.8321664762028727,1.0364529205008477,0.26677051665188356,True
P06654,A274N,-0.13,0.0045783882008197,0.133823015839254,0.1320568166906331,0.5736603848335904,0.9689368232891856,0.2116674198401643,0.9297549182419128,1.0103593907857804,0.09691765746587833,True
P06654,A274Q,-0.54,0.0816054880673432,0.2046909974383094,0.188468764616912,0.5634620387204146,0.9395368478409278,0.2513861824452571,0.9422438938971356,1.023505508540754,0.19059061126608312,True
P06654,A274R,-0.12,0.2152815497572107,0.1811875819942497,0.2658457894862653,0.6222191786860195,0.9972008340639013,0.1105513212159665,0.8873540700432411,1.0835626587752676,0.1217143075691779,True
P06654,A274S,-0.29,-0.0012638549187729,-0.0506573784041692,-0.0492010165913244,0.5726274167658599,0.5320077206749324,0.1525326633497482,0.8941229866889808,0.972135005635808,0.12691468723025923,True
P06654,A274T,-0.16,0.1912810452400916,0.3442242054798743,0.1806538595972562,0.584783330776693,0.9039757476571364,0.2185834990721847,0.981809315229458,0.9981210166980444,0.05473269934084385,True
P06654,A274V,-0.33,0.1792562368642538,0.2216822406134414,0.1350645926715114,0.5953016019479639,0.554681399987439,0.1951769842995962,0.9819112544106744,1.0148584443450244,0.2515739941079477,True
P06654,A274Y,-0.41,0.3042383645473622,0.2649368640672531,0.2772726816527421,0.576227187775336,0.5681414282966336,0.0591473501422416,0.8567048974509476,1.0817323600853523,0.375117059670494,True
P06654,D273E,-0.69,0.1196662751720928,0.1033818288813809,0.1124599633141308,-0.2259754037515544,0.5547454434476486,0.083269271699409,1.330902724205478,0.8094394037121573,0.0770725144267076,True
P06654,D273F,-0.58,0.4141745884384196,0.2219464583118595,0.3764082915435571,0.0946615182513065,0.4552893063785235,-0.1875160113283439,0.8086313133996621,0.9096665449201258,0.6175034933107231,True
P06654,D273G,-0.25,0.4484374309809383,0.3326063856945432,0.3699671523571021,0.2770331958709137,0.5697595279787511,0.1712794864467347,1.2965257803002082,0.910654918985831,0.2685354296291105,True
P06654,D273H,0.17,0.5581530585043899,0.2808090452452086,0.3184806434698607,0.0033330346763135,0.3994583328370912,0.2677067253607593,1.1221189653364667,0.8915239071274339,0.2366623937334983,True
P06654,D273I,-0.74,0.6710496915383244,0.2246849972503251,0.4699814440296325,0.3091528836136784,0.5354638667649932,0.0555167533030183,1.0714465645941975,1.1197999036111457,0.4435844805526812,True
P06654,D273K,-0.33,0.5333708426171477,0.2441151722080815,0.3441397583354897,0.2107082343393098,0.3896902063067877,0.2012926996156476,1.2569959093226557,1.018383167456261,0.116419692715097,True
P06654,D273L,0.33,0.6374678840156209,0.2345525280084369,0.6307808351851818,0.5561159665192639,0.3001878539796619,0.0228184843771607,1.047564792583011,1.221962974997708,0.45914178644636494,True
P06654,D273M,0.75,0.5982165773361301,0.1723478391234545,0.4165446181172196,0.409400400750585,0.3655452584024315,-0.0403274756115023,0.9647129374249588,1.1348316742026991,0.07287831845117071,True
P06654,D273N,-0.35,0.2735916952475404,0.0910704726464447,0.2282342881220946,-0.1942673354696998,0.339742220712424,0.2057677591382458,1.2047568476443518,0.877292450018792,0.3454257865625112,True
P06654,D273P,-0.9,0.5173371011213004,0.5229934692573008,0.0654966515665336,-0.2055624024258039,1.3831935573405447,0.1640856945582693,1.2156162239081134,0.7404759540630704,0.2995916183386421,True
P06654,D273Q,-0.58,0.2329320659136323,0.028586777073105,0.1620204337817513,0.0707434572575191,0.3118973296536219,0.0841787944472663,1.1432061807284686,0.9177979715029212,0.33678420840186435,True
P06654,D273R,-0.18,0.5934084526280664,0.2817900628472267,0.4779072582150384,0.2366455110593577,0.6143288605046765,0.0130802985680069,0.9921321988966918,1.102788679856509,0.28828933590478023,True
P06654,D273S,-0.46,0.1408184202367848,0.18778732528227,0.0595872508943831,-0.2088839049059139,0.1591144950960311,0.2275248275725831,1.2325897963067494,0.7419186977705093,0.0638641625952382,True
P06654,D273T,0.07,0.8087732470343012,0.5668607561371414,0.3811083467380377,-0.0107185459213271,0.5298591090489021,0.3454182350953208,1.2745485855728478,0.8847951015236761,0.21957176075723828,True
P06654,D273V,0.01,0.8139567934037066,0.5445395538997951,0.4721747415565696,0.0958284523805712,0.3105674253370163,0.1564841655181284,1.1999597907533848,0.9205746835875364,0.23303703925112917,True
P06654,D273Y,-0.35,0.464993695008723,0.3568370779108723,0.4171337640982877,0.0048055789756346,0.4062051154229297,0.1080713080413164,0.9668006247113984,0.8991239926613538,0.4435177055126728,True
P06654,D272E,0.05,0.566162543287139,0.2692977542308676,0.7553682776077013,0.8431780479415784,0.5547454434476486,0.3043952948921705,1.347705062150309,1.061870142092501,0.7724665743722602,True
P06654,D272F,0.52,0.6681637290689939,0.0976999487177716,0.7575795707784901,0.7014874973287475,0.4552893063785235,0.0751636002965228,0.8120079117776549,1.182994783453291,0.7012515783354254,True
P06654,D272G,2.67,0.8268016177048647,0.3345652469057622,0.9687219169767106,1.4576860501138005,0.5697595279787511,0.1762980790174436,1.191207458363754,1.221793035040618,1.350029956965051,True
P06654,D272H,0.84,0.5706493147391858,0.1685638832543744,0.555631121735235,0.8085159811665905,0.3994583328370912,0.3352910119670826,1.070363646724514,1.139232204960867,1.0997878491089024,True
P06654,D272I,0.57,0.4347060530087718,-0.1117947169791605,0.4564076810296266,0.9041652332345604,0.5354638667649932,0.2056216960538147,1.0950706270800703,1.16372360395517,1.0700391758589918,True
P06654,D272K,0.61,0.5267627994568788,0.1984398642321127,0.5342241150157092,0.765461579257703,0.3896902063067877,0.2049371614293653,1.2158999997383635,1.1079748268762977,1.2870761987949366,True
P06654,D272L,0.53,0.3891989455309207,-0.0426754413697887,0.4502090504292774,0.7206038818097057,0.3001878539796619,0.2048186103673757,1.0857440199762631,1.0240125495254366,1.0745587226268132,True
P06654,D272M,0.84,0.3251589264937847,-0.0078943639227012,0.3472986595337675,0.7590444048225431,0.3655452584024315,0.2618505829953509,1.0403959042552813,1.0846664657537253,1.145462979984397,True
P06654,D272N,-0.47,0.1046006259012467,-0.0589816962642005,0.023273092644059,0.4087463940919227,0.339742220712424,0.2376396083162925,1.1057454483658211,0.8503398856688268,0.5485564315218505,True
P06654,D272P,4.0,2.397924034545928,1.2024922187295743,2.791707828604399,3.348373918159809,1.3831935573405447,0.3613781959975576,1.259644464503093,2.406847211274067,2.954166522006613,True
P06654,D272Q,0.38,0.3221388687377841,-0.0191850740900975,0.5719496526628685,0.8503684957914668,0.3118973296536219,0.3185331454890413,1.1632671494933962,1.0667284288123433,1.123363648441756,True
P06654,D272R,1.72,0.4944328063218423,0.2003111742220697,0.5118431190198346,0.8846916407117099,0.6143288605046765,0.2764280338410277,1.0603376985402195,1.2352407393687574,1.4820054372547466,True
P06654,D272S,0.2,0.1960274736434205,0.0496019924898213,0.3278261094701159,0.6763381195642266,0.1591144950960311,0.0761456893559546,1.0881797374550142,0.9647302181244886,0.6240448889551068,True
P06654,D272T,0.8,0.427531242117501,0.1225522115844113,0.2912622969881295,0.792955638741766,0.5298591090489021,0.1380331801179823,1.1385285912169434,1.0120157625624993,0.7472207544131713,True
P06654,D272V,0.51,0.3302534146061355,0.0235643214910304,0.429344509910548,0.8703557607610639,0.3105674253370163,0.2031478063835413,1.148463321788104,1.1221560917591302,0.9850349986679041,True
P06654,D272Y,1.31,0.7202626349467193,0.1966328284138713,0.7697122932039754,0.7013252701530692,0.4062051154229297,0.2282017780192012,0.9193914487242184,1.223916149949447,0.22919889946050764,True
P06654,T270V,0.1,0.2940692513493946,0.060794328541507,0.2958931101215709,0.4387553836709539,0.346772357079152,0.2851104225330499,1.6127513557718125,1.0526658452979625,0.08660266380462178,True
P06654,T270Y,-0.4,0.3946860736044862,0.2424193661465045,0.2571466549301064,0.5679648540182443,0.5562172570129525,0.1863955498411526,1.4139952089848808,0.8416077019245012,-0.09710897107286875,True
P06654,E268F,-0.63,-0.3236526902577018,-0.1849990552461805,-0.2774787498089798,0.0435468297973105,0.1067348298163372,0.1293345594020194,0.9679069945084542,0.8007209041054446,0.24872702891727827,True
P06654,E268G,0.88,0.3155297414959193,0.0848188254656761,0.6195652054806503,0.8461288410621565,0.6400959207537913,0.2340243506717646,1.2141355628899315,0.9046407074749868,0.6820029892225782,True
P06654,E268H,-0.03,0.036415661764251,0.1157965377748306,0.1555290526694656,0.3743943714138252,0.3458070590604454,0.3442379430258441,1.2364517583038128,0.9708184555515686,0.06786378681015443,True
P06654,E268I,-1.19,-0.0270692494842367,-0.1567581217756536,0.033846894576724,0.2191798319452834,0.1810843421823844,0.1512871181785771,1.1176918280807624,0.7532473704641414,0.08942605640264112,True
P06654,E268K,-0.65,0.3730720152182417,0.1507466219020111,0.5162059942811423,0.5935456201118179,0.4116619799381557,0.4519152821588669,1.3621403118174142,1.076193494219818,0.2783289461570113,True
P06654,E268L,-0.61,-0.0422887808590032,-0.1232773843237548,0.0479341675460422,0.2815800876599399,0.1352009219435951,0.0794812605894091,1.0900789646435902,0.7648888097494602,0.28596521301829064,True
P06654,E268M,-0.42,-0.0895075194400305,-0.0417827818796397,0.0184503776629249,0.2278462161063043,0.1268639536653517,0.1458602214159826,1.0878964514433531,0.8007563557649313,0.3711703265388294,True
P06654,E268N,-0.25,0.2319677812872133,0.1566903603022322,0.2832442222742123,0.4301345741104308,0.4941231404837147,0.416270192384486,1.2414695917650878,0.9679694370879858,0.21948972646260162,True
P06654,E268P,1.26,1.0613241740495574,0.6376525236905108,1.2846108156222809,1.2781882045505453,1.3105822945547196,0.4964243552005337,1.2610819038050445,1.3502939612329576,1.0295624561669452,True
P06654,E268Q,-0.71,0.0484278635469082,0.123284802570848,0.1606526271239254,0.2512388009643739,0.1605155413051134,0.3291850451998099,1.250282198617462,0.881884883544888,0.06653896978384033,True
P06654,E268R,-0.55,0.2068722196960277,0.1035479671753765,0.2394280535032823,0.4145535632491752,0.2709411993605226,0.2780661137693545,1.1964232949414393,1.0077906141066364,0.05982324284356655,True
P06654,E268S,-0.01,0.1947795039589301,0.0666699781358955,0.2455718203476819,0.3147571498949065,0.2643424724512143,0.2377392597996127,1.1757706436607531,0.8380872933476609,0.2302018233727014,True
P06654,E268T,-0.13,0.1936780887775105,0.1690441903449214,0.2499934304719893,0.3164283484149937,0.2689537873456133,0.3020585162142518,1.2106863951229505,0.8526287125919094,0.05409353714641418,True
P06654,E268V,-0.28,0.1200855447049993,0.0564147551832864,0.0818394619801449,0.2456569633538403,0.3025040087971306,0.2023636546619743,1.170133885910198,0.7949119654432215,0.20541381410966075,True
P06654,E268Y,-0.69,-0.3655153350857624,-0.1318199198566177,-0.3013568736972093,-0.0487124050922365,0.178753402979139,0.2305836731397402,1.1019798558487035,0.8379959440457332,0.32038680714118806,True
P06654,G267H,4.0,1.458286987727048,1.2739547534451476,1.0982894223120545,0.8127275108848109,0.7969681540754346,1.5472433074355216,1.7629697873510863,1.153935945491543,1.7066546129028939,True
P06654,G267I,-0.58,1.4795416390040994,1.5341011443664496,1.07685955085354,0.7868679488728768,1.161990098440874,1.3388576331577955,1.7462024206043616,1.3187760129675268,1.8813650092623433,True
P06654,G267K,2.41,1.9573175681937829,1.7114825354160303,1.7213987267457873,1.165530883212836,1.0620385856621268,1.804473848213035,2.0502523499751644,1.377822993131002,1.8684038258920028,True
P06654,G267L,4.0,1.7066130241379411,1.4890383826147684,1.0656060108090848,0.7064691403028119,0.7978231161259199,1.3609658303426406,1.733173840765709,1.240689112021247,1.8755247411781808,True
P06654,G267M,-0.19,1.500373611047666,1.2809775269761867,1.051150995770382,0.6648183216452753,0.8647385457174165,1.2931503175236998,1.6337260149389572,1.1808017315420325,1.6756006677548463,True
P06654,G267N,4.0,1.8133915820715127,1.5365849702826824,1.4510654071687352,0.9113181616626918,0.6859360488345675,1.4222179755918607,1.746300367417603,1.1425527570431464,1.8315748819609368,True
P06654,G267P,4.0,2.027774010901351,1.585559845458988,1.7789498678432465,1.1010344684740143,1.613285065908277,1.413940314057481,1.897477252310365,1.39410307251749,2.4324797475320645,True
P06654,G267Q,4.0,1.7048958059259085,1.5138222129084444,1.2521820408310338,0.8887466910284287,0.9816500240689968,1.6231703576184142,1.8686493008633167,1.2464245361996409,1.8604499930368854,True
P06654,G267R,-0.43,1.824408586514096,1.458250162146878,1.4762502022781774,1.1048390256819771,1.309423773031691,1.5920003741252695,1.7308387189428205,1.3107550720717918,1.7205837434798104,True
P06654,G267S,4.0,1.4779039159987586,1.120003491460427,1.2137447986125398,0.9632454794928526,1.0433402419325728,1.289507061744562,1.706659343319513,1.166047805871129,1.913846817686275,True
P06654,G267T,4.0,1.9078899860434395,1.572280239464922,1.3161217721221337,0.9077971532915112,1.070188529471293,1.357274291918626,1.7619373217971686,1.26958004518692,1.8439707078357035,True
P06654,G267V,4.0,1.915821215497504,1.71440045470181,1.3233879604358028,0.8879326039712225,1.2846427425672895,1.3440997969410573,1.830939837383271,1.3065861090301945,1.8735974438703424,True
P06654,G267Y,2.49,1.089234258693547,0.8522130195231659,0.7096262336334138,0.4824907372819951,0.9052279801925576,1.3096106522469786,1.53595802682591,1.0708028969741026,1.8728892676773015,True
P06654,D266E,-0.5,0.1346394098902031,0.1357696666612257,0.0159854998738791,0.0252142784275835,0.5547454434476486,0.4325657846896311,1.1954259731632997,0.5479961813341141,-0.023318065170279345,True
P06654,D266F,-0.82,-0.3623096396950905,-0.1503629775045709,-0.3382198698985247,-0.1530607010213921,0.4552893063785235,-0.3047863391277902,0.7002897769028218,0.3482327574239334,-0.36853333613941963,True
P06654,D266G,0.16,0.400174011262114,0.0784016855069794,0.3334158758896071,0.3031359540673799,0.5697595279787511,0.0457782308210791,0.9327814061089204,0.4060957785563565,-0.08597525897121638,True
P06654,D266H,4.0,-0.1231008044844539,-0.0214107617785472,-0.1712735115561192,-0.1097145056429205,0.3994583328370912,0.137307214223933,0.9296048765082834,0.3828265453554367,-0.3571208163463889,True
P06654,D266I,-0.59,-0.250446929063256,-0.1810194810980428,-0.1209233596436181,-0.1136054406678446,0.5354638667649932,-0.0456342702367547,0.8943896903519176,0.3915398345595225,-0.31336444599825464,True
P06654,D266K,-0.55,0.2492993827226444,0.0143692733691694,-0.0280396631537593,-0.0749164152271627,0.3896902063067877,0.2688712201132307,1.0640318481546005,0.4809140962243994,-0.17123709034715162,True
P06654,D266L,-0.17,0.0280484540611944,-0.0404339484526381,0.0394310623202769,0.0907963278695593,0.3001878539796619,-0.0818971587870762,0.8537143332482499,0.5112703909429335,-0.2899461904524272,True
P06654,D266M,-0.46,-0.0006433210539395,-0.0545415159410933,-0.0578058717460061,0.0430449063108471,0.3655452584024315,-0.0677212910252253,0.8126060379477419,0.471119181992005,-0.3558719035250333,True
P06654,D266N,-0.67,0.0473815568806752,-0.0437750773669791,0.0240270256221323,-0.0801974483548736,0.339742220712424,0.2225849165661864,0.953243863305272,0.3819431533614587,-0.31760892951147424,True
P06654,D266P,1.72,1.7542877378463906,0.736995399428592,0.8984575867496852,0.8270224980398894,1.3831935573405447,0.1937639723887945,1.0190107546132567,0.8693451500472392,0.327648485087573,True
P06654,D266Q,-0.72,0.003712502684152,-0.1163825415018429,-0.0850108100864039,-0.063235669520509,0.3118973296536219,0.1649079540001473,0.9128605288231146,0.4114632894588327,-0.34996797486504794,True
P06654,D266R,-0.55,-0.004646865794584,-0.0380265537439583,-0.1060618073806957,-0.0301375216576223,0.6143288605046765,0.05407641494879,0.8819679106520398,0.4289761313700005,-0.3057088170725958,True
P06654,D266S,-0.56,0.0160667363012583,-0.040818131919136,0.0467601005895152,-0.0877299330120976,0.1591144950960311,0.1680297269442426,0.9447161330998952,0.322838815332405,-0.21152591374929097,True
P06654,D266T,-0.57,0.2022594635072911,0.1003992292306558,0.1689203091466279,0.0072442690454011,0.5298591090489021,0.2052457415160374,0.9761622283541896,0.4405312103750661,-0.2262755178765118,True
P06654,D266V,-0.59,-0.0430106610652524,0.0095870678631638,0.0421782215955225,-0.0879095139554921,0.3105674253370163,0.0408872458503518,0.925155835009148,0.3558989834812832,-0.2845517821279909,True
P06654,D266Y,-0.84,-0.2453703544978612,-0.0160156410837608,-0.1770708063211926,-0.0941002286907611,0.4062051154229297,-0.1424584621592824,0.8170617893470732,0.3984163333163385,-0.6158064990560543,True
P06654,V265Y,0.42,0.4560840572199701,0.3315967818220578,0.7162707583385725,0.7379285059782005,0.9388008753007724,0.7682864547940862,2.029625163668116,1.261796793633261,0.8413822200145367,True
P06654,G264H,-0.5,0.3355789225442908,0.2383729644850714,0.1684670627391892,0.3574446752547885,0.7969681540754346,0.3347739793748121,1.1386668443218848,0.8743686473848961,0.4691538920681536,True
P06654,G264I,1.44,0.8396476196353518,0.5090792978887898,0.6121385014524319,0.6691949815338061,1.161990098440874,-0.0703588519068326,1.07097111548813,0.925300082543286,1.736005663396395,True
P06654,G264K,-0.29,0.4706912488380146,0.2679618136491802,0.3380889788871538,0.4101100586738984,1.0620385856621268,0.459375483624429,1.2151290345410382,0.9015656092547928,0.8880769089354541,True
P06654,G264L,-0.04,0.5864503373659871,0.3933028995639782,0.4318148615075324,0.4851021970078681,0.7978231161259199,-0.109164774836128,1.0510417710891875,0.8895077502230102,1.2080697624814936,True
P06654,G264M,0.47,0.6443020638260071,0.4365575469868813,0.4472859609699546,0.4777920887906531,0.8647385457174165,-0.1346442461756102,0.9829774628374942,0.8684863842814959,0.8148719280637685,True
P06654,G264N,-0.3,0.4074399265973837,0.2865565511143645,0.2347457315364567,0.4075888526366224,0.6859360488345675,0.3396561238063464,1.1636135402840655,0.906575834920874,0.30666356016694285,True
P06654,G264P,2.74,1.509608180791758,1.056096303140968,1.661609703402125,1.4164999721819236,1.613285065908277,0.6463256484041493,1.3537793384355843,1.1306530638594332,1.9851834755662012,True
P06654,G264Q,-0.19,0.6366808320678082,0.423475728257818,0.4351160970905131,0.4529201766286223,0.9816500240689968,0.3253305680017502,1.1468206970296086,0.9414234843703998,0.5821366355211637,True
P06654,G264R,0.42,0.7162800292756133,0.3737930740009093,0.497179960322364,0.4809837035721916,1.309423773031691,0.2164906675362742,1.0131048275058827,0.9081693569523324,0.7614424954047774,True
P06654,G264S,0.17,0.492971898859399,0.1958792242915489,0.3206576351467839,0.5052058476209088,1.0433402419325728,0.3152945599182891,1.17952517408663,0.9292830054373477,0.7339378361718648,True
P06654,G264T,1.01,0.5974098116719277,0.5535261219992271,0.6819452633582223,0.6418088026582963,1.070188529471293,0.3773185111129751,1.243464226069599,1.0326030551033023,1.0845827261784238,True
P06654,G264V,1.31,0.6248643688230855,0.4901621616769746,0.577609008606648,0.6265071141611958,1.2846427425672895,0.0940912153817273,1.166801169501431,0.9383781916731768,1.596303838483362,True
P06654,G264Y,0.43,0.4827703395500758,0.422294577126194,0.2781901466642457,0.3482712519935152,0.9052279801925576,-0.1161529036175488,1.0113168008920137,0.8167130891096361,1.3727619237343962,True
P06654,N263P,3.69,1.982837851139784,1.2938623964622975,1.6668594475821137,1.361324523622392,1.517235966772424,0.184798528413809,1.7429947983729115,1.5261447894000824,2.5416359587663644,True
P06654,N263Q,-0.94,0.0607775544611197,0.1434190142356028,-0.0232444509268394,0.2477486474381405,0.4966431047675132,0.1858514540514781,1.692981379867654,0.7921305251261461,-0.0003121656640541204,True
P06654,N263R,-0.42,-0.0946356882295304,0.0077327254242446,0.0485793490861136,0.353140873041799,0.4379714656543797,0.1256822174904112,1.563733144563106,0.9446847551307064,-0.018506511310428353,True
P06654,N263S,-0.22,0.3589542023392375,0.3285434286721981,0.3470852668196164,0.331782621175344,0.3313904717619403,0.0401353138260154,1.6250132867348426,0.8459516612169347,0.11095027311116579,True
P06654,N263T,-0.08,0.2380351603786596,0.2107415549210517,0.2365362872281381,0.3504267547741035,0.5803008963538759,-0.0557905931866971,1.612348314475825,0.8763031018225691,-0.04639059439991322,True
P06654,N263V,-0.48,-0.1745420652354779,-0.0121308634469744,-0.1834027729040128,-0.1073480345315366,0.7543844682517132,-0.5502903707363901,1.383537423391073,0.5514508120673265,-0.28406479588455624,True
P06654,N263Y,-0.78,0.0351487507308029,0.0293993247735296,0.1188104835299646,0.0242782744223835,0.3050821955665915,-0.3724282567413455,1.3294463191730306,0.657985168713209,0.18504305448262892,True
P06654,D262E,-1.05,0.0367116019233924,0.0294339438035859,-0.1515866713617369,0.1372300894149664,0.5547454434476486,0.2593977208359862,1.2374177238263204,0.6042894013745077,0.37557177163001426,True
P06654,D262F,0.06,0.0201242179528215,-0.2619599069030596,0.1102590126983188,0.286169025159452,0.4552893063785235,-0.8128468873014582,0.6442217986135533,0.5048901222204121,0.715235042677564,True
P06654,D262G,0.95,0.5398339035879622,0.1148695991671136,0.2307475601954583,0.2655253880097449,0.5697595279787511,0.0685436572301228,1.092703374724352,0.5779340298154833,0.8733282337749375,True
P06654,D262H,0.09,0.1871499880747672,-0.1018437810328576,0.0994655038364354,0.2675171077209984,0.3994583328370912,0.1033785332580437,1.0504134473289268,0.6104489557846098,0.5688249189988592,True
P06654,D262I,-0.28,-0.1582848787063768,-0.342041138413963,-0.1164399361795137,0.1931253979521738,0.5354638667649932,-0.4872883620462193,0.9213394226609088,0.3641521414573305,0.5547685960649523,True
P06654,D262K,-0.2,0.1366415357073582,-0.0961446137633656,0.0772148010325978,0.2770021746406884,0.3896902063067877,0.3294924615447904,1.1447580744121646,0.6694526668836669,0.6209085951923653,True
P06654,D262L,-0.29,-0.0241310160544814,-0.2737017407757846,-0.0707813267200397,0.1614403731346746,0.3001878539796619,-0.4852703751243226,0.900567066195241,0.3133211857413689,0.4500793623780062,True
P06654,D262M,-0.5,-0.0366976213951707,-0.2805234902533585,-0.2035454569560665,0.1335775228990384,0.3655452584024315,-0.4303766152306155,0.8422346218800312,0.3282484530999469,0.3166218394505077,True
P06654,D262N,-0.49,-0.1327926810006759,-0.1382101565471394,-0.0547223219462102,0.146061470327084,0.339742220712424,0.0499114334271014,1.0848973193417968,0.4701286789234183,0.48427686439859663,True
P06654,D262Q,-0.41,-0.017466330265746,-0.2017559682917161,-0.1585410094462737,0.1412002656340497,0.3118973296536219,0.1459976574109305,1.0777441289636207,0.4978664422388087,0.4260881639023637,True
P06654,D262R,-0.41,-0.0125127067330216,-0.2152341905156926,0.0083478856197647,0.2953101391425397,0.6143288605046765,-0.1253836034785022,0.874614387609507,0.5479881022049329,0.5671458599392487,True
P06654,D262S,-0.46,0.1728379003670314,-0.0007179333311135,0.0962451738226329,0.1834596569600713,0.1591144950960311,0.0582856774272058,1.1007383798496058,0.5529997736456957,0.5054336932994827,True
P06654,D262T,0.2,0.251977746789657,0.0443789322365637,0.2359165423235155,0.2720733161243316,0.5298591090489021,0.1097017386213952,1.112843774624981,0.6367822813337533,0.43565887998067443,True
P06654,D262V,-0.3,0.1345943751560059,-0.0504439491069493,0.2650136567659792,0.3390561215650425,0.3105674253370163,-0.2015986957975237,1.058964518153531,0.5702755331409083,0.5415309494040781,True
P06654,D262Y,-0.43,0.0596745982562912,-0.1204675691816484,0.1276500896886359,0.2863891492930911,0.4062051154229297,-0.4989019693880074,0.7892415765842858,0.5737857067283891,0.8587396049974403,True
P06654,N261P,4.0,2.0206036593472345,0.9416562001319672,1.8538487576370504,1.7599967271980568,1.517235966772424,-0.0114279528690077,1.1211303582711918,1.4864270312339642,1.4095033687514462,True
P06654,N261Q,-0.84,-0.1355603126115904,0.1300151875624977,-0.1243518232356265,-0.304089600727535,0.4966431047675132,0.1248038729596425,1.1143210506116152,0.1747548715919375,-0.23756843458372834,True
P06654,N261R,-0.33,-0.3625188047253586,-0.1100957978575186,-0.2565203484587,-0.4238581080314593,0.4379714656543797,-0.0650930557735778,1.0097762653252245,0.0207636464845606,-0.5827590340818816,True
P06654,N261S,-0.76,-0.1659399704808616,-0.0301180997993488,-0.052876409686319,-0.2146734096496595,0.3313904717619403,-0.030705487046962,1.0728397080605203,0.1526023574243895,-0.3934143265982779,True
P06654,N261T,-0.48,-0.1747177304097607,-0.037295842936742,-0.1343368448513811,-0.217981625747245,0.5803008963538759,0.054121132121504,1.1487425039022612,0.2419517759469541,-0.29971609179986203,True
P06654,N261V,-0.42,-0.0358308913493577,0.1225141519032742,0.1014688126555879,-0.085819251799256,0.7543844682517132,-0.0755464674892595,1.137211139884938,0.2394729793559427,-0.27758230323035127,True
P06654,N261Y,-0.93,-0.1851377659799914,0.0784160301515444,-0.0781430608679804,-0.349349234048382,0.3050821955665915,-0.2052448559984233,0.9510817735148324,0.1061431699895141,-0.33809808511758277,True
P06654,A260D,4.0,2.837349581765525,1.7961046787921162,2.9836006172226046,2.496239840599133,1.3512263441005974,1.233685793800357,2.6808515285532675,2.058613704145732,2.7232293693316665,True
P06654,A260E,2.6,2.30428820012135,1.4321650507456876,2.50665982032604,2.330372288128461,0.890212045450505,1.2325718231815497,2.6602679359966506,1.9373363735506333,2.5156075237040922,True
P06654,A260F,1.85,1.4721313542309842,0.6107494358312657,1.181861925516538,1.4820970740877992,0.5669500479126135,0.5275592272274034,2.0774551004540744,1.4825731841211067,2.104644955096073,True
P06654,A260H,3.19,2.409939529644798,1.5137468699958774,2.290599315785584,2.3879246481356886,0.9667412523712924,1.7627799242255118,2.7954219662245925,2.028598526545573,2.282058068196723,True
P06654,A260I,0.67,0.8987011670111216,0.462770234783619,0.9302797651237196,0.9846460900284624,0.4266509499960544,0.2401314052735508,2.195499197686951,1.2641418545852212,1.583105434857781,True
P06654,A260K,2.81,2.0360234540631152,1.236842195081033,2.359163851805525,2.0335480623985647,0.7168476726588757,1.3192616225911735,2.6215350597611184,1.7502366603329,2.401041948507814,True
P06654,A260L,-0.11,0.4999109865937821,0.3880542614070233,0.3190516457746854,-0.0709370418208686,0.5600622370961714,0.0705543731871116,2.12676061391876,0.8154516685307769,1.4202039663073218,True
P06654,A260M,0.45,0.696893592297541,0.2562172045855161,0.5086554231385365,0.4910064848520424,0.5024216771949103,0.1305483721016266,2.0579005328820728,0.929285727733925,1.8096950423349787,True
P06654,A260N,1.46,2.408573305185692,1.509616339779103,2.642637729376156,1.821156400939833,0.9689368232891856,0.7315665898039543,2.4368616245191523,1.6967933753158468,2.5302676935438497,True
P06654,A260P,4.0,2.714420665164241,2.059583157802078,2.7984208160808937,2.498350551310869,1.6818975115145205,1.4016791640853512,2.577901008749116,2.063407586424938,2.845468465615296,True
P06654,A260Q,2.33,2.078051216946601,1.12355196781746,2.385220260659972,1.948381386554593,0.9395368478409278,0.9912247832999954,2.488127552262396,1.7293310935685913,2.1403520947316688,True
P06654,A260R,2.93,2.258600076082814,1.294100028854039,2.4922658785339173,2.2993058423810666,0.9972008340639013,1.471182952936797,2.616611920383704,1.8670907143995108,2.19671725291626,True
P06654,A260S,0.53,0.5937942184875091,0.2412598161296654,0.5324095655087122,0.723931534716611,0.5320077206749324,0.081325604879437,2.125601129526612,1.0604746981477258,1.8398871528535496,True
P06654,A260T,0.38,0.9446564922761652,0.6868820426964489,0.8185391072874297,0.6234738296474729,0.9039757476571364,0.0218395414581805,2.114256772156957,0.9695547929744124,1.9019688113201336,True
P06654,A260V,-0.02,0.8095298135368063,0.5044175984750019,0.7105453504240489,0.7947768812917614,0.554681399987439,0.049110790575634,2.141532097446093,1.1599360534962413,1.2298198419496784,True
P06654,A260Y,2.0,1.5932575472706776,0.8269292914719715,1.582437834031872,1.942777913288826,0.5681414282966336,1.3598135555783633,2.4116555311980807,1.833503328529232,2.4371905155109834,True
P06654,Q258R,-0.39,0.1365700380710203,0.0226114788868811,0.1342937644150619,-0.0566273649794953,0.1616001483508273,-0.1006188558955758,1.432487978982001,0.3781166998080152,0.2050630130308405,True
P06654,Q258S,-0.2,0.0672850603741867,0.0840392567922663,0.2478128272261836,0.0635063349899641,0.287836043016506,-0.0560097116774067,1.48421996986315,0.4834091370351849,0.6030780489591161,True
P06654,Q258T,-0.32,0.0920963754184187,0.1979435435801637,0.2683353331873109,0.086111853081544,0.2403227608866363,0.007142207458354,1.5588677879626742,0.4964188332408299,0.31799069427814786,True
P06654,Q258V,0.13,0.2739265929193422,0.229094327625837,0.371485395958947,0.2458687045880949,0.2168095997296253,-0.1233175092670048,1.5563034417786938,0.579762975372267,0.37584860171516243,True
P06654,Q258Y,0.39,0.6070065573287059,0.3129969004770335,0.5353986011247412,0.373422319985885,0.3759508099641692,-0.0921794470293836,1.4236423246504286,0.6496465406304716,0.5949106255951722,True
P06654,K257L,-0.17,0.710075890229808,0.1672046448589873,0.4982933613670098,0.5412679995678269,0.1555663803633185,0.0913498852537086,1.2672380342289025,0.6792233024677496,0.2202288196001994,True
P06654,K257M,-0.39,0.4868147588985508,0.1717721331112414,0.3494763375507449,0.3103172904121684,0.1459241269594061,0.0574498150316121,1.1857860255958883,0.6046743527927166,0.3675797113637535,True
P06654,K257N,0.58,1.2020737812761406,0.8690679841511597,1.2956384845411226,0.9364850458441312,0.5703694882598509,0.298498708125085,1.3787624030362218,0.955169261327103,0.9862302225412003,True
P06654,K257P,4.0,3.211265562967992,1.9159055420328743,2.756119491740362,2.827492945170907,1.5520237371588004,0.5597401877657774,1.4770040062011651,2.165131148573278,2.703840596241999,True
P06654,K257Q,-0.45,0.3637222359939531,0.3164046259611975,0.3305769008658323,0.4276224549814597,0.1378486169347623,0.2235305557777157,1.3425597269315914,0.6936754304433606,0.22098103344528042,True
P06654,K257R,4.0,-0.002606257755885,-0.0435119193668787,-0.1690055104003318,-0.0365853537233837,0.0988915994947232,0.075909085569914,1.285161262384332,0.4460363816353648,-0.10240294762375624,True
P06654,K257S,0.72,0.9103995332766402,0.4908563642813671,1.1112075906560452,1.0269482414730078,0.490164176712711,0.1669761490887646,1.399003526973375,0.9128456923778828,0.9846536476769564,True
P06654,K257T,0.48,0.6557244375463464,0.4180883311894346,0.7558433227373165,0.6618335010806243,0.4098394248448246,0.2128521670913773,1.4204166282078114,0.7455131073949459,0.2985385503397139,True
P06654,K257V,-0.19,0.4723170529820093,0.1455763435096174,0.3969578742256495,0.4343622731274072,0.2978966466531442,0.0503030870024856,1.3512833133291,0.6334808923689648,0.18010029146754464,True
P06654,K257Y,0.48,0.6766006821736334,0.2408464090182186,0.3385669868887479,0.5616332850797326,0.2022622291047258,0.0354413069979414,1.0843087559660505,0.7670469237860003,0.4583818304376151,True
P06654,F256G,4.0,2.93102192968872,2.049279492996969,2.5812659541790275,2.497692595224786,1.999282532575616,0.7572795123084669,2.9386355507025463,2.464686461644217,3.2841772619847465,True
P06654,F256H,4.0,2.466727735123936,1.4562659504577786,2.394960472697844,2.736933691671767,1.6392171623322462,0.5117317990060509,2.637980603437936,2.5597297834442942,2.3450175828530417,True
P06654,F256I,4.0,1.7324088909754607,1.0045397287298643,1.887012375439749,1.9350871421950795,1.0848385149568882,0.2224886528989388,2.5771600642243,1.9602851791790905,2.054513959857946,True
P06654,F256K,4.0,3.0046171872366814,2.2420004209318485,2.825405002409112,2.9513282204769795,1.3844350414876352,2.2145012835220217,3.1718870922207336,2.969845644207923,3.836159458168594,True
P06654,F256M,1.66,1.5709050474669055,0.7420312231200666,1.3927515899417675,1.5504246000715358,0.8718045334266025,0.1744647615697537,2.466471245054497,1.8868173348382435,1.8245093985064362,True
P06654,F256N,4.0,3.17281753704279,2.1120639367710146,2.795704890776036,2.5260506712225954,1.9088232541561,0.771083674060605,2.8074641054842937,2.684732599065124,2.866715277950879,True
P06654,F256P,4.0,2.8829041261115904,2.4524465144985323,2.835426856664236,2.937764871977208,2.2037321882201524,1.7555675883527069,3.075314460444922,3.139395430750409,3.4312844268936344,True
P06654,F256Q,4.0,2.8041858184730613,1.615772010344552,2.411801741517023,2.802468784833244,1.7509781488464309,0.6135468457420854,2.660311333453956,2.561396567339926,2.86834543749654,True
P06654,F256R,0.28,2.846765118988204,2.045826585959367,2.721602692668094,3.0266896550933646,1.9201620753718367,1.989819673667921,2.9923115568147467,3.053936467931345,3.118359854558009,True
P06654,F256S,4.0,2.6548765278701945,1.7711537766756789,2.4930196143977854,2.520169728532652,1.7062556949054772,0.705474544329667,2.8664401840784803,2.511876895614639,2.5320945141789553,True
P06654,F256T,4.0,2.5678205134394814,1.8212085722378124,2.8736898184595767,2.696904869076726,1.5950915619049233,0.7864631160463498,2.8706751770116834,2.543879969037909,2.8607161765651945,True
P06654,F256V,2.53,2.089567457846617,1.2433319096394844,2.217958606735415,2.3109135202040383,1.1892211841967797,0.3203057276218609,2.710564811769994,2.3217412996826865,2.017479928838808,True
P06654,F256Y,-0.91,1.3345076311449922,0.8695292837535495,1.3897176353615932,1.8884785471316163,0.9440751122903096,0.4964697772714928,2.449581168519493,2.315304367559002,1.8116895961963966,True
P06654,V255Y,-0.19,0.0971826712870945,0.0358087070238863,0.0614720155347117,0.0517196976478384,0.9388008753007724,0.2405296550661111,2.0121741316139303,1.015075360396781,0.07333986787312324,True
P06654,K254L,-0.31,0.1232615272304257,-0.0494431959061391,0.0437076690293047,-0.0890048874160442,0.1555663803633185,-0.0869607700963764,1.1194901067174825,0.4314543371469695,-0.24843381559349087,True
P06654,K254M,-0.58,0.1006151340757988,0.0705398612705128,0.0432520345869886,-0.1355124804447101,0.1459241269594061,-0.1051013604409393,1.050953556167019,0.3487069710379954,-0.13896201921050733,True
P06654,K254N,-0.44,0.5295166376744829,0.5274069956907781,0.4231046862846409,-0.0063401141998079,0.5703694882598509,0.2984538025384236,1.272541887057757,0.484166964878495,0.2216978789623772,True
P06654,K254P,1.23,1.8506714945134912,0.9191522397231948,2.173425395523046,1.5879530696039337,1.5520237371588004,0.5000198247338411,1.3751508107626325,1.4019124001001506,1.453310572865273,True
P06654,K254Q,-0.61,0.2375864264907932,0.3380026715531558,0.0904107418040124,-0.0841407082469938,0.1378486169347623,0.3454640317441916,1.3128529183867887,0.4712418838841109,-0.07430595345162438,True
P06654,K254R,-0.91,-0.0215707956074048,-0.0562674228098752,-0.1288592271702013,-0.1455503739153214,0.0988915994947232,0.0694932356468266,1.1465114026194532,0.315877479425746,-0.26890254040886696,True
P06654,K254S,-0.36,0.3410612710038889,0.223731538835595,0.2545428185232831,-0.0394377459929707,0.490164176712711,0.2816897948033239,1.332400504208355,0.3987971423411226,0.09451591507169033,True
P06654,K254T,-0.19,0.2523116706709695,0.279579604210003,0.2675030641109719,0.0386504844779347,0.4098394248448246,0.2990693994944474,1.3645784795264213,0.5187726054639461,-0.1472988860140334,True
P06654,K254V,-0.23,0.2130396142952462,0.0831203799587213,0.2033899564512907,0.055839656790391,0.2978966466531442,0.1243037141607499,1.2803933936813094,0.5473045344521001,-0.08226989080247127,True
P06654,K254Y,-0.25,-0.0270396295760981,0.1392186707158449,-0.035120601008421,-0.1605330931489344,0.2022622291047258,-0.0008776231722808,1.062999166569273,0.3838582093171163,-0.030416589561711893,True
P06654,E253F,-1.92,-0.7699265921538007,-0.5101099724565299,-0.8362344032180917,-1.1947169250678504,0.1067348298163372,-0.8477943334938999,0.920012582045476,0.1037082941586901,-0.32702983623975945,True
P06654,E253G,-0.01,0.4671804103791167,0.1679962960294432,0.3807652739480948,0.2827159857463805,0.6400959207537913,-0.4567840723893755,1.3084902854610396,0.4382278115957002,1.345355366022755,True
P06654,E253H,4.0,0.0353420650935602,0.1306442379082709,0.1032549767498864,-0.3303458889006921,0.3458070590604454,-0.0596943996057002,1.4065082660245998,0.6717859585918549,0.22941834072313455,True
P06654,E253I,-0.1,0.3823124139583612,-0.062596803911308,-0.0600213964435282,-0.4927160109353131,0.1810843421823844,-0.2978914353373306,1.325535155840139,0.589551243929391,-0.05755346647602,True
P06654,E253K,-0.83,0.2943505900239932,-0.0102666379535285,0.3791842210656775,-0.3910020552589082,0.4116619799381557,-0.1109462515975052,1.521054219874245,0.5656241904490087,0.44946832091692607,True
P06654,E253L,-1.82,-0.4927701390657182,-0.4825637671593338,-0.5266290828744192,-0.875033205734151,0.1352009219435951,-0.51475737978505,1.2324351208284494,0.2501239103414218,-0.02750751737758228,True
P06654,E253M,-0.93,-0.3017345046263145,-0.3536852377263982,-0.2063377505526266,-0.7556788190811572,0.1268639536653517,-0.4237964294915887,1.1300018906811282,0.346923196595218,0.48073346426162666,True
P06654,E253N,1.64,0.4508585857299315,0.3433798552366046,0.5904495999342103,0.0901691419160808,0.4941231404837147,0.0518764924542344,1.4152174825749486,0.7912871430822083,1.0587581878482553,True
P06654,E253P,4.0,3.44338106692724,1.829313197358698,3.3782261410617536,3.1250137737524586,1.3105822945547196,0.5268602100219179,1.6308727272426573,2.2245892354715933,2.634776246709322,True
P06654,E253Q,-0.44,-0.0336947326460051,0.0174393490376982,0.104036416021242,-0.3138623458785861,0.1605155413051134,0.1878140060741977,1.528823872775133,0.592895041345469,0.6918598742456388,True
P06654,E253R,-0.44,0.2407308594936869,0.0037443148752214,0.3251391525873459,-0.1854285471370369,0.2709411993605226,-0.1367905291572643,1.2725681646813751,0.6440578264702873,0.6324425116000016,True
P06654,E253S,0.36,0.0937467342567311,0.0368618166560976,0.1205217561940613,-0.1427559214500878,0.2643424724512143,-0.1403258683510396,1.3866995509122444,0.5303766516544248,1.210300843024399,True
P06654,E253T,1.04,0.8304200322838922,0.3833813793857018,0.7361389301994022,0.4029635030437157,0.2689537873456133,0.0214310059242559,1.4497875593090772,0.8557850625356554,1.1584751031615936,True
P06654,E253V,0.91,0.3746203072161238,0.0691315442461957,0.2113153320970076,0.0276837296295148,0.3025040087971306,-0.1864180101731286,1.483679281287838,0.7456564226763565,0.29429236579376,True
P06654,E253Y,-0.26,-0.6688019194704518,-0.4083073916768042,-0.6786873961809737,-1.0941772305412194,0.178753402979139,-0.6834668246412121,1.0207812917747796,0.1460756761117644,0.014168053811169867,True
P06654,A252D,4.0,3.2231476372889025,2.209447356256484,3.285485537460661,3.45662160316742,1.3512263441005974,2.1141831346668334,3.126305697374961,2.934217858856464,3.120560153709129,True
P06654,A252E,4.0,2.8757593203289025,1.6662345349140442,3.0830624752224303,3.0694102452242022,0.890212045450505,1.7738827846961929,3.0065133052978843,2.719209769788769,2.251849784857507,True
P06654,A252F,4.0,2.298947936088536,1.1083799798686758,1.937598863527785,2.3882238321418505,0.5669500479126135,1.157831633356579,2.3071910613707622,1.9733785393859,2.1593169002057286,True
P06654,A252H,4.0,2.954160838380001,1.7990727983174657,2.751929162772374,2.876248908416536,0.9667412523712924,2.319989678059823,2.996277312877232,2.435364773669027,2.648161536705773,True
P06654,A252I,4.0,1.942538470268758,1.1967434550515996,1.659418229380078,1.6721416086221326,0.4266509499960544,1.0309231293489285,2.755178387307237,2.2286369935151606,0.5017905593567689,True
P06654,A252K,4.0,3.149444232483193,1.851465705965164,3.2086198032841144,2.87671434991294,0.7168476726588757,2.6317802977020497,3.163756701213924,2.589411687917665,2.903752082543776,True
P06654,A252L,4.0,2.0730006560930674,1.3593034903277976,2.2103060168512725,2.3005142985452585,0.5600622370961714,1.4163638387090796,2.8193989477265533,2.158680119383259,1.500088709222335,True
P06654,A252M,4.0,2.024348580967196,0.990993568760136,2.1548796247962434,2.185546347045816,0.5024216771949103,1.00848361841109,2.58115146039545,2.105841934501232,1.3618287379825909,True
P06654,A252N,4.0,3.2743406776469057,2.015314159065526,3.20570891572676,3.064201254010068,0.9689368232891856,1.2627002970047028,2.78445071932579,2.5514846020024984,2.9675105876932335,True
P06654,A252Q,4.0,2.7180341519828803,1.620006860978101,2.7623483885522115,2.5984758894894355,0.9395368478409278,1.584696232830058,2.879137011436128,2.527688976072475,1.9089574644949614,True
P06654,A252R,4.0,3.222440217504807,1.4900548313038748,3.1295979352156253,2.8189602480265847,0.9972008340639013,2.0195813712676203,2.815973102519448,2.4736837457115213,2.3271663987629667,True
P06654,A252S,2.33,1.4468739813650804,0.7557502669458807,1.4636877846266718,2.264496065150696,0.5320077206749324,0.4702431886765533,2.471177720400255,1.9435085312348344,2.015366956636192,True
P06654,A252T,4.0,2.5461894799345286,1.6925844810900106,2.392619749591291,2.020737679640093,0.9039757476571364,0.9053374623402896,2.6914331192284022,1.9267385873867189,1.8772433571109137,True
P06654,A252V,2.41,2.2623069848061457,1.37839954750792,2.0201369225828163,2.002348821465173,0.554681399987439,0.920738774640635,2.688720682335222,2.1383507852311223,1.211465440114067,True
P06654,A252Y,4.0,2.2092692340754736,1.2110790736759414,2.274543807779144,2.5848337258065985,0.5681414282966336,2.068355354292383,2.685602268065536,2.298628364549644,2.601458942783874,True
P06654,T251V,0.1,0.2192202433880989,0.0798233519622902,0.0551295975930917,0.1081168047242477,0.346772357079152,-0.1729785155960058,1.9413632742827367,0.7411832532816577,-0.30356541867161235,True
P06654,T251Y,-0.1,0.7443489829913728,0.2073643694096189,0.7059461787825636,0.6831985388645263,0.5562172570129525,-0.2597541900275791,1.7348115261280626,1.0532449693367012,-0.19611717531606998,True
P06654,A250D,-0.27,0.0358003180401093,0.2837809974172014,0.0946864060680204,0.0771965599385191,1.3512263441005974,0.2676676883341428,1.3324402697347986,0.4102844196185262,0.5881254366078035,True
P06654,A250E,-0.67,0.0970757804381846,0.2106587167211193,0.0868467193698901,0.0604061274537399,0.890212045450505,0.2773885546285141,1.3235602726476663,0.4311055601275677,0.07958662531673866,True
P06654,A250F,-0.62,0.1365934112680394,-0.0151597802645017,0.2088794999648411,0.1758224941171794,0.5669500479126135,-0.2996276754346744,0.8961164230197903,0.4765375915763691,0.2532627695608327,True
P06654,A250G,-0.15,0.4595453001487793,0.1798805817212257,0.4254722571056034,0.4124161321133903,1.0167834293510365,0.1077513263144182,1.3463293849171043,0.4341095849655492,0.46111107239418503,True
P06654,A250H,0.39,0.1546151059924793,0.135599785638217,0.2095909199354915,0.061790233125891,0.9667412523712924,0.1288410657680142,1.186429630278906,0.4263395319296514,0.16324129533172765,True
P06654,A250I,-0.55,0.1337997948928489,0.0317861151307422,0.0860005377562199,0.2524995612505586,0.4266509499960544,0.0055175302627847,1.210607423726081,0.5196776984073527,0.23042822257011641,True
P06654,A250K,-0.78,-0.0401351511406945,0.0064440641004617,0.1744316950027422,0.2324951422630853,0.7168476726588757,0.1217616773562117,1.2870641746302625,0.528849487413612,0.17666917781332764,True
P06654,A250L,-0.27,0.1850882298744547,0.0084839460363921,0.1390483803087333,0.1706231401249681,0.5600622370961714,-0.0815450400538006,1.1390384626184855,0.4389460866637087,0.17670121862839316,True
P06654,A250M,-0.41,0.3545846441919182,0.1482156047664329,0.2843557717490029,0.169169746882105,0.5024216771949103,-0.1217663819527994,1.0552016926520928,0.4815367797939863,0.22344975395883726,True
P06654,A250N,0.24,0.1928729333162058,0.2741638793825899,0.2868033016565989,0.0725175121003598,0.9689368232891856,0.180660012617183,1.2608597076087116,0.4073468460783032,0.38455565433446476,True
P06654,A250Q,-0.05,0.2148297369958359,0.2287708224633324,0.2375843411442161,0.0951904158758502,0.9395368478409278,0.1626849882266305,1.241644136422161,0.4706313111633585,-0.01954841558603826,True
P06654,A250R,-0.54,0.2411679042942514,0.1036155374741655,0.3234119520690203,0.2106174131018343,0.9972008340639013,-0.0336049539588943,1.145615745975268,0.5727597616131597,0.19940947591512825,True
P06654,A250S,-0.22,0.1186636189108206,-0.0234890262030109,0.040774850047233,-0.0253444568255584,0.5320077206749324,0.0250408960054829,1.220313121650182,0.2620404294902589,0.33982587236669803,True
P06654,A250T,-0.23,0.287400703478313,0.3081062843871792,0.2668883493819229,0.1648495408533633,0.9039757476571364,0.1709692060974765,1.2726307643490675,0.4098381483715732,0.22502487517287606,True
P06654,A250V,-0.19,0.131724730408021,0.1022929560115718,0.0205374934898333,0.2111693372208757,0.554681399987439,0.0789529929072852,1.2727074243163354,0.4518545512975957,0.1489804974436082,True
P06654,A250Y,-0.44,0.1252156074717119,0.0584466567600495,0.1760584480145295,0.1263310053249984,0.5681414282966336,-0.1168160518258866,1.026191931534015,0.4790710823967032,0.2945240337094975,True
P06654,A249D,0.44,1.215637252532305,1.0653572524315895,1.3050779432504045,0.7951720218403622,1.3512263441005974,0.4293648736591016,2.0109128223309853,1.4732751457686848,0.9288122235572115,True
P06654,A249E,-0.04,1.4414291674778454,0.9472149067209648,1.2660383840277256,0.8968630601701871,0.890212045450505,0.3991971415200994,1.9488751831638864,1.5146185993130503,0.6146766934295615,True
P06654,A249F,-0.59,0.3919560237848981,0.1245250368281441,0.5976092117498263,0.1410631282248139,0.5669500479126135,0.140094995720331,1.47757684616937,1.121200953307152,0.3048944214268578,True
P06654,A249G,0.83,0.9243321536269498,0.3929086065490262,0.8969139810255549,0.8859518565258353,1.0167834293510365,0.233511932918585,1.7409288787903114,1.2039440531191934,0.6785617189551456,True
P06654,A249H,0.2,0.6415404367204047,0.3853550135170138,0.6834704389486862,0.2478895611716334,0.9667412523712924,0.3833137813091083,1.7042146121050123,1.210291750500882,0.6468956048374106,True
P06654,A249I,-0.56,0.8371365294321238,0.543793895823202,0.7518110425078867,0.4704498426993885,0.4266509499960544,0.387502568677098,1.7287714418066915,1.292643491527588,0.15511265767129373,True
P06654,A249K,-0.48,0.6041199573622342,0.302598328106277,0.5637419105444852,0.0272454520091792,0.7168476726588757,0.1567638729521763,1.7506199041341088,1.1522358375313917,0.23313534907914718,True
P06654,A249L,-0.22,0.8519856454831544,0.4734781640686759,0.9340063481260452,0.9091170982908278,0.5600622370961714,0.4522952608849385,1.7797270545108226,1.4187397899697043,0.15180086347727167,True
P06654,A249M,-0.51,0.7652021463865799,0.4252322875615072,0.7918506317844429,0.2554251260635166,0.5024216771949103,0.3306569839727817,1.608499313062773,1.2084040306028947,0.0023390141274594045,True
P06654,A249N,0.19,1.2648311085332726,0.8883193624073661,1.26756403029871,0.6126198176183992,0.9689368232891856,0.5392469353355629,1.8477533588544948,1.3875936673569758,1.0085800923115122,True
P06654,A249Q,-0.8,1.0585334241164184,0.6083680211975416,0.8360446658382831,0.24889976072213,0.9395368478409278,0.414116400216962,1.7465583607675796,1.2336603552796692,0.43075056387678684,True
P06654,A249R,-0.59,0.6535871231389632,0.2157617841107931,0.5299529478573703,0.0651766462448139,0.9972008340639013,0.0982294334987383,1.541975653261164,1.119999372218034,0.31869052333204323,True
P06654,A249S,-0.16,0.5033449315387524,0.2526793344695499,0.3627374373268473,0.2670451500517584,0.5320077206749324,0.2350529154615587,1.756162712582618,0.9421595931511983,0.3247683085088923,True
P06654,A249T,-0.32,1.240832178858403,0.7774436619653428,0.9121024482024588,0.3408721805899702,0.9039757476571364,0.3451300444839004,1.7629292724927332,0.9940210148067212,0.18221734562680653,True
P06654,A249V,-0.38,0.7146610791545447,0.5636300863878695,0.4410439805771567,0.3070370837902407,0.554681399987439,0.2349570204332555,1.7093926731570552,1.057663578640644,0.06061014979897861,True
P06654,A249Y,-0.38,0.3923392678295486,0.0805410647682798,0.5144465054548297,0.1485095293954548,0.5681414282966336,0.1626532221266902,1.4734165017074727,1.123308810673074,0.41189846620023,True
P06654,D248E,0.82,0.8715084458996978,0.4712590400235973,1.0217764774548452,0.9533380827352592,0.5547454434476486,0.4993336696994521,1.6391301118815793,1.242192995520052,1.2082178393019234,True
P06654,D248F,1.08,0.6311231969197871,0.2012466990941136,0.9936982477283474,0.9065329016253004,0.4552893063785235,0.0081320216346949,1.1081833926238374,1.3745382822580106,1.418635904771687,True
P06654,D248H,0.99,0.8357147962246572,0.3151591622510129,0.8680510102952923,0.9684206948841488,0.3994583328370912,0.5501318751080055,1.425495201511652,1.3064301558993596,1.2620436837091198,True
P06654,D248I,2.21,0.7421050946714195,-0.0514616830521625,0.9913914031720982,1.022784774414852,0.5354638667649932,0.1127407770768037,1.2764642567744633,1.2569238744110056,1.7136790394144212,True
P06654,D248K,1.22,0.8979079762718104,0.356169055984128,1.1488394741989234,0.912498037020286,0.3896902063067877,0.3422815161050836,1.490299049725723,1.178264560869258,1.566714452804022,True
P06654,D248L,1.18,0.6681229781870703,0.224252180708588,1.1101525247728783,0.9145457628993164,0.3001878539796619,0.2311325436750009,1.3500887367385102,1.3582502615109182,1.3863810618450068,True
P06654,D248M,1.35,0.6936804750660122,0.2542414189514159,0.9840159496780192,0.9557665662742512,0.3655452584024315,0.2856287106639193,1.2784078399042789,1.2768444551756557,1.4961567673675042,True
P06654,D248N,-0.21,0.1172578755008139,-0.0588165242541401,0.1274042796272553,0.3588345413348264,0.339742220712424,0.1066807321354093,1.3275869402539384,0.910760132463819,0.7259917667627478,True
P06654,D248P,2.93,1.5797759430315883,0.8266611508289484,2.16914570746956,1.6171831053084826,1.3831935573405447,0.7586567507928802,1.5960624284932765,1.6297950957040617,2.497901848382571,True
P06654,D248Q,1.21,0.679197151825782,0.3090433151856525,1.0406839642364587,0.9459146791145988,0.3118973296536219,0.524578254988114,1.4556203495778592,1.3024378866908026,1.5553741435575248,True
P06654,D248R,1.47,0.7965655422239367,0.3067741941096291,0.9797610058934888,0.980228727652024,0.6143288605046765,0.2884264231834056,1.2914096241764004,1.2715570766182367,1.8057487162091237,True
P06654,D248S,-0.62,0.2609106972286673,0.1212110325761886,0.2062818523691852,0.4053192156204983,0.1591144950960311,0.0213965954499962,1.3568459805265878,0.9344244615934072,0.7263369077748058,True
P06654,D248T,0.44,0.5767872516744762,0.3723628172257966,0.6441466284562869,0.5276288769180139,0.5298591090489021,0.2515811796743869,1.4503003407367996,1.0863304180210689,0.7484572075600933,True
P06654,D248V,1.43,0.7757549508717211,0.133730590913905,1.0060979675959292,1.0062400157065257,0.3105674253370163,0.1934303036255125,1.4024597177671656,1.23869385482366,1.3862073591331532,True
P06654,D248Y,1.17,0.7284242911685681,0.2794979176886271,1.025407884503403,0.8966318118083463,0.4062051154229297,0.2365645588433354,1.2396810194893262,1.3648400810917891,1.4502711845501104,True
P06654,V247Y,-0.64,0.0673195827746739,0.0763887527646684,0.2391257440253243,0.8265862375132798,0.9388008753007724,-0.0135044640846295,2.063755819351152,1.717466130406963,0.2507374512332718,True
P06654,A246D,1.65,2.797177679393679,1.7302819854717906,2.474888041625107,1.7293277074074802,1.3512263441005974,1.3863671832958513,2.68898024291638,2.222177197881533,1.870790491675323,True
P06654,A246E,0.58,2.0789170325671087,1.4304809306672623,1.7940997338558264,1.0727664775216066,0.890212045450505,1.377063428248104,2.628426276093903,1.8155816843914536,1.6308199556993963,True
P06654,A246F,1.73,1.1156177460285268,0.3174745337491628,0.982446321230521,0.9390525074313988,0.5669500479126135,0.2925517447171898,2.0586850351121244,1.6444164951784046,0.7957914395797392,True
P06654,A246H,1.91,2.04237999413597,0.9606128899380068,1.5005211516233654,1.0987855107201032,0.9667412523712924,1.199975759271131,2.394756068762061,1.867008961743786,2.0048763547679456,True
P06654,A246I,1.86,1.6385042086260349,1.1162854127326471,2.0625999533542823,1.3133892800028375,0.4266509499960544,1.2495684821592137,2.533893292738981,2.053247973077016,1.6867379712103248,True
P06654,A246K,1.77,2.238514994309811,1.1438934579352444,1.9365234236068,1.147816787505635,0.7168476726588757,1.3520429105386076,2.4764338854544525,1.845360370561672,2.4123392777863133,True
P06654,A246L,2.03,1.8601137817576776,1.0875474310153448,1.6342417086922314,1.0787289450131583,0.5600622370961714,1.030827756517686,2.412581540699621,1.8858447730588472,1.6014752331666402,True
P06654,A246M,1.43,1.5582305066212787,0.7705827000185532,1.5543590437907835,1.066925126615628,0.5024216771949103,0.7005015751858773,2.229314923370912,1.7870250390995897,1.1718240576940073,True
P06654,A246N,2.85,2.47730736773768,1.508086098522929,2.1821249563632827,1.2628096505036992,0.9689368232891856,0.949474589410124,2.427930777315511,1.9312712596430115,1.7726536375520756,True
P06654,A246P,3.48,2.854396881303818,1.9224703874784344,2.708239020131294,2.117189710785243,1.6818975115145205,1.4495190372513362,2.687913364641525,2.2875391658464777,2.9569707103047733,True
P06654,A246Q,-0.12,1.5022637948687554,1.0886250696981667,1.3325065747458895,0.6620446007058481,0.9395368478409278,1.0901480900696598,2.418236274235532,1.6213718337076473,1.197470555363775,True
P06654,A246R,1.47,2.0119093763297253,0.8179735004158741,1.796677559532175,1.1232644878271336,0.9972008340639013,0.7993094143663036,2.1359900298049617,1.712089294356265,2.1000537381836812,True
P06654,A246S,0.2,1.0355525736096984,0.3014014161542379,0.7463764411921785,0.693899963242343,0.5320077206749324,0.2498332881347585,2.186654515516267,1.433922848741221,1.028593629231088,True
P06654,A246T,0.95,1.502955648643259,0.9206613857746552,1.355815283335863,0.6656208612446399,0.9039757476571364,0.6256196003718607,2.3080505721572293,1.5389880853306734,1.3452853485199285,True
P06654,A246V,0.88,1.0098352145016465,0.7970374884241631,1.2098851347224282,0.6550657271528136,0.554681399987439,0.7416300333509214,2.323030581737254,1.649242768952221,0.9654521213430634,True
P06654,A246Y,1.94,1.853440892253952,0.7082712320515154,1.5224921208581557,1.235921205009638,0.5681414282966336,0.8461311565022174,2.2271167534873144,1.8782351695878567,1.9589500963058404,True
P06654,E245F,-0.84,0.4061567228132495,-0.0203692125683089,0.2569981899147308,0.2216547431267564,0.1067348298163372,-0.4443907568489279,1.0846448752415987,1.022616506271952,-0.030428616523476948,True
P06654,E245G,1.47,0.7157932845381312,0.3389259174276456,0.8021560700856932,0.8864968426556714,0.6400959207537913,-0.3300020192864338,1.5184072860949684,1.4139674337284551,0.59553143952517,True
P06654,E245H,-0.02,0.1995445965939061,-0.0239099010683815,0.213986262080648,0.0488902032859572,0.3458070590604454,0.0047911014425558,1.3874137064820118,1.1427534564429285,-0.2335033547760812,True
P06654,E245I,-0.93,0.1303355374219447,-0.3291777150285772,0.0348391719157214,-0.0460825484424856,0.1810843421823844,-0.3145945864220478,1.3083181576229428,1.0853920965737942,-0.04388557997439424,True
P06654,E245K,-0.42,0.0122801959950465,-0.0593091728878267,0.0354920723488844,0.0812141736557368,0.4116619799381557,-0.0678503923401321,1.5342172989804364,1.1981757228924217,-0.129472549576774,True
P06654,E245L,-0.37,0.2738144701732555,-0.1258387565110231,0.1190864494380895,-0.0166468590064718,0.1352009219435951,-0.3258847485456534,1.2961282149812434,1.0162928911603804,0.12375870412029777,True
P06654,E245M,-0.19,0.1055751994410381,-0.0791465266686972,-0.0194420384235335,-0.0584953149000083,0.1268639536653517,-0.2755002024982014,1.2810270658268816,0.9469417070345432,-0.1457085124035129,True
P06654,E245N,-0.64,-0.0896551531606075,-0.0465006257307053,0.0608021248418098,0.001050399665009,0.4941231404837147,-0.1702666778648868,1.3969717614916868,1.1434339523499668,0.15276653433221282,True
P06654,E245P,0.78,0.2438200353830703,0.164851106473447,0.4360646622502331,0.4097133887204379,1.3105822945547196,-0.1232824531423903,1.4388810541372234,1.3604115803564063,0.6580126377202972,True
P06654,E245Q,-0.52,-0.1860290476449562,-0.1787976066443504,-0.1425746735618699,-0.1748095358643709,0.1605155413051134,-0.076322074857334,1.3857289349227526,0.965371169255485,0.08817860856248994,True
P06654,E245R,-0.72,0.1421865449373951,-0.082185707891226,-0.0713003256512713,-0.0715859887287986,0.2709411993605226,-0.2628357642514988,1.2745952800215772,0.9791344626917492,-0.14567248362941942,True
P06654,E245S,-0.11,0.1503723554467355,-0.0618642444636741,0.231606956529339,0.3262958877323267,0.2643424724512143,-0.2200733657119117,1.4204339493885176,1.2961592751932631,0.06763463674484982,True
P06654,E245T,-0.65,0.0708316751655379,-0.0688171309214394,0.1738219082024386,0.1752046720427416,0.2689537873456133,0.0275060442428497,1.5111260002647744,1.2408832578486806,-0.2720263490252649,True
P06654,E245V,0.09,0.1472070358838326,-0.1904798044416665,0.0666773979451394,-0.0190287869509224,0.3025040087971306,-0.2224792467650134,1.3988709538405766,1.0687708269131933,-0.20737571539389688,True
P06654,E245Y,-0.77,0.2527756819329221,-2.145820804454468e-05,0.2235598574791295,0.2406285844644248,0.178753402979139,-0.4677722609124091,1.2014052804776962,1.1057389163363838,0.03151983128045688,True
P06654,T244V,-0.39,-0.0788110889568583,0.002211309916723,0.0527224201882187,0.048662749874517,0.346772357079152,-0.2529727858196149,1.7200870666761845,1.36856262105546,-0.09762986626050618,True
P06654,T244Y,-0.16,0.0974280401745749,0.1073316250398807,-0.0836670774333613,-0.4014038036256512,0.5562172570129525,-0.0661187922810081,1.6977188023695184,1.2131443475825754,0.3204812342008734,True
P06654,T243V,-0.18,0.20596797491309,0.0784132441079977,0.0311176216604864,0.4876206587604451,0.346772357079152,-0.0006915194921529,1.581513197261064,0.8925784700679518,-0.17443491317357007,True
P06654,T243Y,-0.71,-0.033886243072464,0.2171723054992052,-0.0506712547777528,-0.0601202399601346,0.5562172570129525,-0.0926083102840097,1.3413574966539443,0.6062085974731574,-0.4042511123044322,True
P06654,T242Y,-1.31,0.0404093633503594,0.0814460338067568,0.0104374074530422,0.1630536404674981,0.5562172570129525,-0.032013569189717,1.2979313430053072,0.975486515693442,-0.20182570302887803,True
P06654,E241F,-0.57,-0.3029601416540126,-0.3866407709394354,-0.2684020916537734,-0.2083177101274447,0.1067348298163372,-0.3009110370281483,0.6804025063439616,0.3734398058556896,0.41346569242880227,True
P06654,E241G,0.22,0.5829207538427973,0.2835243226448909,0.5767616254929429,0.600650501700552,0.6400959207537913,0.1326373475095701,1.252119541093429,0.7507876924271244,1.172552912769714,True
P06654,E241H,0.25,0.2667922896521509,0.106082033232921,0.297764525325178,0.3036006892027282,0.3458070590604454,0.1897738104115277,1.0616253262473625,0.6084698091130224,0.17903887278748587,True
P06654,E241I,-0.6,-0.1819470920548516,-0.3900405954430207,-0.3099679971170864,-0.1624462447536077,0.1810843421823844,-0.1918305558879511,0.8613289480987059,0.4020215519173978,-0.12171385086050102,True
P06654,E241K,-0.13,0.7215468784926607,0.3613872652625121,0.6073827606498392,0.6455533944207208,0.4116619799381557,0.3620222419357359,1.269545311586656,0.7600503914310895,0.6658983269957008,True
P06654,E241L,-0.16,0.0010346198675619,-0.2612926345957679,0.002383527640843,0.2473070674269379,0.1352009219435951,-0.2874490393927906,0.8346277434084083,0.5187659460438623,0.6083634637718422,True
P06654,E241M,-0.72,-0.1562370296136715,-0.2285445682025242,-0.1620393510103054,0.0657518176275418,0.1268639536653517,-0.1448539235395539,0.8565559054803951,0.4420500622192468,0.07324666079473108,True
P06654,E241N,-0.16,0.4002450073348784,0.2798458223909039,0.4607978888953541,0.5250129585252477,0.4941231404837147,0.3096104386453363,1.1809663084995727,0.7045783967417896,0.6840123917300229,True
P06654,E241P,1.98,0.9196217431211507,0.4492245577300643,0.7867504840829713,0.5331140973221348,1.3105822945547196,0.4130818255582651,1.1666961606779889,0.6950977662395593,1.1963327128931431,True
P06654,E241Q,-0.87,0.0122013215842012,-0.0104812578534471,0.0333757438285371,0.3720481994351203,0.1605155413051134,0.2202569634975332,1.1175693022290722,0.6114334249030191,0.4435242444769978,True
P06654,E241R,-0.28,0.6808827414978349,0.2491896931012098,0.4660074178398593,0.6296011338204145,0.2709411993605226,0.1407410036342961,1.0016836272574958,0.759286920629292,0.44999982005253203,True
P06654,E241S,-0.17,0.0115339266947647,-0.0831038115288916,-0.0371643889537621,0.2015078174702814,0.2643424724512143,0.1276957070172494,1.1078099698129642,0.5542492164656715,0.41916402254122953,True
P06654,E241T,-0.01,0.0363324126189885,-0.0576883419181105,-0.0507638707629708,0.0113869789147037,0.2689537873456133,0.1017635386670588,1.076919806894168,0.4756177317635173,0.20985461035217007,True
P06654,E241V,-0.92,-0.1363368011346664,-0.2835338355413709,-0.247031707167115,-0.1877591900222962,0.3025040087971306,-0.2227650915674647,0.8971442075493192,0.3600059138177934,-0.017961097908542056,True
P06654,E241Y,-0.66,-0.2801692015034183,-0.3306905992041947,-0.2792478181031311,-0.2502928793454919,0.178753402979139,-0.2174926477618328,0.7590596143502214,0.3753800693202135,0.16901186953975772,True
P06654,G240H,-0.08,0.3104627375380557,0.2064155734589687,0.1960123879614603,0.4194531640462072,0.7969681540754346,0.6748267093595158,1.1243123594529043,0.9591857883615132,0.18510358955066264,True
P06654,G240I,-0.81,0.5534014118897534,0.1208587279395183,0.1788145906136235,0.2705567915939232,1.161990098440874,-0.1090893134726311,0.7884906615758727,0.667585796800728,0.564277300319558,True
P06654,G240K,-0.72,0.8770167096790141,0.4814194029536242,0.5933213081108347,0.4928273084820729,1.0620385856621268,0.7075758402744579,1.1490348778903432,0.986053443030591,0.6109182248288089,True
P06654,G240L,-1.25,0.4196169334347634,0.1165804534774266,0.1874575143678255,0.2539084062639763,0.7978231161259199,-0.0709636286815724,0.81253728370114,0.6596265872943357,0.37147626337686035,True
P06654,G240M,-0.94,0.1499418237362798,0.0333827222166522,0.0813569746860036,0.3003496581274836,0.8647385457174165,0.0507458351789273,0.7941839163575409,0.7250502425002381,0.220364236655282,True
P06654,G240N,-0.03,0.8172613043891014,0.5902881908007827,0.5866531216608628,0.4758188849966874,0.6859360488345675,0.7632355460835603,1.256221143003052,0.9783697418056212,0.36407038863842633,True
P06654,G240P,0.88,1.038175943672884,0.9113560665946616,1.231411943752558,1.2151965311375827,1.613285065908277,0.8332838042601802,1.375534232000004,1.006284713282556,2.210909539170176,True
P06654,G240Q,-0.52,0.6629729531146495,0.4143151065517855,0.3981597900925662,0.4289867291010124,0.9816500240689968,0.8047619731178661,1.1895018122682746,0.9656448608676278,0.3392613351643077,True
P06654,G240R,-0.87,0.6804712813718649,0.2913969663876278,0.4257552664330558,0.4261912656634589,1.309423773031691,0.5702677019818083,0.95214453350431,0.9236955573811572,0.41590768063904326,True
P06654,G240S,-0.51,0.4773220579216733,0.1504849209080457,0.1696551420482661,0.3508289980224419,1.0433402419325728,0.4389968901564134,1.2114475592337857,0.7956113934696611,0.45990524397898136,True
P06654,G240T,-0.39,0.3822915987270658,0.3010563927950717,0.1714671187748718,0.2513097250846404,1.070188529471293,0.4534409274303896,1.1444446896655136,0.7653323916228929,0.32268261304069945,True
P06654,G240V,-0.52,0.5380977697778084,0.1466343388956291,0.0180789601418457,0.2251099306619908,1.2846427425672895,0.075130081843968,0.9737899771153372,0.6783805714940616,0.3571987042834439,True
P06654,G240Y,-0.24,0.1809967045320565,0.0900952421302238,0.1193390807005501,0.3569972056526396,0.9052279801925576,0.2040531325797085,0.7883358184719742,0.7734163834289729,1.0476829646628265,True
P06654,K239L,0.06,0.1128835661090816,-0.0051765187581352,0.1115575738471315,0.098918403476823,0.1555663803633185,-0.0373535813225075,0.8499120086336056,0.6068034017110636,0.5167535489580404,True
P06654,K239M,-0.32,0.0824433267396726,0.0958909932377619,0.089804927583913,0.0269191840108375,0.1459241269594061,0.035793561576715,0.8168342475606298,0.6068492489878555,0.13134725548159898,True
P06654,K239N,-0.01,0.1649949309205411,0.1762737390001891,0.2200708512070403,0.0806996648952475,0.5703694882598509,0.3444546792619638,1.0581502627679873,0.7302340544885823,0.020219235918506717,True
P06654,K239P,0.99,0.6152049157076993,0.441747175115482,0.4782952648319707,0.3277410297244086,1.5520237371588004,0.3351921232242153,0.9736554024613172,0.7085395123946759,0.9566756363414285,True
P06654,K239Q,-1.07,0.030334013148029,0.1972125282306383,-0.0219792265303934,-0.036242763428399,0.1378486169347623,0.3217345614075486,1.0269922104411322,0.6275623929759309,-0.23686823048750827,True
P06654,K239R,-0.33,0.0548855157626029,0.0199623575451416,-0.0540809765113744,-0.0624766277820936,0.0988915994947232,0.1643436470192484,0.9590859122457956,0.5891911065603838,-0.21590662433338703,True
P06654,K239S,-0.57,0.217765642942006,0.1667542151808108,0.1533081831343476,0.0681601808668923,0.490164176712711,0.2481321748704491,1.070519957889415,0.6802597181269685,-0.15280969681751788,True
P06654,K239T,-0.25,0.0543706187181302,0.0531008911549792,0.1018594965619199,0.0675551265292335,0.4098394248448246,0.2697704774406436,1.0723986466664344,0.6879188294027593,-0.13952611634496037,True
P06654,K239V,-0.53,0.1958553749393577,-0.0167979259690745,0.120320989902124,0.0837987508295955,0.2978966466531442,0.0889249227713934,0.9130684774764716,0.6562418140334867,0.24300328526750492,True
P06654,K239Y,-0.69,0.0514182368383184,0.0229425756862622,0.0585889895896872,-0.0372960709826856,0.2022622291047258,-0.1121262550317736,0.7516974569854998,0.6689091028731516,0.3230987051244706,True
P06654,L238M,-0.34,0.5635872879381882,0.4023085620678392,0.4440353441949645,0.251976141086066,0.4906440542870025,-0.0442886082536055,1.745871510395255,1.096932590318267,0.17193883463939902,True
P06654,L238N,-0.09,1.714993363288458,1.3710755474173049,1.3792771946925844,0.6259743657326444,1.5945429797713229,0.4806308296508024,2.034954798559066,1.418400816285541,0.4984922250964556,True
P06654,L238P,1.23,1.846204974331368,1.4630221479822896,1.372492723016396,0.6014172914089647,2.017389444430198,0.812986293302026,2.0847627909230337,1.3427570754545404,1.4316544656237618,True
P06654,L238Q,-0.14,1.4905012577069094,1.0900744448814188,1.240316849443813,0.5231695398091374,1.9005747828243549,0.6087469048548807,2.0269156023887844,1.3959758327677687,0.5366517891414221,True
P06654,L238R,-0.24,1.1428693469589142,0.7417711192199603,1.052842692319087,0.5108487878093818,1.4371871213339258,0.5061659433431227,1.95614703305775,1.4060903537776952,0.5903075551134296,True
P06654,L238S,0.06,1.3418431673027027,1.1082105083849054,0.9110583892456466,0.6638610767923139,1.609779382935271,0.6328056470161569,2.049430877726864,1.438668996731944,0.5979696212230018,True
P06654,L238T,-0.42,1.2430261810716223,0.9767430586434294,0.6597499572920978,0.3097569505876998,1.4222499824767667,0.2986610596650735,1.953670494068256,1.171194870708376,0.15695077968350785,True
P06654,L238V,-0.63,0.5471776530887494,0.3985112162016346,0.2043480353982731,0.0513462479206084,0.8623550905554328,-0.0235490494412919,1.8095610482460167,0.985320762297218,0.3056261368152685,True
P06654,L238Y,-1.78,0.3258224406127483,0.1910746371933672,0.1898908023425163,0.2100367981256013,1.09236914718338,-0.0626586014638697,1.6830706719026332,1.1652926343381158,0.006577936300817933,True
P06654,T237V,-0.54,0.3686055166925029,0.2565719370891767,0.1011785903014625,0.480797943873655,0.346772357079152,-0.5789288552882628,0.9713717799964716,0.8661573210649998,0.4119873992946812,True
P06654,T237Y,-0.3,0.0422333569689944,0.2946837559463759,-0.0690751187631135,0.3924512462552231,0.5562172570129525,-0.7120289128237939,0.910781817571887,0.8973592356884723,0.23610437279695257,True
P06654,K236L,-0.72,-0.2237529772359511,-0.2481242065306862,-0.1345428494847991,0.0694390625897548,0.1555663803633185,-0.2570160328621888,0.8517467728884295,0.741124371777554,0.13943508238578906,True
P06654,K236M,-0.25,-0.1786157914101432,-0.1569906538357233,-0.1103110477341155,0.0504802408904493,0.1459241269594061,-0.2034216689344606,0.8414393744835508,0.7495343275735078,0.039643882063057634,True
P06654,K236N,-0.1,-0.0136491547973159,0.0487377623992561,-0.0103528598152771,0.0652410006883678,0.5703694882598509,-0.1212508963209573,0.9072080550665368,0.7538735955796816,0.0003214488334885024,True
P06654,K236Q,-0.11,-0.0010316616583168,0.1202085555122565,0.0339423634040166,0.0578779743246694,0.1378486169347623,0.0223717154582701,0.9497761334940444,0.7885536525306966,0.2800838305919064,True
P06654,K236R,-0.65,-0.1423936844439511,-0.1003207338729337,-0.0297498271433553,0.1501287508573541,0.0988915994947232,-0.1321960730765,0.9008757253542286,0.8339037088191275,-0.09357444152054806,True
P06654,K236S,0.13,0.0287871228047534,-0.1146541501848432,-0.115118878481285,0.0978569196128798,0.490164176712711,-0.0267894020656489,0.908743154095158,0.7103662566901552,-0.17762447476905718,True
P06654,K236T,-0.2,-0.1163040584250901,-0.0639210418604383,-0.1399000798609019,0.0588530301711375,0.4098394248448246,0.0232618332895703,0.9652764020227312,0.7388226247510359,-0.014674487803268188,True
P06654,K236V,-0.41,-0.174922138852432,-0.2060344912285253,-0.1593782623378685,0.0586244000879949,0.2978966466531442,-0.1099614975546253,0.9289532582864526,0.7209148054096846,0.4503807713739511,True
P06654,K236Y,-0.51,-0.3183170928058156,-0.0719577815005218,-0.2864871172357787,-0.0485750663553572,0.2022622291047258,-0.292204939354087,0.8539550286409909,0.725766275661937,0.4159831367285052,True
P06654,G235H,1.22,0.5307101010713022,0.7724085171313928,0.3494081237144508,0.1818933834449129,0.7969681540754346,0.8443202991504164,1.4230258632183386,0.8808871532293925,0.9663006716359321,True
P06654,G235I,0.59,-0.0074227803088898,0.173444633777969,-0.3536075454228385,-0.434063275969435,1.161990098440874,-0.2021555309211498,1.0770198139840403,0.3487073591654633,0.9180321393395782,True
P06654,G235K,1.23,1.4616292341151025,1.0989449923447616,1.313482156012078,0.4586704725199502,1.0620385856621268,0.9790679978441884,1.5880281314996698,1.1511079596051157,1.6663828877249296,True
P06654,G235L,-0.32,-0.2958943411510909,0.0375809877304811,-0.7213253309566245,-0.759831511330326,0.7978231161259199,-0.6327903790001771,0.9456760752976046,0.1402307981477204,0.43725245662843626,True
P06654,G235M,0.55,-0.2347787491464092,-0.0096876611021217,-0.6985586259119735,-0.5295594991282879,0.8647385457174165,-0.3411548136371979,0.966200939650052,0.1962659636026802,0.6888325007666012,True
P06654,G235N,1.29,0.9879651855033876,1.0144088735909378,0.7547288663080882,0.1627001544827367,0.6859360488345675,0.6683418558276661,1.413324604156908,0.8382138449023341,1.3883778281849204,True
P06654,G235Q,1.06,0.900174737663652,0.9010740821587758,0.7107894118420897,0.2844187113213596,0.9816500240689968,0.7037466549963702,1.435497712779784,0.9378700310588888,1.4001428950592532,True
P06654,G235R,0.88,1.4539299030495711,0.9545783343840945,1.194231667548533,0.4930353841303451,1.309423773031691,0.9148703215285068,1.456594909942748,1.1270833083143088,1.5931831799922629,True
P06654,G235S,-0.03,0.2922654641737023,0.1657391278661414,0.1228955631221657,0.1655094355284077,1.0433402419325728,0.3013018703673081,1.2336897799081168,0.7043212893474727,0.9597445540962636,True
P06654,G235T,-0.3,0.1057158692507082,0.3710812419951635,-0.2216523395510528,-0.3889978125585168,1.070188529471293,-0.0761843796419343,1.1373368354119937,0.3186460636903331,0.6501099276005814,True
P06654,G235V,0.42,0.124679210597006,0.2687436287424778,-0.1807454102073877,-0.4204838532361767,1.2846427425672895,-0.1978963667402396,1.1231360853974488,0.3656664024290633,0.9119144297614561,True
P06654,G235Y,0.54,0.0594880308014864,0.2611838665321819,-0.3280747518519573,-0.231213971991365,0.9052279801925576,0.1659455819304057,1.1336054659165713,0.7517953041722433,1.1781169565545766,True
P06654,N234P,1.45,1.4136103273360712,0.8783594223512121,0.9583224033213316,0.4401807429322935,1.517235966772424,-0.0199810272410263,1.4189255767868298,1.2890595318074731,2.3365784940235814,True
P06654,N234Q,-0.29,-0.1200618162423561,0.0364249520467932,0.012650574792379,0.1402166840175724,0.4966431047675132,0.1331614693271099,1.46780157409068,0.6596844491137125,0.19439985058965903,True
P06654,N234R,-0.64,0.0154570128600791,0.1173924576641428,0.1825819802195039,0.1564177254824389,0.4379714656543797,0.0152259897485338,1.3767093940331414,0.7209532762300065,0.3970031067652139,True
P06654,N234S,0.04,0.3087705537668757,0.2318531054171062,0.4295172950166441,0.2669375135509467,0.3313904717619403,0.1450452710174427,1.4120686069720365,0.7911822221274021,0.7705327399930293,True
P06654,N234T,0.61,0.23409904720367,0.1151807642740243,0.3264908301962624,0.3185665196988587,0.5803008963538759,0.1049021949759208,1.3926355863816933,0.788350451489546,0.6506031662406792,True
P06654,N234V,-0.13,0.1887357401131294,0.0523923029545837,0.1541545786355336,0.1648530332093975,0.7543844682517132,-0.0555891132404092,1.439581465630122,0.5904533493256131,0.5784934211561602,True
P06654,N234Y,-0.21,-0.1416507794912969,0.1023671629020765,-0.0426578215154752,-0.2271234973075834,0.3050821955665915,-0.1825047622763634,1.2628873730310224,0.5841358734798424,0.45230694502234736,True
P06654,L233M,-0.5,0.2086323619196976,0.2051244638103324,0.3639914252429541,0.0875186692473422,0.4906440542870025,0.0215964939017824,2.2107243549337454,1.0281404559144192,1.005971915909683,True
P06654,L233N,4.0,2.23337833675268,1.779753412685065,2.3949576030501234,1.549124017290715,1.5945429797713229,0.8259234469482095,2.588225110171717,1.7968737979538154,2.3757336941213323,True
P06654,L233P,2.88,2.202040154598138,1.5796188124475836,2.361441271213732,1.4895479917111023,2.017389444430198,0.8336025781419922,2.6504990172538383,1.9044122952801128,2.978085900720339,True
P06654,L233Q,1.54,2.321698517859364,1.7067181002975935,2.336973554592842,1.7218944719762512,1.9005747828243549,0.97567965622415,2.6786788075601424,1.855557422239666,2.5554972718599234,True
P06654,L233R,2.07,2.1600926789901096,1.6474831574586823,2.5897796917825686,2.260330572660263,1.4371871213339258,1.709886811544275,2.82240205466004,2.2141066175160065,2.5242621747546816,True
P06654,L233S,1.79,1.902763634857482,1.4221498973268605,2.012068318418316,1.3573109198470237,1.609779382935271,0.5446029101894341,2.610868998349598,1.6760558173120024,2.218159506642941,True
P06654,L233T,1.14,1.156168044860916,0.8831135510161351,1.1830613560132857,0.3331362607068707,1.4222499824767667,0.3109272480732006,2.4301502643272683,1.1980464214934077,1.557159688559234,True
P06654,L233V,-0.08,0.2368740044481752,0.242723533421597,0.2873053513879535,-0.1727600611068298,0.8623550905554328,-0.0744626818580198,2.364551069222611,0.9725044380087728,0.5127976543585447,True
P06654,L233Y,0.02,0.7390290583809025,0.4480995615343436,0.8710417898186634,0.8142163468564192,1.09236914718338,0.7026103189633778,2.2383707706195457,1.4637827063683209,1.6448160812452748,True
P06654,I232M,0.5,0.7076386379775712,0.2134935447457742,0.7704984526731344,0.7663628213487612,0.7620248195826685,0.2410864887467038,1.6725958010418498,1.0937273192663506,0.18604309117025886,True
P06654,I232P,4.0,2.848315680665329,1.7858691895723091,3.312790883794262,2.384595524021485,1.769646897068434,0.367061588330866,1.7576264208638812,2.426400245611294,3.382398117007109,True
P06654,I232Q,0.58,1.400577539233233,0.6793122987021581,1.3339523294675628,1.0755735181357209,1.6067869953210632,0.4147397311373743,1.7519640633700952,1.2630540766300629,0.3291576581365956,True
P06654,I232S,1.38,1.649366248416363,0.9460231053611258,1.9159519273800605,1.4313263100783444,1.7052919680292749,0.1984844987107592,1.7363606711610493,1.4178572031048944,1.0671635266511394,True
P06654,I232Y,0.21,0.4016258165749972,0.2349866590426193,0.5668850810445614,0.4599645893334173,1.0454899005975338,0.1687487668826433,1.5719180282079106,0.9900997200137812,0.17002377008260755,True
P06654,L231M,0.68,0.5841779363151142,0.1788307200296953,0.4733995765648401,1.4118722312594456,0.4906440542870025,0.0743068327151808,2.570397067816439,1.9808115965007933,1.5841419865840602,True
P06654,L231N,4.0,3.105589617264671,2.319440782154937,3.1087391477701525,3.002379654039645,1.5945429797713229,0.9607686414537018,3.002649616144878,3.0196621866020297,2.745855696511024,True
P06654,L231P,1.65,3.395812238485882,2.256208205751093,2.941782465174451,2.730324063907555,2.017389444430198,1.5963274489956167,3.090014019791962,3.0719403049484684,3.257935674918592,True
P06654,L231Q,4.0,3.005302889891982,1.9794128068986527,2.900341665217199,2.945677292518254,1.9005747828243549,1.0962380595704415,3.0208975092353976,2.940556319212904,2.4101242114794417,True
P06654,L231R,-0.72,2.5992886953131915,1.9555565885544688,2.4661400450116853,2.8592292756426163,1.4371871213339258,2.17300201981649,3.194496344828373,3.181598581819289,3.378872542252284,True
P06654,L231S,4.0,2.7993686775923217,1.9859217895496453,2.918281247262692,2.7857213419922084,1.609779382935271,1.2037217686730837,3.0806815101925764,2.901711742940262,2.5201050415826365,True
P06654,L231T,4.0,2.352759953965387,1.6138442952377794,2.28915780632396,2.3665431993843806,1.4222499824767667,0.8997446176079013,2.934260402896667,2.605949001824524,2.25874922364693,True
P06654,L231V,1.25,1.5986918065516138,0.8249092117353364,1.3545351463652495,1.6152245326095307,0.8623550905554328,0.3161050472058004,2.736663625195654,2.1748992367288613,1.2872475216807224,True
P06654,L231Y,2.76,1.3459205333890936,0.8711891142300354,1.343974219158628,2.0556509456234746,1.09236914718338,0.6816697729891465,2.721317782194908,2.522405619118038,2.6729736753382514,True
P06654,K230L,0.21,0.0714429532438672,-0.0870607214846169,0.2939738042071416,0.5285517832829042,0.1555663803633185,-0.1440504666248472,1.0657514464210491,0.8360152451687097,0.5044303318623908,True
P06654,K230M,-0.49,0.1393432768734775,0.0678101299213413,0.224871385311055,0.5003679818742475,0.1459241269594061,0.0123021180006245,1.0940813372385594,0.7026282517517514,0.5283385439751859,True
P06654,K230N,0.21,1.1148681473829716,0.7977516780152413,0.9305790862354748,0.778681945589684,0.5703694882598509,0.2381017716112274,1.3827381460321386,0.9351033513713376,1.2050146954894427,True
P06654,K230P,4.0,2.071523716114461,0.938209489094474,2.327689224049112,1.5405806398897688,1.5520237371588004,-0.0048474303488074,1.3173227968855248,1.5531608010676683,1.7660523648072288,True
P06654,K230Q,0.17,0.7240744176235339,0.5394344733013718,0.7387794376730101,0.9194316343739516,0.1378486169347623,0.292727257952771,1.3399623154444258,1.0036439283773189,0.9106746896351625,True
P06654,K230R,-0.77,0.1969468414413054,0.026923513540505,0.0334312169467061,0.4267684954556318,0.0988915994947232,0.0486419941653828,1.17722789600169,0.7546238055123051,0.12345565309562145,True
P06654,K230S,-0.18,0.8832222291050906,0.4710801814687458,0.9710209841144536,1.197684666237165,0.490164176712711,0.0122563758651089,1.3269656990166063,1.169772415992437,1.121259409634371,True
P06654,K230T,-0.48,0.2968750603783853,0.2060273524234554,0.4172323024934157,0.5536331149360121,0.4098394248448246,-0.1233173972661064,1.300732903026977,0.9352553223581868,0.28541095053348636,True
P06654,K230V,0.27,0.2552789738479666,0.0126903438654595,0.2757973353844858,0.2841058300172591,0.2978966466531442,-0.173218247143833,1.1793145672117462,0.7896145771766578,0.24557573046317632,True
P06654,K230Y,-0.82,0.0259540832845601,-0.0674318637702713,0.1347736393626027,-0.039686251408815,0.2022622291047258,-0.0714958265579361,1.012551743313132,0.6528210828006881,0.3859626767275987,True
P06654,T228V,-1.31,0.0805714685913439,0.1130598308810701,-0.0363941699948772,-0.1736781262736116,0.346772357079152,0.2451890753883923,1.330048308810122,0.5950495091762025,0.22129868560666188,True
P06654,T228Y,-0.15,0.4023634766159307,0.2903385647186965,0.3311148840436436,0.07399937607242,0.5562172570129525,0.3580024902117016,1.2949512087131612,0.9018331729363804,0.5123406163307964,True
P04637,Q104H,-0.24,0.0465984524373235,-0.0514730583308231,-0.0007560500638453,-0.034970453038213,0.302315223721279,-0.016026136687577,0.9754787533437768,0.3254309071169177,-0.32135562943260254,True
P04637,Q104P,-0.11,0.2484732408425171,0.2451661332685899,0.0445598650211515,-0.0794104015858765,1.2241852555565518,-0.097389457008657,0.9584233908906412,0.1893789931397591,-0.19466218422748272,True
P04637,T123A,0.13,0.6398326405242158,0.5377799598546321,0.8713686997862693,0.2315779007801008,0.7142191955934971,0.4438616611332636,1.0214459392643285,0.6346548554911527,-0.17683221975692043,True
P04637,A129D,0.7,0.2343506490453496,0.4680156285548872,0.4335417419298362,0.7874391986316392,1.3512263441005974,0.3307288167505915,0.9147529806798624,0.9979860648125988,0.643006652506999,True
P04637,A129E,0.38,-0.1810130737476984,0.0133979425822081,0.0046079702952374,0.6901492867098687,0.890212045450505,0.1565484209244033,0.7868346914159546,0.8623288933523507,0.4695256250905764,True
P04637,A129S,0.19,0.0358341959872767,0.0184742522561047,0.0362668946698694,0.7462997241163374,0.5320077206749324,0.1899707085081553,0.8020871983935208,0.8272106807138767,0.31009182608112773,True
P04637,M133L,-0.3,0.1122211501067002,0.01596021766036,0.0912559109013869,0.7996148454157849,0.4571766836821148,-0.3165829455792449,1.675921764011043,1.3955361909563613,0.33474576933230815,True
P04637,F134L,4.78,1.7459822267587743,1.219210558443136,1.6390169988109733,1.8584629709611555,0.9046232825122686,0.9585339070205664,2.111124958660004,1.952364776645578,1.0777608218024883,True
P04637,L145Q,2.98,2.409275821399535,1.8680177138945744,2.450885396831348,2.549530464879164,1.9005747828243549,0.9324134799688616,2.097052532623579,2.211817201706411,2.2144611824777387,True
P04637,D148E,0.43,0.2898771776732475,0.0993241684236698,0.1103470305014036,0.1893903509946184,0.5547454434476486,0.2727528749630532,0.8817390646884599,0.7160489035042069,0.2427420297543315,True
P04637,D148S,-0.22,0.3805706256379951,0.176834519355992,0.4432256919912154,0.3531760087240349,0.1591144950960311,0.2414990909471104,0.8218215001721962,0.8412316587383628,0.13614787605994216,True
P04637,T150P,0.08,0.0432693869992859,-0.0186927579373235,-0.1528778028011926,-0.1911891038406493,1.4755808185282349,-0.0630159576988097,0.8028833876383755,0.58750158504976,0.382561657771107,True
P04637,P151S,4.49,1.6963915585047675,1.5715411097813805,2.0175687798858672,2.8067547160533115,0.7389245096248371,1.6870013582802788,2.3918905813893003,2.509971787485797,1.5366071084848127,True
P04637,V157F,3.88,1.0795497876515194,0.6197378897155283,1.2598679755813702,2.0312591300924034,0.8310399776592199,0.9849184060663972,1.8920221767778305,1.807739743464965,0.42577582564305566,True
P04637,Q165K,1.27,0.4814336298616425,0.3918368146600001,0.4958521086364088,0.5065339224186042,0.2121306246095747,0.1899903790897866,0.9302227458324744,0.7450403498571531,0.716721450820768,True
P04637,Q167E,0.43,0.1459957739617007,0.1561328733425259,0.0925609349930618,0.5357180856967865,0.329501777609918,0.0994083854423812,0.5998131396535978,0.7078633965121431,0.11308343697186535,True
P04637,R174K,0.22,0.1381446862899588,0.2696992934516981,0.095159189654853,0.4598393547866257,0.2357077728192357,0.3805622201022418,1.5347453771503865,0.4392043109173963,0.12989052194839235,True
P04637,R175A,0.73,1.4075347119812318,1.1899173673075647,1.689562772237721,1.6639888606695856,0.4842385177740145,0.6060629464256968,2.045702343592277,1.377693536755792,0.5154336426094406,True
P04637,C182S,-0.16,0.0930552237727595,0.2149892095834918,0.1358580517654101,0.0105050249622696,0.7017005580061673,0.1132030805598909,0.7731933335194656,0.3659445177809525,0.5355278521801119,True
P04637,I195T,4.12,2.0873790508477508,1.6970938930295691,2.079370932915164,2.9313675229415943,1.2933680304390762,1.1772044073730137,2.6678535768769844,2.8771140948904383,2.111811560260625,True
P04637,L201P,-0.35,0.3067969415204107,0.2742353862007199,0.1872360255418443,0.4444107600020681,2.017389444430198,-0.0059464602066565,0.6001910479206185,0.6207479707831822,-0.33748670291277627,True
P04637,V203A,-0.49,0.5737667175920601,0.5651272033338081,0.76093530499778,0.5306681713340486,1.0343518725154948,-0.2403275567997389,1.1475909766784669,0.955086457676138,0.04259809408444981,True
P04637,L206S,0.1,1.450664906273604,1.1430938738796406,1.5152691956975637,1.3064064390630474,1.609779382935271,0.6363842493483028,1.6664902330511004,1.5384530130881369,0.9682400036816712,True
P04637,D228E,-0.05,-0.127503797288677,-0.1809476819482331,-0.1472224763241421,0.0311610802989611,0.5547454434476486,0.1033517588976347,0.5575329539956406,0.4510137735944101,-0.05567090181916712,True
P04637,I232T,3.19,1.6369846209085428,1.19758683132843,1.957646056961374,2.8393081475462005,1.2933680304390762,0.8488262318446308,2.0298949378407096,2.5481217662244418,1.6681206352130404,True
P04637,Y236F,-0.27,0.1165505770087781,0.037006918567628,0.3041448546791915,1.2324400639526174,0.4611349587492128,0.1695237439011714,1.9359253142621504,1.7757360402485536,0.1511670980850751,True
P04637,M237I,3.18,1.6535966009518748,0.7710094508258927,1.4834808013046898,1.6845228853110488,1.4534399776474,0.7276802828297189,1.6173522558611697,1.699614675362674,0.7304234820251635,True
P04637,N239Y,-1.49,-0.1412087153762534,-0.0039347378904738,-0.298615932110468,-0.2186148250114436,0.3050821955665915,-0.1401153057418362,1.0961296691990374,0.5911750192197879,-0.5822891849652705,True
P04637,I255F,3.29,0.943890557387308,0.5481062593045632,0.8447715414053713,1.581269857986706,0.9455214670764804,0.781156356187805,1.991851742372916,1.7943200580916248,0.9363855515044281,True
P04637,S260P,0.32,0.8020634476481863,0.2892764593796336,0.2199573123951876,0.3805014460781341,0.9919249525564166,-0.0845892894558632,0.646390023139105,0.3986987388443394,0.20765063287410174,True
P04637,F270C,4.54,2.1759727248709924,1.465173527933051,2.5047235350453434,3.0413928250306226,0.8317379559958147,1.1057131131488558,2.203247209796236,2.8319736986496595,0.9773047991597005,True
P04637,F270L,4.1,1.6972203058652646,0.9721605887459456,1.9559343128638675,2.165933742458169,0.9046232825122686,1.0090432991728162,2.0917566787139106,2.5238345561670466,0.888767470123155,True
P04637,R273C,-0.4,0.3766774899081786,0.1893971412540189,0.3326010333952655,0.8597961358796873,0.122337064864409,0.2558011743357778,1.4840629007480568,0.695126097401672,-0.01145835689373187,True
P37957,A46S,-0.18,0.2423373903330717,0.0589567510186507,0.079828849158062,0.028542547779144,0.5320077206749324,-0.0067789918648169,0.1704245653403692,0.1640189399530245,0.10066584603820772,False
P37957,F48T,-0.52,0.550686585117789,0.5039832322058465,0.7262870918695284,0.0873978237577218,1.5950915619049233,0.0479541338933919,0.338042330087201,0.1941411837291454,0.03207331394497015,False
P37957,R64P,-0.04,0.9081198596500883,0.6543550841582337,0.3684390096747698,-0.0327630670249336,1.6899027396760662,0.1211014667599637,0.3095050106202429,-0.0849421241475527,0.15994307743557623,False
P37957,T78S,-0.96,0.3978069348546117,0.3684882150278969,0.5718663093007617,0.2678588064571914,0.3817050466382695,0.064086330414,0.3464611734233028,0.3838385283378141,0.218892030804602,False
P37957,T140V,-0.34,-0.4333983292067443,-0.2822803769575062,-0.4265005430742093,0.6144626378100393,0.346772357079152,-0.2621945254261469,0.4916288253988436,0.6001983606127408,0.061884682958195325,False
P37957,G111S,-0.11,1.4623383554790934,0.8738414570094639,0.7183358163669902,0.7936140884501794,1.0433402419325728,0.411705630622407,0.9441854458281742,0.5566361151237792,0.39624018451253024,False
P37957,M165R,-0.25,0.0595153281171533,0.0196987661206406,-0.0290746965385649,0.0173119350566793,0.9671278485229822,0.0427253385332648,0.3428974271932473,0.2032361167515985,-0.10577512580694914,False
P37957,M165D,-0.16,0.2200624359275774,0.2790107227726664,0.3659597172638593,0.1576354142131272,1.5559999768744628,0.0469736937974026,0.4295427483301702,0.2901903652615579,0.3213230138488098,False
P37957,G186S,-1.05,0.4269104764354366,0.237682157022306,0.3169556835048044,0.4754752419432989,1.0433402419325728,-0.0391339287856071,0.3095974645237277,0.4780178205596296,0.5479117540634287,False
P37957,Y192N,0.09,0.8866882372514768,0.7471580563176797,0.4964591344494969,0.4176112876151421,1.6600181943510033,0.3246194099284276,0.5461432162813752,0.5823176672398767,0.3064289957276668,False
P37957,N205T,-0.36,0.6678373896476942,0.3177095212661487,0.2948416174478344,0.6179439664554721,0.5803008963538759,0.306391947428718,0.3523015197931636,0.4943965517428766,0.24850078706929524,False
P00644,L171A,2.6,2.478105942465165,1.7145196682233927,2.128335906606046,2.0070447383641707,1.2014524221761822,1.0313325279449714,2.08846014246555,1.9094461165589247,2.4110496350920654,False
P00644,L171G,3.2,3.179153691969639,2.493245841643813,2.765339943375461,2.4910286857881463,1.841681641259816,1.640638629026144,2.4399037432344906,2.2184699272958284,2.760993604677687,False
P00644,K192A,1.3,0.7249390522496899,0.3969511175229813,0.940531514177296,0.9803095930916792,0.3055327627161711,0.0920249668421181,0.7736512514165022,0.8155538151883699,0.792140820860477,False
P00644,K192G,2.7,1.4100213466620637,0.872946976399531,1.4672050948868312,1.6658854670160708,0.7248042648400427,0.3467190716002409,1.0782285618680796,1.2614894470609808,1.4931807298187483,False
P00644,K209A,-0.2,-0.0079395469597424,-0.0856888435399103,0.0448314450511899,-0.0830667720393718,0.3055327627161711,-0.0369466359980245,0.4149285298935156,-0.090584117058736,-0.06209128529503005,False
P00644,K209G,0.7,0.4295405706488611,0.1350595553941823,0.623785372011109,0.5498592946451899,0.7248042648400427,0.0527516066527454,0.5950411926647589,0.1640705889646968,0.6604852040644756,False
P00644,A176G,2.4,1.2262908777935246,0.889907871670046,1.4822405187837884,1.499715695291455,1.0167834293510365,0.4756530269014643,1.3971425894525311,1.3227575640496494,1.6092114451909878,False
P00644,A176V,1.3,1.3089534917761465,0.9322959919552842,1.375873577209934,1.531116531284656,0.554681399987439,0.6508462561674335,1.4171775467867789,1.629048909480843,0.99614451504503,False
P00644,P124A,-0.1,1.4691041921799597,1.0483256385869315,1.7458186492516827,1.3756160056792122,0.8389758894075345,0.9401138865226978,1.437239622758962,1.284600385758817,0.9729098370671913,False
P00644,P129G,0.1,0.5233848471128388,0.1925440214138953,0.3356524267762019,0.238505329809077,0.929662235078946,0.1335465504881074,0.3467762623970995,0.2580756809239644,-0.09815735849720197,False
P00644,S223G,0.9,0.4824362022605074,0.2147078179279939,0.3868005884052333,0.3567327206215355,0.428383407318773,0.2617338860593435,0.5533652730007587,0.4618705138324201,0.19673388624399385,False
P00644,Y173S,5.3,2.650134999410379,2.1536101848555185,2.518555031681152,2.857308092555925,1.435971947566705,1.772535328431824,2.914341459142324,2.4631509137763525,2.406699661180646,False
P00644,P199L,-0.2,0.6400352838962506,0.5166941982318808,0.4867690531878957,0.2543394867096252,0.4411703155949139,0.4681958982371232,0.4862744385160591,0.2837248378263811,0.6084229907628123,False
P00560,H389Q,0.84,0.9734718443499324,0.7905319547487542,1.3025316270570086,1.6499412783013832,0.2831600273313526,0.6580341994567378,1.6038495379428224,1.776010531308384,0.8188581076715309,True
P9WGE7,G152A,4.3,1.2547596424581038,0.7883107259435712,1.0660083837329457,0.9328519791023686,0.916421473108372,0.7983818105297935,1.1946670296692177,0.8475504084774276,0.6722547796203984,True
P00644,P129F,0.3,0.2699204417936632,0.1311436675841712,0.2210110966741249,0.0792801603092,0.6293864933331417,0.1553847336488183,0.3090739350243194,0.3415042698852867,0.14216158134985452,False
P00644,P199F,-0.3,0.6446392447695581,0.4255251892074849,0.604642972274837,0.3812862655704215,0.6293864933331417,0.4694756046703889,0.4597648274679443,0.4027743079853615,0.5327655080654963,False
P00644,K209F,0.3,0.0069363308435738,-0.1894438145191697,-0.0288726946569543,-0.1514164088477923,0.3337267307342781,-0.1356899685569655,0.0648316701088928,-0.0912764296544168,0.05663795312780162,False
P01857,Q230A,1.1,0.5010698813171567,0.3088056026250791,0.6252529196228245,0.4999910629397485,0.3064432922577295,0.0593296147643741,1.1073926461877703,0.4523789778353448,0.5416254615312235,False
P01857,Y232A,0.7,1.749335493758552,1.2504635596882252,1.7433931151493032,1.4388116805040216,1.7437349920018923,0.5555908881112693,1.4204301499995713,1.304371896876073,0.7861381616921975,False
P01857,T233A,0.1,0.2765481189552594,0.4626127172179271,0.4910847889558045,1.0811187027368463,0.7142191955934971,0.1650323634264593,1.429252488163862,1.296494700533953,0.5673559663908148,False
P01857,L234A,1.3,0.8957648978267327,0.9887590381161016,0.9798732203215478,0.8160170889240442,1.2014524221761822,0.5921001428201353,1.4047022560577542,0.9291843854129554,0.6911862437193793,False
P01857,T249A,2.3,0.5836159308797476,0.4071179632522541,0.6008128923325765,0.2652335540276836,0.7142191955934971,0.0987780064149211,1.2062116290382277,0.4814028493767823,0.7603893822311859,False
P01857,L251A,2.2,1.8058416669657844,1.3232744652156263,1.6645312347511187,1.1524527934337587,1.2014524221761822,0.4268536538441389,1.4956137880588138,0.9494883010019908,1.8755027722469353,False
P01857,K253A,1.1,0.937077681583828,0.4206512786373372,0.8358132827143454,0.8719689355345125,0.3055327627161711,-0.2166101719036974,0.79741866687565,0.3182250162427038,0.6931383274458638,False
P01857,K275A,0.4,0.0885623203796791,-0.0284089619400555,0.1018067869603524,0.2419373365783857,0.3055327627161711,0.2553545640134534,0.7791802232526489,0.0825874767440434,0.48157992522612164,False
P01857,T277A,0.6,1.5857612689773553,0.9981702613869216,1.354651500750057,1.123224207765941,0.7142191955934971,0.8951590551379525,1.3810790525962942,0.9890266828932652,0.624384220058596,False
P01857,P278A,3.2,0.5170581937546237,0.3551769597804304,0.4767067671300816,0.0861225549386189,0.8389758894075345,0.2496116251894274,1.0468409338586475,0.3774304668476045,0.2820207415842084,False
P01857,V280A,0.6,0.6199093101005615,0.4540546914330711,0.6044940125408906,0.0983614647521119,1.0343518725154948,0.3278094873460799,0.9580491026598594,0.1847077677323155,0.1563419592044839,False
P01857,L281A,0.1,1.469318910744127,0.8641192481492691,1.1300776213676609,1.040813061684855,1.2014524221761822,0.2884958444832358,0.9540293673247632,0.5945106172759794,0.2253846966862596,False
P01857,D282A,0.7,0.3094524096554986,0.3074611329769776,0.6094838995009455,0.5563534350184788,0.3830785361353898,0.3759908210498673,0.8799711900695464,0.5136370652913379,0.36366812064207177,False
P01857,F288A,2.5,1.3200117923132313,0.8769664635559968,0.9569973747749752,0.4825789217331327,1.5289742388162222,0.1613556837888631,1.3340265595120953,0.3846997289497887,1.6384883316883536,False
P01857,Y290A,2.1,0.9688461832473332,0.7329549954651736,0.9145808974020476,0.7971281214537379,1.7437349920018923,-0.0127125213264425,1.23886446128366,0.6244973872755101,0.8442438080952479,False
P01857,K292A,2.4,0.24134465553612,0.0345741140955314,0.2886808495567551,0.667472432989487,0.3055327627161711,-0.1006316001815225,0.8268696895448508,0.4406574987561223,0.742830021506504,False
P0AEG4,C49S,1.8,1.0284934004937187,0.5311869677248973,0.5347747449444362,0.7386091708293376,0.7017005580061673,0.7022969027960047,0.8138891662987511,0.7525331539985334,1.498328628177871,True
P60174,Q217A,-0.1,0.0800179573238883,0.1308033337361883,0.1934955558105098,0.03014276353608,0.3064432922577295,-0.0111518670485991,0.4318846028725954,0.0914355888351085,-0.19370153813232038,True
P60174,K231A,-1.0,0.2942665525630552,0.2274228174588898,0.3118768185252725,0.0144685324913936,0.3055327627161711,-0.2509208482984246,0.3509483171617583,0.2116465221405245,-0.157501961847333,True
P60174,A253P,-0.6,0.5262986096214629,0.549525218776936,0.3007769393315408,-0.0690213751992671,1.6818975115145205,0.2204517189134987,0.492685945711372,0.2520447556309946,0.39822348254326956,True
P04925,T189V,0.17,0.0634908875215049,0.0664328145356782,0.0301912609899404,0.1959381960618489,0.346772357079152,0.1044666657767251,0.8308926802028825,0.5159467919415732,0.04600573559271037,True
P01009,A55V,-0.6,-0.2096626749070502,-0.029550749243118,-0.2969331307559977,-0.1202895555961577,0.554681399987439,-0.3287110788613582,0.7044458458507696,0.3267953323594491,-0.291636957269115,True
P01009,A55I,-0.9,-0.2481223864188637,-0.3439773010106163,-0.2175987791875992,-0.0425915709792437,0.4266509499960544,-0.4306587229150657,0.5861680252565413,0.3503602343279838,-0.771785452363674,True
P01009,A55L,-0.9,-0.1691421830710414,-0.3013857631946794,-0.2974502645280851,-0.0737552183284078,0.5600622370961714,-0.3747464917631249,0.5630699229661282,0.1489210758801044,-0.8650016657141322,True
P01009,A55P,-2.5,2.51162492861879,1.9212597406882632,2.299077712060502,1.8195288130578189,1.6818975115145205,0.70020298895389,1.264461175902196,1.416685047871439,0.6746673954549028,True
P01009,V79I,0.2,0.2510622027412775,0.0801554034224275,0.153935326042589,0.5603014685161088,0.2068428039589834,0.1894917034290719,1.117311039682838,0.942135669936788,0.0024069983220725844,True
P01009,V79L,0.3,0.2121776476989287,0.2713445070204443,0.2961681961607167,0.7744094936436078,0.5729438288087083,0.2420983380874111,1.2160796282868869,1.0830871200463186,-0.0010863139977558278,True
P01009,V169I,-0.2,0.1393359285959831,0.0992246756058733,0.2283455422322279,0.6466900141900458,0.2068428039589834,0.271247260397751,1.2326025271862893,1.2866742371319189,0.026502404390216394,True
P01009,V388L,0.3,0.7143891485938649,0.098746087684938,0.6700252231221757,0.7490774185739524,0.5729438288087083,0.2670958570584886,1.716192987215469,1.4462965066173887,0.41499632937195974,True
P00644,L171F,1.2,1.2900485830001902,0.7780225227594482,1.4728852338635143,1.716292566053776,0.8209120134372314,1.1683354756380369,1.7007007840620194,1.643065115729455,1.4512915087976899,False
P00644,L171I,1.1,0.5044836196469304,0.1671272531631749,0.5856175932260774,1.0625481078903862,0.5869342221980756,0.3557918015595467,1.5096877030395623,1.1667542702874127,0.5102285218475103,False
P00644,L171V,1.4,0.9486545356575714,0.5226710353603045,0.9927348965850522,1.2193956742515517,0.8623550905554328,0.4835881852290815,1.7006951405096788,1.377205031527435,0.823554146694873,False
P69441,D84H,1.4,0.1275328798812635,-0.0194308910871107,0.0130068480832569,0.4319717669783059,0.3994583328370912,-0.0874967863777727,0.3844335633472703,0.2894780090533783,0.3183309861365622,True
P69441,G85V,2.4,1.5596939549152338,1.42670501855886,1.3506026887882858,1.0444924957812258,1.2846427425672895,1.208402870039014,1.146426515086952,1.3551987008811228,0.830027590760104,True
P69441,F86L,0.8,0.9399504543310624,0.4984159786602978,0.3089970980884545,0.315820509939319,0.9046232825122686,0.2324050266372771,0.4173897953245021,0.7423651268770701,0.7232327114908527,True
P00782,N325S,-1.07,0.0815833982485758,0.0179958341723856,-0.0021094232939358,0.3534866435115425,0.3313904717619403,-0.1932112516207915,0.3685003014683304,0.0429619142381375,-0.5798905005159563,True
P00782,G276A,-0.3,0.2834585181562497,0.0270340307620835,0.0991114241221249,1.0691725121201294,0.916421473108372,-0.3665953425195833,1.1328809128135535,0.8505955792511998,-0.359957240024141,True
P00782,M157F,-0.48,-0.159894812103619,-0.3123782592634753,-0.5027656579482432,-0.330895676731213,0.5018604314511835,-0.8709588513761277,0.71273417214618,0.320589850050038,-0.4415000152731182,True
P00782,Y324K,-0.72,1.1847254689213635,0.8089720157623512,1.039935194358367,1.358680158402405,1.4528552649150703,0.5411300649171371,1.19655764347844,1.1105889139389902,-0.34167463144390364,True
P00782,Q313C,-1.25,0.2172779310447939,0.0588566341190062,0.0704977948174652,0.5493247425131674,0.0725591276175765,-0.1665934052605392,0.6525499623114793,0.5239908775110464,-0.9364150031239464,True
P00782,N183D,-0.45,0.2500308622386401,0.2305605498842646,0.0960675979404538,0.1969661798587119,0.3493393529451628,0.1327564287637904,0.6457616084415946,0.4743965370520218,0.1985183976077714,True
P05121,E350R,0.3,0.1371990820574268,0.0377297913052263,0.2663412708614383,-0.0058059393466308,0.2709411993605226,0.3091516230795784,1.3783255284129772,0.7189205464848553,0.27218135158290135,True
P05121,E350P,-0.3,2.372147482250364,1.4319605723390694,2.777283003419073,2.2595781668938324,1.3105822945547196,0.7383249366294374,1.6026255214049918,1.8628101821244392,0.00985700389618771,True
P03958,W264F,-8.64,0.6475719967514644,0.2383889930026791,0.2457259812129001,0.7677342041912144,1.2050690927023977,0.3364549328865891,0.6106045852105281,0.6650887999712614,-0.2970668700696417,True
P00644,W222H,0.4,2.0321455246670235,1.735378923499496,2.065407499016703,1.5032057606718534,1.5319938751757467,1.3433520923237297,1.8792722155940844,1.615769434827896,0.49768786934460446,False
P00644,W222F,0.6,0.7035799086400019,0.4688828214968538,0.771787364028131,0.5941222351879902,1.2050690927023977,0.700213763087776,1.4046131362957333,0.956406199222604,-0.03194606669105193,False
P00644,W222Y,1.1,0.6923225700096468,0.5115208456742534,0.4407053809112818,0.3137001357709584,1.1090101595116368,0.6800329226246372,1.38760657891742,0.7860907979370977,0.015307499490544996,False
P00644,W222L,4.5,2.5809598423952047,2.0788909890564384,2.860220845859148,2.460495400284645,1.2170640084814448,2.2042366157563,2.428654140457316,2.320966910351009,0.47911090815419843,False
P03069,K256A,0.39,0.1870626332171467,0.1077220592724101,0.2239396266786014,0.0541166959753306,0.3055327627161711,0.1634820102752405,1.6363866932267086,0.6525028707797139,0.2844851560311952,False
P03069,E259Q,0.74,0.2354460152960125,0.1335983577240025,0.1740018017361488,-0.0505988151138813,0.1605155413051134,0.2389707362301448,1.3065029348043309,0.5222164428141146,0.26685450647502557,False
P03069,K263A,0.41,0.0898476426290095,0.0581736349964479,0.2683582894927949,0.0301741920748178,0.3055327627161711,0.013851458309759,1.3255432034893455,0.5914864534506724,0.26389556712212736,False
P03069,E268Q,-0.2,-0.1207512672115185,-0.1228036394775562,-0.1684070845301778,-0.1132564572086079,0.1605155413051134,0.1443680199150767,1.384573870602446,0.4477610322426965,-0.024202423187913435,False
P03069,E270Q,1.83,0.635390226029724,0.2698574103625477,0.3989520840786434,0.0775212596346506,0.1605155413051134,0.0413720438881854,1.0234431247340727,0.458747677204088,0.6655118112538073,False
P03069,R273A,1.66,0.2337135521966143,0.3361594897258578,0.3157477439607427,0.2441452759817519,0.4842385177740145,-0.0798846219799936,1.1831770006247948,0.6398873047294156,0.7303441607231417,False
P03069,K275A,0.91,0.0729087597971237,0.0165173887115683,0.1165277648614563,0.1441179731315324,0.3055327627161711,-0.0691929603571525,0.8646647974476045,0.5228451659315311,0.27998250905657884,False
P03069,K276A,0.06,-0.0323728191216201,-0.1489243791643448,-0.0089400744893621,0.0274327735913616,0.3055327627161711,-0.2783777306385243,0.7008632324010621,0.4853386266991658,-0.016794706267287407,False
P02945,S48A,0.3,0.0200924379123591,0.0311770438509,0.0220928538282096,0.0779565556148616,0.2432926602208638,-0.0446333138163978,0.4401014677652027,0.248671480187349,0.28433190639677874,True
P02945,D49A,0.9,1.2546517118936682,1.0466492519930215,0.9727638515895736,0.6673440610888461,0.3830785361353898,0.4000910221598009,0.7077963864881303,0.865548978733387,0.9977921813916859,True
P02945,P50A,0.2,0.3830721797049767,0.2360271847673161,0.3713345666017104,0.1244836716018108,0.8389758894075345,-0.0006171522507239,0.4077456041158013,0.1260797443068438,0.32881912323804896,True
P02945,D51A,0.5,0.0048691452173689,-0.0836363926207414,0.1580580835599895,0.1771549008785541,0.3830785361353898,-0.129232745863494,0.2993874540482375,0.1203596591889701,0.4231078630631973,True
P02945,K53A,0.3,0.0736193349720494,0.0790049455344423,0.5521097229733822,-0.0435097174565787,0.3055327627161711,0.0487584991425159,0.3736084417769977,0.2509648777303412,0.4130181989275949,True
P02945,K54A,1.6,0.2181871533720352,0.1886405271099664,0.4689272684215763,0.0944016009513595,0.3055327627161711,-0.038365853783096,0.4325540242100187,0.121338625148185,0.5617510188971041,True
P02945,F55A,1.6,2.03217266119052,1.804188344685556,2.133834844098577,2.0018724456269785,1.5289742388162222,1.203157269317364,1.9307171304478463,1.8756568461805088,1.633360991214258,True
P02945,Y56A,1.3,1.9421115649786416,1.3373006230959483,1.9156970547002143,1.6648059552421774,1.7437349920018923,0.8392663191410223,1.2702419731449588,1.4237732027587686,1.0846744299926692,True
P02945,I58A,1.9,1.7346752873248832,1.4577118794202335,1.7740932835759209,1.6738752960414107,1.1841563309167786,1.000838098478681,1.5653647748762125,1.3194490057411885,1.6786553963361803,True
P02945,T59A,2.2,0.6859590780694723,0.9043729848562404,1.080161019365351,1.427716591776058,0.7142191955934971,0.4797814211071982,1.1697940891936711,0.908938395839602,0.41971355854038817,True
P02945,T60A,1.0,0.504110266433606,0.6694210243068748,0.8463441164033115,0.9040836804460668,0.7142191955934971,0.4725929002267593,0.6987622775645326,0.7604850998987522,0.7043001645862312,True
P02945,L61A,0.1,0.938366852581592,0.8164824632873842,0.7209555863420367,0.5002197732157103,1.2014524221761822,0.425024764259356,0.6712821684525399,0.2048936777379587,0.21052756959519625,True
P02945,V62A,-0.7,2.1307493936947965,1.7041118571097364,1.9544879651673004,1.69607210186869,1.0343518725154948,0.9373415220298632,1.17018174374136,1.3546311242994615,0.12620353582194244,True
P02945,P63A,-0.1,0.5266801900520373,0.2573562898663085,0.6448640019099685,1.0543914926543088,0.8389758894075345,-0.6046015021311142,0.3596204773060589,0.4886357066022867,0.1024431117459425,True
P02945,I65A,1.4,1.7974366105870412,1.5735534664507551,1.8044719808152991,1.8063637512794275,1.1841563309167786,1.104949307907625,1.2351305965498354,1.378424383664476,1.4649824416453157,True
P02945,F67A,1.0,2.1393271145107464,1.418533185565508,2.094134120582725,1.3930078702228663,1.5289742388162222,0.7024199606369061,0.7566414587794845,1.0231740000190697,0.5044683077678886,True
P02945,T68A,0.1,0.1133576166396369,0.3231410966538858,0.2920554608982343,0.0764972551456079,0.7142191955934971,0.2022674847946765,0.5815251627215277,0.2034452939477363,0.08907386243336857,True
P02945,M69A,-1.4,0.963930693057365,0.9563628571860968,0.8131595809117023,0.2196223284846301,1.2557927654126757,-0.0080866641438467,0.7358329519027762,0.2722731792762108,0.29537570327001555,True
P02945,Y70A,3.7,2.975856004359557,2.7376798471382644,2.815622520987585,2.7000875681344136,1.7437349920018923,2.3512898015196284,2.6164637000439503,2.6469448155043978,1.5766345243692828,True
P02945,L71A,-0.3,2.0746240550929684,1.623353604427761,1.518089010005848,0.7773339162923811,1.2014524221761822,0.3395049906053436,0.6653881160335701,0.624054096659983,0.284684619857319,True
P02945,S72A,-0.1,-0.106404420841326,0.0167656672821288,-0.2118526610502856,-0.0481493797249891,0.2432926602208638,-0.1271554505889256,0.5186792685509763,-0.0090389496361868,-0.1262723172836644,True
P02945,M73A,0.8,1.983472783580689,1.5399339924267086,1.480919040644,1.2199568019988287,1.2557927654126757,1.0420961457419442,1.8818074435680183,1.468019743135017,0.22498347108464678,True
P02945,L74A,-0.7,1.6480835749162774,1.1645888841975882,1.21731775516501,1.1537055947111623,1.2014524221761822,0.1507272753325501,0.7861370824750955,0.9814328124036352,0.5133636937204206,True
P02945,L75A,-0.5,1.1265471294175835,1.048698327425748,1.0120984456212945,0.917242429972414,1.2014524221761822,0.9474992845014306,1.204920698875735,1.1047092806934622,0.11524237822306915,True
Q08012,T22G,-3.6,0.1532193233629042,0.0398818395266013,0.2354569494432345,0.1078278436933806,1.0479198155054508,-0.2734575348117679,0.3381925832652949,0.1067269174911771,0.006485827185608528,False
P13726,R232W,-0.6,0.2351163872961513,0.011956245953224,0.6063113002398745,0.1548617052989288,0.2663357353243744,0.3044892308753507,0.4176904845202755,0.4663317352555978,0.026787968092733705,True
P0AEX9,I85A,1.2,2.480721490207876,1.9463854665609857,2.815114274637479,3.625168707868911,1.1841563309167786,0.852534551406823,1.865802596430313,2.584892436512148,2.339939441493329,True
P0AEX9,L141A,3.1,2.615262545504051,1.8473600719292629,2.368749150899552,2.0922338570160166,1.2014524221761822,0.5351931303162504,1.408150800373999,1.513826930943598,1.7869538416190427,True
P0AEX9,L173A,3.0,2.281192849212991,1.834418010789424,2.4511614599227194,2.260859398530205,1.2014524221761822,1.2150359602984249,2.0883303541857523,2.2087093006121825,1.6306752192232088,True
P00509,N282R,2.6,0.0902177338690328,0.4002941112166461,0.1798092141932788,0.4770848926785117,0.4379714656543797,0.4560742803244132,1.2804338027096858,1.2936787206947404,0.3866342534532158,False
P00563,D122N,1.19,0.8906770441570234,0.7806156538062397,0.8811886570370355,1.5153571939867052,0.339742220712424,0.5193141337270031,0.8524848617415811,1.4190566314172497,0.8056100220605167,True
P0A910,W28A,3.6,0.8213984570008908,0.8380595005358547,1.0228438040065613,1.09254353809586,1.422381062656504,0.8341410950002986,1.4248125310875372,0.9947000638343212,0.639525402166732,True
P0A910,W36A,2.0,1.3689928150068271,0.8110354504137243,1.1186255990612648,0.830677883480346,1.422381062656504,0.6450741692743629,1.271146801173384,0.8508693257103159,0.805702185386513,True
P0A910,W78A,2.0,1.6002390240909552,0.9952414118424102,1.5531289382588755,1.3976971996140943,1.422381062656504,0.8762309135066986,1.752555014778535,1.13878158319301,0.6778745607868697,True
P0A910,W164A,3.1,2.1849788446468352,1.2912159450717624,2.1112411496326287,2.3038706105971536,1.422381062656504,0.9462493916671056,1.7880695617164613,1.807330202653914,1.416908994986942,True
P0A910,Y64A,3.8,2.05100847614614,1.2614648841091427,2.2378208086767337,1.947566285368432,1.7437349920018923,0.7242627872048361,1.2904072616602629,1.4741262983014107,1.0961725111189415,True
P0A910,Y76A,2.5,1.5397427373817287,0.9663295386107283,1.901167118916517,1.566223106900955,1.7437349920018923,0.7294627284811102,1.3494773370792978,1.2815423803234356,0.7260916460425471,True
P0A910,Y150A,2.7,1.4346918840679617,1.1655262432221565,1.6559562232397738,0.964742291421621,1.7437349920018923,0.258213632774298,1.1909981228884277,0.9087898032869504,0.7784113957852974,True
P0A910,Y162A,3.3,1.404487508149467,0.8851473922198553,1.3007119544640973,0.903335314479714,1.7437349920018923,0.7613837013404868,1.5006459433047072,1.2138065324257483,1.5767079451052262,True
P0A910,Y189A,0.2,1.3843471677279893,0.9869395946827384,1.648211326579716,0.9407816026686008,1.7437349920018923,0.5799309639278368,1.2326612607864682,0.7835763872513792,0.9769719990948639,True
P0A910,F72A,1.2,1.4742558559380208,1.0382841642506693,1.628633354187403,1.4361952922062529,1.5289742388162222,0.4776280140044373,1.444795828295857,1.1313881092667235,1.6451738898098598,True
P0A910,F144A,2.1,0.9418740299621384,0.7238056956720599,0.97797980508458,0.4016652162102875,1.5289742388162222,0.3961126457363842,1.4457362242251444,0.5924994961110451,1.1879369992912392,True
P0A910,F191A,2.4,1.5662260933073324,1.0648877321474042,1.3212412388565464,0.9082505936493376,1.5289742388162222,1.1165310223797174,1.5170771945689654,1.0812650770197991,0.6442217596859424,True
P09850,V126C,-1.3,0.77089545650245,0.6422706621080185,0.6791633774367805,1.174191749774641,0.651611987066557,0.3565079803990728,1.1238156821051508,1.1860428172870077,0.5494776408006409,False
P09850,S128C,-3.0,0.8623882357574688,0.9926564749906563,1.3833414369779984,1.875698182951268,-0.0371298418079501,0.9647146729825796,1.433928875619268,1.7602694012983733,0.09409654200540601,False
P00918,I255C,0.3,1.5444324361909172,1.0727373799963662,1.7666543713068468,2.1967344464049576,1.0564717611088943,0.5911170194066148,1.5311822930265735,1.485965142763414,0.807433536511085,True
P63159,N135H,-0.3,0.0755999293230154,-0.0022306984140069,0.0712302969812493,0.0009670924819163,0.3787495950396641,0.2624658191996322,1.0753069479288553,0.4441354672755955,-0.24432450030180364,True
P00644,F158W,1.0,0.0828643773362249,-0.0322369948750657,-0.0347163003950899,1.0313350013056533,0.6861260040931049,0.0740584763525663,1.352883445865731,1.2355608207469322,0.7404691093808806,False
P00644,F158V,0.0,2.305711566311861,1.5742836775012248,1.7112879584212677,2.2103857728943828,1.1892211841967797,1.1984304533651162,2.223978669174907,1.9209699297214509,1.7593699472489976,False
P00940,Q179A,-0.1,0.1287079992085419,0.1723824294028736,0.2341761943677894,0.0402572853431245,0.3064432922577295,-0.0223138079996671,0.5218630241572138,0.1394782306403961,-0.14865384235079138,True
P00940,K193A,-1.0,0.2999044031867546,0.2041312682736318,0.3031518921432355,-0.0098091483089111,0.3055327627161711,-0.3350965683397143,0.3263668788449124,0.2376471286877395,-0.022226209017932153,True
P00929,G211S,-0.2,1.4102654690179466,1.1423098797019038,1.0850289496394183,1.2399054208680838,1.0433402419325728,0.918335835073709,0.8802060044078462,0.8844098403174364,-0.5778609463980566,True
P09012,Y31F,0.0,-0.0139480607291686,-0.050761449622331,-0.0089887831076245,-0.0408911714343048,0.4611349587492128,0.147462198029394,1.604036163103651,0.6417066753715007,0.42315520832890513,True
P09012,Y78F,0.0,-0.1161051157718854,-0.0947909904795137,-0.1109246015436401,0.2191781454295522,0.4611349587492128,0.2667894664706179,1.4999689775309766,1.1899216815976523,0.24584712350013826,True
P04925,F174W,0.1,0.9777426991502092,0.393725271649594,0.719931512494841,0.7007601333756763,0.6861260040931049,0.4631501304938165,1.9184214148841563,1.5820107982473808,0.2568503920717065,True
P00644,L89F,1.2,1.101062981773178,0.6127636803058661,1.0664254988090998,0.746784952723169,0.8209120134372314,0.90241331264001,1.1928966769192946,0.989805520514602,0.6815318810169881,False
P00644,M180L,2.3,1.202579402383444,0.7467725241902963,0.8665149358937734,1.920162532810796,0.4571766836821148,0.6383970936589097,1.5254975646673223,1.691658328187723,0.9777344232483762,False
P00644,K127F,0.2,0.1586272322620563,-0.1209856023700709,0.083652475175727,0.0830573970969415,0.3337267307342781,0.000243605339976,-0.0505202695804125,0.0555100391611408,0.4305499046442205,False
P60174,K193A,-0.5,0.3568669731620047,0.3543518697904766,0.3911706420984154,0.6403865670802324,0.3055327627161711,0.1495580696851734,0.4759440400041836,0.3374368040940353,0.15968080924551742,True
P03023,K84L,0.2,-0.1746487869390195,-0.2391195346157065,-0.2953740739893744,-0.4203668761793516,0.1555663803633185,-0.2532364668722934,0.5125445590077573,-0.0328823721628197,0.42649941576875994,True
P07740,A81H,2.7,0.5723789808576243,0.94199391546169,0.875224971930393,1.1374232904339965,0.9667412523712924,1.0932822974244765,1.623657472717997,1.4160891885575402,-0.7053334893461651,True
P07740,H82A,2.7,1.9006327472748488,1.4935209607126096,2.348264796304571,1.9874798474281528,0.5585512997788673,0.5780252072439793,1.050771439430498,1.4262792409059952,0.993845005562455,True
P69797,W12F,-1.8,0.3429479638103795,0.1254061360152213,0.1541565982780942,0.079657213143299,1.2050690927023977,0.2329000776305436,1.1607799368579357,0.4494012262492549,-0.0037040034019057977,True
P69797,W33F,1.1,0.2404396976694867,0.0657278879545506,0.1383851548685297,0.6640885605280891,1.2050690927023977,0.0757022397825622,1.584066183699622,1.3007157968974574,0.9605686638122801,True
P69797,W69F,2.1,0.5730323922622343,0.206046293614864,0.5694444579426513,0.9742200752550976,1.2050690927023977,0.5966933359015163,1.3918545860602964,1.2643143971763364,0.5424778773258937,True
P01009,Y184A,0.2,2.198072743501954,1.7224418257032916,2.104715054274547,2.042558622429504,1.7437349920018923,1.3566833056958596,2.171593610436781,2.2598193480552005,0.7410507001046941,True
P01009,Y184W,-1.2,-0.2033122925329903,-0.3265943681715742,-0.4192258840190388,-0.2198841416905158,0.4801489638519242,-0.1761300256849966,1.251054221873788,0.801642938928848,-0.4015456615624129,True
P01009,W218F,0.5,1.02423148687656,0.3703785653161422,0.8095165234684865,0.6996190626224409,1.2050690927023977,0.6608808603889413,1.8156026769968785,1.2458449244085152,0.6151406809508374,True
P01009,W262F,-1.0,0.933243140574186,0.4244368068354496,0.9591548809986294,0.5168170985468489,1.2050690927023977,0.3228684014387691,1.5221201066586687,0.8721507402011482,0.4396614112819947,True
P01009,A308I,0.0,-0.0179527495624639,-0.095973843668027,-0.0903193059855501,-0.0507383319593195,0.4266509499960544,0.0675924581801502,1.3239738303580526,0.9255862814718496,-0.0917790697642582,True
P13444,R265H,3.1,1.1055739007078995,0.9043760215134314,0.8139825188291834,1.049147704881532,0.5250120527140189,0.7204144193481907,0.7733172794188026,0.8302092671759093,0.38260419948343316,True
Q08012,T22A,-0.4,0.2950087520704502,0.2173235369549457,0.2368006777157265,0.0228392907082241,0.7142191955934971,0.0132581545240991,0.447250522794779,0.0004738163799729,0.1550047630249286,False
Q08012,T22D,-1.5,0.003675925966377,-0.0509400213658596,-0.1014280949829946,0.0306905331180579,0.6974880315619807,0.0267799573066291,0.4406882455617185,0.0636542342640632,0.12221144863875233,False
Q08012,T22F,-1.3,-0.190998527465088,-0.0964150586486423,-0.2225934125530624,-0.2793815824448661,0.541123749643579,0.0080741048843972,0.4117622842810416,-0.0604422114929807,0.02741458090117016,False
Q08012,T22K,0.0,0.1141283374529363,0.0310521976730446,0.1616900494512189,0.1278954092323952,0.5946111562191112,0.1388560633586629,0.4941561384417358,0.2087299929976821,0.1743577173227875,False
Q08012,T22L,-0.5,-0.1984510139113197,-0.0874617071790318,-0.2714917397842741,-0.2719421267755199,0.4702300031860487,-0.0060405441229698,0.4413137100655134,-0.1733855435516063,0.24931489200774548,False
Q08012,T22N,-1.3,-0.0795648280158761,-0.0579306868162317,-0.1594569939534898,-0.152560901903636,0.6868330669988602,-0.0764058407597221,0.3618832158458985,-0.0416584471490192,0.05593213260417573,False
Q08012,T22S,-0.6,-0.0583790203370125,-0.0035358506200595,0.0316165671084932,0.0059921253171679,0.3817050466382695,0.0027512826873097,0.4086644718840382,0.0334660571249684,0.2619111797649386,False
P02925,A52T,3.3,2.66151548550736,1.6350076146637982,2.7664327675855227,2.138318821531564,0.9039757476571364,0.8043610258648286,1.4642924589331214,1.5647884074697445,1.4696276977765566,True
P02925,V75E,3.5,2.696632135739377,2.1322301053568675,2.7619025233249515,2.611454135482413,1.3505937145637226,2.4726898531667234,2.64577199169229,2.741269127624271,2.6424752350679173,True
P0ACT4,R128E,-0.3,0.5372646261474945,0.4291624485464685,0.9701595781974438,0.4299901836370294,0.8161471553921051,0.403391545602712,0.723976202253028,0.3856479802469558,0.17012520431015454,True
P62593,E102K,-0.6,0.0878796565136477,0.0847304980575704,0.0666275012681652,-0.2991585648232973,0.4116619799381557,0.0962097711303552,0.4455350505565335,0.1069588660997222,0.3688591948351254,True
P62593,G236S,1.2,1.86326679657428,1.5576510147478444,1.4881647719620192,2.3513303425309995,1.0433402419325728,1.4545561420553774,1.8647898902487527,1.959057065793276,0.09793663611785663,True
P62593,R162H,0.2,1.2963197639155697,1.024670267394134,1.4812661235813058,1.0196188148979162,0.5250120527140189,0.8944594948050615,0.811075230182497,0.9114661943721528,0.49032479461646317,True
P62593,R162S,0.6,1.7607658333803429,1.4032766659066285,2.0018740694307784,1.77515510790638,0.6585972295567544,0.5332382930090305,0.7839514098940149,1.3845920425779354,0.7616576819985672,True
P62593,S233A,-0.6,0.1264108616052911,0.027471773180343,0.1126793458462141,1.1450344387904037,0.2432926602208638,0.3493836603765157,0.5832990486796146,0.6553182651799113,-0.8509659068057827,True
P00509,C389S,1.8,0.9986851087496088,0.942868676176032,1.4697548372232134,2.0903213246198447,0.7017005580061673,0.5194301848732763,1.888869387055609,2.344838241860009,1.1891118497476514,False
P00644,F116C,2.8,1.8118718558886704,1.3597967268729658,2.0694679689024067,2.29139402728416,0.8317379559958147,1.2169975302564469,2.3334908995867507,2.0987291181990715,0.9728498102185589,False
P00644,L118C,2.9,1.7015052401422306,1.4744633622123993,1.860750970857254,2.026311966883191,0.8956275328699681,0.8082328331417136,2.4233569244631674,1.923960735747554,0.6622924229645322,False
P06654,G267C,-1.3,1.4457141979683688,1.1318828202309268,1.1346905374568077,0.8153126294604085,0.5220160443320266,0.9842260566590536,1.5453770467094263,1.107821332663358,1.3729096138150099,True
P02753,W42F,2.5,1.200263746435165,1.1872155060784093,1.73648910128833,2.7626994436738874,1.2050690927023977,1.6477830605986044,1.927322085164734,2.267480693570099,0.4153012198411591,False
P02753,W42L,2.6,2.798683706098946,2.287608562475038,2.9167221916022177,3.6952789364200944,1.2170640084814448,2.326656605492904,2.6236960690045086,3.1918124934260312,0.6467123957355707,False
P02753,W42Y,2.2,1.4016753721352175,1.2751595548999255,1.663099397507758,2.826818415920308,1.1090101595116368,1.688410305925757,1.975638048041772,2.3564656598173785,0.3239994994330504,False
P02753,W109H,0.1,1.1286824278359853,0.6206846530932498,0.8373576684403842,0.4607112971443824,1.5319938751757467,0.3293902208206255,0.5487802964691177,0.4534048852779251,0.5553041743260819,False
P02753,W123F,0.4,0.2117073227071539,0.0934037114859649,0.3778955881415298,0.8600650124721149,1.2050690927023977,0.413908767257171,0.9115824063954764,0.8197398517762174,-0.1416428398997731,False
P02753,R139Q,2.6,1.7709609089869858,1.2742964689697105,1.5094963322851571,1.5695933786576988,0.4171261809856643,1.164823879760028,1.0571234181508795,1.4298385464941763,0.5637555416594586,False
P0A877,K109N,0.1,0.1873328582924184,-0.0475939300896238,0.1377978275345813,0.0336749677081381,0.5703694882598509,-0.6454391096363958,0.1845795909102454,0.0333704697677229,0.17070184524321963,True
P0AEX9,P133A,7.8,1.7225882438716045,1.1783876305970773,1.7775308745483591,2.0745516329171894,0.8389758894075345,0.7220651245733627,1.5968206047750604,1.524647254095725,1.3045557335087898,True
P0AEX9,I59A,1.0,0.8776799258669274,0.653743929195438,0.7242258362597186,0.1503132126313877,1.1841563309167786,-0.2999856771585509,1.1470384159319138,0.7480678260769171,0.43422684170744347,True
P0AEX9,L115A,2.6,2.3906460626590205,1.6697014630577738,2.564719070986212,2.24364153589407,1.2014524221761822,0.3161536414578275,1.379404342899133,1.698391858545452,1.2849588502322487,True
P0AEX9,L147A,2.6,1.6710537653924211,1.3479014407748136,1.5696318471339972,1.079508910495932,1.2014524221761822,0.3417428655730168,1.3451455834522814,1.5783416958772905,0.8372107948156324,True
P01009,A308L,0.8,0.5486865073867713,0.25979831114167,0.6781087433862628,0.4374954458611211,0.5600622370961714,0.32830083585386,1.419234908483567,1.1868120424317463,0.4605903058884285,True
P00509,I5A,5.0,1.26666422517821,1.097817457603211,1.614159405881861,2.221275980334578,1.1841563309167786,0.5592018535180165,2.32994143049408,2.2420752645990363,0.9788602904305104,False
P00509,C180F,0.9,0.6253440541991945,0.8148663704723156,0.7878684722392084,1.61999341468066,0.6507507324656974,1.618498303990784,1.9132579310286373,2.0115420166679128,0.09793695881615094,False
P00509,C180G,0.0,0.7701279974582381,0.7767543323724789,0.9293084243626232,1.6734744094672127,0.9088192933356763,1.0812565488281702,1.5287170954363678,1.5908293418367814,0.24953467590282674,False
P00509,C180R,1.7,1.3116365021514689,1.2750365275008624,1.6497078246152923,1.764558587949902,0.7770799206946414,1.4432878976045658,1.7794335818428926,1.9597747956288245,0.77309827932223,False
P00509,C180W,2.2,1.5750311207321892,1.2982800270994916,1.82095973207318,1.8590180172642268,0.6424080627895851,1.9211595227002944,2.093212126644855,2.2260820638542134,0.4913916962629872,False
P00509,C180Y,1.1,0.9280436071687176,1.025083670269186,1.1319190134045407,1.6523539165171008,0.6909907974630397,1.827544310499046,2.0368430575118555,2.1161036329637617,0.22516235075852398,False
P00509,R254M,3.6,0.3430623355216259,0.4479095564676925,0.2735422371902868,0.4446185486413777,0.193868949871274,0.4054341329456509,1.494451141817016,0.6109855837108725,0.2792275769073479,False
P00644,K88A,-0.25,0.0001318323995942,-0.1882643085908084,0.0035052714843517,0.2591472624471,0.3055327627161711,0.0773810575420849,0.2959258309655429,0.3972934857214259,-0.1849905129035525,False
P00644,K88G,-0.25,-0.1586223523224109,-0.275560832891874,-0.1075582841961199,0.2534304794114675,0.7248042648400427,-0.0033612777205616,0.2273531610927646,0.357074416736119,-0.047705764937374884,False
P00644,L89I,0.8800000000000001,1.0619453304112156,0.5538974384308417,1.121505381654888,0.7608393604865381,0.5869342221980756,0.6707802915362308,1.129426650836676,0.9444274407529192,-0.0251285778066056,False
P00644,L89V,1.26,1.323636663901057,0.7325816719030211,1.0963654154789482,0.773483066947915,0.8623550905554328,0.7086763912745954,1.2138317269660033,0.9469827828847588,0.4353271294022466,False
P00644,H90A,0.3999999999999999,0.2928656535429096,0.2685645282829149,0.3950198252309159,0.5402858403341949,0.5585512997788673,0.3568030090562101,0.5597910704639691,0.5554743119860803,0.09667275981436074,False
P00644,H90G,0.7666666666666666,0.4950658081484145,0.263921324289693,0.42546546357653,0.9101987014808496,0.85331007114965,0.336267885598264,0.5590815322048697,0.6827005300586864,0.33156496279999587,False
P00644,K91A,1.3333333333333333,0.6354241015686405,0.3785189582588818,0.9142436502422292,0.9264786337820894,0.3055327627161711,0.8017386984652715,0.968792402064384,1.2215713595705495,0.47604029126709235,False
P00644,K91F,1.0666666666666669,0.4191973356460624,0.026887646514959,0.8831743788929834,0.4526280207222421,0.3337267307342781,0.5202103316748119,0.4397262551157393,0.8573527891918962,-0.04127953515067484,False
P00644,K91G,1.8,1.3189614906765923,0.8845879453725567,1.4945766873473658,1.2829094331854674,0.7248042648400427,1.2502101150154998,1.3072393061036087,1.4615857949783826,1.061216248091305,False
P00644,E92A,1.2333333333333334,0.8480159501081159,0.7099862470428108,0.8190677206458478,0.8548440388607503,0.2608713460382981,0.6547680696573727,0.9365582626464496,0.8642849245709702,0.8505425125036833,False
P00644,E92K,2.033333333333333,1.3052643062287743,1.135720113657108,1.2305493489136323,1.2973108624085383,0.4116619799381557,1.198422703625316,1.422517125767657,1.3345268701296402,1.2174970780097152,False
P00644,E92Q,1.1333333333333335,0.3822655906205408,0.3258574434999207,0.3151204938004565,0.5035826366297522,0.1605155413051134,0.4514702036057264,0.8364874183125496,0.6006731618407531,0.9995336224236389,False
P00644,P93A,0.35,0.5414960538838651,0.3997162965969346,0.626904976652919,0.8076832869764246,0.8389758894075345,0.1727903100874193,0.7427646930686354,0.4945849366439067,0.5395454153144917,False
P00644,P93F,0.55,0.4938584468901229,0.2197202298414099,0.2942102983884192,0.1918027815242239,0.6293864933331417,0.2224644629691659,0.564753919164249,0.2675744997434289,0.6087471970243871,False
P00644,P93G,0.95,0.6733226515875048,0.4721400350000149,0.6684088618597112,1.1690462150032228,0.929662235078946,0.1703567737461226,0.8160348063714951,0.6226629082349305,1.0549904243278696,False
P00644,A94V,1.02,1.1404213235407592,0.93937137885684,1.1081897659500275,1.1184364493821377,0.554681399987439,0.3946231919957369,1.4132972130213493,1.353970415782157,0.48884933923996143,False
P00644,T95A,0.6666666666666666,0.5766415962995176,0.492476783168593,0.4047270531251637,0.4812227451224727,0.7142191955934971,0.0814460801266825,0.4669910928650747,0.2141572808348395,0.9583177762047712,False
P00644,T95C,1.2999999999999998,0.1369913739267671,0.0115757617547279,0.0132007020067368,0.5385575966471512,0.1793523589853868,-0.1462262300024983,0.3819187706786373,0.2134928406164764,0.4456916827291694,False
P00644,T95G,1.0666666666666669,1.078496589522762,0.8026341062560352,0.942257245052756,1.35615038754092,1.0479198155054508,0.0771906863065234,0.6493774694272132,0.6986463658292424,1.6294699981623668,False
P00644,T95I,0.1,0.2534836147640597,0.0769029770089563,-0.1251235593763158,0.1966284943198352,0.3001295053725096,-0.0827903869286291,0.2319465123795668,-0.0268997284226688,0.6787285420661057,False
P00644,T95S,0.3,0.229313121643536,0.2285346131045563,0.2456255679321637,0.4726038021900846,0.3817050466382695,0.05728332870433,0.4589420506136896,0.3284290287430855,1.1204417600338399,False
P00644,T95V,0.35,0.1764313558314764,0.1183223724987236,-0.135236582123083,0.408847943844077,0.346772357079152,-0.0355740781214665,0.3274235883923217,0.1116156232917996,0.7639077444076287,False
P00644,L96I,1.4666666666666668,1.0785677421693995,0.391139993765752,1.255602025909411,1.1870374666557066,0.5869342221980756,0.4510963886716701,0.9027223231446287,1.0669345548658302,0.29068268928215635,False
P00644,L96V,1.4666666666666668,1.1430553265419636,0.4847647491088612,1.1712216939632023,1.2784026855351671,0.8623550905554328,0.2689058830508327,0.897523313950334,1.062448628506219,0.8755464891335714,False
P00644,I97A,2.575,1.2670348262938451,1.1003316601145323,1.7177156354526235,2.0579173733120646,1.1841563309167786,0.8129474020335108,1.1123348511475242,1.7469632416864669,1.5613119347470734,False
P00644,I97L,0.5666666666666667,0.1253214010621243,0.1045541114026171,0.2381308948207563,0.477050821961917,0.3561546230629321,0.1949645555727608,0.6444387420904409,0.5309948987880316,0.782072010646651,False
P00644,I97M,0.2,0.7338076947635757,0.3735913671071091,0.6107435246200578,0.9482378067920052,0.7620248195826685,0.3271704125935523,0.6312394261202097,0.7571390947033952,0.9957194638312712,False
P00644,I97V,0.7999999999999999,0.3956827857790352,0.3096761297951671,0.6718484218150355,1.1272808886365293,0.4763940359887177,0.3417336826312642,0.8156687833555216,1.0144082233214182,1.0776353730083374,False
P00644,K98A,0.1666666666666666,0.4937370405744412,0.170161126762028,0.2647547612463953,0.2775558655969409,0.3055327627161711,0.1311511493478848,0.3616427993122669,0.204877728852334,0.19953775594384715,False
P00644,K98F,0.4333333333333333,0.1685234666980277,-0.1491236825664709,0.0715116084767548,0.1748596241695809,0.3337267307342781,-0.0635031189081685,0.0053277425230752,0.1228061792592412,0.2945924744396662,False
P00644,K98G,0.7,0.9715730017117638,0.4298234135703382,0.7617139915360951,0.9104802965839608,0.7248042648400427,0.0917084113880495,0.4633776022097896,0.6207080557949474,0.857350254782412,False
P00644,A99G,0.25,0.8580574480020553,0.5836128666551958,0.7544228346029932,0.9016898858028094,1.0167834293510365,0.6778709979378782,1.4317271145463222,1.0663184694387302,0.9007557562058546,False
P00644,A99V,1.8,-0.0820337441536658,-0.0893309438905865,-0.2787772020938892,-0.310931972625572,0.554681399987439,-0.2466382204805973,0.9496338326387636,0.3660338627352971,-1.2687159752685355,False
P00644,I100L,0.15,0.41957709743999,0.2751328157273461,0.6318927101374996,0.3276258393309795,0.3561546230629321,0.2778192034538412,0.703776287208101,0.7268959634673162,0.7173223140301734,False
P00644,I100V,1.0,0.2711321026489507,0.2569474892767558,0.3477368789970877,0.423351035149172,0.4763940359887177,0.3336572779712949,0.841750162138623,0.7411703320252933,0.4060471147180553,False
P00644,D101A,0.1,0.2761064038169934,0.5456423630013888,0.4565918668409631,0.2585132146063696,0.3830785361353898,0.7058098657574712,0.9148795211494354,0.4806703893556838,0.7023479935375812,False
P00644,D101F,1.3666666666666665,1.0877341989457308,0.9652075350143002,1.2825082887734112,0.8915873303640887,0.4552893063785235,0.8740246378978078,0.7317534574291555,0.9435709172935336,0.7774356631406976,False
P00644,D101G,0.4,0.5370804215823322,0.419629215805283,0.5469291474420787,0.2588120114804281,0.5697595279787511,0.4234258426329912,0.8574913027285092,0.4365031741639078,0.743835124685222,False
P00644,D101K,0.35,1.1284919718261983,1.160309412054268,1.1789297144261472,0.725008143306772,0.3896902063067877,1.33266515361111,1.4940424089050728,0.8753099572417236,1.1191657845923086,False
P00644,D101N,0.15,-0.0244859082056326,0.0193915972608913,0.0986002132733931,0.109658784792035,0.339742220712424,0.2664906925428244,0.6825990342238256,0.3283777967674702,0.7600842992345035,False
P00644,G102A,0.2,1.0330278879642472,0.4972877412507255,0.6628763182662244,0.9949021744089814,0.916421473108372,0.0284580074159493,1.20060911213274,0.916255844576528,0.1811485327973973,False
P00644,G102V,2.1666666666666665,2.481445831050973,2.142612362539101,2.35685409608048,1.830457413773313,1.2846427425672895,1.0865356957361323,1.6867791802000065,1.739489482858545,1.040944270603717,False
P00644,D103A,-0.7,0.3076636098018647,0.0546367207252668,0.1176485790193968,0.4569342442560311,0.3830785361353898,-0.1760216983867677,0.9963356587422916,0.312933997910139,-0.23464959852935763,False
P00644,D103G,-0.3666666666666667,0.3516768127610797,0.1717723915946872,0.1795804864993218,0.5028677316512878,0.5697595279787511,-0.332448044260726,0.9732537028184334,0.2536005237957597,0.14117141415639967,False
P00644,D103K,-1.0,0.970547965272433,0.8706280466322592,1.2583586221540162,0.9913373355142404,0.3896902063067877,0.854337207117774,1.5440548891986734,0.9553953336421532,0.14838206121458908,False
P00644,D103N,-1.3333333333333333,0.3034213748969592,0.0772904526082294,0.3342134010522356,0.6787956585427359,0.339742220712424,0.1478157239018819,1.0997473938623927,0.6125841160245118,-0.15591151715035068,False
P00644,T104A,1.5666666666666669,0.7440607099633025,0.7611092205928959,0.9587900859943044,1.149209042259809,0.7142191955934971,0.4390074612255905,1.477930100365318,0.8437488471795016,1.2039436885171082,False
P00644,T104C,0.875,0.3403671380898355,0.2304446628217137,0.438273929855953,0.912092330680613,0.1793523589853868,0.1881882365661364,1.4032222725076404,0.676275388691342,0.21712086159420074,False
P00644,T104I,0.6333333333333333,0.3505954203748799,0.3190171334808099,0.1547197836686258,-0.110321671066834,0.3001295053725096,0.124482848354672,1.10567731127614,0.3209843563314556,-0.4025638717451552,False
P00644,T104S,0.6,0.6272576901557568,0.6012272682270184,0.9567496337702336,1.4844825501228036,0.3817050466382695,0.5269394444266233,1.527729650523875,0.9941557453738316,1.2597731246286006,False
P00644,T104V,0.8500000000000001,0.076704337327935,0.1141414831115168,-0.0038281731466334,-0.0871488450205892,0.346772357079152,0.038412324323108,1.1339510415278695,0.2824269038064401,0.19708142052754263,False
P00644,V105I,0.1,0.3057023061491827,0.0371425052669374,0.0398294424972954,0.7030590140882399,0.2068428039589834,0.030191009910348,1.664892751502297,1.0441962013403452,0.2637085828569012,False
P00644,V105L,0.05,0.3328571983687373,0.0825105558798348,0.186209034272907,0.7318481109614138,0.5729438288087083,0.1424511365242191,1.7337039644997456,1.1759133597921203,1.038130973025786,False
P00644,K106A,0.25,0.7206828104747132,0.2962378196867943,0.6445805730691931,0.3313707807958871,0.3055327627161711,-0.1706147713714708,0.5546678621301061,0.2314712947419324,0.6314414419074401,False
P00644,K106F,0.5,0.7120659783415628,-0.0054061939813759,0.4608005587336606,-0.052868598364879,0.3337267307342781,-0.142750055650474,0.0555406753097416,0.1475848557913691,0.3714759850494416,False
P00644,M108A,1.4666666666666668,1.1410856545179198,0.9669645336412824,1.260922235607803,1.095872769935694,1.2557927654126757,0.1054080276906948,0.7134191990365671,0.8524210902783892,1.003688789371849,False
P00644,M108G,2.0,1.8615665833242148,1.352218561749888,1.8362690500945889,1.6064611297323377,1.5021335199041017,-0.0282514654944255,0.9045675950182052,1.0948502468678722,1.4326442366012273,False
P00644,M108I,0.8333333333333334,0.2002287883549832,0.1500161125570479,0.0937793004910054,-0.0537686975631845,1.4534399776474,-0.0166066708246711,0.4835524509612259,0.2299605940678721,0.5453381047317293,False
P00644,M108L,0.3999999999999999,0.2958005192365953,0.1341966370523534,0.141744760216656,0.4539094119429999,0.4571766836821148,0.0907361678077711,0.5135515503920015,0.4403247200761536,0.5576033761523276,False
P00644,Y109C,2.7,1.801704831711901,1.7036504636980505,2.159393442884193,2.4415811012974555,1.0645013526027,1.4436630852714558,2.3665266356080776,2.3465770080020563,1.2106929961561408,False
P00644,Y109I,2.3000000000000003,2.119260852470414,1.425800735353318,1.941825480188059,1.389315093899811,1.129356491878537,0.8691510626707778,1.9185466526088133,1.7099624883327185,0.9885825493551675,False
P00644,Y109L,1.4666666666666668,1.9989481227856336,1.4810920314136382,1.7894765985610372,1.7769561620077794,0.9739325641533106,1.0809519761084834,2.064117060144624,1.845440482772851,0.9762130094801542,False
P00644,Y109M,1.8666666666666665,2.146057197050224,1.683151384009896,1.96598351408023,1.7753272953824772,0.9932980891516626,1.190882297433388,2.0546560139932164,1.8665795244732368,0.9463200697172025,False
P00644,Y109W,0.6,0.5262487114025529,0.1843950990780101,0.2023493728133137,0.597173498835072,0.4801489638519242,0.3923451016523007,1.3904204399729756,1.063251540061101,0.6657058345908236,False
P00644,K110E,0.7666666666666666,0.7535013833929491,0.4456417659557791,0.5592219750412394,0.7986069455366975,0.3829837526569796,0.4254800658306777,0.8011989138573694,1.0371057208465435,0.899398671759928,False
P00644,K110F,0.8333333333333334,0.587825491596669,0.3255850061623642,0.9583734857411724,0.9360783666838722,0.3337267307342781,0.2350251557492721,0.4250029785726602,1.2095621800347618,0.5796483166666786,False
P00644,K110Q,0.3,0.330749859245902,0.2317945570124692,0.3978910119100149,0.4716456581131211,0.1378486169347623,0.1646486314653856,0.5876924141360814,0.6994371804534835,0.5117356045009613,False
P00644,G111A,1.25,1.4949246084214192,0.9258516443476856,1.0237959901733436,0.4399833244081651,0.916421473108372,0.3020440481222537,0.5652023731059536,0.244823506860778,1.2602436779097017,False
P00644,G111C,1.1,0.8543149376133241,0.6337400410177368,0.6694306693525427,0.4661022361416801,0.5220160443320266,0.1797629767701414,0.7123757214667957,0.2479439314652022,0.5920477068598986,False
P00644,G111F,1.26,1.3393280712813056,0.7614008664045158,1.1611439967871011,0.6419380421990158,0.8206863528027217,0.2323728361178583,0.5233498399913884,0.4163654768038176,1.2207372343440994,False
P00644,Q112A,0.25,0.1563968109363532,0.1582651995235446,0.3602442647595813,0.0991848062459455,0.3064432922577295,-0.0163992169770783,0.3180652825350862,-0.0497768513064929,0.208322959530306,False
P00644,Q112G,0.8666666666666667,0.0431918542205765,0.0348082403382931,0.4851084287277754,0.5692094121318564,1.049600017225793,0.0245119902294653,0.3816323649602741,0.1971815182610596,0.4599609743967548,False
P00644,P113A,0.55,0.6310040695398936,0.3522895694399267,0.7029037064093779,0.4227916139123865,0.8389758894075345,0.0740899279736682,0.6603455929454807,0.2484346174322513,0.6061668816228086,False
P00644,P113G,1.5,1.2477265668164106,0.7322981425698145,1.4966295628937365,1.1241899114012164,0.929662235078946,0.2605520585663269,0.909183953341908,0.7915850039527278,1.1053369527758332,False
P00644,M114I,0.5666666666666667,0.3485972217936554,0.2319746984415462,0.1455262626707226,0.112257491221332,1.4534399776474,0.0227629225688481,0.9277038823766852,0.4853385416623797,0.7139559243322523,False
P00644,M114L,0.7666666666666666,0.2443278754541244,0.2264577491418245,0.119986332339108,0.1772924884085149,0.4571766836821148,-0.0154232483302963,0.9635441011395762,0.5089752373972967,1.1098510185062218,False
P00644,T115A,1.3666666666666665,1.140481009607146,0.8086546004108224,1.2111884257078835,1.22497134944855,0.7142191955934971,0.4120520219403475,1.1042549362308394,1.1815251349066656,0.6614923638792646,False
P00644,T115C,1.1,0.57226821263604,0.1398517644866791,0.4947284194478047,0.5144822646710964,0.1793523589853868,-0.1004952338226185,0.8400495094153421,0.6550259871141728,-0.37052372023418323,False
P00644,T115I,-0.6,0.0837776483240514,-0.1795268245508189,-0.084044637877506,-0.1637495840330002,0.3001295053725096,-0.0974918336496984,0.619545383166764,0.3294098508625691,-0.13536125038503366,False
P00644,T115S,1.2428571428571429,0.8829707938205645,0.5861190570417152,0.9741930733108528,1.091238282748094,0.3817050466382695,0.4592174612562788,1.1559170685737716,1.1708177295031348,0.6635548680786562,False
P00644,T115V,-0.4,-0.098202999903051,-0.1177817006379595,-0.0651606991962154,-0.133993681211393,0.346772357079152,-0.116917259898181,0.7230226223396039,0.4171371780214918,-0.08134588065673964,False
P00644,R117A,1.3333333333333333,0.9167771038126464,0.6606686494682241,1.0499230908700057,1.0477285603128457,0.4842385177740145,0.361287010090148,1.4358628001588951,0.9338144818144092,1.0471736971212264,False
P00644,L119A,1.6,2.0386710575125044,1.494015689774183,1.549380410767591,1.7208688172512543,1.2014524221761822,0.5163710329329694,1.7307649751401566,1.4862220963288966,1.1928134154644567,False
P00644,L119I,1.8333333333333333,0.4962714183729209,0.1972208827683906,0.2302933260986159,0.9640675159588616,0.5869342221980756,-0.0413060160742206,1.4097187282611086,1.4024658269611658,0.19503580065247267,False
P00644,L119V,2.8000000000000003,1.341513046545158,0.6883422804879841,0.8316985952164766,1.435026859619303,0.8623550905554328,0.2821798843027964,1.607163264634055,1.6305085669940955,0.7394537547981972,False
P00644,L120A,1.55,2.041438250896696,1.5685407569086889,1.4202040026754816,1.1071897558604875,1.2014524221761822,1.001725757888749,1.8998966816900185,1.363407543132346,0.916859548833446,False
P00644,L120G,0.4666666666666666,2.447777473056911,1.9719935523441288,1.6170609203420905,1.4023915152134263,1.841681641259816,1.1614131973970383,2.017270128501596,1.4051880793765292,0.6594952073239397,False
P00644,L120I,2.0,0.3558859786645397,0.1038908177134113,0.3046523171355693,0.8230897396781591,0.5869342221980756,0.2882160437653907,1.5736648185169226,1.2719995292687625,0.7415106541915714,False
P00644,L120V,0.15,0.8996464135352154,0.5402186515167571,0.5139445422360066,0.6234337501518029,0.8623550905554328,0.3282110365398343,1.6021714020121418,1.2546662215762758,0.8919020950338209,False
P00644,V121A,2.1,1.8562046806442187,1.5352741395435072,1.8820765165522289,2.132299823573492,1.0343518725154948,1.2145668328899633,2.362722110707616,2.27264882867552,1.914009378217654,False
P00644,V121I,-0.1,-0.0885385180757813,-0.1538559076021028,-0.2235839528751187,0.2618283187616073,0.2068428039589834,-0.3949745824855125,1.5185477277980988,0.8892009372612579,-0.20842616524914337,False
P00644,V121L,0.8666666666666667,0.5854290059735627,0.2427915151796061,0.389692148205026,0.8055066452995948,0.5729438288087083,0.6986192967278962,1.9598975740318727,1.4814600243493303,0.8384390350228048,False
P00644,V121S,2.3,2.1551296458334623,2.041700690963265,2.598330573491308,2.9660260677311263,1.2885300480370143,1.7704325080001069,2.6784253450717124,2.8448667331060085,2.706929472198841,False
P00644,D122A,-0.3,0.1208370219802761,0.0137649629206316,0.0906380981395235,-0.3144483794325353,0.3830785361353898,-0.1290263104463388,0.6882586896632715,-0.1491446017975815,0.5359181606675517,False
P00644,D122G,0.4333333333333333,0.5750326072870571,0.2854515363053219,0.7519332616785956,0.6838989264141637,0.5697595279787511,-0.274048491300818,0.7885737991637042,0.2800624712454152,0.9234762669846728,False
P00644,T123A,-0.0333333333333333,0.6515447091076163,0.6885489647177927,0.9977408407607176,1.3341658114314172,0.7142191955934971,0.420212365301554,1.4977898989850982,1.251350383741789,-0.1025773293848784,False
P00644,T123C,-0.6,0.4547227401884859,0.2401533789046795,0.4764826594808683,1.368656070655374,0.1793523589853868,0.2059392869537884,1.4670256575936624,1.267455137968612,-0.6526329371989916,False
P00644,T123G,1.8333333333333333,1.6825609327332938,1.672568685265419,2.160123713578256,1.931713046095049,1.0479198155054508,1.4029226390863936,2.070763131044272,1.8453542857658665,0.9504659729233325,False
P00644,T123I,-0.725,1.265762518190677,0.6737282178870874,1.2691345833896155,1.604466239242095,0.3001295053725096,0.6976921587875979,1.6067564938169547,1.8347218181665528,0.30175241097600547,False
P00644,T123S,1.0,0.5314719093365776,0.5124300047539785,0.8743693881000304,1.6285344112241902,0.3817050466382695,0.5024091423118631,1.5906340120377789,1.5309568439568984,0.5172950779931887,False
P00644,T123V,-0.8,0.4750454631627924,0.1976321304744466,0.608886792343902,1.4025284713752142,0.346772357079152,0.3572108384299562,1.5216171704566837,1.49885745223151,-0.3985076184505696,False
P00644,P124G,0.35,1.7135513200930774,1.310060492436066,1.561860648362941,1.217113918315631,0.929662235078946,1.030723642230308,1.3578704256557454,1.2752335074623065,0.808749772178362,False
P00644,E125A,-0.3,0.0009964349732036,-0.0584233630677581,0.0401643625380639,-0.0061011240803878,0.2608713460382981,0.1592161611662998,0.5310756682669389,0.116564676866202,0.18925128293450955,False
P00644,E125D,-0.2,0.2660535067880595,0.1159062459155478,0.1681922136678944,0.3201182093693489,0.3743203631982903,0.2553371616575312,0.6675927246059099,0.3666010885922363,0.23810277313519518,False
P00644,E125G,-0.5,0.2496554633084842,0.04444440926393,0.2323918826021442,0.2153973202495968,0.6400959207537913,0.0068520604073329,0.5655150665624827,0.2737637825865687,0.32992209209657986,False
P00644,T126A,0.3,0.4226960326876586,0.4404494908458304,0.4113374806108547,0.3382418095541644,0.7142191955934971,0.4028742024629737,0.5914576440500546,0.588828538602155,0.4807331362401169,False
P00644,T126C,0.1333333333333333,0.3580979738174763,0.057597344165208,0.181442988381704,0.2609842689126292,0.1793523589853868,0.0267463201247909,0.5476385437402312,0.4702641079706812,-0.014065564521282048,False
P00644,T126G,0.5,0.4882063957371411,0.4085720689553812,0.3665239133101419,0.2156800643997303,1.0479198155054508,0.3781738322157131,0.593152088621421,0.4267741473537484,0.6027236272685986,False
P00644,T126I,0.5666666666666667,0.0725436675652364,-0.1964155546526922,-0.0249214319684293,0.0416219873937496,0.3001295053725096,0.1793419302039941,0.4128843072358167,0.4493680114203268,0.26655414180228276,False
P00644,T126S,0.0,0.3192808246684794,0.3024098590168097,0.262766712952184,0.3241855176613313,0.3817050466382695,0.3781382031838497,0.6242560957632705,0.5531874993620782,0.4942451036877712,False
P00644,T126V,-0.1,0.3969997468593291,-0.0274460605769375,0.0866213467452303,0.1177336545948568,0.346772357079152,0.2134090818501877,0.4559262111810165,0.4783954400917757,0.34769006105514566,False
P00644,K127A,-0.25,0.1723635540165802,-0.0113130126352819,0.2884622970494491,0.1522087144055315,0.3055327627161711,0.0837946308321158,0.1133485165827113,0.1610797826656189,0.6512779946049411,False
P00644,K127E,-0.05,0.6313214251343531,0.1943146432736637,0.5761793540542479,0.2488203939894617,0.3829837526569796,0.1897069722125611,0.1902564516035584,0.232576238757996,0.7535311605722722,False
P00644,K127Q,-0.05,0.1569939528294537,0.0807195924691093,0.1921548679312172,0.1885546443491985,0.1378486169347623,0.0291615768119269,0.0934289524844929,0.1185819372950825,0.45487637680037907,False
P00644,H128A,0.4666666666666666,1.2416936863662358,0.613634524031584,1.097048927765727,0.2851430223953342,0.5585512997788673,0.1924388370362074,0.4275900045474262,0.3084291816360192,0.7912917329419038,False
P00644,H128G,0.3,0.9371378529893212,0.4503629568235562,1.052137191971538,0.358463928916339,0.85331007114965,0.0802152089470327,0.3525726946845209,0.3697619096160701,0.7837544312973551,False
P00644,H128Y,0.0,0.9448320498312932,0.3876984591279588,0.5445601587266482,0.2503905621751746,0.1593830289141042,0.1299395967918551,0.2574138045391316,0.3855210382456194,0.822410504910464,False
P00644,P129A,0.55,0.3265015064826326,0.2090098100437737,0.2749832265972639,0.1020372400428506,0.8389758894075345,0.2214399437660206,0.4054562270108161,0.2986934253229956,-0.2022243259161618,False
P00644,K130A,-0.1,-0.0701295037030092,-0.2246530941010481,0.0057265437176958,0.1921122123880392,0.3055327627161711,-0.0627641645612893,0.1153290305418335,0.3911540814091078,0.04127255680468356,False
P00644,K130E,-0.05,-0.161898220221201,-0.2309808095151007,-0.0397917044868657,0.2611374241780096,0.3829837526569796,-0.0266469061948543,0.1781929718887045,0.4578722170079089,0.04321767405779087,False
P00644,K130F,0.3666666666666667,-0.0349609164397424,-0.2068312937940253,-0.0706077122252211,0.1573184172603703,0.3337267307342781,-0.1481572436312268,-0.0019004066184629,0.380993656678774,-0.006095921594957643,False
P00644,K130G,-0.2,-0.1882279941769061,-0.3448435260420261,-0.0965522371625616,0.1813716161559126,0.7248042648400427,-0.1274568363075064,0.0445225848048804,0.3377306996464939,0.15029029076632766,False
P00644,K130Q,0.05,0.0003893371038633,-0.0779078666677208,0.0095687885314191,0.1874580449939071,0.1378486169347623,-0.0513705203717489,0.1586197346765492,0.4151640760136406,0.0008249765199375148,False
P00644,K131A,0.2666666666666666,0.3636430231988667,0.1041711523577293,0.4739747792212714,0.270153298410723,0.3055327627161711,0.0330176093328607,0.309847516153901,0.3788339272877745,0.05398284752001442,False
P00644,K131F,-0.1,-0.1168853266549588,-0.193722713096345,-0.00673387949718,0.2271920942778651,0.3337267307342781,-0.0600295356022039,0.1444013218428215,0.3773144578927497,0.07959962149708172,False
P00644,K131G,0.1666666666666666,0.4832443328193083,0.117744077389863,0.5380115201485245,0.2374487652570895,0.7248042648400427,0.0359308690984794,0.2753238457873118,0.3566025946957173,0.32717254681641805,False
P00644,G132A,-0.2333333333333333,0.5493694568451344,0.2927569638632484,0.144442053763803,0.1752356884663362,0.916421473108372,0.2709623920552052,0.5041209349290555,0.5463211794223872,1.0286479905992532,False
P00644,G132C,0.7666666666666666,0.639214574678511,0.3038405140471434,0.2500771869068819,0.3061589413396503,0.5220160443320266,0.0721625856053947,0.5504794342933852,0.5393786742826373,0.3222503845401754,False
P00644,G132F,0.5499999999999999,0.6765908480880654,0.1471429942976414,0.2339007023340613,0.3439372267210436,0.8206863528027217,0.2395405496756925,0.4208004824191734,0.5700766892513462,0.7968701634366562,False
P00644,G132V,1.0,0.5299260983789017,0.2038774420640465,0.2235297003281068,0.2780080792293795,1.2846427425672895,0.2853165185236951,0.5386668697703563,0.5994098871298862,1.048553626613728,False
P00644,V133A,0.1999999999999999,0.6571678210311875,0.670570963353663,0.4957915109493804,0.2186029271742742,1.0343518725154948,0.2681233522670497,0.6985431776439132,0.4013337349062246,0.7497502093214099,False
P00644,V133G,0.3,1.0482356318053443,0.6840927909652181,0.8364034283821253,0.3294039488473119,1.8065612933128488,0.2712061510220545,0.6652540077445666,0.336396310102327,0.9453162817517727,False
P00644,V133I,-0.1,-0.0016322681546779,-0.1108506153661189,0.0409104196029912,0.2408976180754986,0.2068428039589834,0.1343741210461534,0.5456964499895763,0.3308859060762563,0.4413317898522693,False
P00644,V133L,0.15,0.7118023423838375,0.4239861589406284,0.4690206989135869,0.3837420153948505,0.5729438288087083,0.3086786483088872,0.6736717536663267,0.4409749111097595,0.5725425565223592,False
P00644,V133S,0.0666666666666666,0.6628589785056459,0.6688375281970245,0.4066799963197523,0.2185282944834025,1.2885300480370143,0.2648235068580682,0.707942972833148,0.4245742850910353,0.7376899346963948,False
P00644,V133T,-0.2,0.1329620803412704,0.1131094488034071,0.1761982744735488,0.1293909763295498,1.1707108781884497,0.1280999497229131,0.6128830150931771,0.2547248570599952,0.4672985372329403,False
P00644,E134A,0.1,0.7124344401843663,0.682131520234748,1.1986362559521495,0.9294204815848864,0.2608713460382981,0.7904412550758388,1.0545685892086696,1.1472285592110745,0.7455816001690508,False
P00644,E134F,0.6,1.0246600872713738,0.5174189883628129,0.8956994729514396,0.8013179235170957,0.1067348298163372,0.744749471915828,0.765039728811107,1.0789845116219898,0.6098418689157263,False
P00644,E134G,0.35,1.0963935627445998,0.8517153403323038,1.5106629340070818,1.303478606609768,0.6400959207537913,0.9602533509009532,1.285358673683477,1.3055965129106162,0.7802081702043377,False
P00644,K135A,0.2,0.2590534563303793,0.1540529716063309,0.2649787830292068,0.6126504002061232,0.3055327627161711,0.2401940402521465,0.3572235152602315,0.4954529716947298,0.5663452185680472,False
P00644,K135G,0.2,0.4875040539853801,0.2519379550337856,0.320360685870998,0.8073774595788272,0.7248042648400427,0.3859747077368008,0.4792078708988067,0.5996296090921758,0.7604884797226167,False
P00644,Y136A,2.025,2.074192121493428,1.966451054862149,1.984989333871552,2.222662968878564,1.7437349920018923,1.485035710919306,1.9069740874884569,1.9410677029496235,1.7452279145258538,False
P00644,Y136F,0.45,-0.0034137514029368,0.0658765882940327,0.0138506893314174,0.5894909879796497,0.4611349587492128,0.3019495758700986,0.9477898778344972,0.7944261219553713,0.506863804742995,False
P00644,Y136G,1.75,2.06417262628945,2.132928580726291,1.6930399449063098,1.9895724067002225,1.6084509752438536,1.4765310994419327,1.903992127782019,1.8745114156173297,1.5192476555271908,False
P00644,G137A,0.5,1.1220572479790472,0.5839007857530568,0.8749008793284665,0.835087204510927,0.916421473108372,0.6586908184246982,1.309672022048426,0.9340504277813114,0.4720312363387691,False
P00644,G137V,1.6,2.210586942758099,1.8031927090900524,2.075774137237873,1.7554258407587764,1.2846427425672895,1.335924900519856,1.7171952427168191,1.6748116103164243,1.1509956797440675,False
P00644,P138A,0.0,1.1808941190134958,0.8070677437161144,1.0490788267403997,0.2947785345627082,0.8389758894075345,0.4068939082025397,0.6868792462559957,0.5101880337958955,0.3142748744327932,False
P00644,P138G,0.95,1.4000823667452753,0.8759791825301975,0.9237841987751014,0.7941075326127203,0.929662235078946,0.3490425614428225,0.7666780116533702,0.6705108106713535,1.0595921363037861,False
P00644,E139A,0.15,0.4807292213547836,0.3649283200400703,0.498514444895489,0.2878340704011073,0.2608713460382981,0.2370547438297149,0.7566091004258128,0.2966879457092432,0.33820769593465405,False
P00644,E139C,0.6499999999999999,0.3814831274265065,0.1749600309434548,0.3342140770960956,0.4397536618562864,0.0438247443486642,0.0750577298202447,0.7665057956336417,0.3487816028488075,0.08521938295907266,False
P00644,E139F,0.82,0.5510701573947057,-0.0403075748403714,0.5527308991329158,-0.027350417033497,0.1067348298163372,-0.0186930558265826,0.2841799967748048,0.2341084716901541,0.4533443290866497,False
P00644,E139G,1.4666666666666668,1.2934486221986048,0.9783090877071996,1.2256454158458046,1.3179387507722695,0.6400959207537913,0.6325699207137663,1.1193525599807754,0.7269390386648593,1.266460972178624,False
P00644,E139K,0.05,0.6172219761381659,0.2236789355800244,0.5397622145506904,0.0619002031675998,0.4116619799381557,0.2107252758710191,1.0024216831321635,0.2627009505143536,0.49699124250086124,False
P00644,E139Q,0.15,0.1993066833994128,0.0623259992581398,0.0737964267437078,-0.0427698781215857,0.1605155413051134,0.1135735321067441,0.5686521291384983,0.1456688584115911,0.4839636703059689,False
P00644,S141A,-0.3714285714285714,-0.2168610519566896,-0.0836449554568596,-0.1792436614918813,-0.2384297096689627,0.2432926602208638,0.0121562284400468,0.7774379034947695,0.3585694289170943,-0.42359407540414507,False
P00644,S141G,0.9200000000000002,0.3968756635465323,0.1917608272424903,0.3148308169663804,0.4045705843266705,0.428383407318773,0.1655047465210419,0.8837287799427032,0.6602469117197006,0.8544242305287002,False
P00644,A142C,1.125,0.1992046810705392,0.037451358805589,0.1727737886534983,0.0073962874425238,0.3486246112307368,-0.1831043352849921,0.5952911284931004,0.2467478649931286,-0.020479788134944887,False
P00644,A142F,0.7666666666666666,-0.0038716717274262,-0.0867931988437003,0.0815248031734982,0.0246403335046506,0.5669500479126135,0.05637528691567,0.3798900955487211,0.2785864133556457,0.29661414196727925,False
P00644,A142G,1.375,0.7058420134108291,0.3762297171203526,0.7581346731162465,0.267524340212126,1.0167834293510365,-0.0166254257669517,0.7628479349867091,0.4240494317683314,0.8836019943884376,False
P00644,F143A,2.25,1.909920754975903,1.6377498395768249,1.9002596144455024,1.7122236392384178,1.5289742388162222,1.2725191106379856,1.9353946791347472,1.7002404881763995,1.243137898774343,False
P00644,T144A,2.25,1.137099794038136,1.3389425448213976,1.5795297446567718,1.9515237717387897,0.7142191955934971,0.9637056400077494,2.2396488962271803,1.926371930075837,1.4976926093833627,False
P00644,T144C,1.05,0.4246159779873627,0.2804327892014505,0.5459749248689375,1.3459864208994217,0.1793523589853868,0.4114364330897138,1.8646662144425992,1.5002384628160597,0.33486702739308216,False
P00644,T144S,2.025,1.2741583392625535,1.3844712043527796,1.589043462964335,2.1451654348853224,0.3817050466382695,1.2512202714710896,2.467546335642685,2.170633914560287,2.1827309483270043,False
P00644,T144V,0.1666666666666666,0.2354654357203107,0.0505693601198766,0.2669887271343429,0.792503033951361,0.346772357079152,0.0306738164642259,1.6092215074905585,1.2485130436947105,0.5373404080678704,False
P00644,K145A,0.3999999999999999,0.4065529987202553,0.1300170520429966,0.4871484482742386,0.1129836021815557,0.3055327627161711,-0.2187356832805401,0.3814675013464544,0.2108559716863368,-0.3601401830562714,False
P00644,K145E,1.4333333333333331,0.8553212125413898,0.4942162151260599,0.7825727141674804,0.3441015828377505,0.3829837526569796,0.2737432753672857,0.6673513432393865,0.6430753982256292,0.4887983445859059,False
P00644,K145F,1.8333333333333333,1.282268166259491,0.7270830121168456,0.579638767311408,0.2563316446953744,0.3337267307342781,0.3470491262930977,0.3804048168008027,0.6657330103789748,-0.3441445276914119,False
P00644,K145G,1.4666666666666668,1.1678717932646592,0.5435371123362384,1.3073763727654844,1.0744573895901446,0.7248042648400427,0.0324572998976062,0.669441783556215,0.8182259370811165,0.7205820422689848,False
P00644,K145Q,0.9333333333333332,0.3474688085663793,0.157933993239427,0.320600823915352,-0.1173223930032378,0.1378486169347623,0.0474591652546554,0.4367692760767226,0.2335010499354473,0.2724016163841817,False
P00644,K146A,-0.15,-0.030854144094107,-0.041809562366592,0.15666400582635,-0.0927105066725889,0.3055327627161711,-0.0745022504631974,0.4335164530565999,-0.1082400540251504,-0.41000110088229513,False
P00644,K146E,1.5666666666666669,0.1554220225366976,0.0057132004987469,0.1550495062001521,0.0605199036634432,0.3829837526569796,0.0924229906723848,0.5568315854711997,0.1310865468228551,-0.04382780455559154,False
P00644,K146F,0.2,-0.179399474248539,-0.1635950664689829,-0.012371797955823,-0.3204926030523548,0.3337267307342781,-0.3297100742940029,-0.0481090355781049,-0.190772413521734,-0.2554805543959774,False
P00644,K146G,0.3999999999999999,0.2997884846384048,0.1456708136028283,0.6465584063653718,0.3443239860144959,0.7248042648400427,-0.047392066885711,0.5687318762723734,0.1948486475133826,0.44144874721915767,False
P00644,K146Q,0.0,0.0443377106392214,-0.0170394923953207,0.001385039900584,-0.1248325546039883,0.1378486169347623,-0.0139172815388902,0.4301761879983562,-0.0159597619339677,0.017962215960556582,False
P00644,M147F,1.5333333333333332,1.4854254053132625,1.076173987173663,1.873483980441672,1.4251779663371216,0.5018604314511835,1.0935474478573155,1.7661925370737634,1.6418373073121562,1.2996922891006542,False
P00644,M147I,1.4,1.5653442468923326,0.9726342134960732,1.8980165518811416,1.2939931151586497,1.4534399776474,0.755137587836369,1.591387449208818,1.471866663530512,0.5410892326099443,False
P00644,M147L,0.7333333333333334,0.897687234562337,0.7751839250557825,1.3320158544491614,1.0906658436182588,0.4571766836821148,0.7321724960066833,1.562743501166489,1.3773112126559688,0.8162655569208116,False
P00644,V148I,0.9,0.4201001623158905,0.3496058027297414,0.5222920536964895,0.7388437827696643,0.2068428039589834,0.515120302603594,1.501133433184059,1.3299550772530864,0.247787766288378,False
P00644,V148M,0.125,0.2731852191403849,0.1396359454933196,0.2860716989816943,0.6950260298036974,0.7465815673693317,0.0106256737361953,1.2697906887591297,1.1019452974735149,0.028285279514629447,False
P00644,V148T,1.26,0.8740770994436098,0.7962343720733452,0.9367460411470504,1.414796963132028,1.1707108781884497,0.7211118517117885,1.8087211711015976,1.555434646776343,1.2382896825520646,False
P00644,E149A,1.0,0.8384259569886499,0.4466058526381943,1.2326698816149186,1.1431864157557672,0.2608713460382981,0.4099153570445944,0.724074023986511,1.0678391368358855,-0.32222742890485523,False
P00644,E149F,1.3,0.858237690207055,0.1858282580731846,0.6837716343339846,0.7373453164848816,0.1067348298163372,0.3488537035533164,0.4387869439513526,0.9191855226275136,0.13903083421382045,False
P00644,E149G,0.9,0.9889232757197114,0.4774419028736199,1.276012124412618,1.399775715011108,0.6400959207537913,0.2674364222655964,0.7522512800951675,0.9426471952886738,0.11890382757657675,False
P00644,E149Q,0.5,0.3058808209934698,0.1166460573424942,0.2959231648376454,0.5809495312001807,0.1605155413051134,0.1903958280133547,0.5691958324560129,0.5944056950150642,-0.2351851586549374,False
P00644,N150A,0.4333333333333333,0.1054851345742161,0.0074550039092092,0.0830261683030292,0.222870945269001,0.4555207489795747,-0.142289657100219,0.3776231954077252,0.2964324376316117,-0.0018071114166933189,False
P00644,N150G,0.3999999999999999,0.3453459063133968,0.200939416628124,0.2466684181111147,0.2636378105374741,0.578843350847076,0.160960509020801,0.5904634744683539,0.2775031500165898,0.03378981536888498,False
P00644,K152A,0.15,0.1505740719341121,-0.0418515075178538,0.3388253416480335,0.1346398497225771,0.3055327627161711,-0.1493068274959615,0.0909231651779643,0.4091101616945572,0.1764534836519328,False
P00644,K152C,0.4666666666666666,-0.0565799437527842,-0.0372583895267985,0.101587837106912,0.25843735371658,0.2853726612194335,-0.2579300024230837,0.0920766853910817,0.4516492556374318,-0.08236254682551913,False
P00644,K152E,0.3333333333333333,0.2313449533214953,0.1144996200962728,0.4162484623425055,0.525461381184137,0.3829837526569796,-0.0299978238823059,0.1752252421518442,0.7830819583908502,0.2700940416588431,False
P00644,K152F,0.075,0.4595555491584929,0.1114527325908584,0.4256756438426751,0.5747400818619054,0.3337267307342781,-0.1365078968584833,-0.0287007025175318,0.6423719650403109,0.35707237028843697,False
P00644,K152G,0.5,0.1662789894272748,-0.0677000585501994,0.2393946094822406,0.0574601020545832,0.7248042648400427,-0.2132456694611531,0.1351388464619875,0.337791571249147,0.39669884528331456,False
P00644,K152Q,0.25,0.0032642117919782,0.0411415359515894,0.2802613843837731,0.2844247804829573,0.1378486169347623,-0.1290317028601638,0.0988878392220581,0.5729761408531008,0.31048335596629106,False
P00644,K153A,0.4333333333333333,0.4180094231477126,0.2468145754444261,0.424884091082424,0.5571713246117752,0.3055327627161711,0.2506822658283626,0.5330059750800646,0.2865933358590163,0.5912713666622117,False
P00644,K153F,0.0,0.2282450463339915,-0.1282638629044726,0.1763691554611301,0.4718998551387113,0.3337267307342781,0.0306275987791166,0.1577020226022285,0.3360023087406786,0.22268558448492304,False
P00644,I154L,0.2,0.0381592709560752,0.0526200896760887,0.1117776269326201,1.0466184979680353,0.3561546230629321,0.0823120110187982,1.075573892587247,0.9916830832939912,1.6138137491823878,False
P00644,I154V,1.7,0.6475861341766076,0.4907318944216364,0.6403265234977976,1.5059352671771884,0.4763940359887177,0.1009722849751676,1.129678160585388,1.2622489320187915,1.33048994141063,False
P00644,E155F,0.9666666666666668,0.4204227932082994,0.0116767983581333,0.407945681869666,0.4340240111309864,0.1067348298163372,0.4554333708597752,0.8458034658297562,0.7416290069360665,-0.1111936771650448,False
P00644,E155K,2.0,1.1196643523202887,0.8312326760536877,1.094454112573256,1.404396074414166,0.4116619799381557,0.9387248722543726,1.5579603536584936,1.3971702786357774,1.1011714378885005,False
P00644,E155Q,0.6333333333333333,0.0106106209822966,0.0224875122724472,0.1074669616417629,0.242282046843372,0.1605155413051134,0.2541457457180403,0.9468523387862172,0.4837444364409375,0.954198952501605,False
P00644,V156L,1.1,0.8753059317810117,0.506224555513966,0.8500055910604687,1.8046662034053464,0.5729438288087083,0.8747755592904692,1.7858792060958035,1.6381344464205063,1.2869418116349602,False
P00644,E157K,2.1666666666666665,0.7700143947248984,0.7808711710823183,0.9783153326933244,1.203043498392154,0.4116619799381557,1.1995193126847616,1.9496750920397747,1.5843057525126676,1.5044355869630441,False
P00644,E157Q,0.6333333333333333,-0.0151941786623911,-0.0900086460970915,-0.0423615756436276,0.1785362837196871,0.1605155413051134,0.1355346089850282,1.2054743064133904,0.7162090998928136,1.0119415719671774,False
P00644,E157V,2.203333333333333,0.8473112061675401,0.4337804970361986,0.5573553575054363,0.1509574445475144,0.3025040087971306,0.3910085373553885,1.4575443527411962,1.0250231986620917,0.5873547703029006,False
P00644,D159G,2.06,1.6175979082997884,1.3936738673540912,2.236552843696449,2.969420080654253,0.5697595279787511,1.3667338536107672,2.167800915569119,2.304373693259361,0.4020641228406009,False
P00644,D159N,2.7,1.456662731809526,1.310470080939167,1.7055821613224205,3.1299681192414326,0.339742220712424,1.6667923360061656,2.1209484454260923,2.760606121456879,1.2010093415774228,False
P00644,K160A,0.5333333333333333,0.3671752870396868,0.1821307918269533,0.3381925851892984,0.5975685510580236,0.3055327627161711,0.370919575845604,0.6449295840313621,0.7545408791088812,0.1077539142285307,False
P00644,K160C,0.35,0.08928137021453,-0.0855456054901327,0.0008020265666503,0.3991192995465239,0.2853726612194335,-0.0315741357486351,0.5295796449619169,0.583681767600593,-0.25728003054704884,False
P00644,K160E,0.7333333333333334,0.8063126079626137,0.5419118061300751,0.6196029674774817,0.5860006144478442,0.3829837526569796,0.4793326691093658,0.6981439515065764,0.8809772764056543,0.6540739643700918,False
P00644,K160F,-0.1,-0.031553061954118,-0.2217162717752483,-0.1491251837816222,-0.1243362234330697,0.3337267307342781,-0.1034827217921214,0.1655375044673733,0.3682196002937108,0.08200889726162497,False
P00644,K160G,1.0333333333333334,0.6806493777117584,0.2590125197910869,0.6502645416786901,0.9063288111323564,0.7248042648400427,0.3267098365583862,0.6108838535013345,0.8046638231710151,0.19543313215653774,False
P00644,K160Q,0.1,0.231152145912934,0.1408342888337438,0.0559890439772612,0.2337887635516517,0.1378486169347623,0.2019873865596753,0.506124065404901,0.5280490600888388,0.15114181051471737,False
P00644,G161A,2.225,1.642770769390235,1.203805351710154,1.1680668348255314,0.9632611648011202,0.916421473108372,0.9258791723490316,0.9991871969634828,1.099887525607524,1.1325728076221626,False
P00644,G161V,2.2,1.2967290947380263,1.30261907191232,1.175822388071999,0.9332479022886272,1.2846427425672895,1.0144790651407944,0.9254264948530846,1.1518080948000062,1.1200414604054807,False
P00644,Q162A,0.05,-0.1429655969484865,-0.0360614661992397,-0.0737602317112729,0.0842023190062248,0.3064432922577295,0.036980458426165,0.5401889725120188,0.4121511119848469,0.26609603460333964,False
P00644,Q162F,0.6333333333333333,0.1258576085644959,-0.023451530978902,0.1525560213166031,0.1849902430069033,0.2097763005887278,0.1691480186097845,0.3874040305556762,0.5286278944330081,0.31620794814140946,False
P00644,Q162G,1.2666666666666666,0.0674924119013317,0.0835796258627347,0.1383474173921416,0.2465952153937791,1.049600017225793,0.1176031336673657,0.5435746642024567,0.4816051464462429,0.4213648562999019,False
P00644,R163A,1.0333333333333334,1.3311023376224418,0.871472026208601,0.9289452758094696,0.4104706908598382,0.4842385177740145,0.3787396672230833,0.9359489637596192,0.4412432019142023,0.4362703989785133,False
P00644,R163G,2.066666666666667,1.5079833455630614,1.1933737169751963,1.0577305555248198,0.8047847899302845,1.0033475316963538,0.6886253229110466,1.173195668023422,0.6732881735632251,0.6103970645238066,False
P00644,T164A,0.8666666666666667,0.3613958332513182,0.3999273265446196,0.4941118973282716,0.6375142466541595,0.7142191955934971,0.1241758151551704,0.6589185653872102,0.6370993827801585,0.8055722967181232,False
P00644,T164C,0.1333333333333333,-0.0576876491187527,-0.13225214290668,-0.0712116081114713,0.3926154438204975,0.1793523589853868,-0.1995260714847904,0.5082350511981704,0.386586186273531,-0.48135184523270313,False
P00644,T164G,1.9,1.4221416458038243,0.8557920295580548,1.218201550250032,1.0777132551552586,1.0479198155054508,0.3302326480454733,0.8573678943084607,0.8738572179328907,1.1167035610272258,False
P00644,T164I,-0.4666666666666666,-0.0862196266207526,-0.2080195246739184,0.0772491899492916,0.4220107650839731,0.3001295053725096,-0.0538422229755455,0.4372158515289451,0.4559317324352044,-0.04297975630755424,False
P00644,T164S,0.7,0.2844109742359909,0.2951111092254524,0.334571146864817,0.6504625407938629,0.3817050466382695,0.2780078330416169,0.7526982683551867,0.6946961037262626,0.501854319389143,False
P00644,T164V,-0.2,-0.1057788320644751,-0.2110733881903496,-0.1069173037349048,0.4116505381422952,0.346772357079152,-0.0439019205978764,0.5041347271368036,0.4189731812431688,0.14395177489825584,False
P00644,K166A,-0.15,0.130166556205332,-0.0491231640356711,0.1544824040593795,0.5972108884425713,0.3055327627161711,-0.041468515058652,0.1224623436545182,0.5993451650690094,0.1635826906122066,False
P00644,K166E,0.0,0.1353267192295245,-0.0734217256948584,0.1060035308979426,0.6625458170059737,0.3829837526569796,-0.0004004173472565,0.179073520724177,0.6587576670806062,0.41674506650620124,False
P00644,K166F,0.8333333333333334,0.4548752512482135,-0.0247031419079166,0.0450748907397965,0.5163085633817411,0.3337267307342781,-0.0648169104491444,0.0529908175938375,0.5413567514112181,0.5045756510270821,False
P00644,K166G,0.35,0.19281733701603,-0.0278354597673034,0.0944158395043212,0.6317599467631905,0.7248042648400427,-0.0366068291002918,0.1409239790905427,0.5920290334833608,0.257662543417089,False
P00644,K166Q,0.1,-0.0153309222893904,-0.0539914307159897,0.014488705555094,0.5978997339887625,0.1378486169347623,-0.132496387947936,0.1058978965541723,0.5851493725659649,0.2542673174493627,False
P00644,Y167A,0.3666666666666667,0.6153192158142607,0.4653054920434769,0.7823987950231998,0.0495894130732908,1.7437349920018923,0.5374067051013082,0.7314232148175364,0.4002757490871766,0.4457550424522351,False
P00644,Y167F,0.08,-0.0435769662804054,-0.1244292122959603,-0.0981395489127943,-0.1052870318720976,0.4611349587492128,0.2159473308028824,0.360333076945975,0.2325864429020729,-0.012724780099721555,False
P00644,Y167G,1.0,0.9363200083012412,0.5457506954412898,0.7575641789463632,0.1680986743033987,1.6084509752438536,0.534523354499497,0.7585477920981869,0.4007272706049459,0.28537795448796754,False
P00644,Y167L,0.1,0.3788008162036247,0.2018676035419096,0.3701887797025424,-0.0140035779406172,0.9739325641533106,0.3956109613326768,0.592945490907083,0.3418604820591582,0.15927132811889178,False
P00644,G168A,0.4666666666666666,1.1898208108726678,0.7607821871371894,0.8370133424859152,0.4843199369514055,0.916421473108372,0.5214952034732915,0.623805123323264,0.7870061108998402,1.0739499072758538,False
P00644,G168F,1.9,0.990737944054824,0.3808656329042182,0.7069715992435464,0.5532589255982693,0.8206863528027217,0.3596420817083171,0.3583772016400747,0.7979666516927404,1.0573520514624541,False
P00644,R169A,0.8333333333333334,1.1329585878856554,0.8211363699034482,1.3835745008910152,1.07677043926508,0.4842385177740145,0.7272600836670691,0.9529549627962896,0.6441959636894611,1.5629146167459416,False
P00644,G170A,0.15,0.5484008531535622,0.3780512084977863,0.4485637486263423,1.1789368420395296,0.916421473108372,0.3854191413752577,1.0710387464960625,1.2126997452121562,0.3493454958905821,False
P00644,A172G,1.8666666666666665,0.8115612271781998,0.5925836352016416,0.8839228302307761,1.900145476168876,1.0167834293510365,0.2872552330021338,1.440474909615975,1.4344686933187725,1.3605399820738004,False
P00644,A172V,0.1,0.6774662395027025,0.2599371894338939,0.1853230343479008,0.1034972599956573,0.554681399987439,-0.3371410572131122,0.9892572132649295,0.6012509677091495,0.4463611720634643,False
P00644,Y173F,2.275,0.3525037472477653,0.2111783277208752,0.3020663131511233,1.284174816079951,0.4611349587492128,0.5591550896779577,1.868351449626248,1.5330054956111792,0.5437013200684047,False
P00644,I174L,0.5666666666666667,0.122010303580837,0.1547745836545881,0.3536621936245862,1.6693582893666368,0.3561546230629321,0.2808060959819693,1.8591411691564568,1.8161396102426424,1.1734787675696579,False
P00644,I174V,0.4666666666666666,0.3926907740148652,0.3236282505412966,0.3292105205650362,1.5205934571416984,0.4763940359887177,-0.0677067556470871,1.7345253926452635,1.6197441019194805,0.5841286853892443,False
P00644,Y175F,1.875,0.1011724497213604,0.0402206621499764,0.1114458342692058,0.8762080443424608,0.4611349587492128,0.3379590788964761,1.3652313363198287,1.0237453266230765,0.6700284069955856,False
P00644,G178A,1.7,1.70153520871816,1.3011013896268868,1.0906672738384813,0.9491661661827514,0.916421473108372,1.012619070302342,1.2025975711691117,0.940850235516572,1.4413783895656953,False
P00644,K179A,0.15,0.3171822074699926,0.1816060512557586,0.3659805822116757,-0.0092180431980857,0.3055327627161711,0.3450757941282549,0.7337715241335097,0.1873439538134746,0.6177963168368142,False
P00644,K179E,0.5333333333333333,0.2819752364581987,0.0267863195742658,0.230243363478465,-0.0513518596873583,0.3829837526569796,0.0713247943170077,0.6205180447520906,0.1501338882827429,0.5062769802660592,False
P00644,K179F,0.6333333333333333,0.4136159179380018,-0.1058653031695455,0.304911895049267,0.1257463145460183,0.3337267307342781,0.1068971589581588,0.1208724336491909,0.2007552840925014,0.47124795170283146,False
P00644,K179Q,0.3333333333333333,-0.0727166644828068,-0.0648379125292826,-0.0907884484244226,-0.2671105319885463,0.1378486169347623,0.0464679424899564,0.5191015819027289,0.0114181117173668,0.3815797974638225,False
P00644,V181I,0.15,0.8987293296432586,0.3560094370715757,0.7123161926420666,1.3151486069430862,0.2068428039589834,0.2685659536644366,1.7601042061379002,1.3562490489257342,0.15864661497170296,False
P00644,V181L,0.2,0.2635030937408765,0.1680017438549752,0.494270722662052,1.3915649722795738,0.5729438288087083,0.3237531850910028,1.8102636824489,1.4261119349137423,0.07103813950667143,False
P00644,A184F,1.7333333333333334,0.6961127203388413,0.601495809198447,0.9513574642031386,1.2170864793974308,0.5669500479126135,0.7590533384422241,0.9878433638236837,1.1837090973445048,0.7210676540250962,False
P00644,A184G,1.2666666666666666,0.8190071480321945,0.5591409658736664,0.9933039732671868,1.265134594477568,1.0167834293510365,0.4131572961646992,1.3903336987614805,0.9826663387318304,1.5426654933483743,False
P00644,A184V,1.7666666666666666,0.4055913489168579,0.5750343969085502,0.8872014166427699,1.4663236135994882,0.554681399987439,0.5337970626531552,1.248912982201199,1.4198399412906109,0.14596924985042625,False
P00644,L185I,1.0333333333333334,1.0316952666807009,0.3694830611908486,0.9932367290081692,1.5448065637966806,0.5869342221980756,-0.0164619938850198,1.6864219970135723,1.789279785923058,0.2400209926933804,False
P00644,L185V,1.9,1.3013272288726336,0.5666913086591727,1.146969327559237,1.490429025486304,0.8623550905554328,-0.2126258864246128,1.7089585848327924,1.826307473928035,0.8692971295590487,False
P00644,V186I,-0.25,0.0607959458756595,-0.0654079086224405,-0.1732863038993301,0.3064518918822757,0.2068428039589834,0.1525335799590258,1.494808761649656,0.9578659329064708,0.35311732084327635,False
P00644,V186L,0.7666666666666666,0.627278263505651,0.3157975627252741,0.66063579849809,1.203641905186308,0.5729438288087083,0.3477769923451833,1.6523209032837023,1.5340390825071626,0.8822819395895145,False
P00644,V186T,2.4,1.3539206536259498,1.076733098367174,1.6254227568483084,1.8667082768194347,1.1707108781884497,0.4319388949135446,1.8382927557631468,1.7502393345278182,1.361000629313013,False
P00644,R187A,1.3,1.1156040660230762,0.6614698631253888,0.3652607181225008,0.3424095546566253,0.4842385177740145,0.5543400551527552,1.0428691564436925,0.3095040184131583,-0.09387433980005067,False
P00644,R187C,2.55,1.529782087953795,0.8144813199968975,0.8714683568711076,0.7582192825239809,0.122337064864409,0.5650383710228564,1.0021308181133963,0.6265644642912714,-0.05997488135480533,False
P00644,Q188A,-0.15,-0.0968754852859364,-0.0551952457932911,-0.0247165990182148,-0.0211420937076278,0.3064432922577295,-0.6016905970254781,0.4677745244355497,0.0915315717291544,-0.24379579655150296,False
P00644,Q188G,1.4333333333333331,0.7445569809357092,0.4324868721706222,0.8306740576200587,1.1168476350978949,1.049600017225793,0.0239874775333268,1.0161728047493686,0.6447961662646018,0.44454788343576745,False
P00644,A191G,0.9666666666666668,1.263993163533608,0.8084897803699016,1.2582234347323122,1.482016461962847,1.0167834293510365,0.4514884541157368,1.5798245459505045,1.27586714090739,0.7976406702026804,False
P00644,V193I,0.6666666666666666,0.995138793708242,0.4002120640298797,1.0421118290924507,1.0771126051963429,0.2068428039589834,0.6174595907488019,1.512803067537177,1.3126856163649765,0.6800379619212857,False
P00644,V193L,0.8666666666666667,1.1720578353750708,0.6758886683041286,1.2739658596340426,1.4416140440319982,0.5729438288087083,0.8541256515466744,1.5494340102407145,1.6966048061419214,0.9210515286009717,False
P00644,V193T,2.25,1.2928036477864953,0.9992784037069132,1.5363235699701867,1.67050601491384,1.1707108781884497,0.9513500356758234,1.7065419748981026,1.7649947634077734,1.6194542521541,False
P00644,A194C,0.7666666666666666,0.2983465543861184,0.2675926421815533,0.7308584394413336,1.074367872549714,0.3486246112307368,0.0490426361648613,0.6543528679343347,0.9549114762074132,-0.3555044541245189,False
P00644,A194F,1.3666666666666665,1.1120465085020352,0.7425577952292794,1.4981469744089682,1.082551345342827,0.5669500479126135,0.4716777786591962,0.5669388199787756,1.141868471961712,0.5269430913575354,False
P00644,A194G,-0.0666666666666666,1.0899130695478472,0.5947062587491564,1.1721090473381222,1.2975832360205448,1.0167834293510365,0.1061352289011706,0.7409639089651703,1.1299809008587622,0.1925998774336074,False
P00644,A194V,1.3333333333333333,0.8738786892353362,0.6518819334689419,1.6205917299025363,1.189729904509009,0.554681399987439,0.4106217207527426,0.8340540814071582,1.3385651512333017,0.05476211261899,False
P00644,Y195A,-0.05,0.7470243569782721,0.7046333779699232,0.5617439293325592,0.7358193281385228,1.7437349920018923,1.0760677984721698,1.3315511819358952,0.9292709790963516,0.09894598152096373,False
P00644,Y195F,-0.0333333333333333,-0.1073355943284831,-0.1559337225253756,-0.1428396400249396,0.0866020181876533,0.4611349587492128,0.3329259729461676,0.8019211741050845,0.6061939618739076,0.2649943461227792,False
P00644,Y195G,0.2333333333333333,0.7740907526078863,0.5042471490923177,0.3721232013768413,0.3438601532889031,1.6084509752438536,0.7434749330101845,1.2185724762919634,0.6042405895347767,0.23751761501639157,False
P00644,Y195L,-0.2,0.8503882893099404,0.5020171718578865,0.4393548655772573,0.5355125401036285,0.9739325641533106,0.6934626306334616,1.069859159753792,0.8092968722871399,0.11947497751331643,False
P00644,V196A,-0.0333333333333333,1.2111833378837005,1.0399273590753342,0.9523282743526164,0.6239962195722696,1.0343518725154948,0.8542074680938017,1.0747163697186566,0.9933628414811312,0.3327461549952002,False
P00644,V196G,0.1,1.7290331874950913,1.1995435433879291,1.195089926640667,1.3470038280301593,1.8065612933128488,1.2998600962029705,1.4526331848910827,1.4189515322737174,0.3519720312003004,False
P00644,V196I,0.1,-0.0692713353181259,-0.080291526202887,0.0905096484302089,-0.0044529969128746,0.2068428039589834,0.2790891905495285,0.7458215923889406,0.4112613713029019,0.402650931636188,False
P00644,V196L,1.0333333333333334,1.3566365613752054,0.8123450511950671,1.3456243026218766,0.6898685109011461,0.5729438288087083,0.9571141692759788,1.048810160052006,0.9839533153519932,0.46997657510598867,False
P00644,V196S,0.0,1.626755550644035,1.258566137453446,1.0921261784344578,0.7867713167512452,1.2885300480370143,1.0316979203620789,1.183196652830705,1.1318871494843392,0.15612298400242175,False
P00644,V196T,0.3,1.3305589315474526,0.8859754319926487,1.2721969557400754,0.603799175331446,1.1707108781884497,0.8172979965303873,1.0460077868728432,0.8618183214519399,0.4819558468296687,False
P00644,Y197A,0.25,0.8184448842605357,0.8005928295227858,0.9067896214288422,0.4299742672723852,1.7437349920018923,0.8635905076910824,1.0722383449803994,0.6173489842901836,0.6757584135157123,False
P00644,Y197F,0.075,0.0353300630669713,-0.0304055219770334,-0.056675549762316,0.1411623514345591,0.4611349587492128,0.3797160626505438,0.6047479276096761,0.3568694533385029,0.6693707837184695,False
P00644,Y197G,0.6333333333333333,1.078804462138501,0.9144170482853936,1.0342811012725046,0.5341420186843584,1.6084509752438536,0.9502120376224982,1.215997105629225,0.6764478332327496,0.585616389093217,False
P00644,Y197L,0.2666666666666666,0.6335203597495468,0.4007325321670191,0.7446218711327084,0.4400942210803669,0.9739325641533106,0.5400783295923126,0.7434017755884887,0.4951444611936048,0.5518364868327064,False
P00644,K198A,-0.6666666666666666,0.3370496170951668,0.078082110119313,0.2552949297647036,0.0443671260469968,0.3055327627161711,0.1640182885880238,0.1289890601140199,0.2242293610706971,0.18779164604385645,False
P00644,K198F,0.15,0.0513368599222293,-0.2434728585180163,0.2811809703713608,0.1959030389940011,0.3337267307342781,-0.105593402581701,-0.1644083486946998,0.2204217618515292,0.4481438945760798,False
P00644,K198G,-1.0,0.80452199330862,0.274168707704018,0.3863453244686035,0.2147569510597812,0.7248042648400427,0.14424241598923,0.2248725951375931,0.2964716288286989,0.3802458765699808,False
P00644,P199A,-0.75,0.95451554299451,0.7723286030679228,1.0061161945839032,0.4117864130204046,0.8389758894075345,0.5582780931775738,0.6781621092868582,0.3809722550333185,0.783231045322266,False
P00644,P199T,-1.0,1.0161389261330067,0.7424528328407476,0.8262526640313956,0.4597114487195268,0.6188726667915285,0.6142212253771643,0.6873297319748837,0.4790135399986817,0.8291625131127998,False
P00644,N200A,1.925,1.661269506594973,1.6160625009867196,1.6177060305456012,1.820976532128053,0.4555207489795747,1.6843782128383296,1.9723185153629783,1.648177197738938,1.2664861819516946,False
P00644,N200E,1.8,1.864099011755052,1.4660744383601405,1.7104935589936416,2.264315193734695,0.5219379710146995,2.075963117931773,2.246199374731449,2.114422826898933,1.3101415188636054,False
P00644,N200G,1.725,1.057879561173089,1.343691798590194,1.1544405015822818,1.465245272283184,0.578843350847076,1.731761435182078,2.0828346061818888,1.4152012828666125,1.2923160979528128,False
P00644,N201A,1.15,1.1932102556452684,0.8374315981538603,1.262533309949902,0.6970438680179338,0.4555207489795747,0.5131042052905941,0.9295488210238724,0.6511950246081502,0.368553201105532,False
P00644,N201G,1.15,1.5495442080799562,1.169238755188537,1.401118857351528,1.457851693503449,0.578843350847076,0.8456425264896931,1.169517301317315,1.04230162192862,0.15887997556148414,False
P00644,T202A,1.1,0.7902026211664125,0.7378154285442917,1.4042506357370372,1.3841410222136132,0.7142191955934971,0.5585882742870819,1.058911434931111,1.189743334587901,0.1828665477913356,False
P00644,T202C,1.6,0.3831629388030804,0.2922762332443336,0.5952735178342604,1.2499749902529482,0.1793523589853868,0.2749169848402999,0.9131671578005623,1.1242221554801033,0.06842304974566926,False
P00644,T202G,1.933333333333333,1.3557394530370517,1.0277266464417925,1.8492306216307195,1.642121660915965,1.0479198155054508,0.9596855092361114,1.3334158783296028,1.4394614536526755,0.40401266387566614,False
P00644,T202I,1.5333333333333332,0.8821956242200291,0.532513567123861,0.8766960408605445,1.670975863485061,0.3001295053725096,0.590037521451433,0.8155518744870855,1.5018000523164945,0.6375718869465778,False
P00644,T202S,0.575,0.1225007382989738,0.2098627352871799,0.3947961302374458,0.8939349485837991,0.3817050466382695,0.1599798946426801,0.8673783601905045,0.8343519787105503,0.3180386180152608,False
P00644,T202V,1.675,0.5450265033149659,0.3304502191568684,0.7583604048818227,1.3126762868822472,0.346772357079152,0.4478562183630085,0.8847152250559625,1.2096024356419195,0.26998918669864524,False
P00644,E204A,0.3333333333333333,0.5782146892847486,0.4414862527222747,0.706685306557352,0.6323656985536215,0.2608713460382981,0.2580608168117807,0.7622481760904734,0.7044717343635736,0.048485351802621035,False
P00644,E204G,2.033333333333333,1.502217594847438,0.914029617489502,1.4016391054155464,1.805052300756254,0.6400959207537913,0.6294177605720206,1.131205287268922,1.347678351183275,0.8904442844557695,False
P00644,E204Q,1.5,0.5965073379825767,0.4208646360105783,0.6872453807730319,0.1478194750147475,0.1605155413051134,0.4387644011060621,0.66029719540559,0.6741607956695257,0.18350290093675703,False
P00644,Q205A,0.2666666666666666,-0.2092213140017783,-0.0618128959950191,-0.091257429175994,0.0101072348513262,0.3064432922577295,0.0400543143345703,0.4523018327588333,-0.1110004699960451,-0.09510841829474681,False
P00644,Q205F,0.6,-0.1672583671181364,-0.1786927985123373,0.0529661624055292,0.0837057089823478,0.2097763005887278,0.1451236727258668,0.3396220038628117,0.1348865480808889,0.4912172490869965,False
P00644,Q205G,0.5,0.0284801552791666,0.0361279567887327,0.3039217733672489,0.4061238604660497,1.049600017225793,-0.0045159655853462,0.5906254023486583,0.0357783883767888,0.3993026868451336,False
P00644,H206A,-0.4333333333333333,0.4333839382466258,0.3576794896690277,0.3420309601326151,0.1398312225710639,0.5585512997788673,0.4594887207030401,1.0438736963788302,0.2640451358934759,-0.4206940044436406,False
P00644,H206F,-0.4,-0.4515883965297885,-0.4731693641984284,-0.5031188572247647,-0.2129057093892264,0.1409884232060799,-0.3152282220753823,0.4938692833199537,-0.0492442096873794,-0.5300487621103211,False
P00644,H206G,0.4666666666666666,0.9961717844411122,0.5291418409218049,0.6175778359571146,0.4598401265047796,0.85331007114965,0.5364059424249911,1.1615922316725311,0.3284964981892705,0.43044074823397815,False
P00644,H206Q,-0.6,-0.2019628404091621,-0.049666065002036,-0.1149129469844967,-0.4325954464155698,0.2831600273313526,0.0790723740147179,0.8790475389100594,-0.1176924142547749,-0.4568089563911142,False
P00644,L207I,0.9666666666666668,0.4848064150278855,0.1316070078831393,0.1898555916046268,0.4456112805345485,0.5869342221980756,0.0758502104953094,1.5766769794231146,1.1527295179328558,0.5159393681943006,False
P00644,L207V,2.2,1.4035670352460696,0.8133333502827543,1.0457103477008434,0.9399148469337372,0.8623550905554328,0.2930291357003709,1.7731554942331431,1.484520897359524,1.6572932946772363,False
P00644,R208A,1.5666666666666669,1.4720872679369272,1.0932745238322867,1.7260418081439457,1.5992008608321877,0.4842385177740145,0.8134204500004563,1.2350244729272322,0.9787827946201172,0.4580278626099722,False
P00644,S210A,-0.7,-0.1079927888041992,0.0189189017751823,-0.2264829233291458,-0.1844286103239119,0.2432926602208638,-0.1719496237799342,0.788123577217563,0.2747645286939147,-0.1836780570803216,False
P00644,S210F,0.9666666666666668,1.1660521770557926,0.6594749284704726,0.8944242238235462,0.7875224164708474,0.4134295424613732,0.7035516458384519,0.9910631676446464,0.9065291176002348,0.38356048475673143,False
P00644,S210G,1.5,0.9643392978810932,0.7797377964912297,0.8671435705492385,1.0138325281851306,0.428383407318773,0.4127659267950282,1.235722792540662,0.7924949298309946,1.1317424461670609,False
P00644,E211A,2.2,1.0587110198931788,0.9235441889339489,1.2467076846736005,1.5810347323983454,0.2608713460382981,0.835815437433674,1.4738614059076702,1.5206345248007742,1.4275278003332357,False
P00644,A212G,1.0,0.5164537232763078,0.2688024741202403,0.6260583358851385,0.3486455415110776,1.0167834293510365,0.0460959637034924,0.6356612532692212,0.2725561133698592,0.5976832521579712,False
P00644,A212V,1.1,0.2996899336429363,0.2656067735355452,0.3903570750049452,0.4672929479520512,0.554681399987439,0.2583550298141566,0.6183586719094609,0.5266686870779698,0.1007700633176189,False
P00644,Q213A,0.15,0.1220105254844088,0.1625610224200457,0.2346473201750729,0.0953586576033888,0.3064432922577295,0.0405708376674914,0.646444732137193,-0.0162849119910431,0.11812378548898483,False
P00644,Q213F,0.6333333333333333,-0.1994039135529973,-0.1231685197351076,-0.4032561511953024,-0.227713367374175,0.2097763005887278,-0.1292357664868067,0.3280073373575494,-0.2321277388854754,-0.05636492602484999,False
P00644,K215A,1.3,0.7703933511153765,0.4872006501868666,0.9188058360011816,0.6795808706067833,0.3055327627161711,0.3114450567339606,0.7303449165889502,0.7008193260483528,0.07275589720582892,False
P00644,K215F,1.3,1.0318769009493465,0.4209039886207992,0.9030546979112168,0.6886307530603363,0.3337267307342781,0.328673910750592,0.4504067611564163,0.7162454440415364,0.32855540718055043,False
P00644,K215Q,0.4333333333333333,0.6090678214270648,0.4974010015076374,0.51495088768798,0.4065935529279894,0.1378486169347623,0.249914147239413,0.7304435074339001,0.6041809891916289,0.18604507340502519,False
P00644,K216A,-0.1,0.1614621229303031,-0.0526603341847507,0.0958275418686097,0.0351352359562341,0.3055327627161711,-0.2149969677338336,0.1509280373725513,-0.0381252070112549,-0.04588193185777345,False
P00644,K216C,0.6666666666666666,0.1138128241558276,-0.0301599752490006,0.1141702173042049,0.063433384642316,0.2853726612194335,-0.2402171502388341,0.2112066817445722,0.0070254718861668,-0.12428616549172833,False
P00644,K216F,0.375,0.3318340238222086,-0.0145609566916686,0.3767613012965206,0.0423710943443793,0.3337267307342781,-0.1114769929196397,0.0222235347426003,0.106778171384272,0.1379561502289891,False
P00644,K216G,0.7000000000000001,0.4876863240463781,0.1370211573001158,0.5852103417770408,0.384712619946902,0.7248042648400427,-0.0474401387684181,0.3131644162745025,0.2840714219647847,0.4978684039918958,False
P00644,E217A,0.6666666666666666,0.4564873286349204,0.4707344140883904,0.5956932266316788,0.6066516214605857,0.2608713460382981,0.3776123065844546,0.7489043278937423,0.8187441623310573,0.059251618156299424,False
P00644,E217F,1.1,0.8720457197771319,0.440858255130223,0.6280644769199077,0.6849657560911722,0.1067348298163372,0.4297070950977583,0.5616927670075652,0.9669222902005284,0.22951301107685196,False
P00644,E217G,1.5666666666666669,1.0848561465485629,0.8057037848365256,1.2707882708923903,1.0378022750081055,0.6400959207537913,0.648331919636951,0.887260091237799,0.9668622969540094,0.4965333806922828,False
P00644,E217K,1.0666666666666669,0.8746664557130572,0.7833806948672486,0.777180510866554,0.6490141695937404,0.4116619799381557,0.6555035754424432,1.0893438280987002,0.9197833604875328,0.287366129648729,False
P00644,E217Q,0.6666666666666666,0.4554253386110299,0.3008150054859994,0.3775826826417349,0.5229843043364235,0.1605155413051134,0.1923531404306923,0.6795164988369959,0.6542000665156347,0.37831430065758354,False
P00644,K218A,0.8,0.3277384405864861,0.0692464558601469,0.3685639895762071,0.2342668151393162,0.3055327627161711,-0.1505176914849914,0.1731085552201954,0.2677580296142111,0.4740889609761957,False
P00644,K218F,1.0666666666666669,0.3829215683490795,-0.0879174320541486,0.1851466752036381,0.057059602332181,0.3337267307342781,-0.1080006375052457,0.0279725909221344,0.2448027454013805,0.31157694599883284,False
P00644,K218G,0.025,0.3759266497700387,0.1219932212010648,0.3453922915084543,0.1900220086096241,0.7248042648400427,-0.3523353741525429,0.1732163464678454,0.2122049195223448,0.26983086839811343,False
P00644,L219A,2.1666666666666665,1.5177106304964627,1.2633978942589448,1.5497710536250064,1.306889807762481,1.2014524221761822,0.3196829516464097,1.285013596434214,1.035643810641698,0.7185091121890749,False
P00644,L219I,0.7666666666666666,0.8279819548972267,0.4659919487338795,1.081222064861748,1.4731696666991363,0.5869342221980756,0.3720658873201425,1.1916810460816825,1.2235241752154489,-0.009203802970293551,False
P00644,L219V,1.3333333333333333,1.1533266379659368,0.6658774487711617,1.2226650908272396,1.7028342288567184,0.8623550905554328,0.3923958844345386,1.314311339284275,1.344197630412315,0.31622725682549496,False
P00644,N220A,1.0,0.2905366470290894,0.1976801683317491,0.2993281170105427,0.3496124135685529,0.4555207489795747,0.0312221942193305,0.8979688738052534,0.5141680735713446,0.43099366032711617,False
P00644,I221L,0.1,0.14760957421275,0.0683393696758469,0.2129367268695742,1.0746796246485744,0.3561546230629321,0.4301397391996517,1.337653150697215,1.1431308514343537,0.13511695753164077,False
P00644,I221M,0.3666666666666667,0.8795834160977097,0.4020764334811922,0.5978466143439516,1.2935235205877602,0.7620248195826685,0.551746992761816,1.3151193101588738,1.1652722566117937,0.02799636069385636,False
P00644,I221V,1.4,0.8167221857587139,0.6348594674453751,0.8123152801139252,1.7523553465463355,0.4763940359887177,0.651058007912259,1.5766739686681674,1.549300740681243,0.40861294006970883,False
P00644,S223A,0.26,0.5148578235402222,0.2898285467797105,0.4120080298017267,0.2843511683388717,0.2432926602208638,0.205725035994757,0.5381565554778043,0.4879458968313499,-0.03925336119819822,False
P00807,D170N,0.415,1.1116192046247348,1.0512249476979092,1.2141488731883343,2.0523278906329097,0.339742220712424,0.9231841155293244,1.195271062585062,1.298261664351358,-0.14014236789129653,True
P00929,F139W,0.6499999999999999,0.8837253600735357,0.7353846749380846,0.7808821350575851,0.7438298713039861,0.6861260040931049,0.7748677408410389,1.7876596931107955,1.003999825225922,0.17280856022925223,True
P01009,T83A,-0.95,0.7576607021837287,0.6026855826451458,1.2212092609463665,1.5986591611477938,0.7142191955934971,-0.0008318250513195,1.3591514681619987,1.307641314053107,0.18769447794497796,True
P01009,T92A,-0.95,0.2449078417114396,0.3823441891811153,0.2728243852067782,0.6478941563566123,0.7142191955934971,-0.3614226359333859,1.2970350833925848,0.9080382635413808,0.030027555469141765,True
P01009,A94G,-1.5,-0.0389503928895433,-0.1964908113701927,-0.2949230299842269,-0.169926261028979,1.0167834293510365,-0.3943835013063082,0.4498345108046841,0.1808110558224889,-0.9217084666538418,True
P01009,V169L,0.6499999999999999,0.9364066121526088,0.5370979170767514,0.549457407920877,0.384242230248274,0.5729438288087083,0.6649355145377667,1.446777933046073,1.3105263270654297,0.47683642161265055,True
P01009,V197I,-0.45,0.2699915591069388,0.1058155107492916,0.0850135709699148,0.1850235203115361,0.2068428039589834,0.2193500048778892,1.3928974377080523,0.978187559431968,0.14794729950126356,True
P01009,V197L,0.55,0.4777536526004245,0.4254957466248442,0.512584372904587,0.5977220359275419,0.5729438288087083,0.5181464315033935,1.5440202451211635,1.2682733521076526,0.38130452779656143,True
P01009,A207F,-1.4,0.2996263676717639,0.2444089244305808,0.2345953635482711,0.1865950420434672,0.5669500479126135,0.4663450884148587,1.3216170131102087,0.6597032473378921,-0.7888070043602036,True
P01009,A207L,-1.2999999999999998,0.3005001819979668,0.2815094242129426,0.0700999636596659,0.2218960784734671,0.5600622370961714,0.3014429269078277,1.3521253462238465,0.6872341760957946,-0.39094861449608787,True
P01009,A274I,0.35,0.5135946603820675,0.3526146505234114,-0.1169870785176771,-0.3111684350173387,0.4266509499960544,0.0833227075320364,1.6249855395025954,0.6423627379924751,-1.1043497561513638,True
P01009,A274L,0.95,0.8495448754008541,0.555905929104287,0.6398374848402033,0.4430253710044313,0.5600622370961714,0.0935118280374776,1.6314927257327525,0.9067633454349382,-0.5478159661566115,True
P01009,A274V,0.35,0.6641989428954947,0.5972408227838,0.3669558070655452,0.1803369632803315,0.554681399987439,0.1540588282342707,1.6937675489354,0.8839512062337439,-0.6511382981311256,True
P01009,A308V,-0.75,-0.0961208097439411,-0.1600346869628933,-0.0779200105670182,-0.0801521825190637,0.554681399987439,-0.1362783549754697,1.292707868215372,0.8077714294353878,-0.2188689020666179,True
P01009,V345I,-0.55,-0.2090385353035047,-0.1768483883642764,-0.2012356753480726,0.6412125522820793,0.2068428039589834,0.039116169118992,1.863564390459571,1.5241525741301856,-0.43596571295237696,True
P01009,V345L,1.1,-0.0206011837678656,-0.1833378391504736,-0.183658044789692,0.5393419706499829,0.5729438288087083,-0.0519580039947099,1.766410739818936,1.497040397024575,0.23813001668251232,True
P01009,K355T,-0.34,0.5908726811906078,0.4436961756334104,0.4061290861068117,0.7931165079970609,0.4098394248448246,0.0898156599544714,1.1462180145187304,1.130579732012224,0.11935665665416867,True
P01009,V388I,-0.35,0.0345803428816691,-0.1212203503493568,0.3424453992441611,0.5354328976235669,0.2068428039589834,-0.0328813992542952,1.6288139513781517,1.1339839897874833,-0.3105259544466704,True
P01009,S405A,-0.95,-0.2265517119876902,-0.1709972328043857,-0.1599306744333781,0.8048996875145222,0.2432926602208638,-0.0440687250313923,1.1004950913812883,0.8596904060112027,-0.7815493490813525,True
P01009,K411R,-0.95,-0.2335443509675291,-0.2395756130428979,-0.0840045151384145,0.8357195383080155,0.0988915994947232,-0.0860410394794756,1.0177311175336876,0.905509209268086,-0.29290413699995765,True
P01236,H223A,-0.03,0.6575202694833999,0.4302604484138101,0.702829744544708,0.2866236447893053,0.5585512997788673,0.3119098356537365,0.8284269043186093,0.5258371201225897,0.1912989335481789,True
P01241,S97A,1.1,1.020930546457688,0.6840008091910706,0.8213564536297462,0.6136211420765407,0.2432926602208638,0.3603140736008129,0.4440586057416151,0.4603972940196993,1.0165216943077877,True
P01241,S97Q,1.4,0.9665435390710784,0.6899929800307845,0.8298685683237054,0.9388582685620512,0.3553997937875906,0.5618976790730723,0.4913596299463386,0.6560371868221008,0.9095237071222791,True
P01241,S97V,1.25,1.434051650348017,0.9776246959476376,1.2640076408262595,0.9201959785224024,0.5043566358493466,0.6662879260000861,0.5645080786077348,0.5598306830468862,0.9446847410361154,True
P01241,E100L,1.0,0.9259202224729022,0.4746578387129812,0.6723939969341227,0.6365952772650827,0.1352009219435951,0.2504380802769921,0.5254704236630661,0.5705135733904259,0.569577454364135,True
P01241,E100S,1.0,0.3723439324104819,0.223368922109912,0.5539388144392697,0.5939490501701625,0.2643424724512143,0.2662951223663052,0.5517170727832124,0.5251923816436481,0.8806623131183615,True
P01584,R120P,0.35,0.2214794694532422,0.2646046364598872,0.3446615168061741,0.6742265676417583,1.6899027396760662,0.373476541749266,1.1600559650610862,0.6748564330732884,0.1434622595560281,False
P04637,V143A,3.6,1.812091125684035,1.4530766119531795,2.2843337343851715,2.1482632871677154,1.0343518725154948,0.8722352700821195,2.169176752960948,2.126266213132513,1.7126622537152467,True
P04637,Y220C,4.09,1.7777614923947014,1.731695985616729,2.089459242875482,2.344223500515505,1.0645013526027,1.7591490130965712,2.691934498258117,2.286978215368122,1.1700326149791849,True
P04637,C242S,3.103333333333333,1.2710176380563027,1.0096250209021942,1.204275184873961,1.5658247794059528,0.7017005580061673,1.0344760301362943,1.780094017371243,1.4856342800636342,1.5499546674296723,True
P04637,R248Q,1.9366666666666668,0.4764319237750498,0.3982674600456876,0.3749399786072554,0.332549018995381,0.4171261809856643,0.4395419649508225,1.0741984505290396,0.6630433679733879,0.4520315944993788,True
P04637,R249S,1.9125,1.821858329640296,1.3404689658679156,1.6403939794124327,1.1625188143504124,0.6585972295567544,0.9513052555358692,1.331783819782388,1.1692427328491524,1.0586443962111414,True
P04637,R273H,0.2475,0.1784647362367667,0.3475271175803126,0.2291137117986051,0.6388056726987891,0.5250120527140189,0.4476160370820746,1.43401646506659,0.8459122754383902,0.19044687470655874,True
P04925,M128V,0.215,0.1929032979038284,0.2304314505673116,0.184186036910987,0.6242710012702368,1.0898461366859795,0.1408129250176846,1.5102780008896926,1.243965412461357,0.13451319564066977,True
P04925,E199K,0.17,0.2609041733542129,0.3076033808818639,0.3368547304211813,0.1506511084170086,0.4116619799381557,0.0636581736845278,0.8266921191758717,0.4515913141079218,0.22705431533174747,True
P04925,V209I,0.18,0.1246063027273254,0.0798122273831035,0.0992051847964649,0.3756842912725579,0.2068428039589834,0.0550126092259275,1.4098680547377804,1.1012886310674557,0.14575505347574225,True
P04925,Q216R,2.015,1.0811396841418204,0.5082159440663865,0.6776852960316304,1.1604893173510034,0.1616001483508273,0.6636535053594953,1.5979260651163083,1.394422782602635,1.1108800119081947,True
P06654,G235P,2.39,1.9694712919748067,1.6633096042669162,1.4967951187894308,0.8227792150064746,1.613285065908277,1.1963733356568669,1.7510510280050735,1.2543958578167973,1.8644010873446235,True
P06654,K236P,0.19,-0.1736397479084743,-0.140390238279049,-0.0168354142269831,0.1321692159977663,1.5520237371588004,-0.1541475717202515,0.9426176701230468,0.660699961031869,0.36333256434568023,True
P06654,E241A,-0.4599999999999999,0.0747365126749115,-0.0366318955473419,0.1472104417099791,0.2843255964917605,0.2608713460382981,0.0609189755413794,1.0719519576020116,0.5630843619609293,0.3666788418491383,True
P06654,T242A,-0.33,0.3936521528628181,0.4703373189210681,0.4999854199798472,0.798088036368006,0.7142191955934971,0.0175332461217846,1.7496546097094352,1.293108547180104,0.44593737545169476,True
P06654,T244A,-0.36,0.5682159414148398,0.6502609439056914,0.5886213455865198,0.4298048528009253,0.7142191955934971,-0.0216857845291915,1.8730615917478737,1.4278655917832426,0.7060020987889557,True
P06654,A249P,0.22,0.8054789701927133,0.7333703639229285,0.4147343165705225,0.0913985444476585,1.6818975115145205,0.1453409681186097,1.7537325305780225,0.882089236250582,0.5126208681517271,True
P06654,K254G,0.055,0.74930216965272,0.3886380882722909,0.572260359093107,0.3808533399153405,0.7248042648400427,0.2674636829027004,1.3685593474543245,0.5148439183616853,0.6703700093124773,True
P06654,N263A,-0.28,0.6395249840522323,0.5331901425079718,0.5873165162507383,0.4424332849735661,0.4555207489795747,-0.0179332703433979,1.632505026114409,0.8249188468831674,0.05736377712211127,True
P06654,D273A,-0.36,0.2413150708534542,0.293588058826792,0.0378239867407932,-0.2653459858871372,0.3830785361353898,0.1684223535735375,1.250288422019172,0.6667402310078424,-0.16931476188981254,True
P06654,T275A,0.7066666666666667,0.8415547512639128,0.5251622829388088,0.889579145644418,0.720564990898388,0.7142191955934971,0.2735187443950925,1.0243581150360237,1.051908445059755,0.5306979330700877,True
P06654,K276A,0.32,1.2556940096421834,0.6882213880328105,1.0704070008354931,1.2684304629539116,0.3055327627161711,0.3822956142828339,1.9986643210224384,1.3698481459465324,0.7208154551238117,True
P06654,T279C,-0.69,0.1481144411544444,0.1096127524839336,0.3628623245264751,0.5764619876609677,0.1793523589853868,0.031280307355943,1.5586380850593038,1.2808226755330083,-0.4891880986040351,True
P07170,V10I,1.1949999999999998,0.5816495195858067,0.3331234293594957,0.5143467581636854,1.695926709914117,0.2068428039589834,0.4723271297304227,1.057492910535533,1.4040179405440778,0.22812419901830377,False
P07170,Q50E,1.0,0.0922145616646261,0.0598383907224461,0.2251269241579265,0.2249176650399882,0.329501777609918,0.0115822242893265,0.383837230285884,0.2823561090991708,0.3763210588339846,False
P07170,N171D,2.1166666666666667,0.2816716122687254,0.1713720739848181,0.2539030801419738,0.3529502335957133,0.3493393529451628,0.2057576604640442,0.4479341266177096,0.2378191232895361,1.2480092092807231,False
P07170,I215F,1.905,1.8737440062900963,1.130011437702877,1.9836460975885744,1.6681610663791075,0.9455214670764804,1.5954519226747614,1.8866248213268,1.432372899790824,1.8976025706743886,False
P08921,I40V,-1.185,1.2249530676702325,0.7459401683320861,1.0007451817538997,1.2669459952396676,0.4763940359887177,0.868168256585865,2.5901865866248546,1.5586754665336753,1.0378276492615455,True
P08921,V52A,-4.890000000000001,1.7225891436263994,1.3342164358241295,2.0478295138431024,1.4404236632139829,1.0343518725154948,0.6379821913978722,2.769364993786477,1.9629842330307992,1.8962211664330058,True
P08921,L72V,0.385,0.5273005745699703,0.1981824131834235,0.641469515319344,0.4991743908347378,0.8623550905554328,0.062061204072231,1.5161807420401494,0.9493147148778046,-0.2512632752858288,True
P08921,I79V,-0.415,0.4080679391510401,0.210184351990636,0.6232207506697769,1.2417083935412614,0.4763940359887177,0.0852075559230475,1.887444224406154,1.7544668545996054,1.5704990557237164,True
P08921,Y98F,-1.395,0.7601609243974812,0.5664387734169556,0.9485004612708184,0.7449972584766964,0.4611349587492128,0.3087164920817121,2.4197413524766738,1.797455237544834,0.4052643147379036,True
P08921,V100A,-3.005,1.472384363664609,1.098145806965818,1.3344084602238897,1.539089047290335,1.0343518725154948,0.3340748866069263,2.513167078517918,1.9199259874541927,2.0426305297910234,True
P08921,L111V,-0.12,0.5855172554137962,0.3669034534920729,0.3133868098067611,-0.2028075419488101,0.8623550905554328,-0.1351268515274525,1.2209383061540249,0.657636622138477,-0.08798216115016655,True
P08921,L117V,-0.775,1.1493749084319007,0.6336348128010183,1.0319990952385774,0.6067913536620292,0.8623550905554328,0.1581124227007876,2.571940508771964,1.8001866181913506,0.9072435148700426,True
P09012,Y13F,0.6499999999999999,0.1484300912477407,0.0762441579381365,0.1305214861732742,0.5491890610976649,0.4611349587492128,0.1678453688980289,1.880287466697586,1.22257413487003,0.41519206704286377,True
P09012,Y13T,1.2000000000000002,1.5747559608853146,1.129742605963136,1.7281063989169083,1.7741951909683966,1.1738025811046882,0.418733908297182,2.161249606025879,1.798745144402511,1.0990383481572588,True
P09919,L83E,0.1,1.844184197557052,1.4739624025632223,1.8360343700419013,1.027959533648584,1.7292332571077016,0.7865160841531551,1.160413447832898,0.893826016968194,1.3272644252772565,True
P0A877,C118A,1.23,0.8622570633076807,0.6498694106495189,1.0825550915905082,1.4797379577122267,0.7153209983560026,0.2591809830729576,1.3456136817244126,1.1785507748491393,0.44982771961487794,True
P0A877,C118V,1.27,1.357113112311897,1.1460087554621876,1.2517804628670028,1.5003275943622043,0.7132881222054334,0.7638397904690206,1.6592415767536788,1.350130191936321,0.30632100851005073,True
P0A877,C154V,1.01,0.4362392036962513,0.1364328873777771,0.1675314537503016,0.4273084960655494,0.7132881222054334,0.2430643627943883,0.8112533362776405,0.4458136734135009,0.09665222904810283,True
P0ACJ8,S129A,0.28,-0.3450366228754323,-0.1611980632611452,-0.2084763122899289,-0.0724885684194089,0.2432926602208638,0.2448722562088134,0.6078594242001764,0.0378533878470522,0.08923860690740648,True
P0ACJ8,S129P,-0.12,1.158649856132036,1.3080661226395736,1.5754746966426592,1.2051411082626973,0.9919249525564166,0.9996822008561154,1.176985454141785,1.1081614957640502,0.08850318001352381,True
P0AEG4,C52S,1.0,1.2995633469480274,0.8849057304665813,1.1277814043931256,0.943188481098716,0.7017005580061673,0.6574263845872083,0.9838856792381468,0.874164121520856,1.0985503367748812,True
P0AEX9,G45C,2.2,1.7259601718719266,1.5398167230371829,1.5090328844800631,1.9525880883089488,0.5220160443320266,1.493040950019456,1.785447146629555,1.855969812319938,0.6160164074878787,True
P11961,V129A,0.7,1.368182094590057,0.8147182459504106,1.2281340536190366,0.9440505073102674,1.0343518725154948,0.2466440784372559,1.8042550124784764,1.4557396339415836,0.3626872431171949,False
P11961,V129G,1.0,2.088852952282185,1.3886295733880485,1.785609860868442,1.4972155616891951,1.8065612933128488,0.8242676106316875,1.8509361623549097,1.8111035894933865,1.0763917192660384,False
P11961,I130A,0.7,1.0663740959907873,0.6923124530806565,0.914179852478632,0.7079404653488449,1.1841563309167786,0.4335677362321317,1.8216631600066289,1.0316469104643242,0.42203398169724515,False
P11961,I130G,1.4,1.5824724419771117,0.9499234694229426,1.2725354903043884,0.7774774653467906,1.9335670928902624,0.4548343189839638,1.8613935214248407,1.0790519460848895,0.8448009333732457,False
P11961,I130V,0.2,0.256240642875664,0.1562141871899294,0.2214425462514215,0.5662262448282436,0.4763940359887177,0.2092629581234539,1.702339004781944,0.9667058402511924,0.19213428574561842,False
P11961,A131G,1.7,1.7294871390536215,0.8478452248119936,1.9348354311645648,1.3872931047443455,1.0167834293510365,0.6183535499170416,1.8026263685678725,1.591687883423751,2.063366067207151,False
P11961,V135A,1.5,1.4801053964263378,0.9608521274607844,1.8737326066907705,1.30841257714026,1.0343518725154948,0.0370090026637865,1.6213838995367706,1.350624630889663,1.1918160179038182,False
P11961,Y138F,2.0,0.3791004123323565,0.1969648303598878,0.4225164541397267,0.5693909242647106,0.4611349587492128,0.3617916502200002,1.539779578945515,1.0115835467047334,0.7146359305623178,False
P11961,A139G,2.3,1.7047633371129822,0.8034257608881067,1.7533851105223792,1.6187662970852883,1.0167834293510365,0.2971601043620871,1.6790826838385464,1.337196484564505,1.7990677603321332,False
P11961,E141A,0.7,0.3885627502146627,0.1972054022089132,0.1658774731189772,0.2742562142642185,0.2608713460382981,0.2967895968534088,1.222808132664039,0.4066652146889731,0.14087374425340904,False
P11961,E141Q,0.4,0.2981631143571716,0.1642241492860032,0.1799298561662496,0.1231831687952682,0.1605155413051134,0.3056446060981491,1.2248631970463184,0.4407210586100069,0.35809427030704566,False
P11961,V144A,2.0,1.204099885155071,0.8813768745912828,1.634032974998775,1.3677494615305836,1.0343518725154948,0.4267663140678365,1.7981265437558185,1.6133324891361327,1.4896084975335824,False
P11961,D145A,2.1,0.7499917610850797,0.2976864748100913,0.6209246896120975,0.3633801213878159,0.3830785361353898,0.0715236221094802,1.3016327085181243,1.0875060420114984,0.9219061633184696,False
P11961,D145N,0.9,0.4731828552496247,0.1662641006855677,0.329490362359982,0.2335220518410274,0.339742220712424,0.0786165708723643,1.208898529387366,1.0020214822882985,0.5298447797381887,False
P11961,I146A,2.7,2.0694323620223343,1.18938661612592,1.9758330247296487,1.957563434130499,1.1841563309167786,0.5210867036490596,1.976609348585828,2.101618105181574,1.8676156761751501,False
P11961,I146V,1.2,0.8966623982952047,0.4275898095657069,1.0517016938699577,1.3293659006723952,0.4763940359887177,0.0880062807266804,1.8070670446041528,1.8538051930516068,0.962128535808724,False
P11961,V149A,2.8,2.320911103118516,1.28275127693714,2.2352218233262384,2.0606928067832,1.0343518725154948,0.248177778759683,2.1212000341852537,2.1626623603992217,2.391736130887611,False
P11961,V149G,4.1,2.560047425511045,1.659802321395659,2.483539133416744,2.74738664711802,1.8065612933128488,1.3271936354784295,2.315380384769462,2.650260278844402,2.9242301713463017,False
P11961,V158A,3.2,2.207085485356396,1.309262386602438,2.3077979448766057,1.9716467305845944,1.0343518725154948,0.4746018562013256,2.134015212082649,2.153971477419229,2.2470229681208265,False
P11961,L159A,2.0,2.0323653466349887,1.182308092027116,1.974098875183184,1.4291100797361824,1.2014524221761822,0.4667712431277116,1.7718811821003335,1.7630164196121931,1.4203102142959734,False
P11961,L159G,1.9,2.0462916763372623,1.093758227764902,1.8278134007122984,1.5462078510687822,1.841681641259816,0.2462102052170237,1.7224896930307267,1.6300447406822118,1.6045952369755148,False
P11961,L159V,0.6,0.5980928891338498,0.3573068065456444,0.3922065873034974,0.5622967669362374,0.8623550905554328,0.2313912379115141,1.6691064290735955,1.3607614324737682,0.7609712537008857,False
P11961,D162N,2.0,0.9405820625962612,0.4478682962855573,0.7530781028046024,0.6185969895709877,0.339742220712424,0.5618703105541053,1.5123896662037657,1.16976540756439,0.9782207682513746,False
P11961,I163V,0.5,0.359349535282723,0.2799581221060381,0.4124976710174402,1.0601190013987594,0.4763940359887177,0.1875762525300859,1.9078268997451449,1.7769227431532817,0.47142820181802614,False
P11961,D164A,2.3,0.9683848440641396,0.5466314846592598,0.91290423271881,0.66782247860302,0.3830785361353898,0.4470486784077091,1.49575524350123,1.0496975718879775,0.29348362952511137,False
P11961,D164G,3.7,1.642831007587321,0.6257678997300179,1.3042147838130336,1.2193828605411197,0.5697595279787511,0.412805068954392,1.4711793803756712,1.11268957217305,1.1969589269705696,False
P11961,D164N,1.9,0.4398319344888793,0.1283868005104461,0.2440709701892643,0.1618566025308956,0.339742220712424,0.3370063647736004,1.4471648032188908,0.807785600039556,0.23164331061151466,False
P11961,A165G,0.9,0.6586501866637777,0.1336808323623549,0.4412122920852468,0.454796316672969,1.0167834293510365,0.1383949144784932,1.3721742178948149,0.8281921159037807,0.7643096455579437,False
P11961,L167A,1.2,1.3775778777292804,0.8210312313626413,1.1854853890732533,1.0438341783289071,1.2014524221761822,0.1663010006859468,1.7929632539741482,1.3145289573045218,0.8046957732061373,False
P11961,L167V,0.2,0.7370533283037755,0.3781057719926567,0.6781348863211556,0.810400853969784,0.8623550905554328,0.1857228872321838,1.7431979224505227,1.3365482845097023,0.08722954999692034,False
P11961,A168G,0.3,0.753694738304409,0.2044778664307394,0.5154063169885943,0.3871754590720628,1.0167834293510365,0.1662617094588246,1.2858192622593907,0.8781519981572818,0.9250161356996407,False
P29768,A53L,-0.8275,1.803427727844876,1.5383951876484907,1.7715905865110089,2.626975976153713,0.5600622370961714,1.254548474821431,2.0651966358490284,2.507833653099369,-0.1664736559403902,True
P29768,A69V,-0.58,0.7412391851718922,1.0589501741104448,0.5038622514909171,0.9656290285338098,0.554681399987439,0.1066314475456625,1.281232912137893,1.2688158830774592,-0.2139948169732402,True
P69441,R88G,0.15,0.820531533836182,0.54991503660746,0.534654319307067,0.5429551571799927,1.0033475316963538,0.2884111590126686,0.666636231334151,0.6111276182358092,0.4641524966117795,True
P96110,R191A,0.2925,1.933275476626373,1.392305102413825,2.031010903894959,2.1105572342910786,0.4842385177740145,0.6480110730207186,1.267343122434707,1.1049961993896844,0.5461435630631319,True
