mutation,position,wt_aa,mut_aa,boltz,foldx,pct_boltz,pct_foldx,delta
D33A,33,D,A,-0.06265565,0.964564,5.425355231592545,33.18878021775235,-27.76342498615981
D33C,33,D,C,0.3987728,0.841379,21.57224580180845,30.688318878021775,-9.116073076213326
D33E,33,D,E,-0.42882934,0.328801,0.44288614135449345,20.262040966968076,-19.819154825613584
D33F,33,D,F,0.07020996,0.327758,10.131020483484038,20.206680199298763,-10.075659715814725
D33G,33,D,G,0.0687844,0.144486,10.112566894260935,16.626683890016608,-6.514116995755673
D33H,33,D,H,0.29209462,0.797327,17.899981546410775,29.80254659531279,-11.902565048902016
D33I,33,D,I,0.19494706,1.49513,14.486067540136558,41.48366857353755,-26.99760103340099
D33K,33,D,K,0.15112793,0.79367,12.954419634618933,29.71027864919727,-16.755859014578338
D33L,33,D,L,0.12518959,1.27493,12.08710094113305,38.106661745709545,-26.019560804576493
D33M,33,D,M,0.108698174,0.356981,11.42277172910131,21.018638125115334,-9.595866396014024
D33N,33,D,N,0.23909648,0.663901,16.036169034877286,27.274404871747553,-11.238235836870267
D33P,33,D,P,-0.019327875,-0.472865,7.104631850894999,7.1230854401181025,-0.01845358922310325
D33Q,33,D,Q,-0.07321565,0.896343,5.111644214799779,31.961616534415942,-26.849972319616164
D33R,33,D,R,0.113852665,1.08452,11.662668389001661,35.04336593467429,-23.380697545672632
D33S,33,D,S,-0.058644712,0.857444,5.591437534600479,30.983576305591438,-25.392138770990957
D33T,33,D,T,0.18108603,2.06947,14.061634988005167,50.581288060527775,-36.51965307252261
D33V,33,D,V,0.3886899,1.09484,21.110906071230854,35.283262594574644,-14.17235652334379
D33W,33,D,W,0.07595835,0.276547,10.241742018822661,19.228639970474255,-8.986897951651594
D33Y,33,D,Y,0.09942151,0.307143,11.182875069200959,19.76379405794427,-8.580918988743312
G35A,35,G,A,1.4236009,2.29806,57.96272374976933,53.921387709909574,4.0413360398597575
G35C,35,G,C,1.2790587,2.32994,53.054069016423696,54.364273851264066,-1.3102048348403699
G35D,35,G,D,1.0126451,1.97752,43.1075844251707,49.34489758257981,-6.237313157409112
G35E,35,G,E,1.2212279,2.19341,51.13489573722089,52.518914928953684,-1.384019191732797
G35F,35,G,F,1.0354183,2.34189,43.88263517254106,54.4934489758258,-10.610813803284742
G35H,35,G,H,1.0816897,3.82264,45.72799409485145,71.50765823952759,-25.77966414467614
G35I,35,G,I,1.6487551,4.75719,64.86436611921019,79.38734083779295,-14.52297471858276
G35K,35,G,K,1.3102627,2.52569,54.05056283447131,57.021590699391034,-2.9710278649197264
G35L,35,G,L,1.4762236,2.52303,59.863443439749034,56.96622993172172,2.8972135080273134
G35M,35,G,M,1.156523,2.12767,48.62520760287876,51.6515962354678,-3.0263886325890397
G35N,35,G,N,1.086616,2.11466,45.894076397859386,51.41169957556745,-5.51762317770806
G35P,35,G,P,1.5943758,5.69412,63.406532570584986,85.05259272928585,-21.646060158700863
G35Q,35,G,Q,1.0938567,2.17305,46.20778741465215,52.27901826905333,-6.071230854401179
G35R,35,G,R,1.4539604,1.97907,59.143753460047975,49.40025835024912,9.743495109798857
G35S,35,G,S,1.272493,2.2791,52.81417235652335,53.64458387156302,-0.8304115150396711
G35T,35,G,T,1.441157,2.50588,58.7193209079166,56.744786861044474,1.9745340468721224
G35V,35,G,V,1.5578569,4.59119,62.354677984868054,78.150950359845,-15.796272374976944
G35W,35,G,W,1.0017182,3.89116,42.70160546226241,72.0797195054438,-29.378114043181398
G35Y,35,G,Y,0.9622816,2.31931,41.206864735191,54.16128436980993,-12.95441963461893
L36N,36,L,N,1.5490901,2.40713,62.151688503413915,55.52684997231962,6.624838531094298
L36P,36,L,P,1.6074167,3.47909,63.86787230116258,68.33364089315371,-4.465768591991136
L36Q,36,L,Q,1.497226,0.765997,60.380143937995946,29.082856615611735,31.29728732238421
L36R,36,L,R,1.635706,1.53843,64.4583871563019,42.332533677800335,22.12585347850156
L36S,36,L,S,1.7262262,1.28793,67.09725041520575,38.29119763794058,28.806052777265172
L36T,36,L,T,1.3506707,1.6586,55.30540690164237,44.04871747554899,11.25668942609338
L36V,36,L,V,1.5582994,1.83474,62.373131574091154,46.853663037460784,15.51946853663037
L36W,36,L,W,1.2550123,2.86199,52.334379036722645,60.85993725779664,-8.525558221073993
L36Y,36,L,Y,1.158247,2.09889,48.73592913821738,51.153349326444,-2.4174201882266217
R38A,38,R,A,0.73068094,0.553419,32.995017530909756,25.22605646798302,7.768961062926735
R38C,38,R,C,0.39150885,1.135,21.221627606569477,35.89223103893707,-14.670603432367592
R38D,38,R,D,0.9364689,0.499024,40.33954604170511,24.137294703819894,16.20225133788522
R38E,38,R,E,0.43028313,0.11332,22.679461155194687,15.870086731869348,6.809374423325339
R38F,38,R,F,0.51594603,0.052266,25.945746447684076,14.92895368149105,11.016792766193026
R38G,38,R,G,0.8661312,0.71658,37.682229193578145,28.363166635910687,9.319062557667458
R38H,38,R,H,0.38582578,0.950512,21.00018453589223,32.86584240634804,-11.865657870455806
R38I,38,R,I,0.1637988,0.364453,13.32349141908101,21.221627606569477,-7.898136187488467
R38K,38,R,K,0.44986838,-0.399964,23.54677984868057,8.138032847388816,15.408747001291752
R38L,38,R,L,0.07656251,-0.052613,10.297102786491973,13.046687580734453,-2.7495847942424803
R38M,38,R,M,-0.21338594,-0.496732,2.3620594205572982,6.901642369440856,-4.539582948883558
R38N,38,R,N,0.4718887,0.897058,24.1742018822661,31.98007012363905,-7.8058682413729485
R38P,38,R,P,0.60031843,0.128275,28.9167743126038,16.239158516331425,12.677615796272374
R38Q,38,R,Q,-0.10296126,0.660196,4.428861413544935,27.108322568739617,-22.67946115519468
R38S,38,R,S,0.5722028,0.936763,27.84646613766378,32.64439933567079,-4.797933198007012
R38T,38,R,T,0.44364923,0.547121,23.26997601033401,25.1337885218675,-1.8638125115334923
R38V,38,R,V,0.39313072,0.869734,21.295441963461894,31.389555268499723,-10.09411330503783
R38W,38,R,W,0.27420396,0.049485,17.235652334379036,14.799778556929322,2.4358737774497143
R38Y,38,R,Y,0.54864264,0.325843,26.942240265731687,20.18822661007566,6.754013655656028
T39G,39,T,G,1.0339032,1.72625,43.84572799409485,44.95294334748108,-1.1072153533862306
T39H,39,T,H,1.1117728,0.986399,46.945930983576304,33.56707879682598,13.378852186750322
T39I,39,T,I,0.5235657,0.663878,26.074921572245803,27.23749769330135,-1.1625761210555474
T39K,39,T,K,0.65790236,-0.521183,30.57759734268315,6.58793135264809,23.989665990035057
T39L,39,T,L,0.190383,-0.370768,14.35689241557483,8.507104631850895,5.849787783723935
T39M,39,T,M,0.8390981,-1.05415,36.667281786307434,3.1002029894814545,33.56707879682598
T39N,39,T,N,0.522934,0.635321,26.056467983022696,26.73925078427754,-0.6827828012548451
T39P,39,T,P,0.5646045,1.36563,27.53275512087101,39.71212400811958,-12.179368887248572
T39Q,39,T,Q,0.9717202,0.032783,41.594390108876176,14.50452112935966,27.089868979516517
T39R,39,T,R,0.44832715,-0.395513,23.472965491788152,8.156486436611921,15.31647905517623
T39S,39,T,S,0.5458212,0.850771,26.849972319616167,30.872854770252818,-4.022882450636651
T39V,39,T,V,0.0835594,0.248386,10.592360214061634,18.71193947222735,-8.119579258165716
T39W,39,T,W,0.656427,0.487208,30.503782985790735,23.823583687027128,6.680199298763608
T39Y,39,T,Y,0.4271059,-0.135553,22.494925262963648,11.644214799778558,10.85071046318509
P40A,40,P,A,1.2528603,2.5837,52.27901826905333,57.759734268315185,-5.480715999261854
P40C,40,P,C,0.97775,4.53082,41.760472411884116,77.56043550470567,-35.79996309282155
P40D,40,P,D,1.7677696,10.3829,68.31518730393061,94.316294519284,-26.001107215353386
P40E,40,P,E,1.8040693,8.28035,69.25632035430891,91.75124561727256,-22.494925262963648
P40F,40,P,F,1.5609218,25.0949,62.446945930983574,98.74515593282894,-36.29821000184536
P40G,40,P,G,1.8216591,4.62242,69.64384572799409,78.33548625207602,-8.691640524081933
P40H,40,P,H,1.7962803,20.6414,68.99797010518546,98.19154825613582,-29.19357815095036
P40I,40,P,I,1.1702037,9.69688,49.14190810112567,93.76268684259088,-44.62077874146521
P40K,40,P,K,1.7578443,10.7581,67.92766193024543,94.61155194685367,-26.68389001660823
P40L,40,P,L,1.3417352,10.2502,54.95478870640339,94.18711939472227,-39.23233068831888
P40M,40,P,M,1.4466465,8.70025,58.97767115704005,92.39712124008119,-33.41945008304114
P40N,40,P,N,1.5373155,7.82656,61.72725595128252,91.0131020483484,-29.28584609706588
P40Q,40,P,Q,1.582621,11.4391,63.0190071968998,95.14670603432369,-32.127698837423885
P40R,40,P,R,1.5079046,19.7728,60.601587008673185,97.93319800701236,-37.33161099833918
P40S,40,P,S,1.479894,3.80672,59.955711385864554,71.34157593651965,-11.385864550655093
P40T,40,P,T,0.8267849,4.48763,36.26130282339915,77.20981730946669,-40.94851448606754
P40V,40,P,V,1.1508001,5.26369,48.311496586085994,82.65362613028235,-34.342129544196354
P40W,40,P,W,1.58021,35.9932,62.96364642923048,99.55711385864551,-36.59346742941503
P40Y,40,P,Y,1.6414595,28.6322,64.66137663775604,99.02195977117549,-34.36058313341945
T41A,41,T,A,0.99147195,-0.385358,42.20335855323861,8.285661561173649,33.91769699206496
T41C,41,T,C,0.47944513,0.786344,24.580180845174386,29.562649935412438,-4.982469090238052
T41D,41,T,D,0.6747613,1.19525,31.112751430153164,36.88872485698468,-5.775973426831516
T41E,41,T,E,0.7617279,1.26697,33.991511348957374,37.95903303192471,-3.9675216829673374
T41F,41,T,F,0.74295473,6.04241,33.40099649381805,86.47351909946485,-53.0725226056468
T41G,41,T,G,1.439842,1.75198,58.663960140247276,45.561911791843514,13.102048348403763
T41H,41,T,H,1.1140106,7.76734,47.03819892969182,90.90238051300979,-43.864181583317965
T41I,41,T,I,-0.011009926,-2.25904,7.270714153902934,0.682782801254844,6.58793135264809
T41K,41,T,K,1.5104808,0.183993,60.74921572245802,17.364827458940766,43.38438826351725
T41L,41,T,L,0.6831416,2.28762,31.42646244694593,53.73685181767854,-22.31038937073261
T41M,41,T,M,0.34559166,-2.18475,19.745340468721167,0.7750507473703636,18.970289721350802
T41N,41,T,N,0.49328694,0.743486,25.07842775419819,28.76914559881897,-3.690717844620778
T41P,41,T,P,-0.15467173,-3.07113,3.358553238604909,0.2952574275696623,3.0632958110352466
T41Q,41,T,Q,0.27397937,1.82999,17.217198745155933,46.742941502122164,-29.52574275696623
T41R,41,T,R,1.4759277,1.93266,59.844989850525934,48.56984683520945,11.275143015316488
T41S,41,T,S,0.7696314,1.33585,34.21295441963462,39.15851633142646,-4.945561911791842
T41V,41,T,V,-0.21331164,-1.01002,2.3805130097804024,3.3216460601587006,-0.9411330503782982
T41W,41,T,W,0.99700034,8.32591,42.46170880236206,91.82505997416499,-49.363351171802925
T41Y,41,T,Y,0.95623857,11.4374,41.059236021406164,95.12825244510057,-54.06901642369441
M42A,42,M,A,2.0539784,3.44823,75.67816940394907,68.01992987636095,7.6582395275881225
M42C,42,M,C,1.6285286,3.16246,64.29230485329397,64.84591252998709,-0.5536076766931188
M42D,42,M,D,3.38413,6.24871,98.32072338069754,87.39619856062004,10.924524820077508
M42E,42,M,E,2.6681106,5.1737,90.25650489020114,81.9892969182506,8.26720797195054
M42F,42,M,F,1.846627,5.99009,70.27126776157962,86.2151688503414,-15.943901088761777
M42G,42,M,G,2.640147,5.20733,89.68444362428492,82.24764716737405,7.436796456910869
M42H,42,M,H,2.550791,2.12735,87.61764163129729,51.63314264624469,35.984498985052596
M42I,42,M,I,1.6630862,3.14418,65.21498431444917,64.66137663775604,0.553607676693133
M42K,42,M,K,1.9656372,1.74954,73.40837792950728,45.488097434951094,27.920280494556188
M42L,42,M,L,1.058199,1.20059,44.897582579811775,36.944085624653994,7.953496955157782
M42N,42,M,N,2.6592045,4.41323,90.0350618195239,76.43476656209633,13.600295257427575
M42P,42,M,P,2.7302747,3.93846,91.4559881897029,72.44879128990588,19.00719689979701
M42Q,42,M,Q,1.989595,2.56898,74.03579996309281,57.61210555453036,16.423694408562454
M42R,42,M,R,1.9165903,2.46344,72.09817309466692,56.17272559512825,15.92544749953867
M42S,42,M,S,2.6984413,4.19787,90.90238051300979,74.64476840745526,16.25761210555453
M42T,42,M,T,2.5114865,3.71271,86.7503229378114,70.76951467060343,15.980808267207976
M42V,42,M,V,2.2621377,2.62371,80.86362797564126,58.276434766562105,22.58719320907916
M42W,42,M,W,1.926203,2.46721,72.43033770068278,56.32035430891308,16.109983391769703
M42Y,42,M,Y,1.7559319,9.40987,67.83539398412991,93.50433659346743,-25.66894260933752
G43A,43,G,A,0.87284976,8.75916,38.032847388817125,92.56320354308913,-54.530356154272006
G43H,43,G,H,1.8693256,49.4859,70.88023620594205,99.94463923233069,-29.064403026388632
G43I,43,G,I,1.3286725,29.2886,54.530356154272006,99.0957741280679,-44.565417973795896
G43K,43,G,K,2.7121205,40.1855,91.19763794057944,99.77855692932275,-8.580918988743306
G43L,43,G,L,1.3717119,16.0072,55.96973611367411,97.1212400811958,-41.151503967521684
G43M,43,G,M,1.3644192,10.0182,55.69293227532756,94.07639785938365,-38.38346558405609
G43N,43,G,N,2.0159545,14.524,74.79239712124009,96.64144676139509,-21.849049640155002
G43P,43,G,P,2.5588639,15.948,87.89444546964384,97.08433290274958,-9.189887433105739
G43Q,43,G,Q,2.2802835,15.705,81.28806052777266,97.04742572430338,-15.759365196530723
G43R,43,G,R,2.587944,21.1756,88.66949621701421,98.30226979147444,-9.63277357446023
G43S,43,G,S,1.7218279,15.2975,66.89426093375161,96.99206495663407,-30.097804022882457
G43T,43,G,T,1.8508663,20.1855,70.40044288614136,98.0992803100203,-27.698837423878942
G43V,43,G,V,1.0161939,29.0022,43.21830596050932,99.0773205388448,-55.85901457833548
G43W,43,G,W,1.2419748,49.5988,51.89149289536815,99.96309282155379,-48.071599926185634
G43Y,43,G,Y,1.3106083,38.904,54.06901642369441,99.70474257243033,-45.63572614873593
W44A,44,W,A,3.1853147,4.96331,97.08433290274958,80.77136002952574,16.312972873223842
W44C,44,W,C,2.2326524,4.69344,80.19929876360952,78.81527957187673,1.38401919173279
W44D,44,W,D,3.6674736,8.15463,99.29876360952206,91.52980254659532,7.768961062926735
W44E,44,W,E,3.1045992,7.08806,96.30928215537922,89.64753644583871,6.6617457095405115
W44F,44,W,F,1.1024374,1.66642,46.57685919911423,44.21479977855693,2.3620594205573013
W44G,44,W,G,3.6649806,5.93739,99.28031002029894,86.03063295811036,13.249677062188582
W44H,44,W,H,2.3528023,5.85996,83.20723380697545,85.7538291197638,-2.546595312788341
W44I,44,W,I,2.5191069,3.06799,86.87949806237313,63.59106846281601,23.28842959955712
W44K,44,W,K,2.9918282,3.25027,95.2758811588854,65.84240634803469,29.43347481085071
W44L,44,W,L,2.4863687,1.64671,86.30743679645691,43.790367226425545,42.51706957003137
W44M,44,W,M,2.1704745,1.97429,78.53847573353016,49.2895368149105,29.248938918619665
W44N,44,W,N,3.3969212,5.45938,98.41299132681306,83.77929507289168,14.633696253921372
W44P,44,W,P,3.385725,7.13581,98.33917696992064,89.72135080273112,8.61782616718952
W44Q,44,W,Q,2.9584026,4.86734,94.86990219597712,80.21775235283263,14.652149843144485
W44R,44,W,R,2.4839103,6.87476,86.19671526111829,89.14928953681492,-2.9525742756966338
W44S,44,W,S,3.1186728,5.8876,96.56763240450267,85.8460970658793,10.721535338623369
W44T,44,W,T,2.9661493,4.45011,94.96217014209265,76.7669311681122,18.19523897398045
W44V,44,W,V,2.8161025,4.77155,92.91382173832811,79.49806237313157,13.415759365196536
W44Y,44,W,Y,1.2230552,1.85478,51.1718029156671,47.24118841114597,3.930614504521131
L45A,45,L,A,2.1350071,1.37028,77.70806421849049,39.767484775788894,37.9405794427016
L45C,45,L,C,0.48581347,1.89461,24.856984683520945,47.850156855508395,-22.99317217198745
L45D,45,L,D,1.7370412,5.01948,67.39250784277542,81.02971027864919,-13.637202435873775
L45E,45,L,E,1.8755897,3.87815,71.1570400442886,71.95054438088209,-0.793504336593486
L45F,45,L,F,1.1627599,5.62784,48.920465030448426,84.64661376637757,-35.726148735929144
L45G,45,L,G,2.9750743,3.16373,95.10979885587747,64.86436611921019,30.245432736667283
L45H,45,L,H,1.8375905,5.69632,70.04982469090238,85.08949990773206,-15.039675216829679
L45I,45,L,I,-0.010034825,0.211169,7.362982100018453,18.084517438641814,-10.721535338623362
L45K,45,L,K,1.8876508,0.571556,71.58147259642,25.613581841668204,45.96789075475179
L45M,45,L,M,-0.02028062,-0.127936,7.049271083225688,11.754936335117181,-4.705665251891493
L45N,45,L,N,1.7332761,0.858077,67.318693485883,31.020483484037648,36.298210001845355
L45Q,45,L,Q,1.8289887,1.63434,69.82838162022513,43.64273851264071,26.18564310758442
L45R,45,L,R,1.5471394,-0.844504,62.077874146521495,4.022882450636649,58.054991695884844
L45S,45,L,S,2.1334908,2.15466,77.68961062926739,52.039121609152986,25.650489020114406
L45T,45,L,T,1.5757636,1.87641,62.85292489389186,47.62871378483115,15.224211109060711
L45V,45,L,V,0.5757655,-0.199515,28.067909208341025,10.813803284738881,17.254105923602143
L45W,45,L,W,0.92840564,5.61366,40.08119579258166,84.62816017715446,-44.546964384572796
L45Y,45,L,Y,1.067482,8.04504,45.17438641815833,91.40062742203358,-46.22624100387525
H46R,46,H,R,1.4543234,7.34439,59.16220704927109,89.92434028418528,-30.762133234914188
H46S,46,H,S,1.3233032,2.36634,54.364273851264066,54.82561358184167,-0.46133973057760613
H46T,46,H,T,1.833246,-1.96705,69.88374238789444,1.1256689426093374,68.7580734452851
H46V,46,H,V,1.8908631,-0.635684,71.69219413175863,5.646798302269791,66.04539582948884
H46W,46,H,W,1.3944653,19.0452,56.726333271821375,97.82247647167374,-41.096143199852364
H46Y,46,H,Y,1.3397439,7.53444,54.84406717106477,90.33031924709356,-35.486252076028784
W47A,47,W,A,2.204526,1.34455,79.57187673002399,39.37995940210371,40.19191732792028
W47C,47,W,C,1.6320343,2.10705,64.38457279940948,51.28252445100572,13.102048348403763
W47D,47,W,D,3.070084,4.60202,96.06938549547888,78.1878575382912,17.881527957187686
W47E,47,W,E,2.9171584,4.34797,94.26093375161469,75.78889093928768,18.472042812327004
W47F,47,W,F,1.2104614,-0.346819,50.7289167743126,8.67318693485883,42.055729839453775
W47G,47,W,G,2.3216724,2.07281,82.26610075659715,50.61819523897398,31.647905517623172
W47H,47,W,H,2.047441,1.10016,75.56744786861044,35.375530540690164,40.19191732792028
W47I,47,W,I,1.70385,3.88726,66.43292120317402,72.0612659162207,-5.628344713046687
W47K,47,W,K,2.6443594,0.407696,89.81361874884665,22.23657501384019,67.57704373500646
W47L,47,W,L,1.982798,1.29517,73.86971766008489,38.401919173279204,35.467798486805684
W47M,47,W,M,1.6901858,0.680607,65.99003506181951,27.625023066986532,38.36501199483298
W47N,47,W,N,2.8550553,3.03922,93.50433659346743,63.14818232146152,30.35615427200591
W47P,47,W,P,2.092092,2.34125,76.71157040044288,54.438088208156486,22.273482192286394
W47Q,47,W,Q,2.582621,1.4739,88.52186750322937,41.31758627052962,47.204281232699756
W47R,47,W,R,2.0049558,-0.512603,74.3495109798856,6.717106477209818,67.63240450267577
W47S,47,W,S,2.2245643,2.72307,80.01476287137848,59.328289352279015,20.686473519099465
W47T,47,W,T,2.1806598,3.80474,78.90754751799224,71.32312234729655,7.584425170695695
W47V,47,W,V,2.1569858,4.55121,78.150950359845,77.80033216460602,0.3506181952389795
W47Y,47,W,Y,1.2628807,0.264084,52.537368518176784,19.025650489020116,33.51171802915667
E48A,48,E,A,0.10841061,-2.76293,11.404318139878205,0.44288614135449345,10.961431998523711
E48C,48,E,C,-0.13399863,-3.31857,3.709171433843882,0.22144307067724672,3.4877283631666356
E48D,48,E,D,0.08526488,1.1501,10.666174570954052,36.113674109614315,-25.447499538660264
E48F,48,E,F,-0.03229796,-0.022262,6.606384941871194,13.581841668204467,-6.975456726333273
E48G,48,E,G,0.47917208,-1.77077,24.561727255951283,1.4578335486252076,23.103893707326076
E48H,48,E,H,0.03196969,-2.77382,8.949990773205387,0.4244325521313896,8.525558221073998
E48I,48,E,I,-0.35591054,-5.35854,0.7750507473703636,0.018453589223103892,0.7565971581472597
E48K,48,E,K,0.3392791,-1.75361,19.57925816571323,1.4947407270714153,18.084517438641814
E48L,48,E,L,-0.20485325,-3.56571,2.4727809558959217,0.14762871378483114,2.3251522421110904
E48M,48,E,M,-0.31995115,-4.81778,0.9780402288245064,0.036907178446207785,0.9411330503782985
E48N,48,E,N,-0.010805577,-4.11912,7.307621332349141,0.07381435689241557,7.233806975456726
E48P,48,E,P,0.21267223,-2.61802,15.058128806052778,0.516700498246909,14.54142830780587
E48Q,48,E,Q,-0.25630903,-2.30919,1.6239158516331424,0.6458756228086363,0.9780402288245061
E48R,48,E,R,0.50865716,1.61964,25.650489020114414,43.439749031186565,-17.78926001107215
E48S,48,E,S,0.12558012,-1.87902,12.105554530356153,1.2363904779479609,10.869164052408193
E48T,48,E,T,-0.0025578574,-2.06514,7.750507473703635,0.9226794611551946,6.827828012548441
E48V,48,E,V,-0.26577273,-3.02473,1.5131943162945192,0.3137110167927662,1.199483299501753
E48W,48,E,W,-0.056919206,15.2246,5.646798302269791,96.93670418896475,-91.28990588669497
E48Y,48,E,Y,-0.16460583,6.55834,3.1740173463738697,88.33733161099833,-85.16331426462446
R49A,49,R,A,0.73880225,1.86017,33.23491419081011,47.33345635726149,-14.09854216645138
R49C,49,R,C,0.35698363,1.76714,19.966783539398413,45.78335486252076,-25.816571323122346
R49D,49,R,D,2.2358928,5.16645,80.31002029894815,81.89702897213508,-1.5870086731869293
R49E,49,R,E,1.4527967,5.34853,59.106846281601776,83.15187303930614,-24.045026757704363
R49F,49,R,F,0.35907933,0.208978,20.059051485513933,18.029156670972505,2.0298948145414286
R49G,49,R,G,1.3648603,3.0124,55.74829304299686,62.816017715445646,-7.067724672448783
R49H,49,R,H,0.2767128,0.991191,17.272559512825243,33.73316109983392,-16.46060158700868
R49I,49,R,I,0.7911865,0.095109,34.821922863997045,15.537922125853479,19.28400073814357
R49K,49,R,K,0.4246809,0.890638,22.384203727625025,31.869348588300422,-9.485144860675398
R49L,49,R,L,0.8905784,0.929155,38.494187119394724,32.47831703266285,6.015870086731873
R49M,49,R,M,0.28888968,-0.813692,17.78926001107215,4.152057575198376,13.637202435873775
R49N,49,R,N,1.5035608,2.29244,60.490865473334566,53.829119763794054,6.6617457095405115
R49P,49,R,P,1.2048864,4.89894,50.54438088208156,80.40228824506367,-29.85790736298211
R49Q,49,R,Q,1.0019398,1.77504,42.720059051485514,45.94943716552869,-3.229378114043179
R49S,49,R,S,1.0918943,2.3047,46.11551946853663,53.995202066801994,-7.8796825982653615
R49T,49,R,T,1.213557,3.54882,50.82118472042813,69.14559881897029,-18.324414098542157
R49V,49,R,V,1.0963613,0.354858,46.33696253921388,20.96327735744602,25.373685181767858
R49W,49,R,W,0.6811055,2.05542,31.33419450083041,50.43365934674294,-19.099464845912532
R49Y,49,R,Y,0.4052953,-0.014557,21.812142461708802,13.711016792766193,8.10112566894261
M51A,51,M,A,0.6475948,1.73599,30.245432736667283,45.21129359660454,-14.965860859937258
M51C,51,M,C,0.14070621,0.834576,12.548440671710647,30.55914375346005,-18.0107030817494
M51D,51,M,D,1.160709,2.40838,48.846650673556006,55.545303561542724,-6.698652887986718
M51E,51,M,E,0.61483264,2.46367,29.3965676324045,56.209632773574455,-26.813065141169954
M51F,51,M,F,0.29592997,0.324129,17.992249492526298,20.151319431629453,-2.159069939103155
M51G,51,M,G,0.86713743,-0.014088,37.737589961247465,13.729470381989298,24.008119579258167
M51H,51,M,H,0.30909103,1.63196,18.453589223103894,43.5873777449714,-25.133788521867505
M51I,51,M,I,0.43811393,1.89766,23.08544011810297,47.8870640339546,-24.801623915851632
M51K,51,M,K,0.16187161,0.555998,13.305037829857907,25.281417235652338,-11.97637940579443
M51L,51,M,L,0.014687459,0.435505,8.211847204281232,22.80863627975641,-14.596789075475177
M51N,51,M,N,0.7167481,2.96815,32.552131389555264,62.18859568186013,-29.636464292304865
M51P,51,M,P,1.4458613,4.47086,58.940763978593836,77.04373500645876,-18.102971027864925
M51Q,51,M,Q,0.09496287,1.1883,11.072153533862336,36.70418896475364,-25.632035430891307
M51R,51,M,R,-0.14610341,1.2138,3.487728363166636,37.20243587377745,-33.714707510610815
M51S,51,M,S,0.5360986,0.862207,26.443993356707878,31.112751430153164,-4.668758073445286
M51T,51,M,T,0.46082568,2.22412,23.878944454696438,52.85107953496955,-28.972135080273112
M51V,51,M,V,0.47824168,2.02766,24.487912899058866,50.027680383834664,-25.539767484775798
M51W,51,M,W,0.2957123,1.81428,17.97379590330319,46.558405609891125,-28.584609706587933
M51Y,51,M,Y,0.4205326,1.17651,22.23657501384019,36.538106661745715,-14.301531647905524
C52A,52,C,A,0.78474283,5.38987,34.69274773943532,83.4286768776527,-48.73592913821739
C52D,52,C,D,1.7600864,6.13218,68.01992987636095,86.87949806237313,-18.859568186012183
C52E,52,C,E,2.7957778,5.90298,92.69237866765086,85.93836501199483,6.754013655656024
C52F,52,C,F,1.982879,4.93833,73.88817124930799,80.60527772651781,-6.717106477209825
C52G,52,C,G,1.7736067,4.57056,68.46281601771544,77.94796087839084,-9.485144860675405
C52H,52,C,H,2.1541505,4.34998,78.05868241372947,75.8257981177339,2.232884295995575
C52I,52,C,I,2.2471428,7.76124,80.51300978040229,90.84701974534048,-10.33400996493819
C52K,52,C,K,2.7020957,4.9724,90.9946484591253,80.84517438641817,10.149474072707136
C52L,52,C,L,2.4310162,3.52027,84.94187119394722,68.85034139140063,16.09152980254659
C52M,52,C,M,1.9347652,2.83773,72.78095589592176,60.620040597896285,12.160915298025479
C52N,52,C,N,1.9165987,5.33831,72.11662668389002,83.07805868241373,-10.961431998523707
C52P,52,C,P,2.2518826,4.76618,80.64218490496403,79.47960878390847,1.162576121055551
C52Q,52,C,Q,2.4061038,5.11684,84.29599557113858,81.67558590145784,2.6204096696807397
C52R,52,C,R,2.4906812,4.55893,86.39970474257242,77.87414652149843,8.525558221073993
C52S,52,C,S,1.112949,5.69978,47.00129175124562,85.10795349695516,-38.106661745709545
C52T,52,C,T,2.4281306,6.55252,84.86805683705481,88.28197084332902,-3.4139140062742115
C52V,52,C,V,2.1851363,5.11444,79.01826905333087,81.63867872301162,-2.620409669680754
C52W,52,C,W,2.0754707,5.36179,76.25023066986529,83.26259457464477,-7.012363904779477
C52Y,52,C,Y,2.0079403,5.33208,74.49713969367042,83.04115150396753,-8.544011810297107
L54A,54,L,A,1.2784507,1.90267,52.998708248754376,48.03469274773944,4.964015501014934
L54C,54,L,C,0.3582119,1.4711,20.00369071784462,41.243771913637204,-21.240081195792584
L54D,54,L,D,1.8660424,1.33953,70.75106108138033,39.25078427754198,31.500276803838346
L54E,54,L,E,1.6663185,1.14679,65.30725226056468,36.05831334194501,29.24893891861967
L54F,54,L,F,0.8321804,1.56924,36.5011994832995,42.793873408377934,-6.292673925078432
L54G,54,L,G,1.6308796,1.52081,64.34766562096328,41.94500830411515,22.402657316848135
L54H,54,L,H,1.2774141,2.03686,52.94334748108507,50.10149474072707,2.841852740358
L54I,54,L,I,0.16673748,1.13557,13.360398597527217,35.910684628160176,-22.55028603063296
L54K,54,L,K,1.3442894,0.812344,54.9916958848496,30.023989665990037,24.96770621885956
L54M,54,L,M,0.48530155,0.061953,24.801623915851636,15.095035984498987,9.706587931352649
L54N,54,L,N,1.3789831,1.28991,56.17272559512825,38.32810481638679,17.844620778741458
L54P,54,L,P,1.524216,1.71778,61.24746263148182,44.76840745525005,16.479055176231768
L54Q,54,L,Q,1.4174324,0.803827,57.759734268315185,29.95017530909762,27.809558959217565
L54R,54,L,R,1.2874072,0.884155,53.40468721166267,31.703266285292493,21.701420926370176
L54S,54,L,S,1.4110363,1.47344,57.40911607307622,41.29913268130652,16.109983391769703
L54T,54,L,T,0.8220256,1.17271,36.021406163498796,36.464292304853295,-0.44288614135449933
L54V,54,L,V,0.26326934,1.54361,16.903487728363167,42.46170880236206,-25.558221073998894
L54W,54,L,W,1.0321804,1.30651,43.77191363720244,38.67872301162576,5.093190625576675
L54Y,54,L,Y,1.0194696,1.48487,43.329027495847946,41.39140062742203,1.937626868425916
D55A,55,D,A,0.27872196,0.198504,17.420188226610076,17.71544565417974,-0.29525742756966267
D55C,55,D,C,0.693648,1.18774,31.740173463738696,36.68573537553054,-4.945561911791845
D55E,55,D,E,0.9927454,1.0679,42.240265731684815,34.803469274773946,7.436796456910869
D55F,55,D,F,0.92494047,0.32001,39.98892784646614,20.09595866396014,19.892969182506
D55G,55,D,G,0.6975075,0.743249,31.869348588300422,28.75069200959587,3.1186565787045524
D55H,55,D,H,0.97408354,0.448948,41.686658054991696,23.12234729654918,18.564310758442517
D55I,55,D,I,1.1285403,0.702192,47.554899427938736,28.031002029894815,19.52389739804392
D55K,55,D,K,0.8446845,0.386655,36.833364089315374,21.75678169403949,15.076582395275885
D55L,55,D,L,0.5735099,0.329625,27.938734083779295,20.28049455619118,7.658239527588115
D55M,55,D,M,0.5696652,0.560608,27.735744602325152,25.37368518176785,2.3620594205573013
D55N,55,D,N,0.1771261,0.507102,13.87709909577413,24.340284185274037,-10.463185089499907
D55P,55,D,P,1.4162278,1.14664,57.685919911422765,36.021406163498796,21.66451374792397
D55Q,55,D,Q,0.8679808,0.585593,37.77449713969367,25.853478501568556,11.921018638125116
D55R,55,D,R,0.5667788,0.735863,27.661930245432735,28.603063295811037,-0.9411330503783013
D55S,55,D,S,0.44116887,0.658732,23.177708064218493,27.071415390293414,-3.893707326074921
D55T,55,D,T,1.1481167,2.0871,48.18232146152427,50.987267023436054,-2.8049455619117865
D55V,55,D,V,1.3616135,0.949939,55.65602509688134,32.82893522790183,22.827089868979513
D55W,55,D,W,1.0478431,0.865523,44.5469643845728,31.186565787045577,13.360398597527226
D55Y,55,D,Y,0.9931669,0.448219,42.258719320907915,23.08544011810297,19.173279202804945
C56A,56,C,A,1.4100312,2.98246,57.35375530540691,62.48385310942979,-5.130097804022881
C56D,56,C,D,2.605431,3.99154,88.90939287691457,72.92858460970659,15.980808267207976
C56E,56,C,E,3.0601945,3.47694,95.92175678169403,68.29673371470751,27.625023066986515
C56F,56,C,F,2.0409858,2.48921,75.30909761948699,56.52334379036723,18.785753829119763
C56G,56,C,G,1.8220268,2.8818,69.6622993172172,61.06292673925079,8.599372577966413
C56H,56,C,H,2.4742603,2.39422,85.91991142277173,55.32386049086547,30.596050931906262
C56I,56,C,I,2.306888,2.50136,81.93393615058129,56.68942609337516,25.244510057206128
C56K,56,C,K,3.143769,2.50661,96.75216829673371,56.76324045026758,39.98892784646613
C56L,56,C,L,2.2868462,2.70302,81.4910500092268,59.125299870824875,22.36575013840192
C56M,56,C,M,2.2763007,1.45094,81.19579258165713,40.89315371839823,40.3026388632589
C56N,56,C,N,2.5389905,3.33031,87.32238420372762,66.63591068462816,20.686473519099465
C56P,56,C,P,2.861568,2.6792,93.55969736113674,58.86694962170142,34.69274773943532
C56Q,56,C,Q,2.7932808,3.3082,92.63701789998154,66.3960140247278,26.24100387525374
C56R,56,C,R,2.890802,3.27571,93.96567632404502,66.02694224026573,27.938734083779295
C56S,56,C,S,1.6366818,2.42741,64.53220151319432,55.76674663221996,8.76545488097436
C56T,56,C,T,2.4244168,3.10842,84.77578889093928,64.05240819339362,20.723380697545664
C56V,56,C,V,2.3813908,2.46348,83.83465584056098,56.191179184351356,27.64347665620963
C56W,56,C,W,2.0814133,2.89582,76.43476656209633,61.26591622070493,15.168850341391398
C56Y,56,C,Y,2.224577,2.58933,80.03321646060158,57.87045580365381,22.162760656947768
E58A,58,E,A,-0.27011287,0.137308,1.4393799594021037,16.423694408562465,-14.984314449160362
E58C,58,E,C,-0.31522554,0.437551,1.014947407270714,22.84554345820262,-21.830596050931906
E58F,58,E,F,-0.30467415,0.383014,1.0887617641631298,21.664513747923973,-20.575751983760842
E58G,58,E,G,-0.38009208,0.286136,0.6089684443624285,19.357815095035985,-18.748846650673556
E58H,58,E,H,-0.5970724,0.505355,0.07381435689241557,24.284923417604723,-24.211109060712307
E58I,58,E,I,-0.08084794,0.456692,4.853293965676324,23.306883188780215,-18.45358922310389
E58K,58,E,K,-0.41319233,-0.62073,0.49824690902380514,5.831334194500831,-5.333087285477025
E58L,58,E,L,-0.2650981,0.534519,1.5501014947407272,24.96770621885957,-23.417604724118842
E58M,58,E,M,-0.2696293,0.652466,1.4578335486252076,27.016054622624104,-25.558221073998897
E58N,58,E,N,-0.49396482,-0.160401,0.22144307067724672,11.33050378298579,-11.109060712308544
E58P,58,E,P,1.0173975,0.007675,43.273666728178625,14.08008857722827,29.193578150950355
E58Q,58,E,Q,-0.2541069,-0.63436,1.6423694408562464,5.665251891492895,-4.022882450636649
E58R,58,E,R,-0.43275443,-0.263345,0.4244325521313896,9.81730946669127,-9.392876914559881
E58S,58,E,S,-0.51972795,-0.287121,0.16608230300793503,9.558959217567816,-9.392876914559881
E58T,58,E,T,-0.51125807,1.57879,0.18453589223103894,42.88614135449345,-42.701605462262414
E58V,58,E,V,-0.08267018,0.781424,4.83484037645322,29.45192840007381,-24.61708802362059
E58W,58,E,W,0.14216423,0.683032,12.640708617826169,27.680383834655842,-15.039675216829673
E58Y,58,E,Y,-0.18552855,0.397126,2.804945561911792,22.015131943162945,-19.210186381251155
E59A,59,E,A,0.13591722,0.634485,12.382358368702713,26.702343605831334,-14.319985237128622
E59C,59,E,C,-0.02924633,0.394432,6.717106477209818,21.959771175493632,-15.242664698283814
E59D,59,E,D,0.1532721,1.33692,13.046687580734453,39.213877099095775,-26.167189518361322
E59F,59,E,F,-0.46148235,-0.860252,0.2952574275696623,3.9490680937442333,-3.653810666174571
E59G,59,E,G,0.62541103,0.246714,29.71027864919727,18.693485883004243,11.016792766193028
E59H,59,E,H,-0.1432306,0.834165,3.5430891308359476,30.52223657501384,-26.97914744417789
E59I,59,E,I,0.8659829,0.770136,37.663775604355045,29.119763794057945,8.5440118102971
E59K,59,E,K,0.25503486,-0.798729,16.571323122347298,4.281232699760103,12.290090422587195
E59L,59,E,L,0.16449848,0.371529,13.341945008304116,21.350802731131203,-8.008857722827088
E59M,59,E,M,-0.06338908,-1.24781,5.406901642369441,2.435873777449714,2.971027864919727
E59N,59,E,N,0.11281983,0.387403,11.625761210555453,21.7936888724857,-10.167927661930246
E59P,59,E,P,2.0335498,3.81191,75.17992249492526,71.37848311496586,3.8014393799594046
E59Q,59,E,Q,-0.19924404,-0.188208,2.565048902011441,10.961431998523713,-8.396383096512272
E59R,59,E,R,0.2025661,-0.787631,14.725964200036906,4.373500645875623,10.352463554161282
E59S,59,E,S,0.12073491,-0.083757,11.847204281232699,12.474626314818233,-0.6274220335855336
E59V,59,E,V,0.78339875,1.08937,34.618933382542906,35.15408747001292,-0.535154087470012
E59W,59,E,W,-0.061272305,-0.026635,5.480715999261856,13.508027311312052,-8.027311312050195
E59Y,59,E,Y,-0.36617547,0.157634,0.6643292120317401,16.92194131758627,-16.25761210555453
P60A,60,P,A,0.9776018,1.53949,41.74201882266101,42.369440856246534,-0.6274220335855247
P60C,60,P,C,0.8152207,2.32458,35.67078796825982,54.29045949437166,-18.619671526111837
P60D,60,P,D,1.3124641,1.98477,54.105923602140614,49.510979885587744,4.594943716552869
P60E,60,P,E,1.1907749,1.89577,50.00922679461155,47.8686104447315,2.140616349880048
P60F,60,P,F,1.0414064,1.60345,44.15943901088762,43.273666728178625,0.8857722827089916
P60G,60,P,G,1.220529,1.96015,51.11644214799779,49.06809374423325,2.0483484037645354
P60H,60,P,H,0.92445385,1.22804,39.95202066801993,37.4423325336778,2.5096881343421273
P60I,60,P,I,0.84976274,2.11506,36.92563203543089,51.44860675401366,-14.522974718582773
P60K,60,P,K,0.72026914,1.59637,32.64439933567079,43.162945192840006,-10.518545857169215
P60L,60,P,L,0.9862951,1.92019,41.98191548256136,48.36685735375531,-6.384941871193945
P60M,60,P,M,0.9781815,0.877641,41.778926001107216,31.592544749953866,10.18638125115335
P60N,60,P,N,1.0261902,2.18772,43.49510979885588,52.463554161284364,-8.968444362428485
P60Q,60,P,Q,0.79069734,1.50591,34.803469274773946,41.686658054991696,-6.8831887802177505
P60R,60,P,R,0.54417294,1.3931,26.720797195054434,40.08119579258166,-13.360398597527226
P60S,60,P,S,1.0457143,1.78432,44.45469643845728,46.07861229009042,-1.6239158516331358
P60T,60,P,T,1.0746604,2.11321,45.58036538106662,51.37479239712124,-5.79442701605462
P60V,60,P,V,0.8817231,1.32977,38.34655840560989,39.029341206864736,-0.6827828012548451
P60W,60,P,W,0.7273998,1.59846,32.93965676324045,43.19985237128621,-10.260195608045763
P60Y,60,P,Y,0.9446623,2.05662,40.57944270160546,50.470566525189156,-9.891123823583698
D61A,61,D,A,0.25152975,1.12209,16.423694408562465,35.70769514670604,-19.284000738143572
D61C,61,D,C,0.2900375,0.227964,17.844620778741465,18.37977486621148,-0.5351540874700156
D61E,61,D,E,-0.026603322,0.675398,6.8093744233253375,27.4958479424248,-20.68647351909946
D61F,61,D,F,-0.076701954,0.281015,4.964015501014948,19.30245432736667,-14.338438826351723
D61G,61,D,G,0.3177276,1.24521,18.71193947222735,37.71913637202436,-19.00719689979701
D61H,61,D,H,-0.0005600631,0.344683,7.898136187488467,20.76028787599188,-12.862151688503415
D61K,61,D,K,-0.073526606,0.198903,5.093190625576675,17.752352832625945,-12.65916220704927
D61L,61,D,L,-0.02664175,0.018864,6.790920834102233,14.209263701789999,-7.418342867687765
D61M,61,D,M,-0.0065627405,0.661406,7.547517992249493,27.20059051485514,-19.653072522605648
D61N,61,D,N,0.20226946,0.119608,14.707510610813804,16.01771544565418,-1.3102048348403752
D61P,61,D,P,1.1503515,1.78529,48.27458940763979,46.11551946853663,2.159069939103155
D61Q,61,D,Q,-0.18916427,-0.622487,2.7126776157962724,5.812880605277726,-3.100202989481454
D61R,61,D,R,-0.2766615,0.111915,1.3286584240634802,15.833179553423141,-14.504521129359661
D61S,61,D,S,0.086680375,0.25542,10.739988927846467,18.85956818601218,-8.119579258165713
D61T,61,D,T,0.60260344,1.17723,29.027495847942426,36.556560250968815,-7.529064403026389
D61V,61,D,V,0.6318749,0.482498,29.91326813065141,23.74976933013471,6.163498800516699
D61W,61,D,W,0.057638396,-0.590659,9.81730946669127,6.126591622070493,3.690717844620777
D61Y,61,D,Y,-0.047524102,-0.35731,6.015870086731869,8.599372577966415,-2.5835024912345457
S62A,62,S,A,-0.078203365,0.613665,4.890201144122532,26.407086178261675,-21.516885034139143
S62C,62,S,C,0.07225876,1.11151,10.167927661930246,35.541612843698104,-25.373685181767858
S62D,62,S,D,0.28215653,0.876354,17.549363351171802,31.57409116073076,-14.024727809558957
S62E,62,S,E,0.18973398,0.012469,14.319985237128622,14.153902934120685,0.16608230300793636
S62F,62,S,F,-0.09565188,-0.594058,4.613397305775973,6.108138032847389,-1.4947407270714157
S62G,62,S,G,0.13707641,0.059865,12.437719136372024,15.039675216829673,-2.601956080457649
S62H,62,S,H,0.0810105,0.643301,10.48163867872301,26.813065141169957,-16.33142646244695
S62I,62,S,I,0.14410609,-1.31572,12.732976563941687,2.232884295995571,10.500092267946115
S62K,62,S,K,0.29594636,-0.611789,18.010703081749398,5.905148551393246,12.105554530356152
S62L,62,S,L,0.14299552,-0.748668,12.677615796272375,4.7241188411145965,7.953496955157779
S62M,62,S,M,0.020849574,-0.476849,8.396383096512272,7.067724672448791,1.3286584240634811
S62N,62,S,N,0.057701923,0.341845,9.835763055914375,20.538844805314636,-10.70308174940026
S62P,62,S,P,0.8980299,1.08639,38.62336224395645,35.0618195238974,3.5615427200590517
S62Q,62,S,Q,0.07789861,0.246709,10.370917143384387,18.67503229378114,-8.304115150396752
S62R,62,S,R,-0.0112119485,0.045297,7.25226056467983,14.707510610813804,-7.455250046133974
S62T,62,S,T,0.44495502,0.874016,23.36224395644953,31.51873039306145,-8.156486436611921
S62V,62,S,V,0.37793297,-0.149731,20.81564864366119,11.496586085993727,9.319062557667465
S62W,62,S,W,-0.0216618,0.595414,6.993910315556376,26.019560804576493,-19.025650489020116
S62Y,62,S,Y,-0.1865315,-0.079061,2.768038383465584,12.56689426093375,-9.798855877468167
C63A,63,C,A,1.0705696,1.72003,45.32201513194316,44.823768222919355,0.49824690902380553
C63D,63,C,D,2.266,5.55386,80.93744233253368,84.16682044657686,-3.229378114043186
C63E,63,C,E,3.1112194,7.66206,96.43845727994095,90.64403026388632,5.794427016054627
C63F,63,C,F,2.2912037,6.96488,81.62022513378852,89.48145414283078,-7.861229009042262
C63G,63,C,G,1.8867178,2.4907,71.5445654179738,56.56025096881343,14.984314449160372
C63H,63,C,H,2.399734,12.1096,84.14836685735375,95.57113858645506,-11.422771729101314
C63I,63,C,I,2.1068168,4.46833,77.19136372024359,77.02528141723565,0.1660823030079399
C63L,63,C,L,1.9467614,6.78328,73.05775973426832,88.87248569846835,-15.814725964200036
C63M,63,C,M,2.343204,2.60993,82.9304299686289,58.20262040966968,24.727809558959223
C63N,63,C,N,2.4506946,2.74558,85.45857169219413,59.56818601217937,25.89038568001476
C63P,63,C,P,2.8646934,3.3037,93.63351171802915,66.32219966783539,27.311312050193763
C63Q,63,C,Q,2.9705765,5.48492,95.03598449898504,83.98228455434582,11.05369994463922
C63R,63,C,R,2.9155078,8.39103,94.22402657316849,91.99114227717291,2.232884295995575
C63S,63,C,S,1.2571331,2.05276,52.426646982838164,50.37829857907363,2.0483484037645354
C63T,63,C,T,2.3714213,2.92668,83.53939841299133,61.57962723749769,21.959771175493643
C63V,63,C,V,1.82719,1.85539,69.73611367410962,47.25964200036907,22.476471673740548
C63W,63,C,W,2.5510736,14.9966,87.65454880974349,96.77062188595681,-9.116073076213326
C63Y,63,C,Y,2.3243847,4.85562,82.413729470382,80.1439379959402,2.2697914744417886
I64A,64,I,A,1.7901933,2.49704,68.77652703450822,56.61561173648274,12.160915298025479
I64C,64,I,C,1.3861732,2.18755,56.44952943347481,52.445100572061264,4.004428861413544
I64D,64,I,D,2.0954347,3.70649,76.84074552500462,70.71415390293411,6.126591622070507
I64E,64,I,E,2.1039307,4.73214,77.02528141723565,79.18435135633881,-2.159069939103162
I64F,64,I,F,1.6050816,12.9763,63.812511533493264,95.92175678169403,-32.109245248200764
I64G,64,I,G,2.488359,3.3058,86.34434397490311,66.3591068462816,19.985237128621506
I64H,64,I,H,2.019453,9.29478,74.95847942424801,93.43052223657502,-18.472042812327004
I64K,64,I,K,2.1981483,10.6939,79.31352648090053,94.51928400073814,-15.205757519837604
I64L,64,I,L,0.04765207,1.93795,9.448237682229193,48.73592913821738,-39.28769145598819
I64M,64,I,M,1.2146916,0.962912,50.91345266654365,33.10573906624838,17.807713600295266
I64N,64,I,N,1.9401572,1.55059,72.87322384203728,42.55397674847758,30.319247093559696
I64P,64,I,P,1.3569082,5.35771,55.52684997231962,83.20723380697545,-27.680383834655835
I64R,64,I,R,2.3482168,17.5459,83.02269791474441,97.39804391954236,-14.375346004797947
I64S,64,I,S,2.1567845,3.30204,78.11404318139878,66.28529248938919,11.828750692009592
I64T,64,I,T,1.405636,2.56787,57.20612659162207,57.59365196530726,-0.387525373685186
I64V,64,I,V,0.17496356,0.873313,13.674109614319985,31.46336962539214,-17.789260011072155
I64W,64,I,W,1.7658154,30.964,68.16755859014579,99.18804207418343,-31.02048348403764
I64Y,64,I,Y,1.8159666,18.0909,69.49621701420926,97.6010334009965,-28.104816386787235
S65A,65,S,A,0.2971596,0.590417,18.029156670972505,25.945746447684076,-7.916589776711572
S65C,65,S,C,0.21697383,0.12754,15.298025465953128,16.20225133788522,-0.9042258719320913
S65D,65,S,D,0.74566805,1.38206,33.47481085071046,39.97047425724303,-6.495663406532572
S65E,65,S,E,1.1951854,3.17455,50.28603063295811,65.04890201144123,-14.76287137848312
S65F,65,S,F,1.0962522,9.67827,46.31850894999077,93.72577966414468,-47.40727071415391
S65G,65,S,G,0.25066125,1.28354,16.386787230116255,38.235836870271264,-21.84904964015501
S65H,65,S,H,0.5720962,0.267853,27.80955895921757,19.13637202435874,8.67318693485883
S65I,65,S,I,0.97935027,1.19178,41.85274035799963,36.77800332164606,5.074737036353568
S65K,65,S,K,1.0043914,0.615276,42.83078058682413,26.462446945930985,16.368333640893148
S65L,65,S,L,1.0638268,3.34929,45.0083041151504,66.87580734452851,-21.86750322937811
S65M,65,S,M,0.6636071,0.42238,30.7990404133604,22.550286030632957,8.248754382727444
S65N,65,S,N,0.8177166,3.51091,35.818416682044656,68.66580549916958,-32.84738881712492
S65P,65,S,P,2.059552,4.87565,75.86270529618011,80.23620594205573,-4.373500645875623
S65Q,65,S,Q,0.6640576,0.715004,30.85440118102971,28.30780586824137,2.546595312788341
S65R,65,S,R,0.28422612,0.314221,17.62317770806422,19.9114227717291,-2.2882450636648812
S65T,65,S,T,1.1902425,-0.174523,49.97231961616534,11.109060712308544,38.8632589038568
S65V,65,S,V,1.1721439,0.369251,49.23417604724119,21.295441963461894,27.9387340837793
S65W,65,S,W,0.36012393,10.0361,20.132865842406346,94.11330503782985,-73.9804391954235
S65Y,65,S,Y,0.8239331,11.1735,36.13212769883742,94.90680937442333,-58.77468167558591
L68A,68,L,A,2.6454475,3.01246,89.83207233806976,62.83447130466876,26.997601033401004
L68C,68,L,C,1.7188475,3.14519,66.783539398413,64.69828381620225,2.085255582210749
L68D,68,L,D,3.3381577,4.48915,98.00701236390478,77.2282708986898,20.778741465214978
L68E,68,L,E,3.0875795,4.46308,96.1985606200406,76.91455988189702,19.284000738143575
L68F,68,L,F,1.2454118,7.8456,52.02066801992987,91.05000922679461,-39.02934120686474
L68G,68,L,G,3.08188,3.17723,96.14319985237128,65.06735560066433,31.075844251706954
L68H,68,L,H,2.9124413,7.90511,94.16866580549917,91.17918435135634,2.989481454142833
L68I,68,L,I,1.535931,1.9182,61.67189518361321,48.25613581841669,13.415759365196521
L68K,68,L,K,2.736617,4.38583,91.62207049271083,76.08414836685735,15.537922125853484
L68M,68,L,M,1.5841873,0.385328,63.07436796456911,21.70142092637018,41.37294703819893
L68N,68,L,N,3.1632702,2.70928,96.84443624284923,59.19911422771729,37.64532201513194
L68P,68,L,P,2.6732833,2.40622,90.44104078243218,55.50839638309652,34.932644399335665
L68Q,68,L,Q,3.1057315,2.48793,96.36464292304854,56.50489020114412,39.859752721904414
L68R,68,L,R,3.0804222,8.38831,96.12474626314818,91.97268868794981,4.15205757519837
L68S,68,L,S,2.850282,2.9767,93.43052223657502,62.373131574091154,31.05739066248386
L68T,68,L,T,2.2991495,1.86238,81.74940025835025,47.388817124930796,34.36058313341945
L68V,68,L,V,1.7097734,2.91655,66.59900350618196,61.46890570215907,5.130097804022888
L68W,68,L,W,2.5855756,12.299,88.6141354493449,95.68186012179369,-7.06772467244879
L68Y,68,L,Y,2.4124732,11.2562,84.44362428492342,94.96217014209265,-10.51854585716923
F69A,69,F,A,2.4456496,4.22597,85.32939656763241,74.94002583502491,10.389370732607503
F69C,69,F,C,1.6005179,3.83959,63.701789998154645,71.61837977486621,-7.916589776711568
F69D,69,F,D,3.197833,5.98578,97.1950544380882,86.15980808267209,11.03524635541612
F69E,69,F,E,2.8346286,5.06578,93.24598634434398,81.28806052777266,11.957925816571318
F69G,69,F,G,3.0928319,5.64062,96.23546779848681,84.72042812326997,11.51503967521684
F69H,69,F,H,2.0783725,3.02757,76.3240450267577,63.0374607861229,13.286584240634802
F69I,69,F,I,1.6907161,1.07734,66.08230300793504,34.93264439933567,31.149658608599367
F69K,69,F,K,2.73258,3.33824,91.54825613581842,66.74663221996678,24.801623915851636
F69L,69,F,L,1.5696208,0.505453,62.66838900166082,24.303377006827827,38.365011994833
F69M,69,F,M,1.1038526,0.926495,46.61376637756043,32.45986344343975,14.15390293412068
F69N,69,F,N,3.1361244,4.2556,96.71526111828751,75.08765454880975,21.627606569477763
F69P,69,F,P,2.5739298,4.84868,88.28197084332902,80.05167004982468,8.230300793504341
F69Q,69,F,Q,2.6088977,4.15994,89.00166082303008,74.23878944454697,14.762871378483112
F69R,69,F,R,2.7432227,8.41158,91.73279202804946,92.06495663406533,-0.3321646060158656
F69S,69,F,S,2.7652433,4.39892,92.15722458018084,76.21332349141909,15.943901088761748
F69T,69,F,T,2.801355,4.36278,92.74773943532017,75.89961247462631,16.84812696069386
F69V,69,F,V,2.1988668,3.82356,79.35043365934675,71.5261118287507,7.824321830596048
F69W,69,F,W,1.110598,5.89016,46.9090238051301,85.86455065510242,-38.95552684997232
F69Y,69,F,Y,0.4307743,1.20878,22.716368333640894,37.05480715999262,-14.338438826351727
M70A,70,M,A,1.1310668,1.60296,47.68407455250046,43.236759549732426,4.447315002768036
M70C,70,M,C,0.6712369,2.39579,31.00202989481454,55.360767669311684,-24.358737774497143
M70D,70,M,D,2.0219507,3.06892,75.03229378114044,63.609522052039125,11.422771729101314
M70E,70,M,E,1.1448412,1.79711,48.09005351540875,46.33696253921388,1.7530909761948692
M70F,70,M,F,0.94981,-1.37016,40.800885772282705,2.08525558221074,38.71563019007196
M70G,70,M,G,1.8658111,2.97382,70.73260749215723,62.336224395644955,8.396383096512274
M70H,70,M,H,1.1848236,0.779148,49.787783723934304,29.30429968628898,20.483484037645322
M70I,70,M,I,0.5331369,0.350547,26.29636464292305,20.871009411330505,5.425355231592544
M70K,70,M,K,0.17231703,0.678993,13.581841668204467,27.606569477763426,-14.024727809558959
M70L,70,M,L,1.0894029,1.23708,46.02325152242111,37.571507658239526,8.451743864181587
M70N,70,M,N,1.9414623,2.91079,72.96549178815279,61.39509134526665,11.57040044288614
M70P,70,M,P,2.9892082,4.70245,95.23897398043918,78.96290828566156,16.27606569477763
M70Q,70,M,Q,0.7654551,1.07971,34.06532570584979,34.95109798855878,-0.8857722827089916
M70R,70,M,R,0.47722498,1.27408,24.432552131389556,38.08820815648644,-13.655656025096881
M70S,70,M,S,1.2632053,1.88222,52.5927292858461,47.72098173094667,4.871747554899429
M70T,70,M,T,1.0775199,3.26631,45.67263332718214,65.91622070492711,-20.243587377744973
M70V,70,M,V,0.7206871,0.635898,32.681306514117,26.757704373500644,5.923602140616353
M70W,70,M,W,1.0377083,0.307595,44.01181029710279,19.819154825613584,24.192655471489207
M70Y,70,M,Y,1.185653,-0.306881,49.84314449160362,9.226794611551947,40.61634988005167
E71A,71,E,A,0.24996527,0.27763,16.34988005167005,19.247093559697362,-2.8972135080273134
E71C,71,E,C,0.06541434,1.04683,10.020298948145415,34.48975825798118,-24.469459309835763
E71D,71,E,D,0.3931649,0.660387,21.313895552684997,27.14522974718583,-5.831334194500833
E71F,71,E,F,0.5570744,-0.230011,27.25595128252445,10.315556375715076,16.940394906809374
E71G,71,E,G,0.99493134,1.64968,42.369440856246534,43.901088761764164,-1.5316479055176302
E71H,71,E,H,0.8880021,1.0615,38.47573353017162,34.72965491788153,3.746078612290084
E71I,71,E,I,0.35475224,-0.685628,19.929876360952207,5.2777265178077135,14.652149843144493
E71K,71,E,K,0.4398728,-0.075168,23.140800885772283,12.640708617826169,10.500092267946114
E71L,71,E,L,0.37037906,-0.521694,20.55729839453774,6.5694777634249855,13.987820631112754
E71M,71,E,M,0.22348252,-0.373731,15.574829304299687,8.470197453404687,7.104631850895
E71N,71,E,N,0.8176626,0.450682,35.79996309282155,23.196161653441592,12.603801439379957
E71P,71,E,P,2.1742377,4.17438,78.63074367964569,74.4048717475549,4.225871932090783
E71Q,71,E,Q,-0.008574391,-0.118767,7.399889278464661,11.957925816571322,-4.558036538106661
E71R,71,E,R,0.37266713,0.522412,20.64956634065326,24.580180845174386,-3.9306145045211274
E71S,71,E,S,0.4344303,1.11173,22.919357815095037,35.560066432921204,-12.640708617826167
E71T,71,E,T,0.3906058,1.1717,21.203174017346374,36.42738512640709,-15.224211109060715
E71V,71,E,V,0.61780584,0.509906,29.544196346189334,24.487912899058866,5.056283447130468
E71W,71,E,W,0.21565571,0.095018,15.150396752168296,15.519468536630374,-0.36907178446207745
E71Y,71,E,Y,0.6260602,-0.298937,29.728732238420374,9.355969736113675,20.3727625023067
M72A,72,M,A,1.6838608,3.11901,65.75013840191917,64.14467613950914,1.605462262410029
M72C,72,M,C,1.4493802,3.53492,59.051485513932455,68.94260933751615,-9.89112382358369
M72D,72,M,D,3.006267,6.26332,95.40505628344714,87.45155932828935,7.953496955157789
M72E,72,M,E,1.831782,5.16843,69.86528879867134,81.91548256135819,-12.050193762686845
M72F,72,M,F,1.1082923,4.88571,46.72448791289906,80.31002029894815,-33.58553238604909
M72G,72,M,G,2.729608,4.9519,91.41908101125668,80.64218490496403,10.776896106292654
M72H,72,M,H,0.6768658,5.0453,31.186565787045577,81.12197822476472,-49.93541243771914
M72I,72,M,I,0.72174805,0.088856,32.718213692563204,15.445654179737959,17.272559512825246
M72K,72,M,K,1.8700755,4.1285,70.89868979516515,73.99889278464661,-3.10020298948146
M72L,72,M,L,1.9338572,1.63414,72.74404871747555,43.624284923417605,29.119763794057945
M72N,72,M,N,2.4184132,3.42109,84.57279940948514,67.7615796272375,16.811219782247647
M72P,72,M,P,3.2868018,5.18691,97.74866211478133,82.11847204281233,15.630190071968997
M72Q,72,M,Q,1.3505309,3.20236,55.286953312419264,65.3995202066802,-10.11256689426093
M72R,72,M,R,2.2923555,6.15865,81.63867872301162,87.06403395460417,-5.4253552315925475
M72S,72,M,S,2.1333337,3.83523,77.67115704004429,71.5999261856431,6.071230854401193
M72T,72,M,T,1.4794018,3.12719,59.91880420741834,64.31075844251707,-4.39195423509873
M72V,72,M,V,1.223798,0.663889,51.24561727255952,27.25595128252445,23.98966599003507
M72W,72,M,W,2.2246342,7.72093,80.05167004982468,90.75475179922495,-10.703081749400269
M72Y,72,M,Y,1.9410385,6.23334,72.94703819892969,87.35929138217384,-14.412253183244147
A73C,73,A,C,0.3368576,0.342763,19.450083041151505,20.63111275143015,-1.1810297102786471
A73D,73,A,D,2.6682165,8.28967,90.27495847942426,91.78815279571877,-1.5131943162945163
A73E,73,A,E,2.275678,10.1059,81.17733899243403,94.15021221627606,-12.97287322384203
A73F,73,A,F,1.649772,11.5112,64.90127329765639,95.20206680199298,-30.300793504336596
A73G,73,A,G,1.1915263,1.86343,50.06458756228086,47.4072707141539,2.6573168481269605
A73H,73,A,H,2.0581994,10.0013,75.77043735006458,94.05794427016055,-18.287506920095964
A73I,73,A,I,1.5230253,0.350205,61.21055545303562,20.852555822107398,40.35799963092822
A73K,73,A,K,2.4606502,4.68224,85.64310758442517,78.6676508580919,6.975456726333263
A73L,73,A,L,1.2630584,4.48936,52.555822107399884,77.2467244879129,-24.690902380513016
A73M,73,A,M,0.9340291,0.202551,40.302638863258906,17.82616718951836,22.476471673740544
A73N,73,A,N,2.658216,4.51191,90.0166082303008,77.35744602325153,12.659162207049278
A73P,73,A,P,3.1210837,7.31254,96.58608599372577,89.88743310573906,6.698652887986711
E74A,74,E,A,0.12894826,0.092886,12.234729654917881,15.50101494740727,-3.266285292489389
E74C,74,E,C,0.268458,0.467772,16.995755674478687,23.472965491788152,-6.477209817309465
E74D,74,E,D,-0.096620575,0.705648,4.59494371655287,28.104816386787228,-23.50987267023436
E74F,74,E,F,0.20175076,-0.457822,14.689057021590699,7.307621332349141,7.381435689241558
E74G,74,E,G,0.8601446,0.997048,37.4607861229009,33.78852186750323,3.672264255397671
E74H,74,E,H,0.3609054,1.08275,20.169773020852556,34.988005167004985,-14.818232146152429
E74I,74,E,I,0.56613904,-0.410466,27.606569477763426,8.027311312050193,19.579258165713235
E74K,74,E,K,0.520852,-0.374197,26.001107215353386,8.451743864181584,17.549363351171802
E74L,74,E,L,0.53195184,0.389576,26.18564310758443,21.84904964015501,4.33659346742942
E74M,74,E,M,0.43413955,-0.537452,22.900904225871933,6.4772098173094665,16.42369440856247
E74N,74,E,N,0.28288102,0.732593,17.586270529618012,28.566156117364827,-10.979885587746814
E74P,74,E,P,1.9301695,4.4589,72.57796641446761,76.84074552500462,-4.262779110537011
E74Q,74,E,Q,0.29772198,-0.387307,18.084517438641814,8.267207971950544,9.81730946669127
E74R,74,E,R,0.08489442,0.253141,10.629267392507842,18.748846650673556,-8.119579258165714
E74S,74,E,S,0.19797775,0.781203,14.596789075475181,29.43347481085071,-14.83668573537553
E74T,74,E,T,0.5000679,1.56164,25.244510057206128,42.70160546226241,-17.45709540505628
E74V,74,E,V,0.77568454,1.22952,34.39749031186566,37.4607861229009,-3.063295811035239
E74W,74,E,W,0.5698603,-0.23389,27.75419819154826,10.223288429599558,17.5309097619487
E74Y,74,E,Y,0.26206264,-0.118937,16.792766193024544,11.921018638125116,4.871747554899429
M76A,76,M,A,2.2121594,3.02882,79.68259826536261,63.055914375346,16.626683890016615
M76C,76,M,C,1.1235316,3.08983,47.3519099464846,63.830965122716364,-16.479055176231768
M76D,76,M,D,3.227777,5.58176,97.34268315187305,84.33290274958479,13.009780402288257
M76E,76,M,E,2.6693473,4.9624,90.31186565787046,80.75290644030264,9.558959217567818
M76F,76,M,F,1.6150334,5.26578,64.0339546041705,82.69053330872855,-18.656578704558044
M76G,76,M,G,2.270303,4.61378,81.0481638678723,78.28012548440671,2.768038383465594
M76H,76,M,H,2.574426,3.54216,88.33733161099833,69.07178446207787,19.26554714892046
M76I,76,M,I,1.1604377,0.232433,48.8097434951098,18.490496401550104,30.319247093559696
M76K,76,M,K,2.566555,3.20171,88.1343421295442,65.3810666174571,22.7532755120871
M76L,76,M,L,0.42780727,-0.184617,22.531832441409854,10.979885587746816,11.551946853663038
M76N,76,M,N,2.905767,4.08136,94.05794427016055,73.55600664329212,20.501937626868425
M76P,76,M,P,3.4191155,7.68641,98.50525927292858,90.66248385310944,7.842775419819148
M76Q,76,M,Q,2.1400292,2.74277,77.7449713969367,59.47591806606385,18.269053330872858
M76R,76,M,R,2.8315654,7.08444,93.19062557667466,89.62908285661561,3.5615427200590517
M76S,76,M,S,2.2131143,4.45302,79.71950544380883,76.80383834655841,2.91566709725042
M76T,76,M,T,2.1673493,2.65299,78.42775419819155,58.663960140247276,19.763794057944274
M76V,76,M,V,1.7201862,1.37051,66.8204465768592,39.785938365011994,27.034508211847204
M76W,76,M,W,2.3072686,15.9869,81.95238973980439,97.1027864919727,-15.150396752168305
M76Y,76,M,Y,2.2031941,10.8958,79.49806237313157,94.66691271452298,-15.168850341391405
V77A,77,V,A,1.0258152,0.455148,43.47665620963277,23.288429599557116,20.188226610075656
V77C,77,V,C,0.9869623,0.951197,42.055729839453775,32.90274958479424,9.152980254659532
V77D,77,V,D,1.4842169,2.07425,60.02952574275696,50.63664882819708,9.392876914559878
V77E,77,V,E,0.9878211,1.49599,42.074183428676875,41.50212216276066,0.5720612659162185
V77F,77,V,F,0.9637286,1.0249,41.28067909208341,34.21295441963462,7.06772467244879
V77G,77,V,G,1.9930394,1.2852,74.10961431998524,38.25429045949437,35.85532386049087
V77H,77,V,H,1.1489468,1.59485,48.20077505074737,43.1260380143938,5.074737036353568
V77I,77,V,I,0.45493522,-0.749629,23.731315740911608,4.687211662668389,19.04410407824322
V77K,77,V,K,1.3135523,0.414988,54.14283078058683,22.402657316848128,31.7401734637387
V77L,77,V,L,0.84663725,0.362837,36.87027126776158,21.14781324967706,15.72245801808452
V77M,77,V,M,0.86945736,0.422142,37.86676508580919,22.531832441409854,15.334932644399338
V77N,77,V,N,1.6561639,1.31139,65.04890201144123,38.80789813618749,26.24100387525374
V77P,77,V,P,1.5509298,4.57155,62.20704927108323,77.96641446761396,-15.75936519653073
V77Q,77,V,Q,0.88192093,0.497165,38.36501199483299,24.08193393615058,14.28307805868241
V77R,77,V,R,1.4001524,-0.435734,57.04004428861413,7.565971581472597,49.47407270714154
V77S,77,V,S,1.3955309,1.39635,56.76324045026758,40.136556560250966,16.626683890016615
V77T,77,V,T,1.0333683,1.84891,43.827274404871744,47.16737405425355,-3.3400996493818056
V77W,77,V,W,1.0788212,1.34253,45.69108691640524,39.3615058128806,6.329581103524639
V77Y,77,V,Y,0.9957105,0.985299,42.38789444546964,33.47481085071046,8.913083594759179
E79A,79,E,A,0.6140322,-0.307555,29.378114043181398,9.18988743310574,20.18822661007566
E79C,79,E,C,0.53676033,-0.152957,26.462446945930985,11.42277172910131,15.039675216829675
E79D,79,E,D,0.4348453,0.364825,22.956264993541247,21.24008119579258,1.7161837977486663
E79F,79,E,F,0.78990954,-1.03891,34.78501568555084,3.155563757150766,31.629451928400073
E79G,79,E,G,1.1728156,0.170845,49.25262963646429,17.124930799040413,32.12769883742388
E79H,79,E,H,1.155906,-0.12789,48.56984683520945,11.773389924340284,36.79645691086916
E79I,79,E,I,1.2343647,0.770833,51.6515962354678,29.138217383281052,22.513378852186747
E79K,79,E,K,1.1099203,-0.485994,46.87211662668389,6.993910315556376,39.878206311127514
E79L,79,E,L,0.28193188,-0.302185,17.5309097619487,9.319062557667467,8.211847204281232
E79M,79,E,M,-0.16490546,-1.01402,3.155563757150766,3.303192470935597,-0.1476287137848309
E79N,79,E,N,1.0935296,0.097075,46.189333825429046,15.648643661192102,30.540690164236942
E79P,79,E,P,3.4591134,4.07855,98.70824875438274,73.53755305406902,25.170695700313715
E79Q,79,E,Q,0.123212054,-0.97243,11.99483299501753,3.4692747739435323,8.525558221073998
E79R,79,E,R,0.8662388,-1.3697,37.70068278280125,2.103709171433844,35.59697361136741
E79S,79,E,S,0.58657825,0.694904,28.603063295811037,27.90182690533309,0.7012363904779484
E79T,79,E,T,1.0641773,2.07486,45.0267577043735,50.65510241742018,-5.62834471304668
E79V,79,E,V,1.5475271,1.33622,62.09632773574461,39.17696992064957,22.91935781509504
E79W,79,E,W,1.1856197,-0.119591,49.82469090238052,11.90256504890201,37.922125853478505
E79Y,79,E,Y,0.90403414,-0.387759,38.90016608230301,8.248754382727439,30.65141169957557
G80A,80,G,A,1.2915035,3.41377,53.49695515777819,67.7431260380144,-14.246170880236207
G80C,80,G,C,1.0285677,4.28771,43.624284923417605,75.36445838715629,-31.740173463738685
G80D,80,G,D,1.340725,3.60581,54.88097434951098,69.73611367410962,-14.855139324598639
G80E,80,G,E,1.4623451,4.54993,59.43901088761764,77.78187857538292,-18.342867687765278
G80F,80,G,F,0.58541435,4.22007,28.49234176047241,74.8293042996863,-46.336962539213886
G80H,80,G,H,0.8017542,3.54255,35.190994648459125,69.09023805130097,-33.89924340284185
G80I,80,G,I,1.5927819,5.14088,63.29581103524635,81.76785384757336,-18.47204281232701
G80K,80,G,K,0.96595985,4.80181,41.35449344897582,79.77486621147814,-38.42037276250232
G80L,80,G,L,0.915545,4.16699,39.45377375899612,74.3495109798856,-34.89573722088947
G80M,80,G,M,0.7517725,2.96717,33.6778003321646,62.13323491419081,-28.455434582026207
G80N,80,G,N,1.0340917,4.59832,43.86418158331796,78.1694039490681,-34.30522236575014
G80P,80,G,P,1.9212526,7.98303,72.31961616534416,91.23454511902564,-18.914928953681482
G80Q,80,G,Q,1.1650149,4.518,48.99427938734084,77.43126038014394,-28.4369809928031
G80R,80,G,R,1.1386303,3.23274,47.8870640339546,65.62096327735745,-17.733899243402846
G80S,80,G,S,1.185065,4.18053,49.80623731315741,74.49713969367042,-24.69090238051301
G80T,80,G,T,1.389478,2.3836,56.56025096881343,55.10241742018822,1.45783354862521
G80V,80,G,V,1.4573376,5.64189,59.309835763055915,84.73888171249307,-25.429045949437153
G80W,80,G,W,0.73267263,5.19711,33.050378298579076,82.19228639970474,-49.141908101125665
G80Y,80,G,Y,0.60151017,5.39912,28.95368149105001,83.50249123454512,-54.54880974349511
W81A,81,W,A,3.3549225,4.2583,98.19154825613582,75.12456172725595,23.066986528879866
W81C,81,W,C,2.5196922,4.77385,86.89795165159624,79.51651596235467,7.38143568924157
W81D,81,W,D,3.9903374,4.49438,99.76010334009965,77.28363166635911,22.476471673740534
W81E,81,W,E,3.9673774,4.11405,99.68628898320723,73.88817124930799,25.798117733899247
W81F,81,W,F,0.5496031,1.66497,26.979147444177894,44.15943901088762,-17.180291566709723
W81G,81,W,G,4.381744,6.1803,99.9815464107769,87.1563019007197,12.825244510057203
W81H,81,W,H,2.6358328,3.6734,89.5737220889463,70.40044288614136,19.173279202804935
W81I,81,W,I,2.890175,3.4595,93.94722273482192,68.11219782247647,25.835024912345446
W81K,81,W,K,3.9765918,5.25139,99.70474257243033,82.50599741649751,17.198745155932826
W81L,81,W,L,2.086285,2.10682,76.50858091898874,51.26407086178262,25.24451005720612
W81M,81,W,M,2.0201206,1.77788,74.97693301347113,45.9678907547518,29.009042258719326
W81N,81,W,N,3.8813558,4.54507,99.61247462631482,77.68961062926739,21.92286399704743
W81P,81,W,P,3.8010693,5.45779,99.5017530909762,83.74238789444547,15.759365196530723
W81Q,81,W,Q,3.7817314,4.22296,99.46484591252998,74.9031186565787,24.561727255951283
W81R,81,W,R,3.5733254,4.57332,99.0773205388448,78.00332164606016,21.073998892784644
W81S,81,W,S,3.5255363,6.03526,98.87433105739066,86.39970474257242,12.474626314818238
W81T,81,W,T,3.6438832,5.58712,99.26185643107584,84.3882635172541,14.873592913821739
W81V,81,W,V,3.3343074,3.642,97.98855877468168,70.1051854585717,27.88337331610998
W81Y,81,W,Y,0.7460371,1.52876,33.49326443993357,42.09263701789998,-8.599372577966413
K82D,82,K,D,1.9476818,2.54535,73.07621332349143,57.279940948514486,15.796272374976944
K82E,82,K,E,1.3139789,1.76915,54.21664513747923,45.85716921941317,8.35947591806606
K82F,82,K,F,0.4996875,0.186888,25.22605646798302,17.43864181583318,7.787414652149842
K82G,82,K,G,1.6727606,1.84359,65.52869533124192,47.019745340468724,18.508949990773196
K82H,82,K,H,0.73498696,2.11664,33.10573906624838,51.48551393245986,-18.379774866211477
K82I,82,K,I,1.1803161,0.11121,49.584794242480164,15.77781878575383,33.806975456726335
K82L,82,K,L,0.03675423,-0.454805,9.09761948699022,7.326074921572245,1.7715445654179751
K82M,82,K,M,0.17515591,-0.595551,13.69256320354309,6.089684443624285,7.602878759918805
K82N,82,K,N,1.411999,1.97761,57.50138401919174,49.36335117180292,8.138032847388821
K82P,82,K,P,2.164226,6.23347,78.29857907362982,87.37774497139694,-9.079165897767112
K82Q,82,K,Q,0.58005625,0.685856,28.233991511348954,27.735744602325152,0.498246909023802
K82R,82,K,R,-0.2708115,-1.09268,1.4209263701789998,2.8972135080273116,-1.4762871378483118
K82S,82,K,S,0.97264194,1.99053,41.612843698099276,49.56634065325706,-7.953496955157782
K82T,82,K,T,1.7549326,1.09786,67.81694039490681,35.33862336224395,32.47831703266286
K82V,82,K,V,1.407644,0.73507,57.298394537737586,28.584609706587933,28.713784831149653
K82W,82,K,W,0.8163484,1.22166,35.74460232515224,37.33161099833918,-1.5870086731869364
K82Y,82,K,Y,0.5505617,0.522488,27.034508211847204,24.59863443439749,2.4358737774497143
G85A,85,G,A,1.3058627,3.40598,53.902934120686474,67.52168296733714,-13.618748846650668
G85C,85,G,C,1.0978764,4.48355,46.41077689610629,77.15445654179737,-30.74367964569108
G85D,85,G,D,1.8358189,5.56806,69.95755674478687,84.20372762502306,-14.246170880236193
G85E,85,G,E,1.9409332,4.74628,72.92858460970659,79.31352648090053,-6.384941871193945
G85F,85,G,F,1.2341745,2.74987,51.63314264624469,59.66045395829489,-8.027311312050195
G85H,85,G,H,1.2996922,2.87158,53.73685181767854,60.93375161468906,-7.196899797010516
G85I,85,G,I,1.8038807,5.83125,69.23786676508581,85.60620040597897,-16.368333640893155
G85K,85,G,K,1.4376581,2.13643,58.55323860490865,51.78077136002952,6.772467244879131
G85L,85,G,L,1.325297,3.31576,54.456541797379586,66.48828197084333,-12.031740173463746
G85M,85,G,M,1.3863262,7.39961,56.46798302269791,90.0719689979701,-33.603985975272195
G85N,85,G,N,1.5950167,3.03734,63.443439749031185,63.11127514301532,0.3321646060158656
G85P,85,G,P,2.6737726,7.35936,90.4594943716553,89.96124746263148,0.49824690902381974
G85Q,85,G,Q,1.5616162,4.47939,62.48385310942979,77.09909577412807,-14.615242664698286
G85R,85,G,R,1.4873221,4.02474,60.08488651042628,73.16848126960693,-13.083594759180649
G85S,85,G,S,1.3872694,3.36366,56.48643661192102,67.04188964753645,-10.555453035615429
G85T,85,G,T,1.9223744,6.43863,72.39343052223659,87.93135264809005,-15.53792212585347
G85V,85,G,V,1.8279543,5.39585,69.77302085255582,83.4655840560989,-13.692563203543088
G85W,85,G,W,1.0876663,2.21445,45.94943716552869,52.72190441040783,-6.772467244879138
G85Y,85,G,Y,1.1742629,2.51186,49.2895368149105,56.8924155748293,-7.602878759918802
Y86A,86,Y,A,2.6403046,5.91001,89.70289721350802,85.95681860121793,3.7460786122900913
Y86C,86,Y,C,1.7222573,5.3214,66.96807529064404,82.948883557852,-15.980808267207962
Y86D,86,Y,D,3.413358,7.31458,98.46835209448238,89.90588669496216,8.562465399520221
Y86E,86,Y,E,3.2739735,7.76877,97.6563941686658,90.92083410223289,6.73556006643291
Y86F,86,Y,F,0.30162334,0.856694,18.15833179553423,30.96512271636833,-12.8067909208341
Y86G,86,Y,G,3.0614467,6.55773,95.95866396014024,88.31887802177523,7.639785938365009
Y86H,86,Y,H,2.180374,3.42577,78.87064033954604,67.85384757335302,11.01679276619302
Y86I,86,Y,I,2.4833474,3.45097,86.15980808267209,68.03838346558405,18.12142461708804
Y86K,86,Y,K,3.0421166,3.7954,95.7556744786861,71.28621516885035,24.469459309835756
Y86L,86,Y,L,2.348229,2.96062,83.04115150396753,62.02251337885218,21.018638125115345
Y86M,86,Y,M,2.018804,2.22431,74.9031186565787,52.86953312419266,22.03358553238604
Y86N,86,Y,N,3.1236138,5.48398,96.60453958294887,83.94537737589961,12.659162207049263
Y86P,86,Y,P,3.371821,7.03284,98.26536261302823,89.5552684997232,8.710094113305033
Y86Q,86,Y,Q,3.1854224,6.66661,97.1027864919727,88.55877468167559,8.544011810297107
Y86R,86,Y,R,2.5063071,6.63582,86.7134157593652,88.48496032478317,-1.771544565417969
Y86S,86,Y,S,2.685701,6.46771,90.68093744233254,88.06052777265178,2.620409669680754
Y86T,86,Y,T,3.0594988,6.7666,95.90330319247093,88.79867134157594,7.1046318508949895
Y86V,86,Y,V,2.6544805,6.15237,89.94279387340838,86.99021959771176,2.9525742756966196
Y86W,86,Y,W,0.9058798,5.27481,38.97398043919542,82.74589407639786,-43.77191363720244
E87A,87,E,A,0.57783866,0.667977,28.16017715445654,27.311312050193763,0.848865104262778
E87C,87,E,C,0.24930024,-0.179581,16.29451928400074,11.053699944639233,5.240819339361506
E87D,87,E,D,0.64256716,1.26013,30.171618379774866,37.829857907362985,-7.658239527588119
E87F,87,E,F,-0.095541656,-0.776651,4.6318508949990775,4.484222181214246,0.14762871378483133
E87G,87,E,G,0.736641,0.491143,33.161099833917696,23.93430522236575,9.226794611551945
E87H,87,E,H,0.058598407,0.434156,9.872670234360584,22.716368333640894,-12.84369809928031
E87I,87,E,I,-0.46229345,0.25442,0.2768038383465584,18.804207418342866,-18.527403579996307
E87K,87,E,K,0.057121407,-0.942071,9.798855877468167,3.5430891308359476,6.2557667466322195
E87L,87,E,L,-0.32252464,-1.10193,0.9595866396014026,2.8418527403579996,-1.882266100756597
E87M,87,E,M,-0.30178732,-0.730017,1.1256689426093374,4.964015501014948,-3.8383465584056102
E87N,87,E,N,0.54421645,-0.466512,26.73925078427754,7.215353386233622,19.523897398043918
E87P,87,E,P,0.9711607,4.20925,41.53902934120686,74.73703635357077,-33.19800701236391
E87Q,87,E,Q,-0.036362328,-0.832907,6.384941871193947,4.096696807529064,2.288245063664883
E87R,87,E,R,-0.16880222,-1.03683,3.1002029894814545,3.1740173463738697,-0.07381435689241522
E87S,87,E,S,0.5929128,0.35911,28.71378483114966,21.055545303561544,7.658239527588115
E87T,87,E,T,0.10355137,0.126373,11.293596604539582,16.14689057021591,-4.853293965676327
E87V,87,E,V,-0.23094377,0.191551,1.9560804576490127,17.47554899427939,-15.519468536630377
E87W,87,E,W,-0.0031034395,1.76142,7.713600295257428,45.65417973795903,-37.940579442701605
E87Y,87,E,Y,-0.10685824,3.94499,4.281232699760103,72.5226056467983,-68.2413729470382
Y88A,88,Y,A,2.495994,4.48365,86.52887986713415,77.17291013102049,9.355969736113664
Y88C,88,Y,C,1.3188818,3.95993,54.30891308359476,72.59642000369072,-18.287506920095964
Y88D,88,Y,D,2.8253067,5.61049,93.04299686288984,84.59125299870824,8.451743864181594
Y88E,88,Y,E,2.559361,5.43514,87.93135264809005,83.66857353755306,4.2627791105369965
Y88F,88,Y,F,-0.21836743,-0.452079,2.288245063664883,7.381435689241557,-5.093190625576674
Y88G,88,Y,G,2.923653,4.86278,94.316294519284,80.18084517438642,14.13544934489758
Y88H,88,Y,H,1.7709792,2.22055,68.38900166082304,52.81417235652335,15.57482930429969
Y88I,88,Y,I,1.1560279,0.848166,48.60675401365565,30.8174940025835,17.78926001107215
Y88K,88,Y,K,2.4468071,2.25371,85.38475733530171,53.25705849787784,32.12769883742387
Y88L,88,Y,L,1.1255022,0.265936,47.44417789260011,19.099464845912532,28.344713046687577
Y88M,88,Y,M,1.2755778,0.826588,52.90644030263887,30.41151503967522,22.49492526296365
Y88N,88,Y,N,2.6192431,4.20974,89.18619671526112,74.75548994279387,14.430706772467246
Y88P,88,Y,P,3.2207336,6.89503,97.26886879498062,89.24155748293043,8.027311312050188
Y88Q,88,Y,Q,2.5002415,4.39004,86.56578704558036,76.12105554530356,10.444731500276802
Y88R,88,Y,R,2.1052265,4.25643,77.06218859568186,75.10610813803285,1.9560804576490085
Y88S,88,Y,S,2.5100422,4.63332,86.7318693485883,78.35393984129914,8.377929507289167
Y88T,88,Y,T,2.0590887,4.65579,75.8073445285108,78.52002214430706,-2.7126776157962667
Y88V,88,Y,V,1.6634582,2.63243,65.25189149289537,58.36870271267761,6.883188780217758
Y88W,88,Y,W,0.7072808,0.950095,32.18305960509319,32.84738881712493,-0.6643292120317383
W95A,95,W,A,3.843141,6.00803,99.59402103709172,86.2520760287876,13.341945008304123
W95C,95,W,C,3.069016,5.28884,96.03247831703267,82.80125484406717,13.231223472965496
W95D,95,W,D,4.4095383,8.40541,100.0,92.02804945561913,7.971950544380874
W95E,95,W,E,3.783503,7.61747,99.48329950175308,90.5333087285477,8.949990773205386
W95F,95,W,F,1.3965528,3.10491,56.80014762871378,63.9785938365012,-7.178446207787417
W95G,95,W,G,4.13479,7.40345,99.90773205388447,90.1088761764163,9.79885587746817
W95H,95,W,H,2.6427941,4.8056,89.75825798117734,79.81177338992434,9.946484591252997
W95I,95,W,I,3.1627336,4.7216,96.80752906440303,79.1105369994464,17.696992064956632
W95K,95,W,K,3.748652,7.76526,99.42793873408378,90.88392692378667,8.544011810297107
W95L,95,W,L,3.1627362,8.47398,96.82598265362613,92.19413175862705,4.631850894999076
W95M,95,W,M,2.66603,1.82803,90.16423694408563,46.68758073445285,43.47665620963278
W95N,95,W,N,4.320006,7.36822,99.96309282155379,90.0166082303008,9.946484591252982
W95P,95,W,P,4.2617064,6.81526,99.94463923233069,89.00166082303008,10.942978409300608
W95Q,95,W,Q,3.6345737,7.35939,99.16958848496033,89.97970105185459,9.189887433105739
W95R,95,W,R,2.2678757,6.68862,80.99280310020299,88.6141354493449,-7.621332349141909
W95S,95,W,S,3.9191709,6.94836,99.63092821553792,89.38918619671526,10.241742018822663
W95T,95,W,T,3.9800706,7.85642,99.74164975087655,91.06846281601771,8.673186934858833
W95V,95,W,V,4.093876,5.24957,99.87082487543827,82.48754382727441,17.383281048163866
W95Y,95,W,Y,1.2295634,2.30541,51.44860675401366,54.013655656025094,-2.5650489020114335
M96A,96,M,A,1.5752494,3.36182,62.83447130466876,67.01420926370179,-4.179737959033027
M96C,96,M,C,0.9118551,3.4068,39.213877099095775,67.59549732422956,-28.38162022513378
M96D,96,M,D,2.2769725,6.40278,81.23269976010334,87.83908470197453,-6.606384941871184
M96E,96,M,E,1.3715346,4.48563,55.95128252445101,77.19136372024359,-21.240081195792577
M96F,96,M,F,0.20942207,12.0773,14.965860859937258,95.53423140800886,-80.56837054807161
M96G,96,M,G,2.1053336,5.05285,77.09909577412807,81.19579258165713,-4.096696807529057
M96H,96,M,H,0.94262946,3.62616,40.505628344713045,69.86528879867134,-29.3596604539583
M96I,96,M,I,1.3516033,0.14928,55.379221258534784,16.73740542535523,38.64181583317955
M96K,96,M,K,1.4802945,1.84775,59.99261856431076,47.14892046503045,12.84369809928031
M96L,96,M,L,0.3617774,4.20857,20.24358737774497,74.70012917512456,-54.456541797379586
M96N,96,M,N,1.8734722,3.14158,71.04631850895,64.58756228086364,6.458756228086358
M96P,96,M,P,1.5553,2.14093,62.31777080642185,51.85458571692194,10.463185089499909
M96Q,96,M,Q,0.8731287,2.81923,38.05130097804023,60.34323675954973,-22.2919357815095
M96R,96,M,R,1.1932757,2.39713,50.19376268684259,55.39767484775789,-5.203912160915301
M96S,96,M,S,1.5181147,3.67502,60.97065879313527,70.41889647536446,-9.448237682229191
M96T,96,M,T,1.6112999,2.2677,63.9785938365012,53.44159439010887,10.536999446392329
M96V,96,M,V,1.6001003,3.06606,63.68333640893154,63.55416128436981,0.1291751245617263
M96W,96,M,W,1.8902318,10.813,71.65528695331243,94.64845912529987,-22.99317217198744
M96Y,96,M,Y,0.9320614,14.0154,40.26573168481269,96.42000369071785,-56.154272005905156
P98K,98,P,K,0.22263062,0.872317,15.519468536630374,31.444916036169033,-15.92544749953866
P98L,98,P,L,0.026950544,0.278034,8.710094113305038,19.28400073814357,-10.57390662483853
P98M,98,P,M,-0.12612557,1.89808,3.8014393799594024,47.942424801623915,-44.14098542166451
P98N,98,P,N,0.26953092,1.57631,17.01420926370179,42.83078058682413,-25.816571323122343
P98Q,98,P,Q,0.12270556,1.33246,11.90256504890201,39.06624838531094,-27.16368333640893
P98R,98,P,R,-0.22575346,1.36735,2.048348403764532,39.73057759734268,-37.68222919357815
P98S,98,P,S,0.4073523,1.43008,21.959771175493632,40.65325705849788,-18.693485883004247
P98T,98,P,T,0.40164065,1.92862,21.664513747923973,48.51448606754013,-26.84997231961616
P98V,98,P,V,0.4563535,0.412583,23.768222919357815,22.347296549178814,1.420926370179
P98W,98,P,W,-0.43984622,0.493408,0.3690717844620779,23.971212400811957,-23.602140616349878
P98Y,98,P,Y,-0.050425243,0.96255,5.9236021406163495,33.08728547702528,-27.163683336408933
Q99A,99,Q,A,0.099917404,0.43293,11.219782247647167,22.697914744417787,-11.47813249677062
Q99C,99,Q,C,-0.1345576,0.547407,3.6907178446207785,25.152242111090604,-21.461524266469826
Q99D,99,Q,D,0.028645197,0.671267,8.747001291751246,27.366672817863076,-18.61967152611183
Q99E,99,Q,E,-0.008386578,0.197842,7.436796456910868,17.67853847573353,-10.24174201882266
Q99F,99,Q,F,-0.15909103,-0.094037,3.2847388817124927,12.253183244140986,-8.968444362428494
Q99G,99,Q,G,0.38077465,0.451522,20.834102232884298,23.2146152426647,-2.380513009780401
Q99H,99,Q,H,-0.05538261,0.262011,5.683705480715999,18.970289721350802,-13.286584240634802
Q99K,99,Q,K,-0.038869374,-0.202046,6.311127514301532,10.721535338623363,-4.410407824321831
Q99L,99,Q,L,0.023097213,0.231776,8.562465399520207,18.453589223103894,-9.891123823583687
Q99M,99,Q,M,-0.06547747,-0.284806,5.369994463923233,9.577412806790921,-4.207418342867688
Q99N,99,Q,N,0.031570826,0.726773,8.931537183982284,28.49234176047241,-19.560804576490128
Q99P,99,Q,P,1.1888707,1.2493,49.89850525927293,37.79295072891677,12.105554530356159
Q99R,99,Q,R,-0.066276744,-0.090819,5.333087285477026,12.345451190256505,-7.012363904779479
Q99S,99,Q,S,0.09729866,0.135705,11.109060712308544,16.368333640893155,-5.259272928584611
Q99T,99,Q,T,0.17823473,1.67497,13.93245986344344,44.270160546226236,-30.337700682782796
Q99V,99,Q,V,0.113090016,2.50662,11.644214799778558,56.78169403949068,-45.13747923971212
Q99W,99,Q,W,-0.04886973,-0.426538,5.960509319062558,7.768961062926739,-1.8084517438641816
Q99Y,99,Q,Y,-0.12438361,-0.077061,3.856800147628714,12.60380143937996,-8.747001291751246
R100V,100,R,V,2.8035088,3.86147,92.80310020298948,71.78446207787414,21.018638125115345
R100W,100,R,W,1.8347635,5.43154,69.93910315556376,83.63166635910684,-13.692563203543088
R100Y,100,R,Y,2.0071926,4.53201,74.4417789260011,77.57888909392877,-3.137110167927659
D101I,101,D,I,2.5466866,1.96061,87.48846650673556,49.08654733345636,38.401919173279204
D101K,101,D,K,2.0326395,0.986348,75.14301531647905,33.548625207602875,41.594390108876176
D101L,101,D,L,2.043069,1.3331,75.4013655656025,39.121609152980255,36.27975641262225
D101M,101,D,M,1.6267754,-0.109678,64.25539767484776,12.050193762686842,52.20520391216091
D101N,101,D,N,0.252639,0.268065,16.497508765454878,19.154825613581842,-2.657316848126964
D101P,101,D,P,2.7627654,2.08376,92.12031740173464,50.91345266654365,41.20686473519099
D101Q,101,D,Q,1.617536,1.73054,64.12622255028603,45.100572061265915,19.025650489020116
D101R,101,D,R,1.8467144,1.5161,70.30817494002584,41.85274035799963,28.455434582026207
D101S,101,D,S,0.7259326,0.836068,32.84738881712493,30.61450452112936,2.2328842959955715
D101T,101,D,T,0.94589776,4.07628,40.65325705849788,73.51909946484592,-32.865842406348044
D101V,101,D,V,2.7676551,1.53426,92.19413175862705,42.20335855323861,49.99077320538844
D101W,101,D,W,2.2866096,2.97378,81.4725964200037,62.31777080642185,19.15482561358185
D101Y,101,D,Y,2.4592083,1.91861,85.58774681675587,48.27458940763979,37.31315740911608
E103A,103,E,A,0.12822133,-0.219292,12.216276065694778,10.500092267946115,1.7161837977486627
E103C,103,E,C,0.10279326,0.223608,11.275143015316479,18.287506920095957,-7.012363904779479
E103D,103,E,D,0.094471276,-0.167928,11.035246355416128,11.201328658424064,-0.16608230300793636
E103F,103,E,F,0.024936136,-0.393209,8.617826167189518,8.230300793504336,0.3875253736851825
E103G,103,E,G,0.42791635,0.022379,22.568739619856064,14.319985237128622,8.248754382727443
E103H,103,E,H,0.17260718,0.591436,13.60029525742757,25.964200036907176,-12.363904779479606
E103I,103,E,I,0.21150744,0.507378,15.02122162760657,24.35873777449714,-9.33751614689057
E103K,103,E,K,0.023460591,-0.415892,8.58091898874331,7.879682598265362,0.7012363904779475
E103L,103,E,L,-0.103035964,-0.471369,4.391954235098726,7.141539029341207,-2.7495847942424803
E103M,103,E,M,-0.028344195,-0.19236,6.754013655656026,10.924524820077504,-4.1705111644214785
E103N,103,E,N,0.28978252,-0.494638,17.82616718951836,6.975456726333272,10.85071046318509
E103P,103,E,P,1.9189678,0.693635,72.24580180845174,27.86491972688688,44.38088208156486
E103Q,103,E,Q,-0.099734366,-0.795395,4.5026757704373495,4.2996862889832075,0.20298948145414197
E103R,103,E,R,-0.0668556,-0.68735,5.314633696253921,5.259272928584609,0.05536076766931153
E103S,103,E,S,0.092257656,-2.19845,10.961431998523713,0.7565971581472596,10.204834840376453
E103T,103,E,T,0.24045798,0.851807,16.073076213323493,30.90976194869902,-14.836685735375529
E103V,103,E,V,0.47567827,1.88021,24.303377006827827,47.70252814172357,-23.399151134895742
E103W,103,E,W,0.31591016,-0.042224,18.656578704558036,13.231223472965493,5.425355231592544
E103Y,103,E,Y,0.087080084,-0.623554,10.75844251706957,5.775973426831519,4.982469090238051
G104A,104,G,A,0.89948606,2.601,38.66026942240266,58.07344528510795,-19.413175862705287
G104C,104,G,C,0.7747825,2.21991,34.37903672264255,52.79571876730024,-18.416682044657684
G104D,104,G,D,1.4040846,1.3049,57.16921941317587,38.62336224395645,18.545857169219417
G104E,104,G,E,1.4566977,1.53349,59.25447499538661,42.1849049640155,17.069570031371107
G104F,104,G,F,1.1701434,2.29833,49.123454511902565,53.93984129913269,-4.8163867872301225
G104H,104,G,H,1.1773193,7.99281,49.40025835024912,91.27145229747185,-41.871193947222736
G104I,104,G,I,1.4113941,3.73088,57.42756966229932,70.84332902749586,-13.415759365196536
G104K,104,G,K,1.4260757,2.23752,58.03653810666175,52.96180107030818,5.074737036353575
G104L,104,G,L,1.2631258,1.20559,52.574275696623,37.01789998154641,15.556375715076591
G104M,104,G,M,1.2238461,2.70623,51.26407086178262,59.18066063849419,-7.916589776711568
G104N,104,G,N,1.4139612,2.51734,57.556744786861046,56.947776342498614,0.6089684443624321
G104P,104,G,P,1.6435435,6.91984,64.79055176231778,89.33382542904596,-24.543273666728183
G104Q,104,G,Q,1.3216729,1.74424,54.34582026204097,45.43273666728179,8.913083594759179
G104R,104,G,R,1.3983023,2.32154,56.8924155748293,54.179737959033034,2.7126776157962667
G104S,104,G,S,0.96251965,2.37794,41.243771913637204,54.9916958848496,-13.747923971212394
G104T,104,G,T,1.579458,4.68846,62.92673925078428,78.75991880420742,-15.833179553423136
G104V,104,G,V,1.4328268,12.0673,58.23952758811589,95.51577781878575,-37.27625023066986
G104W,104,G,W,1.2054726,2.9611,50.562834471304676,62.040966968075296,-11.47813249677062
G104Y,104,G,Y,1.2136673,2.62459,50.83963830965123,58.313341945008304,-7.473703635357076
R105A,105,R,A,1.3491764,1.36113,55.21313895552685,39.63830965122717,15.574829304299683
R105C,105,R,C,1.0444127,1.34935,44.39933567078797,39.509134526665434,4.8902011441225355
R105D,105,R,D,2.5690346,3.16949,88.20815648643662,64.9566340653257,23.25152242111092
R105E,105,R,E,2.1904783,1.53138,79.1474441778926,42.14799778556929,36.99944639232331
R105F,105,R,F,1.0192173,-0.292067,43.29212031740173,9.466691271452298,33.825429045949434
R105G,105,R,G,1.5460701,0.955531,62.02251337885218,32.95811035246356,29.064403026388625
R105H,105,R,H,0.9617769,1.72025,41.18841114596789,44.86067540136556,-3.672264255397671
R105I,105,R,I,1.0360698,0.412183,43.93799594021037,22.32884295995571,21.60915298025466
R105K,105,R,K,0.660957,0.293032,30.688318878021775,19.523897398043918,11.164421479977857
R105L,105,R,L,1.2138956,0.479276,50.858091898874335,23.6759549732423,27.182136925632037
R105M,105,R,M,1.4217792,0.259179,57.88890939287692,18.933382542904596,38.95552684997232
R105N,105,R,N,1.6789325,0.618539,65.63941686658055,26.517807713600295,39.121609152980255
R105P,105,R,P,2.9558036,2.8327,94.8329950175309,60.54622624100388,34.286768776527026
R105Q,105,R,Q,1.5444267,0.740097,61.948699021959776,28.71378483114966,33.234914190810116
R105S,105,R,S,1.3971037,0.87468,56.837054807159994,31.537183982284557,25.299870824875438
R105T,105,R,T,1.7780845,2.38613,68.55508396383097,55.194685366303744,13.360398597527222
R105V,105,R,V,1.3712081,1.29002,55.895921756781696,38.34655840560989,17.549363351171806
R105W,105,R,W,1.2155707,0.804987,50.93190625576675,29.968628898320727,20.96327735744602
R105Y,105,R,Y,1.0098436,0.633163,43.03377006827828,26.665436427385124,16.368333640893155
L106A,106,L,A,2.1613047,3.12251,78.24321830596051,64.21849049640154,14.024727809558968
L106C,106,L,C,1.5961487,2.8775,63.55416128436981,61.02601956080458,2.528141723565234
L106D,106,L,D,2.4688358,5.19128,85.8460970658793,82.13692563203543,3.7091714338438777
L106E,106,L,E,1.9673874,3.81468,73.46373869717661,71.39693670418896,2.0668019929876493
L106F,106,L,F,0.9232052,2.4017,39.84129913268131,55.453035615427204,-15.611736482745897
L106G,106,L,G,2.430998,4.1697,84.92341760472412,74.3679645691087,10.555453035615429
L106H,106,L,H,2.004986,2.80998,74.3679645691087,60.25096881343421,14.11699575567448
L106I,106,L,I,0.5624383,0.351292,27.44048717475549,20.926370178999814,6.514116995755675
L106K,106,L,K,1.8842728,1.03715,71.47075106108139,34.452851079534966,37.01789998154642
L106M,106,L,M,1.1510837,-0.543579,48.3299501753091,6.458756228086362,41.871193947222736
L106N,106,L,N,2.4211125,3.39691,84.66506735560067,67.44786861044473,17.21719874515594
L106P,106,L,P,1.7180898,0.001255,66.74663221996678,13.914006274220336,52.83262594574645
L106Q,106,L,Q,1.6876342,2.6005,65.91622070492711,58.05499169588485,7.861229009042262
L106R,106,L,R,2.3643556,5.76808,83.41022328842959,85.47702528141724,-2.0668019929876493
L106S,106,L,S,2.4386258,4.11649,85.12640708617826,73.9250784277542,11.20132865842406
L106T,106,L,T,2.2034678,3.04106,79.51651596235467,63.18508949990773,16.33142646244694
L106V,106,L,V,1.0713485,1.1412,45.43273666728179,35.92913821738328,9.503598449898504
L106W,106,L,W,1.7437893,7.71546,67.54013655656024,90.69939103155565,-23.159254474995407
L106Y,106,L,Y,0.5504823,9.67807,27.016054622624104,93.70732607492157,-66.69127145229746
Q107A,107,Q,A,1.0365493,0.686179,43.95644952943347,27.75419819154826,16.20225133788521
Q107C,107,Q,C,0.3118217,0.521825,18.564310758442517,24.561727255951283,-5.997416497508766
A108W,108,A,W,1.2701886,-0.440492,52.75881158885404,7.455250046133973,45.30356154272006
A108Y,108,A,Y,1.2729431,-1.07579,52.86953312419266,2.971027864919727,49.89850525927293
D109A,109,D,A,0.98383236,1.94281,41.94500830411515,48.8281970843329,-6.8831887802177505
D109C,109,D,C,0.3350022,2.30755,19.32090791658978,54.03210924524821,-34.71120132865843
D109E,109,D,E,1.104921,-0.206598,46.63221996678354,10.629267392507842,36.002952574275696
D109F,109,D,F,1.373347,-0.294551,56.006643292120316,9.448237682229193,46.558405609891125
D109G,109,D,G,1.2105902,3.67113,50.7473703635357,70.36353570769515,-19.616165344159448
D109H,109,D,H,0.69637144,0.28248,31.813987820631112,19.33936150581288,12.47462631481823
D109I,109,D,I,1.990229,3.54512,74.05425355231593,69.10869164052407,4.945561911791856
D109K,109,D,K,1.960274,3.14287,73.33456357261487,64.60601587008674,8.728547702528132
D109L,109,D,L,1.8419138,1.78787,70.17899981546411,46.189333825429046,23.989665990035064
D109M,109,D,M,1.220309,1.51244,51.097988558774674,41.81583317955342,9.282155379221251
D109N,109,D,N,0.6558002,1.76833,30.46687580734453,45.83871563019007,-15.371839822845544
D109P,109,D,P,2.3400111,4.19471,82.74589407639786,74.58940763978595,8.156486436611914
D109Q,109,D,Q,1.4260967,2.35127,58.05499169588485,54.641077689610626,3.4139140062742257
D109R,109,D,R,1.8517053,2.84684,70.41889647536446,60.73076213323492,9.688134342129544
D109S,109,D,S,0.55247945,3.51591,27.108322568739617,68.77652703450822,-41.6682044657686
D109T,109,D,T,1.6670465,2.97361,65.3995202066802,62.262410038752535,3.137110167927659
D109V,109,D,V,2.1468415,1.88261,77.89260011072153,47.757888909392875,30.134711201328656
D109W,109,D,W,1.7520382,3.31304,67.7431260380144,66.43292120317402,1.310204834840377
D109Y,109,D,Y,1.4208633,2.57648,57.87045580365381,57.685919911422765,0.18453589223104672
P110A,110,P,A,0.43643928,1.60928,23.03007935043366,43.329027495847946,-20.298948145414286
P110C,110,P,C,0.57747763,2.13873,28.14172356523344,51.83613212769884,-23.694408562465398
P110D,110,P,D,0.6199932,1.18163,29.654917881527957,36.59346742941502,-6.938549547887064
P110E,110,P,E,0.49156585,1.09394,25.02306698652888,35.26480900535154,-10.241742018822656
P110F,110,P,F,0.44694027,1.29965,23.380697545672632,38.47573353017162,-15.095035984498985
P110G,110,P,G,0.704763,1.84188,32.12769883742388,46.98283816202251,-14.855139324598632
P110H,110,P,H,0.5031297,2.00582,25.37368518176785,49.7508765454881,-24.377191363720247
P110I,110,P,I,0.48035374,1.92381,24.59863443439749,48.42221812142461,-23.823583687027124
P110K,110,P,K,0.2785266,1.64915,17.364827458940766,43.88263517254106,-26.51780771360029
P110L,110,P,L,0.4041779,2.34684,21.75678169403949,54.56726333271822,-32.81048163867873
P110M,110,P,M,0.47153902,1.60916,24.155748293042997,43.31057390662484,-19.154825613581842
P110N,110,P,N,0.5590719,1.44294,27.34821922863997,40.800885772282705,-13.452666543642735
P110Q,110,P,Q,0.36159688,1.54887,20.18822661007566,42.51706957003137,-22.328842959955708
P110R,110,P,R,0.29765862,1.61711,18.06606384941871,43.421295441963466,-25.355231592544754
P110S,110,P,S,0.2815073,2.10876,17.512456172725596,51.33788521867503,-33.825429045949434
P110T,110,P,T,0.7367031,2.23972,33.1795534231408,53.01716183797749,-19.837608414836687
P110V,110,P,V,0.66128254,1.68207,30.706772467244882,44.39933567078797,-13.692563203543088
P110W,110,P,W,0.4500875,1.38152,23.583687027126775,39.93356707879683,-16.349880051670052
P110Y,110,P,Y,0.47821435,1.26708,24.469459309835763,37.97748662114782,-13.508027311312055
R112A,112,R,A,1.6795666,3.90532,65.69477763424986,72.15353386233623,-6.458756228086372
R112C,112,R,C,1.255659,4.40093,52.352832625945744,76.26868425908839,-23.915851633142644
R112D,112,R,D,2.6306977,6.5467,89.44454696438457,88.24506366488282,1.1994832995017504
R112E,112,R,E,2.2191372,6.15275,79.88558774681675,87.00867318693486,-7.123085440118103
R112F,112,R,F,1.250938,2.88879,52.18675032293781,61.1367410961432,-8.949990773205386
R112G,112,R,G,2.0911937,4.20103,76.65620963277358,74.66322199667836,1.9929876360952221
R112H,112,R,H,0.81560344,3.0434,35.70769514670604,63.25890385680015,-27.551208710094116
R112I,112,R,I,2.0081475,3.81862,74.53404687211662,71.45229747185827,3.081749400258346
R112K,112,R,K,1.7932348,2.00045,68.88724856984683,49.677062188595684,19.210186381251148
R112L,112,R,L,1.2401364,2.59541,51.83613212769884,57.96272374976933,-6.126591622070492
R112M,112,R,M,1.5629528,0.732485,62.5392138770991,28.547702528141723,33.991511348957374
R112N,112,R,N,1.8684924,4.24407,70.84332902749586,74.99538660269423,-4.15205757519837
R112P,112,R,P,2.3524392,4.41741,83.17032662852924,76.47167374054253,6.698652887986711
R112Q,112,R,Q,1.5944908,3.64716,63.424986159808086,70.19745340468721,-6.772467244879124
R112S,112,R,S,1.971872,3.31102,73.53755305406902,66.4144676139509,7.123085440118118
R112T,112,R,T,2.2006004,5.927,79.40579442701605,85.99372577966415,-6.5879313526480985
R112V,112,R,V,1.9955333,2.3108,74.18342867687765,54.06901642369441,20.114412253183247
R112W,112,R,W,1.0856042,3.82014,45.85716921941317,71.47075106108139,-25.613581841668214
R112Y,112,R,Y,0.9592732,2.94776,41.11459678907548,61.856431075844256,-20.74183428676878
F113A,113,F,A,3.206433,5.25192,97.2135080273113,82.5244510057206,14.689057021590699
F113C,113,F,C,2.1909966,5.18139,79.18435135633881,82.0262040966968,-2.841852740357993
F113D,113,F,D,3.6885762,6.9107,99.39103155563758,89.29691825059975,10.094113305037837
F113E,113,F,E,3.3501472,6.43887,98.1177338992434,87.94980623731315,10.16792766193025
F113G,113,F,G,3.2102368,5.80918,97.2319616165344,85.56929322753275,11.662668389001652
F113H,113,F,H,2.6416864,3.12593,89.72135080273112,64.25539767484776,25.465953127883367
F113I,113,F,I,1.8283107,2.68845,69.79147444177892,58.97767115704005,10.813803284738867
F113K,113,F,K,3.0978446,5.28442,96.27237497693302,82.78280125484406,13.489573722088963
F113L,113,F,L,2.33774,1.84543,82.69053330872855,47.05665251891492,35.633880789813624
F113M,113,F,M,2.0187182,1.5077,74.8846650673556,41.74201882266101,33.14264624469459
F113N,113,F,N,3.4643064,5.57399,98.74515593282894,84.27754198191548,14.46761395091346
F113P,113,F,P,3.8073642,9.07145,99.5202066801993,93.06145045211294,6.458756228086358
F113Q,113,F,Q,3.21524,4.70142,97.25041520575752,78.94445469643846,18.305960509319064
F113R,113,F,R,3.1142807,6.60155,96.47536445838716,88.37423878944455,8.101125668942615
F113S,113,F,S,3.3398361,6.0358,98.02546595312789,86.41815833179554,11.607307621332353
F113T,113,F,T,3.1174614,5.11335,96.53072522605648,81.60177154456541,14.928953681491066
F113V,113,F,V,2.718483,3.44268,91.21609152980254,68.00147628713785,23.214615242664692
F113W,113,F,W,1.0301408,1.03609,43.66119210186381,34.434397490311866,9.226794611551945
F113Y,113,F,Y,1.0762163,2.03681,45.59881897028972,50.08304115150397,-4.48422218121425
P114A,114,P,A,1.355635,2.12281,55.489942793873404,51.59623546779849,3.89370732607491
P114C,114,P,C,1.0283506,2.478,43.6058313341945,56.3941686658055,-12.788337331611004
P114D,114,P,D,1.9173912,2.78951,72.13508027311312,60.06643292120317,12.068647351909945
P114E,114,P,E,1.087618,2.63587,45.93098357630559,58.44251706957003,-12.511533493264437
P114F,114,P,F,0.7192606,2.38424,32.57058497877837,55.13932459863443,-22.56873961985606
P114G,114,P,G,1.3645794,2.57587,55.71138586455066,57.667466322199665,-1.9560804576490085
P114H,114,P,H,0.87100345,1.75312,37.940579442701605,45.58036538106662,-7.639785938365016
P114I,114,P,I,0.8107108,1.787,35.50470566525189,46.15242664698284,-10.647720981730949
P114K,114,P,K,0.81199247,1.85164,35.560066432921204,47.204281232699756,-11.644214799778553
P114L,114,P,L,0.9505251,1.87039,40.83779295072892,47.53644583871563,-6.698652887986711
P114M,114,P,M,0.85829765,1.77076,37.386971766008486,45.894076397859386,-8.5071046318509
P114N,114,P,N,1.5518681,1.92967,62.22550286030633,48.53293965676324,13.692563203543088
P114Q,114,P,Q,0.79927385,2.26072,35.080273113120505,53.31241926554715,-18.232146152426644
P114R,114,P,R,0.65806305,1.39959,30.61450452112936,40.22882450636649,-9.614319985237135
P114S,114,P,S,1.5707924,1.01309,62.72374976933014,34.02841852740358,28.69533124192656
P114T,114,P,T,1.4142872,2.14483,57.59365196530726,51.89149289536815,5.702159069939107
P114V,114,P,V,1.0425785,2.32438,44.30706772467245,54.272005905148546,-9.964938180476096
P114W,114,P,W,0.57327664,2.59459,27.90182690533309,57.94427016054623,-30.042443255213144
P114Y,114,P,Y,0.6624738,2.49838,30.743679645691085,56.65251891492895,-25.908839269237863
H115A,115,H,A,0.5329484,0.520807,26.24100387525374,24.54327366672818,1.6977302085255594
H115C,115,H,C,0.36973017,0.75642,20.483484037645322,28.9167743126038,-8.433290274958477
H115D,115,H,D,0.90186435,1.30097,38.80789813618749,38.51264070861782,0.2952574275696662
H115E,115,H,E,1.0131568,1.03855,43.1444916036169,34.47130466875807,8.673186934858826
H115F,115,H,F,0.876613,-0.237167,38.16202251337885,10.204834840376453,27.957187673002398
H115G,115,H,G,0.7491786,1.41636,33.622439564495295,40.46872116626684,-6.846281601771544
H115I,115,H,I,0.9731951,0.113101,41.668204465768596,15.851633142646246,25.81657132312235
H115K,115,H,K,0.80433893,0.328285,35.283262594574644,20.22513378852187,15.058128806052775
H115L,115,H,L,1.0546585,0.097525,44.71304668758073,15.667097250415205,29.045949437165525
H115M,115,H,M,0.610513,0.310472,29.267392507842775,19.874515593282894,9.392876914559881
H115N,115,H,N,0.38698143,-0.048266,21.055545303561544,13.157409116073076,7.898136187488468
H115P,115,H,P,2.107017,1.1336,77.20981730946669,35.85532386049087,41.354493448975816
H115Q,115,H,Q,0.4307018,-0.216721,22.697914744417787,10.536999446392322,12.160915298025465
H115R,115,H,R,0.27718073,-0.320732,17.327920280494556,8.986897951651596,8.34102232884296
H115S,115,H,S,0.25578648,-0.037951,16.608230300793505,13.32349141908101,3.284738881712494
H115T,115,H,T,0.6391458,0.293437,30.097804022882453,19.542350987267024,10.555453035615429
H115V,115,H,V,1.5198944,0.133628,61.06292673925079,16.331426462446945,44.73150027680384
H115W,115,H,W,1.0563667,0.673981,44.823768222919355,27.44048717475549,17.383281048163866
H115Y,115,H,Y,0.9540256,0.026688,40.98542166451375,14.430706772467245,26.554714892046505
G116A,116,G,A,1.5893726,3.64416,63.24045026757704,70.14209263701791,-6.9016423694408715
G116H,116,G,H,1.3908842,3.4003,56.59715814725964,67.48477578889094,-10.887617641631302
G116I,116,G,I,1.950218,3.87896,73.09466691271453,71.96899797010519,1.1256689426093374
G116K,116,G,K,1.7961979,3.23339,68.97951651596236,65.63941686658055,3.3400996493818127
G116L,116,G,L,2.114338,1.31363,77.46816755859015,38.82635172541059,38.641815833179564
G116M,116,G,M,1.7888209,2.15984,68.739619856062,52.07602878759919,16.663591068462814
G116N,116,G,N,1.3852695,2.14435,56.43107584425171,51.87303930614504,4.55803653810667
G116P,116,G,P,1.5931491,6.34043,63.332718213692566,87.6730023989666,-24.340284185274037
G116Q,116,G,Q,1.4360179,3.13273,58.44251706957003,64.42147997785568,-5.978962908285652
G116R,116,G,R,1.901211,3.12245,71.93209079165898,64.20003690717844,7.7320538844805355
G116S,116,G,S,0.8098386,2.27481,35.44934489758258,53.607676693116815,-18.158331795534238
G116T,116,G,T,1.1687214,3.92403,49.06809374423325,72.39343052223659,-23.325336778003333
G116V,116,G,V,1.9061092,4.44427,72.00590514855139,76.71157040044288,-4.705665251891489
G116W,116,G,W,1.6790712,2.38429,65.67632404502676,55.157778187857545,10.518545857169215
G116Y,116,G,Y,1.5397495,3.14917,61.782616718951836,64.71673740542535,-2.9341206864735128
R118A,118,R,A,0.43147808,2.29026,22.79018269053331,53.77375899612474,-30.98357630559143
R118C,118,R,C,0.23755114,1.7403,15.980808267207971,45.294334748108504,-29.313526480900535
R118D,118,R,D,0.8048174,1.15136,35.30171618379775,36.13212769883742,-0.8304115150396711
R118E,118,R,E,0.5742237,1.57766,27.957187673002398,42.84923417604724,-14.892046503044842
R118F,118,R,F,0.16854247,-0.091319,13.471120132865844,12.308544011810298,1.1625761210555456
R118G,118,R,G,0.778868,1.84184,34.452851079534966,46.96438457279941,-12.511533493264444
R118H,118,R,H,0.24961948,1.01451,16.312972873223842,34.06532570584979,-17.752352832625945
R118I,118,R,I,0.6832508,0.908567,31.444916036169033,32.146152426646985,-0.7012363904779519
R118K,118,R,K,0.041866135,0.037404,9.226794611551947,14.578335486252076,-5.351540874700129
R118L,118,R,L,0.28835696,1.01361,17.752352832625945,34.04687211662669,-16.294519284000742
R118M,118,R,M,0.18025485,0.1974,14.024727809558959,17.660084886510425,-3.6353570769514665
R118N,118,R,N,0.7035711,0.479429,32.03543089130836,23.694408562465398,8.34102232884296
R118P,118,R,P,1.3354763,0.813336,54.73334563572615,30.04244325521314,24.690902380513013
R118Q,118,R,Q,0.262432,0.694697,16.848126960693854,27.88337331610998,-11.035246355416128
R118S,118,R,S,0.38349432,1.53592,20.981730946669128,42.22181214246171,-21.24008119579258
R118T,118,R,T,0.5382105,0.73969,26.554714892046505,28.695331241926553,-2.140616349880048
R118V,118,R,V,0.904916,0.678572,38.937073260749216,27.588115888540322,11.348957372208893
R118W,118,R,W,0.25571224,0.340371,16.5897767115704,20.465030448422215,-3.875253736851814
R118Y,118,R,Y,0.14090218,-0.873832,12.585347850156856,3.8383465584056102,8.747001291751246
L120A,120,L,A,2.7693677,3.64683,92.21258534785017,70.17899981546411,22.033585532386056
L120C,120,L,C,1.9184332,3.61312,72.19044104078243,69.77302085255582,2.4174201882266146
L120D,120,L,D,3.4559827,5.56907,98.68979516515962,84.22218121424618,14.467613950913446
L120E,120,L,E,3.2341952,4.48,97.41649750876546,77.13600295257427,20.280494556191186
L120F,120,L,F,1.6990963,1.53994,66.32219966783539,42.38789444546964,23.93430522236575
L120G,120,L,G,3.0386212,5.115,95.68186012179369,81.65713231223472,14.024727809558968
L120H,120,L,H,3.6329865,2.88982,99.15113489573723,61.19210186381251,37.95903303192472
L120I,120,L,I,1.6885006,2.16532,65.93467429415021,52.149843144491605,13.784831149658608
L120K,120,L,K,3.1968765,3.8158,97.1766008488651,71.43384388263517,25.742756966229933
L120M,120,L,M,1.5920893,0.435325,63.27735744602325,22.79018269053331,40.487174755489946
L120N,120,L,N,3.5300622,4.46021,98.91123823583688,76.87765270345082,22.033585532386056
L120P,120,L,P,2.8508878,4.67601,93.44897582579812,78.6491972688688,14.799778556929311
L120Q,120,L,Q,3.3280683,2.71156,97.89629082856615,59.217567816940395,38.678723011625756
L120R,120,L,R,3.3419757,6.4982,98.0808267207972,88.1343421295442,9.94648459125301
L120S,120,L,S,3.1959047,3.68745,97.1396936704189,70.52961801070308,26.610075659715818
L120T,120,L,T,2.650129,3.84516,89.88743310573906,71.71064772098174,18.176785384757324
L120V,120,L,V,1.4738263,2.02442,59.7342683151873,49.99077320538845,9.74349510979885
L120W,120,L,W,2.6474018,4.89149,89.85052592729286,80.36538106661746,9.485144860675405
L120Y,120,L,Y,2.2868762,5.35667,81.5095035984499,83.18878021775235,-1.6792766193024562
A121C,121,A,C,0.53763354,1.36364,26.536261302823398,39.693670418896474,-13.157409116073076
A121D,121,A,D,2.1139545,7.57697,77.43126038014394,90.44104078243218,-13.009780402288243
A121E,121,A,E,2.162955,7.08978,78.26167189518361,89.66599003506181,-11.4043181398782
A121F,121,A,F,1.9794943,9.18486,73.77744971396936,93.19062557667466,-19.4131758627053
A121G,121,A,G,1.5952755,1.73039,63.48034692747739,45.082118472042815,18.398228455434577
A121H,121,A,H,2.3602538,7.18891,83.37331610998339,89.77671157040045,-6.403395460417059
A121I,121,A,I,1.7577654,1.56351,67.90920834102234,42.73851264070862,25.170695700313715
A121K,121,A,K,2.0789657,4.46426,76.3424986159808,76.95146706034323,-0.6089684443624321
A121L,121,A,L,1.9809154,0.369324,73.83281048163867,21.313895552684997,52.51891492895368
A121M,121,A,M,2.1327286,4.78432,77.63424986159808,79.6456910869164,-2.011441225318322
A121N,121,A,N,2.1661,2.74845,78.37239343052224,59.62354677984868,18.748846650673556
A121P,121,A,P,3.0847754,5.61022,96.1801070308175,84.57279940948514,11.607307621332353
A121Q,121,A,Q,2.2580523,7.87264,80.75290644030264,91.14227717291014,-10.389370732607503
A121R,121,A,R,1.8741316,7.62891,71.08322568739621,90.55176231777081,-19.4685366303746
A121S,121,A,S,0.69152004,1.10629,31.666359106846283,35.467798486805684,-3.801439379959401
A121T,121,A,T,0.9941369,1.74404,42.29562649935412,45.41428307805868,-3.1186565787045595
A121V,121,A,V,1.1847603,0.174899,49.769330134711204,17.217198745155933,32.55213138955527
A121W,121,A,W,1.8454748,8.91257,70.23436058313341,92.8769145598819,-22.642553976748488
A121Y,121,A,Y,1.8533186,15.2076,70.43735006458756,96.89979701051855,-26.462446945930992
Y123A,123,Y,A,1.8186458,2.77978,69.51467060343236,59.97416497508765,9.540505628344711
Y123C,123,Y,C,1.433272,2.25105,58.294888355785204,53.20169773020853,5.093190625576675
Y123D,123,Y,D,2.3077695,3.64171,81.9708433290275,70.08673186934858,11.88411145967892
Y123E,123,Y,E,1.9799058,2.78568,73.81435689241557,60.02952574275696,13.784831149658615
Y123F,123,Y,F,-0.14939997,-0.281825,3.4323675954973245,9.614319985237127,-6.181952389739803
Y123G,123,Y,G,2.1996608,3.0918,79.36888724856985,63.84941871193948,15.51946853663037
Y123H,123,Y,H,1.6387942,3.15865,64.60601587008674,64.79055176231778,-0.1845358922310396
Y123I,123,Y,I,1.8455393,0.344101,70.25281417235652,20.741834286768775,49.510979885587744
Y123K,123,Y,K,2.3582008,1.0335,83.31795534231408,34.37903672264255,48.938918619671526
Y123L,123,Y,L,2.002483,0.309796,74.27569662299317,19.837608414836687,54.43808820815648
Y123M,123,Y,M,1.7559683,0.719965,67.85384757335302,28.38162022513379,39.472227348219235
Y123N,123,Y,N,2.4476168,1.91694,85.42166451374791,48.219228639970474,37.20243587377744
Y123P,123,Y,P,3.5708003,4.00484,99.0588669496217,73.03930614504522,26.019560804576486
Y123Q,123,Y,Q,2.152462,1.65356,78.00332164606016,43.993356707879684,34.009964938180474
Y123R,123,Y,R,1.8060391,0.860086,69.33013471120132,31.038937073260747,38.29119763794058
Y123S,123,Y,S,2.0452585,1.82684,75.47517992249493,46.66912714522975,28.80605277726518
Y123T,123,Y,T,2.073743,2.59166,76.21332349141909,57.88890939287692,18.32441409854217
Y123V,123,Y,V,1.9870287,1.65296,73.98043919542351,43.94722273482192,30.033216460601594
Y123W,123,Y,W,0.711549,0.469941,32.40450267577044,23.491419081011255,8.913083594759183
V124A,124,V,A,1.5639006,2.41554,62.57612105554531,55.61911791843514,6.957003137110171
V124C,124,V,C,0.85871154,2.45278,37.40542535523159,56.006643292120316,-18.601217936888723
V124D,124,V,D,2.9725254,5.18682,95.07289167743126,82.08156486436611,12.991326813065143
V124E,124,V,E,2.677817,6.12607,90.57021590699391,86.84259088392693,3.7276250230669774
V124F,124,V,F,1.0553906,5.59008,44.74995386602694,84.42517069570032,-39.675216829673374
V124G,124,V,G,2.6925313,5.07586,90.79165897767115,81.36187488466507,9.429784093006077
V124H,124,V,H,3.2556572,2.73408,97.54567263332719,59.43901088761764,38.106661745709545
V124I,124,V,I,0.25888062,-1.07164,16.700498246909024,3.0079350433659346,13.69256320354309
V124K,124,V,K,3.0792327,6.80621,96.08783908470198,88.96475364458387,7.123085440118118
V124L,124,V,L,0.40911466,-0.549832,22.070492710832255,6.384941871193947,15.685550839638308
V124M,124,V,M,1.0072762,-0.802042,42.92304853293965,4.225871932090792,38.69717660084886
V124N,124,V,N,2.5721889,2.90155,88.24506366488282,61.32127698837424,26.923786676508584
V124P,124,V,P,2.7877584,6.34035,92.52629636464292,87.65454880974349,4.871747554899429
V124Q,124,V,Q,2.835783,4.80038,93.30134711201329,79.75641262225503,13.544934489758262
V124R,124,V,R,3.340014,7.77759,98.04391954235099,90.95774128067909,7.086178261671904
V124S,124,V,S,1.9767395,3.16523,73.66672817863075,64.9197268868795,8.747001291751246
V124T,124,V,T,1.1263305,2.62993,47.462631481823216,58.33179553423141,-10.869164052408195
V124W,124,V,W,3.079659,3.19767,96.10629267392508,65.34415943901088,30.762133234914202
V124Y,124,V,Y,2.319343,1.26668,82.19228639970474,37.940579442701605,44.25170695700314
H125A,125,H,A,1.5208232,0.993867,61.1182875069201,33.77006827828012,27.348219228639977
H125C,125,H,C,1.9082199,1.61318,72.04281232699759,43.40284185274036,28.639970474257233
H125D,125,H,D,2.5189788,2.13489,86.86104447315003,51.74386418158332,35.11718029156671
H125E,125,H,E,2.322142,1.64864,82.32146152426647,43.84572799409485,38.47573353017162
H125F,125,H,F,1.4995482,-0.073988,60.47241188411145,12.65916220704927,47.81324967706218
H125G,125,H,G,1.8186548,1.30865,69.53312419265546,38.71563019007197,30.817494002583494
H125I,125,H,I,2.047411,1.32222,75.54899427938734,38.88171249307991,36.667281786307434
H125K,125,H,K,1.6425291,-0.219444,64.73519099464846,10.463185089499907,54.27200590514855
H125L,125,H,L,2.071574,0.115461,76.15796272374978,15.906993910315556,60.25096881343422
H125M,125,H,M,1.9548433,-0.255585,73.24229562649936,10.038752537368518,63.20354308913084
H125N,125,H,N,1.7812202,0.847563,68.62889832072338,30.780586824137295,37.848311496586085
H125P,125,H,P,3.1737518,4.24466,96.93670418896475,75.01384019191732,21.92286399704743
H125Q,125,H,Q,1.4003817,0.68347,57.07695146706035,27.717291013102045,29.359660453958302
H125R,125,H,R,1.5261627,-0.481091,61.30282339915113,7.0123639047794795,54.29045949437165
H125S,125,H,S,1.7297218,1.15519,67.15261118287506,36.22439564495294,30.92821553792212
H125T,125,H,T,2.340735,1.05232,82.78280125484406,34.58202620409669,48.20077505074737
H125V,125,H,V,2.500305,0.570515,86.58424063480346,25.576674663222,61.007565971581464
H125W,125,H,W,1.3250948,0.658115,54.41963461893339,27.052961801070307,27.36667281786308
H125Y,125,H,Y,1.5861949,0.277796,63.14818232146152,19.265547148920465,43.88263517254106
S126T,126,S,T,0.9540108,1.10062,40.966968075290644,35.39398412991327,5.5729839453773735
S126V,126,S,V,1.177129,0.775514,49.38180476102602,29.24893891861967,20.132865842406346
S126W,126,S,W,0.40861216,0.645049,22.03358553238605,26.849972319616167,-4.816386787230119
S126Y,126,S,Y,0.69803905,0.884645,31.88780217752353,31.721719874515593,0.16608230300793636
K127A,127,K,A,1.5075057,2.44716,60.583133419450085,55.93282893522791,4.6503044842221755
K127C,127,K,C,0.55315894,0.989727,27.163683336408933,33.69625392138771,-6.5325705849787745
K127D,127,K,D,2.6931515,4.14126,90.81011256689426,74.09116073076213,16.718951836132135
K127E,127,K,E,1.533881,2.93478,61.52426646982838,61.745709540505636,-0.22144307067725322
K127F,127,K,F,0.371077,-0.654342,20.612659162207052,5.480715999261856,15.131943162945195
K127G,127,K,G,2.1775346,1.66452,78.7230116257612,44.14098542166451,34.58202620409669
K127H,127,K,H,0.82382506,0.919155,36.113674109614315,32.36759549732423,3.746078612290084
K127I,127,K,I,0.4836281,0.605894,24.709355969736112,26.167189518361322,-1.45783354862521
K127L,127,K,L,-0.47097653,-1.30436,0.2583502491234545,2.269791474441779,-2.0114412253183245
K127M,127,K,M,-0.064694785,-0.352047,5.3884480531463375,8.654733345635726,-3.266285292489389
K127N,127,K,N,1.7060986,1.48351,66.50673556006643,41.35449344897582,25.152242111090608
K127P,127,K,P,2.196701,4.52063,79.27661930245434,77.44971396936704,1.8269053330872964
K127Q,127,K,Q,0.8725317,0.527565,38.01439379959402,24.72780955895922,13.286584240634799
K127R,127,K,R,0.19302204,0.227706,14.393799594021036,18.361321276988374,-3.9675216829673374
K127S,127,K,S,1.9541619,1.06831,73.22384203727626,34.84037645322015,38.383465584056104
K127T,127,K,T,1.0991338,1.0577,46.466137663775605,34.63738697176601,11.828750692009592
K127V,127,K,V,0.69032043,0.935781,31.592544749953866,32.607492157224584,-1.0149474072707179
K127W,127,K,W,0.3446211,0.290007,19.689979701051854,19.450083041151505,0.23989665990034936
K127Y,127,K,Y,0.5465293,0.528662,26.88687949806237,24.801623915851636,2.085255582210735
G128A,128,G,A,1.239018,3.09681,51.78077136002952,63.86787230116258,-12.087100941133059
G128C,128,G,C,1.2159916,4.68771,50.968813434212954,78.74146521498432,-27.772651780771362
G128D,128,G,D,1.1404502,3.28019,47.97933198007012,66.10075659715815,-18.12142461708803
G128E,128,G,E,1.2662764,3.01598,52.6480900535154,62.94519284000738,-10.297102786491976
G128F,128,G,F,1.2102526,3.4212,50.673556006643295,67.7800332164606,-17.1064772098173
G128H,128,G,H,1.2711341,4.28095,52.77726517807714,75.30909761948699,-22.531832441409854
G128N,128,G,N,1.4396837,4.37855,58.62705296180108,76.04724118841114,-17.42018822661006
G128P,128,G,P,2.1137135,7.74292,77.39435320169773,90.79165897767115,-13.397305775973422
G128Q,128,G,Q,1.3020422,3.43015,53.829119763794054,67.90920834102234,-14.080088577228281
G128R,128,G,R,1.3566822,4.22585,55.50839638309652,74.9215722458018,-19.41317586270528
G128S,128,G,S,1.2156484,4.44005,50.95035984498985,76.67466322199668,-25.724303377006834
G128T,128,G,T,1.6136639,5.15772,64.0155010149474,81.84166820446576,-17.826167189518358
G128V,128,G,V,1.7649415,6.72384,68.14910500092269,88.68794980623731,-20.538844805314625
G128W,128,G,W,1.3473847,4.74078,55.13932459863443,79.25816571323122,-24.11884111459679
G128Y,128,G,Y,1.2383983,4.72802,51.74386418158332,79.1474441778926,-27.403579996309276
L129A,129,L,A,2.580185,3.23694,88.46650673556007,65.73168481269607,22.734821922864
L129C,129,L,C,1.8472927,3.1992,70.32662852924894,65.362613028234,4.964015501014941
L129D,129,L,D,3.671145,6.25094,99.31721719874515,87.41465214984314,11.90256504890202
L129E,129,L,E,3.5534184,6.1201,98.98505259272929,86.7872301162576,12.197822476471686
L129F,129,L,F,2.0392208,4.32413,75.25373685181768,75.65971581472597,-0.40597896290829283
L129G,129,L,G,2.88833,4.49427,93.9103155563757,77.265178077136,16.645137479239708
L129H,129,L,H,3.3885293,2.21874,98.37608414836686,52.75881158885404,45.61727255951282
L129I,129,L,I,1.3526663,2.47683,55.39767484775789,56.3757150765824,-0.9780402288245114
L129K,129,L,K,3.1067238,3.97623,96.38309651227163,72.79940948514486,23.58368702712677
L129M,129,L,M,1.1642655,0.302975,48.97582579811773,19.67152611182875,29.30429968628898
L129N,129,L,N,3.635693,3.13912,99.18804207418343,64.53220151319432,34.655840560989105
L129P,129,L,P,2.9404347,7.75615,94.66691271452298,90.82856615611736,3.8383465584056182
L129Q,129,L,Q,3.530274,2.72978,98.92969182505998,59.40210370917144,39.527588115888534
L129R,129,L,R,3.1279645,11.0132,96.64144676139509,94.77763424986159,1.8638125115334958
L129S,129,L,S,3.1641865,3.64334,96.86288983207234,70.1236390477948,26.739250784277544
L129T,129,L,T,3.2222633,5.89884,97.30577597342683,85.90145783354862,11.404318139878214
L129V,129,L,V,2.1788096,3.50134,78.77837239343052,68.59199114227718,10.186381251153335
L129W,129,L,W,2.4029698,18.1824,84.20372762502306,97.6194869902196,-13.415759365196536
L129Y,129,L,Y,1.9507036,6.56302,73.13157409116073,88.35578520022145,-15.224211109060718
K130A,130,K,A,1.2319819,1.09767,51.522421110906066,35.32016977302085,16.202251337885215
K130C,130,K,C,0.8777339,1.19264,38.198929691825064,36.81491050009227,1.384019191732797
K130D,130,K,D,2.2178032,3.63177,79.83022697914744,69.95755674478687,9.87267023436057
K130E,130,K,E,1.5978415,1.76559,63.646429230485325,45.69108691640524,17.955342314080085
K130F,130,K,F,-0.03532471,-0.506893,6.458756228086362,6.772467244879129,-0.3137110167927668
K130G,130,K,G,1.516499,2.37092,60.93375161468906,54.89942793873408,6.03432367595498
K130H,130,K,H,0.6275228,0.34913,29.784093006089684,20.834102232884298,8.949990773205386
K130I,130,K,I,1.3648572,2.99034,55.72983945377376,62.64993541243772,-6.920095958663964
K130L,130,K,L,-0.0977186,-0.582801,4.539582948883558,6.181952389739805,-1.642369440856247
K130M,130,K,M,0.2621886,0.209187,16.811219782247647,18.06606384941871,-1.2548440671710637
K130N,130,K,N,1.5493805,1.39767,62.18859568186013,40.17346373869718,22.01513194316295
K130P,130,K,P,2.9825776,4.52429,95.14670603432369,77.50507473703635,17.641631297287333
K130Q,130,K,Q,1.0084547,0.348679,42.95995571138587,20.81564864366119,22.144307067724675
K130R,130,K,R,0.08270268,-0.74803,10.536999446392322,4.761026019560805,5.775973426831517
K130S,130,K,S,1.5442107,2.37638,61.89333825429046,54.95478870640339,6.938549547887071
K130T,130,K,T,2.0410707,1.34797,75.32755120871009,39.43532016977302,35.89223103893707
K130V,130,K,V,1.4423527,1.60968,58.756228086362796,43.38438826351725,15.371839822845544
K130W,130,K,W,0.50342125,0.380919,25.392138770990957,21.627606569477763,3.7645322015131946
K130Y,130,K,Y,-0.0053704046,-0.199675,7.602878759918805,10.795349695515778,-3.1924709355969734
L131A,131,L,A,2.8944142,4.3908,93.98412991326813,76.13950913452666,17.844620778741472
L131C,131,L,C,1.6904638,3.77058,66.02694224026573,71.12013286584241,-5.093190625576682
L131D,131,L,D,3.4681382,6.18803,98.76360952205204,87.1932090791659,11.57040044288614
L131E,131,L,E,2.7876942,5.45637,92.50784277541982,83.72393430522237,8.783908470197446
L131F,131,L,F,0.02848123,3.51648,8.728547702528141,68.79498062373132,-60.06643292120318
L131G,131,L,G,3.5492127,6.43952,98.96659900350619,87.96825982653627,10.998339176969921
L131H,131,L,H,2.743515,3.73016,91.75124561727256,70.82487543827274,20.926370178999818
L131I,131,L,I,0.83608913,0.341698,36.61192101863813,20.501937626868425,16.109983391769703
L131K,131,L,K,2.6294014,4.66268,89.37073260749216,78.57538291197638,10.795349695515782
L131M,131,L,M,0.63371164,0.128748,29.931721719874517,16.257612105554532,13.674109614319985
L131N,131,L,N,3.3868613,3.36182,98.35763055914374,67.01420926370179,31.343421295441956
L131P,131,L,P,2.910253,4.6865,94.13175862705296,78.7045580365381,15.427200590514857
L131Q,131,L,Q,2.4720929,3.21125,85.88300424432552,65.47333456357262,20.4096696807529
L131R,131,L,R,3.0303402,5.53958,95.62649935412438,84.11145967890755,11.515039675216826
L131S,131,L,S,3.1319919,5.59634,96.6599003506182,84.46207787414653,12.197822476471671
L131T,131,L,T,2.4561532,3.90815,85.56929322753275,72.19044104078243,13.378852186750322
L131V,131,L,V,1.5205415,2.0778,61.09983391769699,50.802731131205014,10.297102786491976
L131W,131,L,W,1.0009557,8.79212,42.627791105369994,92.61856431075844,-49.99077320538845
L131Y,131,L,Y,1.4455531,7.394,58.88540321092452,90.053515408747,-31.16811219782248
G132A,132,G,A,1.2921021,2.66874,53.53386233622439,58.756228086362796,-5.222365750138408
G132C,132,G,C,0.5343224,4.80333,26.370178999815465,79.79331980070124,-53.423140800885776
G132D,132,G,D,3.397063,9.59755,98.43144491603617,93.59660453958296,4.834840376453215
G132E,132,G,E,3.2773423,8.85752,97.69330134711201,92.74773943532017,4.945561911791842
G132F,132,G,F,2.0637379,19.8515,75.93651965307252,97.97010518545856,-22.03358553238604
G132H,132,G,H,2.9877543,32.7952,95.20206680199298,99.33567078796825,-4.13360398597527
G132I,132,G,I,2.4943542,8.28223,86.49197268868795,91.76969920649566,-5.277726517807707
G132K,132,G,K,3.08317,14.3475,96.16165344159438,96.51227163683338,-0.35061819523899374
G132L,132,G,L,2.5232732,11.9268,86.93485883004244,95.40505628344714,-8.470197453404694
G132M,132,G,M,1.9401582,8.72943,72.89167743126038,92.48938918619672,-19.59771175493634
G132N,132,G,N,3.417689,10.311,98.48680568370548,94.24248016239159,4.244325521313897
G132P,132,G,P,3.754578,4.33167,99.44639232330688,75.75198376084148,23.694408562465398
G132Q,132,G,Q,2.9290824,10.3418,94.42701605462263,94.2793873408378,0.147628713784826
G132R,132,G,R,2.53214,13.5548,87.10094113305038,96.08783908470198,-8.9868979516516
G132S,132,G,S,2.206903,4.0471,79.6456910869164,73.37147075106108,6.274220335855318
G132T,132,G,T,2.8017383,5.69469,92.76619302454327,85.07104631850895,7.695146706034322
G132V,132,G,V,2.1894207,8.92003,79.0920834102233,92.895368149105,-13.8032847388817
G132W,132,G,W,2.2825465,31.9044,81.36187488466507,99.31721719874515,-17.955342314080085
G132Y,132,G,Y,2.1982176,23.6924,79.33198007012365,98.5237128621517,-19.19173279202805
I133A,133,I,A,2.30607,4.1565,81.91548256135819,74.22033585532387,7.695146706034322
I133C,133,I,C,1.4510849,3.02511,59.06993910315557,63.00055360767669,-3.930614504521124
I133D,133,I,D,3.0643673,4.34972,95.97711754936336,75.8073445285108,20.16977302085256
I133E,133,I,E,2.5583496,5.22521,87.85753829119763,82.37682229193578,5.480715999261847
I133F,133,I,F,1.4345639,4.75066,58.36870271267761,79.33198007012365,-20.96327735744604
I133G,133,I,G,3.3549151,5.03875,98.17309466691272,81.0666174570954,17.106477209817314
I133H,133,I,H,2.5252945,8.85795,87.00867318693486,92.76619302454327,-5.757519837608413
I133K,133,I,K,2.3323956,6.88063,82.57981177338992,89.16774312603802,-6.5879313526480985
I133L,133,I,L,0.19613034,1.65296,14.541428307805868,43.94722273482192,-29.405794427016055
I133M,133,I,M,0.75405174,-0.384001,33.78852186750323,8.322568739619857,25.46595312788337
I133N,133,I,N,2.942549,2.82621,94.7038198929692,60.43550470566525,34.26831518730394
I133P,133,I,P,2.5300922,7.5721,87.06403395460417,90.42258719320908,-3.3585532386049124
I133Q,133,I,Q,2.4775958,3.82386,86.06754013655656,71.5445654179738,14.52297471858276
I133R,133,I,R,2.5669587,12.6869,88.17124930799041,95.79258165713232,-7.621332349141909
I133S,133,I,S,2.7099638,4.31783,91.10536999446393,75.62280863627976,15.48256135818417
I133T,133,I,T,2.1680863,2.77145,78.48311496586085,59.88189702897213,18.601217936888716
I133V,133,I,V,0.6198672,1.82115,29.636464292304854,46.61376637756043,-16.977302085255577
I133W,133,I,W,1.8906609,12.2691,71.67374054253553,95.62649935412438,-23.95275881158885
I133Y,133,I,Y,1.7973038,8.37416,69.03487728363167,91.91732792028048,-22.882450636648812
Y134A,134,Y,A,1.9904966,4.56667,74.07270714153903,77.92950728916774,-3.856800147628718
Y134C,134,Y,C,1.6340656,5.07161,64.4399335670788,81.34342129544197,-16.903487728363174
Y134D,134,Y,D,3.0940197,10.644,96.25392138770991,94.44546964384573,1.8084517438641825
Y134E,134,Y,E,2.8825097,11.3134,93.8180476102602,95.05443808820816,-1.236390477947964
Y134F,134,Y,F,1.0835388,2.81496,45.80180845174387,60.287875991880426,-14.48606754013656
Y134G,134,Y,G,2.4363523,4.85384,85.07104631850895,80.1254844067171,4.945561911791842
Y134H,134,Y,H,1.7643635,1.94804,68.11219782247647,48.86510426277911,19.247093559697362
Y134I,134,Y,I,2.5919232,4.91813,88.68794980623731,80.49455619117919,8.193393615058127
Y134K,134,Y,K,2.9319034,1.38407,94.51928400073814,40.00738143568924,54.5119025650489
Y134L,134,Y,L,2.1667695,1.76276,78.40930060896845,45.67263332718214,32.73666728178631
Y134M,134,Y,M,2.4910595,-1.27568,86.41815833179554,2.325152242111091,84.09300608968445
Y134N,134,Y,N,2.7573566,5.30205,91.9357815095036,82.85661561173649,9.079165897767112
Y134P,134,Y,P,2.9134803,8.77443,94.18711939472227,92.58165713231223,1.6054622624100432
Y134Q,134,Y,Q,2.8632903,4.43414,93.59660453958296,76.61930245432737,16.977302085255587
Y134R,134,Y,R,2.4862208,2.16889,86.2889832072338,52.223657501384025,34.06532570584977
Y134S,134,Y,S,2.2779908,4.761,81.25115334932644,79.44270160546226,1.8084517438641825
Y134T,134,Y,T,2.249473,3.01502,80.5868241372947,62.908285661561166,17.678538475733532
Y134V,134,Y,V,2.3430347,3.31937,82.9119763794058,66.54364273851264,16.368333640893155
Y134W,134,Y,W,1.5889643,6.86424,63.18508949990773,89.1123823583687,-25.927292858460973
A135C,135,A,C,0.20801039,-0.083368,14.910500092267945,12.493079904041336,2.4174201882266093
A135D,135,A,D,1.0015972,3.33216,42.68315187303931,66.67281786307436,-23.98966599003505
A135E,135,A,E,0.6882226,8.14558,31.55563757150766,91.4928953681491,-59.93725779664145
A135F,135,A,F,0.9905406,9.8457,42.166451374792395,93.92876914559882,-51.762317770806426
A135G,135,A,G,0.5927219,0.868195,28.676877652703453,31.31574091160731,-2.638863258903857
A135H,135,A,H,0.881498,12.931,38.32810481638679,95.88484960324783,-57.55674478686104
A135I,135,A,I,0.6351656,2.8306,30.00553607676693,60.490865473334566,-30.485329396567636
A135K,135,A,K,1.8036731,6.1017,69.21941317586271,86.7503229378114,-17.530909761948692
A135L,135,A,L,0.3502561,1.83709,19.892969182505997,46.9090238051301,-27.0160546226241
A135M,135,A,M,0.49063712,1.39673,24.96770621885957,40.15501014947407,-15.187303930614505
A135N,135,A,N,1.0561063,-2.1572,44.805314633696256,0.8119579258165712,43.993356707879684
A135P,135,A,P,1.7901795,4.29009,68.7580734452851,75.4013655656025,-6.643292120317398
A135Q,135,A,Q,1.0422271,4.33251,44.23325336778004,75.77043735006458,-31.537183982284546
A135R,135,A,R,1.9352782,7.61064,72.79940948514486,90.4964015501015,-17.696992064956632
A135S,135,A,S,0.5813503,1.37371,28.30780586824137,39.859752721904414,-11.551946853663043
A135T,135,A,T,1.3249373,2.07968,54.40118102971028,50.83963830965123,3.5615427200590517
A135V,135,A,V,0.5654042,1.85607,27.588115888540322,47.278095589592176,-19.689979701051854
A135W,135,A,W,1.4456697,31.0534,58.922310389370736,99.20649566340654,-40.284185274035806
A135Y,135,A,Y,1.0845423,11.8193,45.83871563019007,95.33124192655471,-49.49252629636464
D136K,136,D,K,2.597899,10.5861,88.83557852002214,94.40856246539951,-5.5729839453773735
D136L,136,D,L,1.8955657,0.034022,71.82136925632035,14.522974718582764,57.298394537737586
D136M,136,D,M,1.8828262,1.6032,71.43384388263517,43.255213138955526,28.178630743679648
D136N,136,D,N,0.24696708,-0.953106,16.257612105554532,3.5061819523897397,12.751430153164792
D136P,136,D,P,1.930863,-1.96332,72.68868794980624,1.1441225318324415,71.5445654179738
D136Q,136,D,Q,1.6902637,5.67581,66.00848865104263,84.92341760472412,-18.914928953681496
D136R,136,D,R,2.3004632,18.9036,81.78630743679646,97.78556929322754,-15.999261856431076
D136S,136,D,S,0.14561114,-3.32462,12.788337331611,0.2029894814541428,12.585347850156857
D136T,136,D,T,0.7077667,-2.5366,32.2199667835394,0.5720612659162208,31.647905517623176
D136V,136,D,V,0.793112,-2.70941,34.87728363166636,0.4613397305775973,34.41594390108876
D136W,136,D,W,1.7579228,44.6811,67.94611551946855,99.92618564310757,-31.980070123639024
D136Y,136,D,Y,1.7624457,31.2833,68.07529064403026,99.24340284185274,-31.16811219782248
V137A,137,V,A,1.1694696,1.78317,49.10500092267946,46.02325152242111,3.081749400258346
V137C,137,V,C,0.5858043,1.96164,28.529248938918624,49.14190810112567,-20.61265916220705
V137D,137,V,D,1.5130799,5.13493,60.804576490127324,81.74940025835025,-20.944823768222925
V137E,137,V,E,1.5357397,6.20349,61.65344159439011,87.28547702528142,-25.632035430891314
V137F,137,V,F,0.80007803,12.9638,35.117180291566704,95.90330319247093,-60.786122900904225
V137G,137,V,G,1.7023704,3.61959,66.3591068462816,69.82838162022513,-3.469274773943525
V137H,137,V,H,1.2596283,7.71744,52.48200775050748,90.71784462077875,-38.23583687027127
V137I,137,V,I,0.2488529,0.97626,16.276065694777632,33.32718213692563,-17.051116442147997
V137K,137,V,K,1.7632294,6.9625,68.09374423325337,89.46300055360767,-21.369256320354296
V137L,137,V,L,0.060160697,2.28536,9.928031002029895,53.718398228455435,-43.79036722642554
V137M,137,V,M,0.71101284,0.814263,32.349141908101124,30.06089684443624,2.288245063664885
V137N,137,V,N,1.2700571,3.75693,52.74035799963093,71.0278649197269,-18.287506920095964
V137P,137,V,P,1.4740345,5.34363,59.77117549363351,83.11496586085994,-23.343790367226433
V137Q,137,V,Q,1.4717392,1.62497,59.67890754751799,43.45820262040967,16.220704927108315
V137S,137,V,S,1.2508844,2.77121,52.168296733714705,59.863443439749034,-7.695146706034329
V137T,137,V,T,0.8680075,0.988686,37.79295072891677,33.6408931537184,4.15205757519837
V137W,137,V,W,1.1200676,19.9115,47.18582764347666,97.98855877468168,-50.80273113120502
V137Y,137,V,Y,0.9495632,22.9406,40.782432183059605,98.43144491603617,-57.649012732976566
G138A,138,G,A,1.5444143,6.09945,61.93024543273666,86.7318693485883,-24.801623915851643
G138C,138,G,C,0.7741569,13.2144,34.360583133419446,95.99557113858646,-61.63498800516701
G138D,138,G,D,2.9293973,28.5159,94.46392323306884,99.00350618195239,-4.539582948883549
G138E,138,G,E,2.9476938,27.7783,94.74072707141539,98.98505259272929,-4.244325521313897
G138F,138,G,F,1.828968,40.213,69.80992803100203,99.79701051854586,-29.98708248754383
G138H,138,G,H,2.075918,41.8379,76.26868425908839,99.81546410776896,-23.546779848680572
G138I,138,G,I,2.2468874,25.7024,80.49455619117919,98.80051670049824,-18.30596050931905
G138K,138,G,K,2.8694494,23.6897,93.68887248569847,98.50525927292858,-4.816386787230115
G138L,138,G,L,2.4890573,23.913,86.38125115334933,98.5606200405979,-12.179368887248572
G138M,138,G,M,2.1267028,22.4613,77.57888909392877,98.41299132681306,-20.83410223288429
G138N,138,G,N,2.677753,20.1038,90.5333087285477,98.04391954235099,-7.5106108138032965
G138P,138,G,P,3.1123023,13.777,96.45691086916405,96.21701420926371,0.2398966599003387
G138Q,138,G,Q,2.677776,26.6925,90.55176231777081,98.92969182505998,-8.377929507289167
G138R,138,G,R,2.5250714,25.7091,86.99021959771176,98.81897028972135,-11.828750692009592
G138S,138,G,S,1.672136,9.23486,65.51024174201882,93.26443993356708,-27.754198191548255
G138T,138,G,T,2.5765738,17.5908,88.37423878944455,97.43495109798856,-9.060712308544012
G138V,138,G,V,2.7666693,20.2028,92.17567816940395,98.1177338992434,-5.942055729839453
G138W,138,G,W,1.2805786,36.2963,53.090976194869896,99.57556744786861,-46.48459125299871
G138Y,138,G,Y,1.2404776,31.7857,51.85458571692194,99.29876360952206,-47.444177892600116
N139A,139,N,A,0.45281237,-0.051791,23.639047794796088,13.065141169957556,10.573906624838532
N139C,139,N,C,-0.14660111,-0.137966,3.4692747739435323,11.60730762133235,-8.138032847388818
N139D,139,N,D,0.121627964,-0.007216,11.884111459678907,13.821738328104816,-1.9376268684259088
N139E,139,N,E,0.21172085,-0.344569,15.039675216829673,8.691640524081933,6.34803469274774
N139F,139,N,F,-0.25996563,-1.10284,1.568555083963831,2.8233991511348955,-1.2548440671710646
N139G,139,N,G,0.74427825,0.194119,33.456357261487355,17.5309097619487,15.925447499538656
N139H,139,N,H,-0.17316803,-0.445892,2.971027864919727,7.399889278464661,-4.428861413544935
N139I,139,N,I,-0.1852307,-0.800956,2.8233991511348955,4.244325521313896,-1.4209263701790005
N139K,139,N,K,0.17618313,-1.05215,13.766377560435505,3.118656578704558,10.647720981730947
N139L,139,N,L,0.17598921,-0.919069,13.7479239712124,3.6722642553976748,10.075659715814725
N139M,139,N,M,0.12984404,-1.03072,12.253183244140986,3.2109245248200775,9.042258719320909
N139P,139,N,P,0.028909635,0.124981,8.76545488097435,16.128436980992802,-7.362982100018453
N139Q,139,N,Q,-0.02478917,-0.604208,6.883188780217752,5.997416497508765,0.8857722827089871
N139R,139,N,R,-0.045044236,-1.12976,6.071230854401181,2.804945561911792,3.266285292489389
N139S,139,N,S,-0.22587244,-0.121918,2.029894814541428,11.865657870455804,-9.835763055914375
N139T,139,N,T,-0.13720605,0.183049,3.6722642553976748,17.34637386971766,-13.674109614319985
N139V,139,N,V,-0.01083525,-0.435799,7.289167743126038,7.547517992249493,-0.2583502491234553
N139W,139,N,W,-0.113821484,-1.43877,4.059789629082856,1.8638125115334931,2.195977117549363
N139Y,139,N,Y,-0.22399504,-0.744315,2.122162760656948,4.779479608783908,-2.65731684812696
K140Q,140,K,Q,0.4066876,0.58866,21.904410407824322,25.89038568001476,-3.985975272190437
K140R,140,K,R,0.033569284,-0.425202,8.968444362428492,7.7874146521498435,1.181029710278649
K140S,140,K,S,0.7592584,0.897701,33.88078981361875,31.998523712862152,1.8822661007565955
K140T,140,K,T,1.3699061,6.30983,55.85901457833549,87.58073445285109,-31.7217198745156
K140V,140,K,V,1.0235066,2.68569,43.439749031186565,58.922310389370736,-15.48256135818417
K140W,140,K,W,0.37293577,0.049841,20.668019929876362,14.818232146152427,5.849787783723935
K140Y,140,K,Y,0.1956406,0.131514,14.50452112935966,16.29451928400074,-1.7899981546410793
T141A,141,T,A,1.6997417,2.19716,66.3406532570585,52.574275696623,13.766377560435508
T141C,141,T,C,0.74284446,2.46671,33.38254290459494,56.30190071968998,-22.91935781509504
T141D,141,T,D,1.5097561,8.25642,60.675401365565605,91.71433843882635,-31.03893707326074
T141E,141,T,E,2.2153206,9.06873,79.77486621147814,93.02454327366672,-13.249677062188582
T141F,141,T,F,2.203492,10.4902,79.53496955157779,94.37165528695331,-14.836685735375525
T141G,141,T,G,1.9990785,1.83271,74.20188226610077,46.81675585901458,27.38512640708619
T141H,141,T,H,2.2702098,4.60783,81.02971027864919,78.24321830596051,2.7864919726886797
T141I,141,T,I,2.0950508,6.64446,76.82229193578151,88.52186750322937,-11.699575567447866
T141K,141,T,K,2.2496512,4.79779,80.60527772651781,79.73795903303193,0.8673186934858848
T141L,141,T,L,1.971359,4.29444,73.51909946484592,75.41981915482562,-1.9007196899796952
T141M,141,T,M,1.8767979,2.74992,71.21240081195792,59.67890754751799,11.533493264439933
T141N,141,T,N,1.6663773,0.825577,65.34415943901088,30.37460786122901,34.96955157778187
T141P,141,T,P,2.5001469,5.74891,86.54733345635725,85.36630374607861,1.1810297102786365
T141Q,141,T,Q,1.9797199,5.8245,73.79590330319246,85.58774681675587,-11.791843513563407
T141R,141,T,R,2.1553388,16.861,78.07713600295257,97.30577597342683,-19.228639970474262
T141S,141,T,S,0.7686994,0.714657,34.176047241188414,28.270898689795164,5.90514855139325
T141V,141,T,V,1.3656218,4.41017,55.76674663221996,76.37940579442702,-20.612659162207052
T141W,141,T,W,2.102758,12.871,76.98837423878945,95.82948883557853,-18.841114596789083
T141Y,141,T,Y,2.1064634,9.238,77.15445654179737,93.28289352279018,-16.128436980992802
C142A,142,C,A,1.5100687,3.27757,60.712308544011805,66.06384941871194,-5.3515408747001345
C142D,142,C,D,2.4491696,5.41128,85.44011810297103,83.55785200221443,1.8822661007565955
C142E,142,C,E,2.755549,5.24793,91.89887433105739,82.46909023805131,9.429784093006077
C142F,142,C,F,2.071534,3.38523,76.13950913452666,67.2817863074368,8.857722827089859
C142G,142,C,G,1.7489208,3.62877,67.65085809189887,69.90219597711756,-2.251337885218689
C142H,142,C,H,2.4143662,2.77432,84.48053146336963,59.91880420741834,24.56172725595129
C142I,142,C,I,2.1676645,2.96052,78.44620778741465,62.00405978962908,16.44214799778557
C142K,142,C,K,2.5346503,2.20874,87.2301162576121,52.629636464292304,34.60047979331979
C142L,142,C,L,2.1414495,2.91212,77.81878575382912,61.413544934489764,16.405240819339355
C142M,142,C,M,2.07212,1.34105,76.19486990219598,39.306145045211295,36.88872485698468
C142N,142,C,N,2.5574632,4.44774,87.82063111275143,76.73002398966598,11.090607123085448
C142P,142,C,P,2.5343792,4.04129,87.211662668389,73.31610998339177,13.895552684997227
C142Q,142,C,Q,2.5342033,2.63886,87.1747554899428,58.479424248016244,28.695331241926553
C142R,142,C,R,2.3006966,0.026808,81.82321461524266,14.467613950913453,67.35560066432922
C142S,142,C,S,1.9292471,3.92002,72.55951282524451,72.35652334379037,0.2029894814541393
C142T,142,C,T,2.56181,4.5449,88.02362059420558,77.67115704004429,10.35246355416129
C142V,142,C,V,2.4069076,5.67031,84.3513563388079,84.86805683705481,-0.5167004982469052
C142W,142,C,W,1.921541,4.07507,72.33806975456726,73.50064587562281,-1.162576121055551
C142Y,142,C,Y,2.0974092,4.10932,76.89610629267392,73.81435689241557,3.081749400258346
A143C,143,A,C,0.2734778,0.822018,17.19874515593283,30.3192470935597,-13.12050193762687
A143D,143,A,D,1.1624706,2.90771,48.90201144122532,61.35818416682045,-12.456172725595131
A143E,143,A,E,0.9650009,2.30366,41.31758627052962,53.97674847757889,-12.65916220704927
A143F,143,A,F,0.8183098,3.0255,35.83687027126776,63.0190071968998,-27.182136925632037
A143G,143,A,G,0.17639373,0.889089,13.821738328104816,31.83244140985422,-18.010703081749405
A143H,143,A,H,0.986421,3.78832,42.00036907178446,71.23085440118103,-29.230485329396572
A143I,143,A,I,0.9252782,2.36114,40.00738143568924,54.78870640339546,-14.781324967706219
A143K,143,A,K,1.2115419,-1.00139,50.765823952758815,3.358553238604909,47.40727071415391
A143L,143,A,L,1.1088259,2.63368,46.77984868056837,58.405609891123824,-11.625761210555453
A143M,143,A,M,0.49696875,1.47301,25.152242111090604,41.28067909208341,-16.128436980992806
A143N,143,A,N,1.009227,0.140855,42.99686288983207,16.534415943901088,26.462446945930985
A143P,143,A,P,0.9608065,4.38328,41.151503967521684,76.06569477763425,-34.914190810112565
A143Q,143,A,Q,0.8708007,0.873938,37.9221258534785,31.500276803838346,6.4218490496401515
A143R,143,A,R,1.298596,0.194046,53.68149105000922,17.512456172725596,36.16903487728362
A143S,143,A,S,0.33184233,0.878607,19.19173279202805,31.61099833917697,-12.419265547148921
A143T,143,A,T,0.86693174,4.7924,37.71913637202436,79.68259826536261,-41.963461893338255
A143V,143,A,V,0.69813335,0.610741,31.906255766746632,26.277911053699942,5.62834471304669
A143W,143,A,W,0.9066784,6.04748,39.029341206864736,86.51042627791105,-47.481085071046316
A143Y,143,A,Y,0.9123484,3.56545,39.26923786676508,69.40394906809374,-30.134711201328656
G144A,144,G,A,1.5104699,3.06223,60.73076213323492,63.535707695146705,-2.8049455619117865
G144C,144,G,C,1.0774959,3.49427,45.65417973795903,68.48126960693854,-22.827089868979506
G144D,144,G,D,1.6851885,2.97797,65.80549916958849,62.41003875253737,3.395460417051119
G144E,144,G,E,1.7130646,3.63352,66.65436427385126,69.97601033400997,-3.321646060158713
G144F,144,G,F,1.1899346,2.59814,49.95386602694224,58.01808451743864,-8.064218490496401
G144H,144,G,H,1.3151877,3.45994,54.25355231592545,68.13065141169957,-13.877099095774128
G144I,144,G,I,1.4640583,4.78122,59.53127883373316,79.60878390847019,-20.077505074737026
G144K,144,G,K,1.5455773,3.43142,62.00405978962908,67.92766193024543,-5.923602140616353
G144L,144,G,L,1.2071669,2.93523,50.61819523897398,61.764163129728736,-11.145967890754754
G144M,144,G,M,1.2306911,3.12595,51.503967521682966,64.27385126407086,-12.76988374238789
G144S,144,G,S,1.4415413,3.38449,58.7377744971397,67.2633327182137,-8.525558221074007
G144T,144,G,T,1.3772438,4.03767,56.117364827458935,73.27920280494557,-17.161837977486634
G144V,144,G,V,1.2780325,4.27997,52.96180107030818,75.29064403026389,-22.328842959955715
G144W,144,G,W,1.3106258,2.25398,54.087470012917514,53.27551208710094,0.8119579258165714
G144Y,144,G,Y,1.2860272,2.87243,53.29396567632404,60.97065879313527,-7.676693116811229
F145A,145,F,A,1.9783831,2.59253,73.74054253552316,57.90736298210002,15.833179553423143
F145C,145,F,C,1.2294579,2.93531,51.430153164790546,61.782616718951836,-10.35246355416129
F145D,145,F,D,2.543184,4.31042,87.39619856062004,75.49363351171803,11.902565048902005
F145E,145,F,E,2.530667,3.56283,87.08248754382727,69.33013471120132,17.752352832625945
F145G,145,F,G,2.540039,2.84856,87.34083779295074,60.786122900904225,26.554714892046512
F145H,145,F,H,1.6459049,2.27153,64.80900535154088,53.5707695146706,11.238235836870274
F145I,145,F,I,1.7206352,4.14927,66.83890016608231,74.14652149843145,-7.307621332349143
F145K,145,F,K,1.7315528,1.98636,67.20797195054438,49.52943347481085,17.678538475733525
F145L,145,F,L,0.97712696,1.07156,41.7235652334379,34.89573722088946,6.827828012548444
F145M,145,F,M,1.0263578,0.701471,43.51356338807898,27.994094851448608,15.51946853663037
F145N,145,F,N,2.3187728,2.01169,82.17383281048164,49.82469090238052,32.349141908101124
F145P,145,F,P,2.543171,3.51292,87.37774497139694,68.70271267761579,18.675032293781143
F145Q,145,F,Q,2.1284485,2.10183,77.59734268315187,51.1718029156671,26.425539767484764
F145R,145,F,R,1.2836437,1.62521,53.23860490865473,43.47665620963277,9.761948699021957
F145S,145,F,S,2.1934037,2.94841,79.22125853478501,61.874884665067356,17.346373869717652
F145T,145,F,T,1.9525387,2.95331,73.15002768038383,61.948699021959776,11.201328658424053
F145V,145,F,V,1.7536974,3.17351,67.79848680568371,65.03044842221813,2.76803838346558
F145W,145,F,W,0.8695239,0.89999,37.9036722642554,32.053884480531465,5.849787783723933
F145Y,145,F,Y,0.10015744,0.537391,11.23823583687027,25.02306698652888,-13.784831149658611
G147A,147,G,A,0.8305319,8.03946,36.40893153718398,91.36372024358738,-54.9547887064034
G147C,147,G,C,1.8439146,16.5922,70.21590699391031,97.25041520575752,-27.03450821184721
G147D,147,G,D,2.7228162,26.1612,91.28990588669497,98.83742387894445,-7.547517992249482
G147E,147,G,E,2.7582479,25.6959,91.97268868794981,98.78206311127514,-6.809374423325323
G147F,147,G,F,2.6195018,54.2143,89.20465030448422,99.9815464107769,-10.776896106292682
G147H,147,G,H,2.6396987,34.9207,89.66599003506181,99.5017530909762,-9.835763055914384
G147I,147,G,I,2.3515568,33.4001,83.11496586085994,99.40948514486068,-16.294519284000742
G147K,147,G,K,2.8972783,27.7185,94.02103709171435,98.96659900350619,-4.945561911791842
G147L,147,G,L,2.6254516,33.5378,89.29691825059975,99.42793873408378,-10.131020483484036
G147M,147,G,M,2.3171558,19.5103,82.11847204281233,97.87783723934305,-15.759365196530723
G147N,147,G,N,2.7869573,26.2942,92.47093559697362,98.85587746816756,-6.384941871193945
G147P,147,G,P,2.8355064,15.5547,93.28289352279018,97.02897213508027,-3.7460786122900913
G147Q,147,G,Q,2.598537,33.8398,88.85403210924525,99.44639232330688,-10.592360214061628
G147R,147,G,R,2.7431962,26.8606,91.71433843882635,98.94814541428308,-7.23380697545673
G147S,147,G,S,1.7190571,14.1442,66.8019929876361,96.47536445838716,-29.673371470751064
S148A,148,S,A,0.49331528,0.228788,25.096881343421295,18.416682044657687,6.680199298763608
S148C,148,S,C,0.12271345,0.365725,11.921018638125116,21.27698837423879,-9.355969736113675
S148D,148,S,D,1.7220476,4.57498,66.93116811219782,78.04022882450636,-11.109060712308533
S148E,148,S,E,2.1541371,6.26114,78.04022882450636,87.43310573906625,-9.392876914559892
S148F,148,S,F,2.4763854,5.98611,86.01217936888726,86.17826167189519,-0.1660823030079257
S148G,148,S,G,1.0061973,1.44971,42.86768776527035,40.83779295072892,2.0298948145414286
S148H,148,S,H,2.7522736,8.93456,91.84351356338809,92.91382173832811,-1.070308174940024
S148I,148,S,I,1.8836187,2.15083,71.45229747185827,51.98376084148367,19.4685366303746
S148K,148,S,K,2.4357014,4.14174,85.05259272928585,74.12806790920834,10.924524820077508
S148L,148,S,L,1.8382534,1.4311,70.06827828012548,40.671710647720985,29.396567632404498
S148M,148,S,M,2.1063113,2.08527,77.13600295257427,50.968813434212954,26.16718951836132
S148N,148,S,N,2.2947288,1.19901,81.69403949068094,36.90717844620779,44.78686104447315
S148P,148,S,P,3.6874504,3.0002,99.37257796641447,62.72374976933014,36.64882819708433
S148Q,148,S,Q,2.4105048,5.7663,84.3882635172541,85.44011810297103,-1.0518545857169244
S148R,148,S,R,2.437605,11.8263,85.08949990773206,95.34969551577782,-10.260195608045763
S148T,148,S,T,1.3703445,1.77462,55.87746816755859,45.93098357630559,9.946484591252997
S148V,148,S,V,1.9382241,2.17993,72.83631666359108,52.38973980439196,20.44657685919912
S148W,148,S,W,2.356605,16.8619,83.26259457464477,97.32422956264993,-14.061634988005167
S148Y,148,S,Y,2.4270618,12.274,84.8311496586086,95.64495294334748,-10.813803284738881
F149A,149,F,A,1.1763592,0.982827,49.34489758257981,33.40099649381805,15.943901088761763
F149C,149,F,C,0.43732205,1.81153,23.06698652887987,46.52149843144492,-23.45451190256505
F149D,149,F,D,1.9505398,1.2227,73.11312050193763,37.368518176785386,35.74460232515224
F149E,149,F,E,1.5846314,0.985658,63.09282155379221,33.49326443993357,29.599557113858644
F149G,149,F,G,1.8294649,1.81242,69.84683520944823,46.53995202066802,23.306883188780212
F149H,149,F,H,1.181925,0.675101,49.677062188595684,27.458940763978596,22.218121424617088
F149I,149,F,I,1.1838645,0.383337,49.73242295626499,21.682967337147076,28.049455619117914
F149K,149,F,K,1.4467971,-0.321235,58.99612474626315,8.968444362428492,50.02768038383466
F149L,149,F,L,0.18898836,0.26422,14.301531647905518,19.04410407824322,-4.742572430337701
F149M,149,F,M,0.43115783,-0.263174,22.771729101310203,9.835763055914375,12.935966045395828
F149N,149,F,N,1.8892457,1.09271,71.5999261856431,35.24635541612844,36.35357076951466
F149P,149,F,P,2.7734513,6.89021,92.28639970474258,89.22310389370732,3.0632958110352604
F149Q,149,F,Q,1.3676736,1.64423,55.84056098911239,43.75346004797933,12.087100941133059
F149R,149,F,R,1.5350363,0.957234,61.5980808267208,33.01347112013286,28.58460970658794
F149S,149,F,S,1.2685968,0.837998,52.72190441040783,30.651411699575565,22.070492710832266
F149T,149,F,T,1.4468395,1.50813,59.014578335486256,41.760472411884116,17.25410592360214
F149V,149,F,V,1.2789338,1.86773,53.03561542720059,47.462631481823216,5.5729839453773735
F149W,149,F,W,0.16801706,0.675678,13.434212954419635,27.514301531647906,-14.08008857722827
F149Y,149,F,Y,-0.025195926,0.372856,6.864735190994649,21.387709909577413,-14.522974718582764
G150A,150,G,A,0.76845104,3.68719,34.15759365196531,70.51116442147998,-36.35357076951467
G150C,150,G,C,0.53358257,2.26614,26.33327182136926,53.40468721166267,-27.07141539029341
G150D,150,G,D,1.1612184,3.23789,48.88355785200221,65.75013840191917,-16.86658054991696
G150E,150,G,E,0.8626043,3.14013,37.49769330134711,64.56910869164052,-27.07141539029341
G150F,150,G,F,1.0146706,1.30035,43.162945192840006,38.494187119394724,4.668758073445282
G150H,150,G,H,0.65862364,2.5578,30.632958110352465,57.42756966229932,-26.794611551946854
G150I,150,G,I,0.94830096,3.69572,40.7455250046134,70.56652518914929,-29.82100018453589
G150K,150,G,K,0.68799365,3.13533,31.537183982284557,64.476840745525,-32.939656763240436
G150L,150,G,L,0.7205436,1.95919,32.66285292489389,49.04964015501015,-16.386787230116262
G150M,150,G,M,0.92682064,2.23137,40.044288614135446,52.90644030263887,-12.862151688503424
G150N,150,G,N,0.72435486,2.42878,32.79202804945562,55.80365381066618,-23.01162576121056
G150P,150,G,P,1.1942015,7.04664,50.2491234545119,89.59217567816941,-39.34305222365751
G150Q,150,G,Q,0.74713516,1.76705,33.530171618379775,45.76490127329766,-12.234729654917885
G150R,150,G,R,0.8267115,1.53598,36.24284923417605,42.240265731684815,-5.997416497508766
G150S,150,G,S,0.93659276,3.58208,40.35799963092821,69.53312419265546,-29.17512456172725
G150T,150,G,T,1.1377318,4.57166,47.850156855508395,77.98486805683706,-30.134711201328663
G150V,150,G,V,0.86542827,3.37725,37.645322015131946,67.22642553976749,-29.581103524635544
G150W,150,G,W,1.1305957,3.10575,47.665620963277355,64.0155010149474,-16.34988005167005
G150Y,150,G,Y,0.80569637,2.80157,35.33862336224395,60.17715445654179,-24.838531094297842
Y151A,151,Y,A,1.1408758,0.814697,47.99778556929323,30.079350433659346,17.91843513563388
Y151C,151,Y,C,0.73195726,1.26123,33.03192470935597,37.86676508580919,-4.834840376453222
Y151D,151,Y,D,2.219696,0.553606,79.90404133603985,25.244510057206128,54.659531278833725
Y151E,151,Y,E,2.1583562,1.52098,78.20631112751431,41.963461893338255,36.242849234176056
Y151F,151,Y,F,-0.043029953,-0.404086,6.126591622070493,8.064218490496401,-1.937626868425908
Y151G,151,Y,G,1.7807099,1.36297,68.61044473150028,39.675216829673374,28.935227901826906
Y151H,151,Y,H,0.68670374,-0.113245,31.51873039306145,12.013286584240635,19.505443808820814
Y151I,151,Y,I,2.093687,0.450658,76.7484775788891,23.177708064218493,53.5707695146706
Y151K,151,Y,K,1.4982868,0.852273,60.417051116442146,30.928215537922128,29.488835578520018
Y151L,151,Y,L,1.5177647,1.00885,60.95220520391216,33.95460417051117,26.99760103340099
Y151M,151,Y,M,1.2565663,-0.740337,52.38973980439196,4.797933198007012,47.59180660638495
Y151N,151,Y,N,1.6170046,1.45494,64.07086178261672,40.93006089684443,23.140800885772286
Y151P,151,Y,P,3.1048348,6.15763,96.32773574460232,87.04558036538107,9.282155379221251
Y151Q,151,Y,Q,1.8338699,1.05731,69.90219597711756,34.618933382542906,35.28326259457465
Y151R,151,Y,R,1.5797546,0.990247,62.94519284000738,33.714707510610815,29.230485329396565
Y151S,151,Y,S,1.0706583,1.5542,45.358922310389374,42.57243033770068,2.786491972688694
Y151T,151,Y,T,1.6526563,0.843259,65.01199483299501,30.725226056467985,34.286768776527026
Y151V,151,Y,V,1.7598101,4.43068,68.00147628713785,76.58239527588115,-8.580918988743306
Y151W,151,Y,W,0.5586449,-0.402628,27.29285846097066,8.082672079719504,19.210186381251155
Y152A,152,Y,A,2.6708894,3.1691,90.33031924709356,64.9381804761026,25.392138770990954
Y152C,152,Y,C,1.57288,4.37298,62.77911053699945,75.97342683151874,-13.19431629451929
Y152D,152,Y,D,3.2697911,4.25325,97.6010334009965,75.06920095958664,22.53183244140986
Y152E,152,Y,E,2.4846377,2.01406,86.2151688503414,49.86159808082672,36.35357076951468
Y152F,152,Y,F,0.07736729,0.464602,10.352463554161284,23.41760472411884,-13.065141169957554
Y152G,152,Y,G,2.874672,4.71405,93.72577966414468,79.05517623177708,14.6706034323676
Y152H,152,Y,H,2.3409178,3.1866,82.81970843329027,65.21498431444917,17.604724118841105
Y152I,152,Y,I,1.5725199,2.34409,62.74220335855324,54.548809743495106,8.193393615058135
Y152K,152,Y,K,3.1164448,3.27982,96.51227163683338,66.08230300793504,30.429968628898337
Y152L,152,Y,L,1.849308,1.51002,70.36353570769515,41.79737959033032,28.566156117364827
Y152M,152,Y,M,1.4105871,0.5097,57.390662483853106,24.469459309835763,32.92120317401734
Y152N,152,Y,N,3.0317822,4.71619,95.64495294334748,79.0920834102233,16.55286953312418
Y152P,152,Y,P,3.168269,1.84649,96.89979701051855,47.09355969736114,49.80623731315742
Y152R,152,Y,R,2.3029919,2.98676,81.86012179368886,62.63148182321462,19.22863997047424
Y152S,152,Y,S,2.827324,4.9522,93.06145045211294,80.66063849418713,12.40081195792581
Y152T,152,Y,T,2.6635964,2.84195,90.0904225871932,60.6384941871194,29.451928400073804
Y152V,152,Y,V,2.3725085,1.80631,83.59475918066065,46.41077689610629,37.183982284554354
Y152W,152,Y,W,0.27762657,1.48792,17.34637386971766,41.42830780586824,-24.081933936150584
D153A,153,D,A,0.38341472,0.375263,20.96327735744602,21.461524266469826,-0.49824690902380553
D153C,153,D,C,0.2731605,1.74344,17.16183797748662,45.386602694224024,-28.224764716737404
D153E,153,D,E,0.21597064,-0.864331,15.168850341391401,3.9121609152980255,11.256689426093375
D153F,153,D,F,-0.06742659,0.817159,5.2777265178077135,30.190071968997973,-24.91234545119026
D153G,153,D,G,0.5980356,2.16396,28.842959955711382,52.11293596604539,-23.26997601033401
D153H,153,D,H,0.7602148,1.81531,33.93615058128806,46.57685919911423,-12.64070861782617
D153I,153,D,I,0.16731907,1.1041,13.378852186750322,35.43089130835948,-22.052039121609155
D153K,153,D,K,0.55515563,1.46238,27.182136925632033,41.13305037829858,-13.950913452666544
D153L,153,D,L,0.085932925,0.265962,10.684628160177155,19.117918435135632,-8.433290274958477
D153M,153,D,M,0.30661446,0.230028,18.324414098542167,18.43513563388079,-0.11072153533862306
D153N,153,D,N,0.3112139,2.06413,18.52740357999631,50.507473703635355,-31.980070123639045
D153P,153,D,P,0.65796435,1.09114,30.596050931906255,35.190994648459125,-4.594943716552869
D153Q,153,D,Q,0.50393605,0.98405,25.410592360214064,33.419450083041156,-8.008857722827091
D153R,153,D,R,0.533299,0.954997,26.314818232146152,32.93965676324045,-6.624838531094298
D153S,153,D,S,0.21610908,1.76647,15.187303930614505,45.70954050562834,-30.522236575013835
D153T,153,D,T,0.58664334,0.49881,28.621516885034136,24.11884111459679,4.502675770437346
D153V,153,D,V,0.34129462,1.58123,19.616165344159437,42.94150212216276,-23.325336778003322
D153W,153,D,W,0.123990335,2.24313,12.031740173463739,53.090976194869896,-41.05923602140616
D153Y,153,D,Y,0.036870237,1.72759,9.116073076213324,44.97139693670419,-35.85532386049086
I154A,154,I,A,0.91482085,0.899035,39.41686658054992,32.03543089130836,7.381435689241563
I154C,154,I,C,0.37037766,1.23689,20.538844805314636,37.553054069016426,-17.01420926370179
I154D,154,I,D,1.6990904,1.11371,66.30374607861229,35.59697361136741,30.706772467244882
I154E,154,I,E,1.3049164,0.342893,53.86602694224026,20.686473519099465,33.179553423140796
I154F,154,I,F,0.9962262,0.604766,42.40634803469275,26.130282339915112,16.276065694777635
I154G,154,I,G,1.6481445,1.88546,64.84591252998709,47.81324967706219,17.0326628529249
I154H,154,I,H,1.5736206,1.52681,62.79756412622255,42.03727625023067,20.760287875991878
I154K,154,I,K,0.855306,0.88155,37.20243587377745,31.666359106846283,5.536076766931171
I154L,154,I,L,-0.38254657,-0.64091,0.5905148551393246,5.591437534600479,-5.000922679461155
I154M,154,I,M,0.25792465,0.095893,16.663591068462814,15.574829304299687,1.0887617641631273
I154N,154,I,N,1.5585995,0.78656,62.39158516331427,29.599557113858644,32.792028049455624
I154P,154,I,P,0.9901327,0.587735,42.12954419634619,25.87193209079166,16.25761210555453
I154Q,154,I,Q,0.8640661,0.388921,37.553054069016426,21.830596050931906,15.72245801808452
I154R,154,I,R,1.0942158,-0.66436,46.24469459309836,5.406901642369441,40.83779295072892
I154S,154,I,S,0.914038,1.67531,39.3615058128806,44.28861413544934,-4.927108322568742
I154T,154,I,T,0.5052187,0.818791,25.484406717106477,30.226979147444176,-4.742572430337699
I154V,154,I,V,0.101812266,0.960513,11.256689426093375,33.068831887802176,-21.812142461708802
I154W,154,I,W,0.8834739,0.848741,38.401919173279204,30.85440118102971,7.547517992249492
I154Y,154,I,Y,1.041887,0.803251,44.19634618933382,29.931721719874517,14.264624469459307
D155A,155,D,A,1.2869705,3.3391,53.36778003321646,66.783539398413,-13.415759365196536
D155C,155,D,C,0.93081266,2.83263,40.19191732792028,60.52777265178078,-20.3358553238605
D155E,155,D,E,1.8206257,4.93417,69.58848496032478,80.5868241372947,-10.998339176969921
D155F,155,D,F,2.012389,4.41196,74.68167558590146,76.39785938365013,-1.7161837977486698
D155G,155,D,G,1.8248041,4.96501,69.6807529064403,80.80826720797195,-11.127514301531647
D155H,155,D,H,1.1975883,6.78817,50.35984498985052,88.89093928769145,-38.53109429784093
D155I,155,D,I,1.9944365,2.68819,74.14652149843145,58.959217567816935,15.187303930614519
D155K,155,D,K,2.8531518,9.26528,93.46742941502121,93.3567078796826,0.1107215353386124
D155L,155,D,L,2.2054243,2.31641,79.60878390847019,54.12437719136371,25.484406717106474
D155M,155,D,M,1.9849584,-3.0803,73.9250784277542,0.2768038383465584,73.64827458940765
D155N,155,D,N,1.4325559,4.1049,58.22107399889278,73.75899612474626,-15.537922125853484
D155P,155,D,P,2.6825078,9.84526,90.64403026388632,93.9103155563757,-3.2662852924893855
D155Q,155,D,Q,1.9562715,6.64085,73.26074921572246,88.50341391400627,-15.242664698283818
D155R,155,D,R,2.6673975,7.73876,90.20114412253183,90.77320538844805,-0.5720612659162185
D155S,155,D,S,1.2275723,4.58874,51.35633880789814,78.13249677062188,-26.776157962723744
D155T,155,D,T,1.3410289,2.90008,54.91788152795719,61.28436980992803,-6.366488281970838
D155V,155,D,V,1.570735,3.43888,62.70529618010703,67.98302269791475,-5.2777265178077215
D155W,155,D,W,2.253574,13.3989,80.67909208341023,96.03247831703267,-15.353386233622444
D155Y,155,D,Y,2.0943866,5.74886,76.78538475733531,85.34785015685551,-8.562465399520207
A156C,156,A,C,1.6906706,2.46529,66.06384941871194,56.24653995202067,9.81730946669127
A156D,156,A,D,2.9734766,9.38976,95.09134526665436,93.48588300424433,1.605462262410029
A156E,156,A,E,2.934031,10.9095,94.59309835763055,94.68536630374608,-0.09226794611552691
A156F,156,A,F,2.1652627,12.9097,78.31703266285292,95.84794242480163,-17.530909761948706
A156G,156,A,G,1.79181,1.69379,68.79498062373132,44.60232515224211,24.19265547148921
A156H,156,A,H,2.8205993,14.5636,92.96918250599742,96.6599003506182,-3.690717844620778
A156I,156,A,I,1.7059662,5.56975,66.48828197084333,84.24063480346928,-17.752352832625945
A156K,156,A,K,2.924289,16.1494,94.3347481085071,97.1396936704189,-2.8049455619117936
A156L,156,A,L,1.7168108,9.17593,66.70972504152057,93.15371839822846,-26.443993356707892
A156M,156,A,M,1.1978096,3.6613,50.37829857907363,70.27126776157962,-19.892969182505993
A156N,156,A,N,3.0608726,8.85739,95.94021037091714,92.72928584609707,3.210924524820072
A156P,156,A,P,3.026321,6.05465,95.55268499723196,86.56578704558036,8.9868979516516
A156Q,156,A,Q,2.7527325,9.59976,91.86196715261119,93.61505812880606,-1.7530909761948692
A156R,156,A,R,3.0222125,7.49255,95.49732422956265,90.29341206864736,5.203912160915294
A156S,156,A,S,1.0964706,0.851802,46.373869717660085,30.891308359475918,15.482561358184167
A156T,156,A,T,2.6352253,2.4016,89.5368149105001,55.43458202620409,34.10223288429601
A156V,156,A,V,2.336638,4.81356,82.65362613028235,79.84868056837054,2.8049455619118078
A156W,156,A,W,2.3394425,24.404,82.72744048717475,98.65288798671341,-15.925447499538663
A156Y,156,A,Y,2.433198,38.8974,84.96032478317032,99.68628898320723,-14.725964200036913
Q157A,157,Q,A,0.9098919,0.255199,39.140062742203355,18.841114596789073,20.298948145414283
Q157C,157,Q,C,0.9254263,0.728798,40.02583502491234,28.529248938918624,11.496586085993716
Q157D,157,Q,D,1.1581615,0.921748,48.71747554899428,32.40450267577044,16.312972873223842
Q157E,157,Q,E,0.8839561,0.306677,38.43882635172541,19.745340468721167,18.693485883004243
Q157F,157,Q,F,1.3485707,-0.579434,55.176231777080645,6.218859568186012,48.95737220889463
Q157G,157,Q,G,1.6377945,1.17893,64.55065510241742,36.575013840191914,27.97564126222551
Q157H,157,Q,H,1.4117445,0.079634,57.44602325152242,15.316479055176233,42.12954419634619
Q157I,157,Q,I,1.1280253,-0.549333,47.53644583871563,6.403395460417051,41.13305037829858
Q157K,157,Q,K,1.2076269,-0.335284,50.63664882819708,8.85772282708987,41.77892600110721
Q157L,157,Q,L,0.971107,-0.724762,41.52057575198376,5.000922679461155,36.51965307252261
Q157M,157,Q,M,0.8477001,-0.990705,36.88872485698468,3.3954604170511167,33.49326443993356
Q157N,157,Q,N,1.1641697,0.840918,48.957372208894625,30.66986528879867,18.287506920095957
Q157P,157,Q,P,2.2388594,3.7405,80.38383465584056,70.93559697361137,9.448237682229191
Q157R,157,Q,R,0.79446745,-0.256733,34.988005167004985,10.020298948145415,24.96770621885957
Q157S,157,Q,S,0.9095915,0.259397,39.121609152980255,18.9518361321277,20.169773020852556
Q157T,157,Q,T,1.054605,1.24587,44.69459309835763,37.737589961247465,6.9570031371101635
Q157V,157,Q,V,1.1182183,0.42631,47.13046687580734,22.624100387525374,24.50636648828197
Q157W,157,Q,W,1.2591317,-0.0573,52.445100572061264,12.917512456172725,39.52758811588854
Q157Y,157,Q,Y,1.5658499,0.378984,62.63148182321462,21.590699391031556,41.040782432183065
T158A,158,T,A,1.2439023,0.999549,51.94685366303746,33.806975456726335,18.139878206311124
T158C,158,T,C,1.3713768,0.825687,55.914375346004796,30.393061450452112,25.521313895552684
T158D,158,T,D,1.6639744,2.17184,65.27034508211848,52.260564679830225,13.009780402288257
T158E,158,T,E,1.9281324,0.934534,72.54105923602141,32.57058497877837,39.97047425724304
T158F,158,T,F,2.3408515,1.86916,82.80125484406717,47.48108507104632,35.32016977302085
T158G,158,T,G,1.371959,1.21003,55.988189702897216,37.09171433843883,18.89647536445839
T158H,158,T,H,2.2466562,6.08004,80.47610260195609,86.63960140247278,-6.163498800516692
T158I,158,T,I,1.4782845,-2.0615,59.90035061819524,0.9411330503782986,58.95921756781694
T158K,158,T,K,2.2629344,2.1748,80.90053515408748,52.29747185827643,28.603063295811047
T158L,158,T,L,0.7500736,-1.3629,33.6593467429415,2.1406163498800517,31.51873039306145
T158M,158,T,M,1.1230164,-1.64209,47.33345635726149,1.6054622624100388,45.727994094851454
T158N,158,T,N,1.7716824,1.15666,68.40745525004614,36.24284923417605,32.16460601587009
T158P,158,T,P,2.505022,6.38918,86.65805499169589,87.80217752352833,-1.144122531832437
T158Q,158,T,Q,1.3947376,0.194703,56.744786861044474,17.567816940394906,39.17696992064957
T158R,158,T,R,1.1599803,2.56739,48.79128990588669,57.575198376084145,-8.783908470197453
T158S,158,T,S,1.1829877,0.988033,49.71396936704189,33.622439564495295,16.091529802546596
T158V,158,T,V,0.6734239,0.566218,31.057390662483854,25.465953127883374,5.59143753460048
T158W,158,T,W,1.2829626,10.4034,53.20169773020853,94.3347481085071,-41.13305037829857
T158Y,158,T,Y,2.3439984,2.19136,82.948883557852,52.50046133973058,30.448422218121422
F159A,159,F,A,2.378056,4.77558,83.70548071599926,79.55342314080089,4.15205757519837
F159C,159,F,C,1.5336859,4.55786,61.50581288060528,77.83723934305222,-16.331426462446935
F159D,159,F,D,3.390126,6.98098,98.39453773758996,89.49990773205388,8.894630005536072
F159E,159,F,E,3.0393207,6.28519,95.70031371101679,87.47001291751245,8.230300793504341
F159G,159,F,G,3.2231648,6.01456,97.32422956264993,86.2889832072338,11.035246355416135
F159I,159,F,I,1.3900635,2.77206,56.57870455803654,59.90035061819524,-3.321646060158699
F159K,159,F,K,2.596396,3.7112,88.81712493079904,70.73260749215723,18.08451743864181
F159L,159,F,L,1.0071404,1.15186,42.90459494371655,36.15058128806053,6.754013655656024
F159M,159,F,M,0.90741175,0.931104,39.06624838531094,32.533677800332164,6.532570584978778
F159N,159,F,N,3.1052861,5.59131,96.34618933382542,84.44362428492342,11.902565048902005
F159P,159,F,P,3.1811934,8.83772,97.01051854585717,92.69237866765086,4.31813987820631
F159Q,159,F,Q,2.928559,4.75937,94.39010887617641,79.40579442701605,14.984314449160365
F159R,159,F,R,2.7414691,3.2937,91.67743126038015,66.22993172171986,25.44749953866028
F159S,159,F,S,2.8730044,5.10604,93.70732607492157,81.58331795534231,12.124008119579258
F159T,159,F,T,2.3813863,5.48155,83.81620225133788,83.9084701974534,-0.0922679461155127
F159V,159,F,V,1.8979584,6.21827,71.87673002398967,87.32238420372762,-15.445654179737957
F159W,159,F,W,0.5913385,3.2351,28.639970474257243,65.67632404502676,-37.03635357076952
F159Y,159,F,Y,0.50263023,0.901507,25.35523159254475,32.07233806975457,-6.717106477209821
A160C,160,A,C,0.81929237,0.762283,35.910684628160176,29.00904225871932,6.901642369440857
A160D,160,A,D,2.62612,3.05483,89.33382542904596,63.424986159808086,25.908839269237873
A160E,160,A,E,2.7921295,2.19358,92.60011072153533,52.537368518176784,40.062742203358546
A160F,160,A,F,1.4885371,0.232078,60.10334009964938,18.472042812326997,41.63129728732238
A160G,160,A,G,1.4979273,1.33697,60.398597527219046,39.232330688318875,21.16626683890017
A160H,160,A,H,1.8705652,3.18584,70.93559697361137,65.19653072522605,5.739066248385313
A160I,160,A,I,1.8575737,5.0115,70.51116442147998,81.01125668942609,-10.500092267946115
A160K,160,A,K,1.6313988,0.084154,64.36611921018638,15.371839822845542,48.99427938734084
A160L,160,A,L,1.9279283,1.17563,72.5041520575752,36.5011994832995,36.002952574275696
A160M,160,A,M,1.6224868,2.1374,64.18158331795534,51.79922494925263,12.382358368702711
A160N,160,A,N,2.3972507,1.84674,84.09300608968444,47.112013286584244,36.98099280310019
A160P,160,A,P,3.3292747,6.55131,97.91474441778925,88.26351725410592,9.65122716368333
A160Q,160,A,Q,2.4064445,0.894215,84.31444916036169,31.906255766746632,52.40819339361506
A160R,160,A,R,1.2868229,0.137767,53.34932644399336,16.46060158700867,36.888724856984695
A160S,160,A,S,0.707771,0.962937,32.2384203727625,33.12419265547149,-0.8857722827089916
A160T,160,A,T,2.0865986,2.43927,76.54548809743495,55.84056098911239,20.704927108322565
A160V,160,A,V,1.7981094,3.01552,69.05333087285477,62.92673925078428,6.126591622070492
A160W,160,A,W,1.8146689,2.0226,69.47776342498616,49.95386602694224,19.52389739804393
A160Y,160,A,Y,1.3823723,0.628536,56.33880789813619,26.554714892046505,29.784093006089684
D161A,161,D,A,0.6795248,-0.623016,31.297287322384204,5.794427016054623,25.50286030632958
D161C,161,D,C,0.87216693,-0.62391,37.97748662114782,5.739066248385312,32.238420372762505
D161E,161,D,E,0.24233286,-0.439552,16.14689057021591,7.492157224580182,8.654733345635726
D161F,161,D,F,0.9105588,-0.609338,39.17696992064957,5.9236021406163495,33.253367780033216
D161G,161,D,G,1.0380327,-0.056827,44.03026388632589,12.93596604539583,31.09429784093006
D161H,161,D,H,1.164099,0.453926,48.938918619671526,23.26997601033401,25.668942609337517
D161I,161,D,I,1.0456613,-1.14558,44.436242849234176,2.786491972688688,41.64975087654549
D161K,161,D,K,1.2047045,-0.756722,50.52592729285846,4.6318508949990775,45.894076397859386
D161L,161,D,L,1.1534326,-0.748265,48.496032478317034,4.742572430337701,43.75346004797933
D161M,161,D,M,0.9217922,-1.80974,39.693670418896474,1.402472780955896,38.29119763794058
D161N,161,D,N,0.43479222,0.205263,22.93781140431814,17.91843513563388,5.019376268684258
D161P,161,D,P,2.5739377,6.13227,88.30042443255212,86.89795165159624,1.4024727809558755
D161Q,161,D,Q,0.8188078,-0.365914,35.85532386049087,8.544011810297103,27.311312050193767
D161R,161,D,R,1.0131271,-0.730763,43.1260380143938,4.9455619117918435,38.18047610260196
D161S,161,D,S,0.63554245,-0.676813,30.023989665990037,5.314633696253921,24.709355969736116
D161T,161,D,T,1.4366968,1.22106,58.479424248016244,37.276250230669866,21.203174017346377
D161V,161,D,V,1.3608515,0.608428,55.61911791843514,26.222550286030632,29.396567632404505
D161W,161,D,W,0.868979,-0.287551,37.848311496586085,9.52205203912161,28.326259457464474
D161Y,161,D,Y,0.8966656,-0.413773,38.60490865473334,7.916589776711571,30.68831887802177
W162A,162,W,A,2.6618278,3.46356,90.0719689979701,68.18601217936889,21.885956818601215
W162C,162,W,C,2.148216,4.23226,77.91105369994465,74.95847942424801,2.9525742756966338
W162D,162,W,D,3.3181088,5.64317,97.84093006089685,84.75733530171618,13.08359475918067
W162E,162,W,E,3.3502903,3.70361,98.1361874884665,70.6772467244879,27.458940763978603
W162F,162,W,F,1.0085651,2.0175,42.978409300608966,49.91695884849604,-6.938549547887071
W162G,162,W,G,3.029842,4.69549,95.58959217567818,78.83373316109984,16.755859014578334
W162H,162,W,H,2.5710893,2.52773,88.22661007565972,57.07695146706035,31.149658608599374
W162I,162,W,I,2.5321453,3.92363,87.11939472227348,72.37497693301347,14.744417789260012
W162K,162,W,K,3.6364636,3.12461,99.20649566340654,64.23694408562466,34.969551577781885
W162L,162,W,L,2.3005226,1.97751,81.80476102601956,49.326443993356705,32.47831703266286
W162M,162,W,M,1.8033787,0.617095,69.2009595866396,26.499354124377188,42.70160546226241
W162N,162,W,N,3.2734904,3.71532,97.6379405794427,70.78796825982654,26.849972319616157
W162P,162,W,P,3.4286838,7.55878,98.5421664513748,90.36722642553977,8.174940025835028
W162Q,162,W,Q,2.951781,4.16189,94.77763424986159,74.27569662299317,20.501937626868425
W162R,162,W,R,2.6677155,2.9326,90.23805130097804,61.65344159439011,28.584609706587933
W162S,162,W,S,2.8889046,4.73407,93.92876914559882,79.20280494556191,14.725964200036913
W162T,162,W,T,3.0448198,4.82103,95.79258165713232,79.88558774681675,15.906993910315563
W162V,162,W,V,2.959142,3.63661,94.88835578520022,70.04982469090238,24.838531094297835
W162Y,162,W,Y,1.3316011,2.4663,54.622624100387526,56.26499354124377,-1.6423694408562426
G163A,163,G,A,1.0815637,3.97606,45.70954050562834,72.78095589592176,-27.071415390293424
G163C,163,G,C,1.0224593,4.0073,43.40284185274036,73.05775973426832,-29.654917881527957
G163D,163,G,D,1.4330752,4.98336,58.276434766562105,80.91898874331058,-22.642553976748474
G163E,163,G,E,1.3293135,4.13148,54.58571692194132,74.01734637386971,-19.431629451928394
G163F,163,G,F,1.0734295,4.04354,45.5065510241742,73.33456357261487,-27.828012548440668
G163H,163,G,H,1.1842445,4.68452,49.7508765454881,78.686104447315,-28.935227901826906
G163I,163,G,I,0.9193551,4.54929,39.63830965122717,77.76342498615982,-38.12511533493265
G163K,163,G,K,1.3537685,3.32782,55.43458202620409,66.59900350618196,-11.164421479977868
G163L,163,G,L,1.0724964,4.36988,45.469643845727994,75.95497324229564,-30.485329396567643
G163M,163,G,M,1.1373266,2.44943,47.83170326628529,55.96973611367411,-8.138032847388821
G163N,163,G,N,1.411942,4.24637,57.482930429968626,75.03229378114044,-17.549363351171813
G163P,163,G,P,1.4956264,9.12717,60.306329581103526,93.13526480900535,-32.82893522790182
G163Q,163,G,Q,1.1361254,3.89657,47.77634249861598,72.11662668389002,-24.340284185274037
G163R,163,G,R,1.2297436,3.51293,51.46706034323676,68.72116626683889,-17.254105923602133
G163S,163,G,S,1.4742362,5.0577,59.78962908285661,81.26960693854954,-21.479977855692937
G163T,163,G,T,1.1808565,6.31564,49.60324783170327,87.61764163129729,-38.01439379959402
G163V,163,G,V,1.006717,6.95809,42.88614135449345,89.44454696438457,-46.55840560989112
G163W,163,G,W,1.0700392,3.73723,45.30356154272006,70.91714338438825,-25.613581841668193
G163Y,163,G,Y,1.1057749,3.97705,46.650673556006645,72.81786307436796,-26.16718951836132
V164A,164,V,A,1.4460087,2.71698,58.959217567816935,59.25447499538661,-0.2952574275696733
V164C,164,V,C,0.6635802,2.69651,30.780586824137295,59.06993910315557,-28.289352279018274
V164D,164,V,D,2.4746883,5.07074,85.95681860121793,81.32496770621887,4.6318508949990616
V164E,164,V,E,2.2387064,5.73333,80.36538106661746,85.2924893891862,-4.927108322568742
V164F,164,V,F,1.9036038,9.20984,71.98745155932829,93.20907916589776,-21.22162760656947
V164G,164,V,G,2.434575,4.97842,84.99723196161654,80.88208156486436,4.1151503967521705
V164H,164,V,H,2.8807416,5.14967,93.76268684259088,81.78630743679646,11.976379405794418
V164I,164,V,I,-0.2242609,-0.001598,2.103709171433844,13.858645506551023,-11.75493633511718
V164K,164,V,K,2.7778327,7.41044,92.34176047241188,90.12732976563942,2.214430706772461
V164L,164,V,L,1.5312177,0.458378,61.413544934489764,23.343790367226426,38.06975456726334
V164M,164,V,M,0.9464577,-1.31871,40.72707141539029,2.2144307067724673,38.51264070861782
V164N,164,V,N,2.3026602,2.51409,81.84166820446576,56.910869164052414,24.930799040413348
V164P,164,V,P,2.6123838,8.55442,89.05702159069939,92.26794611551948,-3.2109245248200864
V164Q,164,V,Q,2.1740928,4.17255,78.61229009042259,74.3864181583318,4.225871932090797
V164R,164,V,R,2.9397106,13.8224,94.64845912529987,96.27237497693302,-1.623915851633157
V164S,164,V,S,1.8952885,3.66039,71.78446207787414,70.25281417235652,1.531647905517616
V164T,164,V,T,1.2672056,2.42264,52.70345082118472,55.72983945377376,-3.0263886325890397
V164W,164,V,W,2.357361,13.9987,83.29950175309098,96.40155010149473,-13.102048348403756
V164Y,164,V,Y,2.3905263,13.0028,83.96383096512272,95.94021037091714,-11.976379405794418
D165A,165,D,A,0.8960956,1.96114,38.58645506551024,49.123454511902565,-10.536999446392322
D165C,165,D,C,0.6985878,1.82414,31.92470935596974,46.650673556006645,-14.725964200036906
D165E,165,D,E,1.398675,1.32449,56.910869164052414,38.937073260749216,17.9737959033032
D165F,165,D,F,1.5159384,2.21307,60.878390847019745,52.68499723196162,8.193393615058127
D165G,165,D,G,1.353484,2.12995,55.41612843698099,51.6700498246909,3.7460786122900913
D165H,165,D,H,1.3326073,2.05109,54.659531278833725,50.34139140062742,4.318139878206303
D165I,165,D,I,1.7161087,2.53571,66.69127145229747,57.16921941317587,9.522052039121604
D165K,165,D,K,1.900861,1.96941,71.91363720243588,49.19726886879498,22.7163683336409
D165L,165,D,L,1.718153,1.28166,66.76508580918988,38.198929691825064,28.56615611736482
D165M,165,D,M,1.6241045,0.761024,64.21849049640154,28.990588669496216,35.227901826905324
D165N,165,D,N,0.681265,2.41462,31.352648090053513,55.60066432921204,-24.248016239158524
D165P,165,D,P,2.7205582,3.87696,91.25299870824875,71.89518361321277,19.35781509503599
D165Q,165,D,Q,1.3974788,1.58869,56.855508396383094,42.99686288983207,13.85864550655102
D165R,165,D,R,1.7030458,2.26662,66.3960140247278,53.42314080088577,12.972873223842036
D165S,165,D,S,0.9148032,2.21095,39.398412991326815,52.6480900535154,-13.249677062188589
D165T,165,D,T,1.6109183,2.34709,63.9601402472781,54.58571692194132,9.374423325336778
D165V,165,D,V,1.7090235,1.21256,66.58054991695886,37.18398228455435,29.396567632404512
D165W,165,D,W,1.6090046,2.32405,63.88632589038568,54.25355231592545,9.63277357446023
D165Y,165,D,Y,1.6048838,1.66661,63.794057944270165,44.23325336778004,19.560804576490128
L166A,166,L,A,1.7787611,3.47854,68.59199114227718,68.31518730393061,0.2768038383465665
L166C,166,L,C,1.0939162,2.94766,46.22624100387525,61.83797748662114,-15.61173648274589
L166D,166,L,D,3.0445848,5.59795,95.7741280679092,84.48053146336963,11.293596604539573
L166E,166,L,E,2.427262,4.16559,84.84960324783171,74.31260380143938,10.536999446392329
L166F,166,L,F,0.15222505,2.07566,12.99132681306514,50.692009595866395,-37.70068278280125
L166G,166,L,G,2.750909,4.83835,91.82505997416499,79.97785569293228,11.847204281232706
L166H,166,L,H,1.6885426,4.24038,65.95312788337331,74.97693301347113,-9.023805130097813
L166I,166,L,I,1.2519035,2.09688,52.20520391216091,51.11644214799779,1.0887617641631238
L166K,166,L,K,1.8437197,3.14397,70.19745340468721,64.64292304853294,5.554530356154274
L166M,166,L,M,-0.03119501,-0.223721,6.624838531094297,10.426277911053699,-3.801439379959402
L166N,166,L,N,3.03748,5.5862,95.66340653257058,84.369809928031,11.293596604539573
L166P,166,L,P,3.3632214,12.4932,98.22845543458203,95.737220889463,2.4912345451190276
L166Q,166,L,Q,2.305858,2.33806,81.87857538291198,54.41963461893339,27.45894076397859
L166R,166,L,R,1.991836,2.14515,74.09116073076213,51.90994648459125,22.181214246170875
L166S,166,L,S,2.112493,3.86143,77.37589961247463,71.76600848865104,5.609891123823587
L166T,166,L,T,2.6764514,4.51336,90.5148551393246,77.39435320169773,13.12050193762687
L166V,166,L,V,1.8966548,3.20831,71.85827643476657,65.45488097434952,6.403395460417045
L166W,166,L,W,1.0709946,8.83381,45.377375899612474,92.67392507842776,-47.29654917881528
L166Y,166,L,Y,0.23401871,4.16615,15.833179553423141,74.33105739066248,-58.497877837239336
L167A,167,L,A,2.762537,4.10419,92.10186381251152,73.74054253552316,18.361321276988363
L167C,167,L,C,1.413752,3.20522,57.51983760841484,65.43642738512641,-7.916589776711568
L167D,167,L,D,3.6083531,5.5449,99.11422771729102,84.14836685735375,14.965860859937266
L167E,167,L,E,3.2328525,5.39806,97.39804391954236,83.48403764532202,13.914006274220341
L167F,167,L,F,1.6626546,8.75294,65.17807713600295,92.54474995386602,-27.366672817863062
L167G,167,L,G,3.679612,5.60156,99.35412437719137,84.51743864181583,14.83668573537554
L167H,167,L,H,3.4410782,4.29893,98.5975272190441,75.43827274404872,23.15925447499538
L167I,167,L,I,1.473541,1.29814,59.7158147259642,38.43882635172541,21.27698837423879
L167K,167,L,K,2.971744,6.71371,95.05443808820816,88.66949621701421,6.384941871193945
L167M,167,L,M,1.576894,0.823836,62.889832072338066,30.356154272005902,32.533677800332164
L167N,167,L,N,3.2603467,4.16001,97.56412622255029,74.25724303377007,23.30688318878022
L167P,167,L,P,3.3301463,8.24947,97.95165159623546,91.69588484960325,6.255766746632219
L167Q,167,L,Q,3.3056588,4.27013,97.82247647167374,75.21682967337146,22.605646798302274
L167R,167,L,R,3.293986,8.89863,97.76711570400442,92.80310020298948,4.964015501014941
L167S,167,L,S,3.1713924,5.25267,96.91825059974165,82.56135818416682,14.356892415574833
L167T,167,L,T,2.6027808,2.95155,88.87248569846835,61.93024543273666,26.94224026573169
L167V,167,L,V,1.1755158,0.60104,49.326443993356705,26.093375161468906,23.2330688318878
L167W,167,L,W,2.166397,16.1528,78.39084701974534,97.1766008488651,-18.78575382911977
L167Y,167,L,Y,2.4461782,13.9976,85.36630374607861,96.38309651227163,-11.01679276619302
K168A,168,K,A,0.8533386,2.04271,37.09171433843883,50.2306698652888,-13.138955526849976
K168C,168,K,C,0.5155612,1.32074,25.908839269237866,38.8632589038568,-12.954419634618937
K168D,168,K,D,1.434247,4.50923,58.33179553423141,77.32053884480533,-18.988743310573916
K168E,168,K,E,0.9713734,3.87731,41.55748293042997,71.91363720243588,-30.35615427200591
K168F,168,K,F,-0.4188118,-0.620547,0.4613397305775973,5.849787783723935,-5.3884480531463375
K168G,168,K,G,1.4572401,2.34333,59.29138217383281,54.530356154272006,4.761026019560802
K168H,168,K,H,0.6641117,0.09558,30.872854770252818,15.556375715076582,15.316479055176236
K168I,168,K,I,-0.31523103,-0.589709,0.9964938180476103,6.1450452112935965,-5.148551393245986
K168L,168,K,L,-0.29167616,-1.03363,1.217936888724857,3.1924709355969734,-1.9745340468721164
K168M,168,K,M,-0.13762179,-0.518053,3.635357076951467,6.643292120317401,-3.007935043365934
K168N,168,K,N,1.2873051,2.41702,53.38623362243956,55.65602509688134,-2.2697914744417815
K168P,168,K,P,2.0398915,4.10788,75.29064403026389,73.79590330319246,1.4947407270714308
K168Q,168,K,Q,0.6314928,0.922909,29.876360952205204,32.422956264993545,-2.546595312788341
K168R,168,K,R,0.114903405,-1.42405,11.69957556744787,1.9191732792028051,9.780402288245064
K168S,168,K,S,0.9275832,2.38052,40.06274220335855,55.04705665251891,-14.984314449160358
K168T,168,K,T,0.7717565,1.12439,34.24986159808083,35.76305591437535,-1.5131943162945234
K168V,168,K,V,0.20296565,0.204383,14.744417789260012,17.86307436796457,-3.118656578704556
K168W,168,K,W,-0.030198177,0.362934,6.661745709540505,21.166266838900167,-14.504521129359663
K168Y,168,K,Y,-0.11778498,-1.09654,3.967521682967337,2.8603063295811038,1.1072153533862332
F169A,169,F,A,2.819067,4.44857,92.93227532755121,76.7484775788891,16.183797748662116
F169C,169,F,C,1.600784,3.93801,63.738697176600844,72.43033770068278,-8.69164052408194
F169D,169,F,D,3.0647488,6.42515,95.99557113858646,87.89444546964384,8.101125668942615
F169E,169,F,E,2.4416559,6.61874,85.23712862151689,88.42959955711386,-3.1924709355969725
F169G,169,F,G,3.3236377,6.62204,97.87783723934305,88.44805314633696,9.429784093006091
F169H,169,F,H,1.8669941,2.30846,70.78796825982654,54.05056283447131,16.737405425355234
F169I,169,F,I,2.3058796,4.70435,81.89702897213508,78.98136187488467,2.915667097250406
F169K,169,F,K,2.484984,3.59606,86.2520760287876,69.6807529064403,16.571323122347295
F169L,169,F,L,1.1910084,1.18606,50.027680383834664,36.667281786307434,13.36039859752723
F169M,169,F,M,0.86765593,-0.31359,37.756043550470565,9.079165897767115,28.67687765270345
F169N,169,F,N,2.7449229,3.55919,91.76969920649566,69.25632035430891,22.513378852186747
F169P,169,F,P,2.6562648,9.44503,89.96124746263148,93.54124377191364,-3.5799963092821656
F169Q,169,F,Q,2.0710824,4.84345,76.12105554530356,79.99630928215538,-3.8752537368518176
F169R,169,F,R,2.2860222,6.08855,81.45414283078058,86.67650858091899,-5.222365750138408
F169S,169,F,S,2.787191,5.83415,92.48938918619672,85.62465399520207,6.864735190994651
F169T,169,F,T,2.3179913,4.42287,82.15537922125854,76.50858091898874,5.646798302269801
F169V,169,F,V,2.3934765,5.49925,84.01919173279204,84.01919173279204,0.0
F169W,169,F,W,1.0038841,8.44214,42.77541981915483,92.17567816940395,-49.400258350249125
F169Y,169,F,Y,0.089715615,1.98029,10.887617641631298,49.43716552869533,-38.54954788706404
D170A,170,D,A,0.30218688,-0.036004,18.19523897398044,13.378852186750322,4.816386787230119
D170C,170,D,C,0.3376804,-0.638601,19.523897398043918,5.628344713046688,13.89555268499723
D170E,170,D,E,0.8291644,4.31611,36.39047794796088,75.60435504705664,-39.21387709909576
D170F,170,D,F,0.93109405,3.59156,40.210370917143386,69.60693854954789,-29.396567632404505
D170G,170,D,G,0.7141071,0.935521,32.45986344343975,32.58903856800148,-0.1291751245617263
D170H,170,D,H,0.9406897,4.2873,40.43181398782063,75.34600479793319,-34.91419081011256
D170I,170,D,I,1.1598154,4.55808,48.77283631666359,77.85569293227532,-29.082856615611725
D170K,170,D,K,1.4174726,-0.125398,57.778187857538285,11.810297102786492,45.96789075475179
D170L,170,D,L,0.9243802,1.97333,39.91511348957372,49.2710832256874,-9.355969736113678
D170M,170,D,M,1.0375235,-1.75798,43.993356707879684,1.4762871378483116,42.517069570031374
D170N,170,D,N,0.78526294,0.531743,34.711201328658426,24.893891861967152,9.817309466691274
D170P,170,D,P,1.881575,3.40853,71.39693670418896,67.65085809189887,3.7460786122900913
D170Q,170,D,Q,1.1513563,-0.342915,48.36685735375531,8.728547702528141,39.63830965122717
D170R,170,D,R,1.2499688,-1.47737,52.131389555268505,1.8084517438641816,50.32293781140432
D170S,170,D,S,0.19010353,-0.041654,14.338438826351727,13.249677062188594,1.0887617641631326
D170T,170,D,T,0.99763995,2.75999,42.535523159254474,59.82653626130282,-17.291013102048346
D170V,170,D,V,1.0040723,2.96873,42.81232699760103,62.20704927108323,-19.394722273482195
D170W,170,D,W,1.2132822,4.42953,50.802731131205014,76.56394168665805,-25.76121055545304
D170Y,170,D,Y,0.97411215,3.01488,41.705111644214796,62.889832072338066,-21.18472042812327
G171A,171,G,A,1.0593743,0.342435,44.91603616903488,20.594205572983945,24.321830596050937
G171C,171,G,C,0.34579766,1.53637,19.76379405794427,42.258719320907915,-22.494925262963644
G171D,171,G,D,3.0677204,13.1175,96.01402472780956,95.95866396014024,0.055360767669313304
G171E,171,G,E,2.9558282,18.6581,94.85144860675402,97.73020852555823,-2.8787599188042066
G171F,171,G,F,1.7957586,39.3343,68.96106292673925,99.74164975087655,-30.780586824137302
G171H,171,G,H,2.2502608,20.2032,80.62373131574091,98.1361874884665,-17.512456172725592
G171I,171,G,I,1.9836938,7.16868,73.9066248385311,89.75825798117734,-15.851633142646236
G171K,171,G,K,2.5489774,24.6176,87.56228086362798,98.67134157593652,-11.109060712308548
G171L,171,G,L,2.0803905,13.9174,76.41631297287323,96.32773574460232,-19.911422771729093
G171M,171,G,M,2.1582458,6.3046,78.1878575382912,87.56228086362798,-9.374423325336778
G171N,171,G,N,2.5799165,5.26879,88.44805314633696,82.70898689795165,5.739066248385313
G171P,171,G,P,2.4861813,6.3101,86.2705296180107,87.59918804207419,-1.3286584240634909
G171Q,171,G,Q,2.6712363,14.7701,90.36722642553977,96.6783539398413,-6.311127514301532
G171R,171,G,R,2.4596384,16.5143,85.60620040597897,97.2135080273113,-11.607307621332339
G171S,171,G,S,2.0090432,2.82352,74.57095405056283,60.398597527219046,14.172356523343787
G171T,171,G,T,2.1631777,4.03461,78.28012548440671,73.24229562649936,5.037829857907354
G171V,171,G,V,1.8466873,3.36595,70.28972135080274,67.07879682598265,3.2109245248200864
G171W,171,G,W,1.6510397,44.5829,64.9566340653257,99.90773205388447,-34.95109798855877
G171Y,171,G,Y,1.7235721,39.5396,67.04188964753645,99.76010334009965,-32.7182136925632
C172A,172,C,A,1.0897589,3.10118,46.04170511164421,63.904779479608784,-17.863074367964572
C172D,172,C,D,2.1117852,5.18679,77.33899243402843,82.06311127514302,-4.7241188411145885
C172E,172,C,E,2.7057292,3.51288,91.0315556375715,68.6842590883927,22.347296549178807
C172F,172,C,F,1.9575112,2.69364,73.27920280494557,59.033031924709356,14.246170880236214
C172G,172,C,G,1.8816105,3.87478,71.41539029341207,71.87673002398967,-0.4613397305775919
C172H,172,C,H,2.0649638,5.83715,75.99188042074184,85.64310758442517,-9.65122716368333
C172I,172,C,I,2.0793824,3.66136,76.36095220520392,70.28972135080274,6.071230854401179
C172K,172,C,K,2.5813634,2.2978,88.50341391400627,53.902934120686474,34.6004797933198
C172L,172,C,L,2.110786,5.54441,77.32053884480533,84.12991326813065,-6.809374423325323
C172M,172,C,M,2.1082828,2.65997,77.265178077136,58.68241372947038,18.582764347665616
C172N,172,C,N,2.2870975,4.26874,81.52795718767301,75.19837608414836,6.329581103524646
C172P,172,C,P,2.72195,4.09013,91.27145229747185,73.64827458940763,17.62317770806422
C172Q,172,C,Q,2.5179608,2.87106,86.80568370548072,60.91529802546596,25.89038568001476
C172R,172,C,R,2.4287088,2.55435,84.90496401550102,57.33530171618379,27.56966229931723
C172S,172,C,S,1.5820782,3.19079,62.98210001845359,65.25189149289537,-2.2697914744417744
C172T,172,C,T,2.2662683,4.60561,80.95589592175678,78.22476471673741,2.7311312050193663
C172V,172,C,V,1.9776663,8.18526,73.70363535707695,91.60361690348773,-17.899981546410785
C172W,172,C,W,2.2326705,4.83803,80.21775235283263,79.95940210370918,0.2583502491234526
C172Y,172,C,Y,1.9304825,2.81646,72.61487359291382,60.324783170326626,12.290090422587198
Y173A,173,Y,A,1.1921475,0.888642,50.15685550839638,31.813987820631112,18.34286768776527
Y173C,173,Y,C,0.61138844,0.834454,29.285846097065882,30.540690164236945,-1.2548440671710637
Y173D,173,Y,D,1.7083782,1.09043,66.54364273851264,35.172541059236025,31.37110167927662
Y173E,173,Y,E,1.7663425,0.47274,68.2413729470382,23.54677984868057,44.69459309835763
Y173F,173,Y,F,-0.012325543,0.005031,7.2338069754567265,14.006274220335854,-6.772467244879127
Y173G,173,Y,G,1.2329924,0.557969,51.57778187857538,25.336778003321648,26.241003875253732
Y173H,173,Y,H,0.7486582,0.716037,33.58553238604909,28.326259457464474,5.259272928584615
Y173I,173,Y,I,1.6868942,1.68851,65.89776711570401,44.528510795349696,21.369256320354317
C174A,174,C,A,0.18272899,0.699314,14.116995755674477,27.938734083779295,-13.821738328104818
C174D,174,C,D,1.4069846,2.558,57.279940948514486,57.44602325152242,-0.1660823030079328
C174E,174,C,E,1.406936,3.1638,57.26148735929139,64.88281970843329,-7.621332349141902
C174F,174,C,F,-0.12714097,2.16405,3.7645322015131946,52.131389555268505,-48.36685735375531
C174G,174,C,G,1.0473661,3.56396,44.528510795349696,69.36704188964754,-24.838531094297842
C174H,174,C,H,0.71549034,1.16273,32.515224211109064,36.29821000184536,-3.782985790736298
C174I,174,C,I,-0.06826069,-1.05786,5.240819339361505,3.0632958110352466,2.1775235283262586
C174K,174,C,K,1.2881021,0.799652,53.44159439010887,29.8579073629821,23.583687027126768
C174L,174,C,L,0.56258404,0.464561,27.458940763978596,23.39915113489574,4.059789629082857
C174M,174,C,M,0.51164234,-1.22706,25.761210555453033,2.5096881343421296,23.251522421110902
C174N,174,C,N,0.8272365,1.91286,36.279756412622255,48.18232146152427,-11.902565048902012
C174P,174,C,P,1.490124,5.04927,60.14024727809559,81.15888540321092,-21.018638125115324
C174Q,174,C,Q,1.0302716,2.18958,43.67964569108692,52.48200775050748,-8.80236205942056
C174R,174,C,R,1.1533191,2.41138,48.477578889093934,55.58221073998892,-7.1046318508949895
C174S,174,C,S,0.2802836,1.68266,17.457095405056283,44.436242849234176,-26.979147444177894
C174T,174,C,T,0.33707467,0.85494,19.48699021959771,30.94666912714523,-11.45967890754752
C174V,174,C,V,-0.0744522,-1.17787,5.074737036353571,2.6757704373500646,2.398966599003506
C174W,174,C,W,0.6197483,7.76491,29.618010703081747,90.86547333456357,-61.247462631481824
C174Y,174,C,Y,0.23063824,4.25973,15.704004428861412,75.14301531647905,-59.43901088761764
D175A,175,D,A,0.602381,0.118333,29.00904225871932,15.980808267207971,13.028233991511348
D175C,175,D,C,0.08755213,3.46784,10.776896106292675,68.22291935781509,-57.44602325152241
D175E,175,D,E,0.58530676,-0.094696,28.473888171249307,12.234729654917881,16.239158516331425
D175F,175,D,F,0.2659207,-0.123148,16.977302085255584,11.828750692009596,5.148551393245988
D175G,175,D,G,0.53485143,1.5411,26.407086178261675,42.40634803469275,-15.999261856431072
D175H,175,D,H,0.7227297,0.121512,32.73666728178631,16.091529802546596,16.645137479239715
D175I,175,D,I,0.4263851,0.026697,22.45801808451744,14.44916036169035,8.008857722827091
D175K,175,D,K,0.72102875,1.51808,32.6997601033401,41.871193947222736,-9.171433843882639
D175L,175,D,L,0.45412955,-0.068679,23.712862151688505,12.788337331611,10.924524820077504
D175M,175,D,M,0.4361863,1.0599,23.011625761210556,34.67429415021221,-11.662668389001656
D175N,175,D,N,0.50021875,0.208957,25.281417235652338,18.010703081749398,7.27071415390294
D175P,175,D,P,0.58649313,-0.438566,28.584609706587933,7.510610813803285,21.073998892784648
D175Q,175,D,Q,0.57211417,3.10433,27.82801254844067,63.9601402472781,-36.13212769883742
D175R,175,D,R,0.48286906,3.33825,24.672448791289906,66.76508580918988,-42.092637017899975
D175S,175,D,S,0.33032298,0.006605,19.099464845912532,14.024727809558959,5.074737036353573
D175T,175,D,T,0.8621481,1.90395,37.479239712124006,48.05314633696254,-10.573906624838536
D175V,175,D,V,0.81885755,-0.298108,35.89223103893707,9.374423325336778,26.51780771360029
D175W,175,D,W,0.17537814,0.241375,13.711016792766193,18.638125115334933,-4.92710832256874
D175Y,175,D,Y,0.3499306,0.137464,19.874515593282894,16.44214799778557,3.4323675954973254
S176A,176,S,A,0.73140174,1.50829,33.01347112013286,41.778926001107216,-8.765454880974353
S176C,176,S,C,0.5347351,1.8475,26.38863258903857,47.13046687580734,-20.741834286768775
S176D,176,S,D,0.7246672,1.06805,32.82893522790183,34.821922863997045,-1.992987636095215
S176E,176,S,E,1.027737,1.43153,43.55047056652519,40.699391031555635,2.851079534969557
S176F,176,S,F,0.7994422,0.94215,35.098726702343605,32.718213692563204,2.380513009780401
S176G,176,S,G,0.9405743,2.09747,40.413360398597526,51.13489573722089,-10.721535338623362
S176H,176,S,H,0.74022996,0.147101,33.32718213692563,16.700498246909024,16.626683890016604
S176I,176,S,I,1.0519142,1.49288,44.639232330688316,41.46521498431445,3.1740173463738657
S176K,176,S,K,0.6129379,2.70241,29.32275327551209,59.106846281601776,-29.784093006089687
S176L,176,S,L,0.99416655,1.48676,42.332533677800335,41.40985421664514,0.922679461155198
S176M,176,S,M,0.8739122,0.577397,38.106661745709545,25.761210555453033,12.345451190256512
S176N,176,S,N,0.42002797,1.22405,22.218121424617088,37.386971766008486,-15.168850341391398
S176P,176,S,P,1.5900252,4.54573,63.25890385680015,77.70806421849049,-14.449160361690339
S176Q,176,S,Q,0.96234626,1.56618,41.225318324414104,42.75696622993172,-1.531647905517616
S176R,176,S,R,0.56669796,2.37866,27.643476656209632,55.01014947407271,-27.36667281786308
S176T,176,S,T,0.7246295,1.80167,32.81048163867872,46.373869717660085,-13.563388078981362
S176V,176,S,V,1.402659,-0.400539,57.13231223472965,8.119579258165713,49.01273297656394
S176W,176,S,W,0.8751782,2.11989,38.143568924155744,51.54087470012918,-13.397305775973436
S176Y,176,S,Y,0.8163134,1.40993,35.72614873592914,40.32109245248201,-4.594943716552876
L177A,177,L,A,1.197011,2.00128,50.34139140062742,49.69551577781879,0.6458756228086315
L177C,177,L,C,0.9676075,2.45301,41.39140062742203,56.025096881343416,-14.633696253921386
L177D,177,L,D,1.5394375,2.32841,61.764163129728736,54.32736667281787,7.436796456910869
L177E,177,L,E,1.5763712,1.34087,62.87137848311497,39.28769145598819,23.58368702712678
L177F,177,L,F,0.8734083,2.29193,38.08820815648644,53.810666174570954,-15.722458018084517
L177G,177,L,G,1.5613449,2.95982,62.465399520206674,61.985606200405975,0.4797933198006987
L177H,177,L,H,1.1433755,2.82879,48.05314633696254,60.45395829488835,-12.40081195792581
L177I,177,L,I,0.33984053,0.534692,19.597711754936334,24.98615980808267,-5.3884480531463375
L177K,177,L,K,0.85028696,1.68358,36.944085624653994,44.45469643845728,-7.510610813803289
L177M,177,L,M,0.5637728,-0.075368,27.514301531647906,12.622255028603064,14.892046503044842
L177N,177,L,N,1.6509144,3.00441,64.9381804761026,62.76065694777634,2.1775235283262617
L177P,177,L,P,0.9414517,-0.039301,40.45026757704374,13.305037829857907,27.14522974718583
L177Q,177,L,Q,1.3079481,1.91116,53.93984129913269,48.14541428307806,5.794427016054627
L177R,177,L,R,0.96840143,2.18013,41.46521498431445,52.40819339361506,-10.942978409300608
L177S,177,L,S,1.3454195,2.98352,55.02860306329581,62.50230669865289,-7.473703635357076
L177T,177,L,T,1.266147,2.34154,52.629636464292304,54.456541797379586,-1.8269053330872822
L177V,177,L,V,0.7519263,1.24432,33.69625392138771,37.70068278280125,-4.004428861413544
L177W,177,L,W,0.5651763,2.05063,27.569662299317216,50.30448422218121,-22.734821922863993
L177Y,177,L,Y,0.6522356,1.79466,30.3192470935597,46.26314818232146,-15.94390108876176
E178A,178,E,A,-0.00766837,1.44144,7.492157224580182,40.782432183059605,-33.29027495847942
E178C,178,E,C,0.043775093,1.68236,9.33751614689057,44.41778926001107,-35.0802731131205
E178D,178,E,D,0.17692997,0.879712,13.858645506551023,31.629451928400076,-17.770806421849052
E178F,178,E,F,-0.29839754,0.407586,1.1625761210555454,22.199667835393985,-21.03709171433844
E178G,178,E,G,0.22067373,1.93463,15.427200590514856,48.64366119210186,-33.216460601587
E178H,178,E,H,-0.06913367,0.947221,5.222365750138402,32.79202804945562,-27.569662299317216
E178I,178,E,I,-0.03404652,0.407078,6.514116995755674,22.18121424617088,-15.667097250415207
E178K,178,E,K,-0.29141894,1.18277,1.2363904779479609,36.63037460786123,-35.393984129913264
E178L,178,E,L,-0.040666573,1.39589,6.237313157409116,40.11810297102787,-33.88078981361875
E178M,178,E,M,0.014037105,-0.231229,8.193393615058127,10.27864919726887,-2.085255582210742
E178N,178,E,N,0.28252286,2.03252,17.567816940394906,50.06458756228086,-32.49677062188596
E178P,178,E,P,0.5830611,1.11743,28.40007381435689,35.67078796825982,-7.270714153902933
E178Q,178,E,Q,-0.117019795,1.37619,3.985975272190441,39.878206311127514,-35.89223103893707
E178R,178,E,R,-0.104483485,1.30368,4.336593467429415,38.60490865473334,-34.26831518730393
E178S,178,E,S,-0.02347665,0.612654,6.9200959586639605,26.33327182136926,-19.413175862705298
E178T,178,E,T,-0.033460103,0.704143,6.532570584978778,28.086362797564124,-21.553792212585346
E178V,178,E,V,0.025309116,0.781149,8.636279756412621,29.3965676324045,-20.760287875991878
E178W,178,E,W,-0.024690164,1.78535,6.901642369440856,46.13397305775974,-39.23233068831888
E178Y,178,E,Y,-0.26748413,1.76768,1.4947407270714153,45.80180845174387,-44.30706772467245
N179A,179,N,A,0.08290537,-0.656467,10.57390662483853,5.443808820815649,5.130097804022881
N179C,179,N,C,-0.24611655,1.07078,1.7899981546410777,34.87728363166636,-33.08728547702528
N179D,179,N,D,0.39160925,-0.431652,21.24008119579258,7.658239527588116,13.581841668204465
N179E,179,N,E,0.51370746,0.216388,25.853478501568556,18.176785384757334,7.676693116811222
N179F,179,N,F,0.36528176,-0.910518,20.335855323860493,3.7276250230669863,16.608230300793508
N179G,179,N,G,0.46993738,1.1443,24.100387525373684,35.96604539582949,-11.865657870455806
N179H,179,N,H,-0.11376295,0.226563,4.0782432183059605,18.34286768776527,-14.26462446945931
N179I,179,N,I,0.51953334,-0.643693,25.964200036907176,5.572983945377376,20.3912160915298
N179K,179,N,K,-0.03032208,0.227981,6.643292120317401,18.39822845543458,-11.75493633511718
N179L,179,N,L,-0.10050149,-1.26788,4.484222181214246,2.3436058313341945,2.1406163498800517
N179M,179,N,M,0.022364527,-0.81034,8.488651042627792,4.188964753644584,4.2996862889832075
N179P,179,N,P,2.0887306,-0.394061,76.60084886510427,8.211847204281232,68.38900166082304
N179Q,179,N,Q,0.025744408,0.500859,8.691640524081933,24.192655471489203,-15.50101494740727
N179R,179,N,R,-0.050009638,0.157613,5.942055729839454,16.903487728363167,-10.961431998523715
N179S,179,N,S,0.23120837,0.120347,15.74091160730762,16.036169034877286,-0.2952574275696662
N179T,179,N,T,0.44828734,-0.652358,23.45451190256505,5.4991695884849605,17.955342314080088
N179V,179,N,V,0.8345817,0.572978,36.575013840191914,25.63203543089131,10.942978409300604
N179W,179,N,W,0.21866469,-0.36004,15.353386233622441,8.562465399520207,6.790920834102234
N179Y,179,N,Y,0.37722236,-0.779968,20.778741465214985,4.465768591991142,16.312972873223842
L180A,180,L,A,1.9633392,2.34904,73.35301716183797,54.622624100387526,18.730393061450442
L180C,180,L,C,1.519647,2.67846,61.04447315002768,58.848496032478316,2.1959771175493614
L180D,180,L,D,2.8821404,5.0977,93.781140431814,81.4910500092268,12.290090422587198
L180E,180,L,E,2.702163,4.57975,91.0131020483484,78.09558959217567,12.91751245617273
L180F,180,L,F,1.8197123,4.93141,69.55157778187856,80.5683705480716,-11.016792766193035
L180G,180,L,G,2.6728654,4.11106,90.40413360398597,73.85126407086177,16.552869533124195
L180H,180,L,H,2.8832986,5.23646,93.85495478870641,82.413729470382,11.441225318324413
L180I,180,L,I,1.2786064,0.628321,53.01716183797749,26.536261302823398,26.480900535154092
L180K,180,L,K,2.6722708,1.74281,90.38568001476287,45.32201513194316,45.06366488281971
L180M,180,L,M,0.70841604,-0.166092,32.256873961985605,11.256689426093375,21.00018453589223
L180N,180,L,N,2.738789,3.99812,91.64052408193393,72.9839453773759,18.65657870455803
L180P,180,L,P,2.9991744,7.65374,95.36814910500092,90.60712308544012,4.761026019560802
L180Q,180,L,Q,2.2017968,2.64467,79.46115519468536,58.571692194131764,20.889463000553597
L180R,180,L,R,2.2747188,1.86934,81.15888540321092,47.49953866026942,33.659346742941494
L180S,180,L,S,2.3459835,4.40132,82.98579073629821,76.28713784831149,6.698652887986725
L180T,180,L,T,2.2677302,2.60576,80.97434951097988,58.14725964200037,22.827089868979506
L180V,180,L,V,1.887191,1.93911,71.5630190071969,48.754382727440486,22.808636279756414
L180W,180,L,W,1.6386913,8.24694,64.58756228086364,91.65897767115703,-27.071415390293396
L180Y,180,L,Y,1.838315,11.3171,70.08673186934858,95.07289167743126,-24.986159808082675
A181C,181,A,C,0.08808675,0.507609,10.813803284738881,24.377191363720243,-13.563388078981362
A181D,181,A,D,0.27003604,0.410393,17.0695700313711,22.291935781509505,-5.222365750138405
A181E,181,A,E,0.112815276,-0.184193,11.60730762133235,11.016792766193024,0.5905148551393253
A181F,181,A,F,0.63574207,0.338992,30.04244325521314,20.409669680752906,9.632773574460234
A181G,181,A,G,0.46327597,0.443152,23.952758811588854,22.993172171987453,0.959586639601401
A181H,181,A,H,0.13864248,0.784274,12.493079904041336,29.488835578520025,-16.995755674478687
A181I,181,A,I,-0.2466542,-0.412162,1.7161837977486623,7.953496955157778,-6.237313157409115
A181K,181,A,K,-0.014655662,-1.21504,7.159992618564311,2.5465953127883374,4.613397305775973
A181L,181,A,L,0.82334054,-0.004857,36.076766931168116,13.840191917327921,22.236575013840195
A181M,181,A,M,0.15252969,0.59734,13.009780402288246,26.038014393799596,-13.02823399151135
A181N,181,A,N,0.04626703,1.66615,9.42978409300609,44.19634618933382,-34.76656209632773
A181P,181,A,P,1.3135889,2.13225,54.16128436980993,51.70695700313711,2.454327366672814
A181Q,181,A,Q,0.13729963,-0.265575,12.474626314818233,9.780402288245064,2.6942240265731687
A181R,181,A,R,-0.22913738,0.342085,1.9745340468721166,20.55729839453774,-18.582764347665623
A181S,181,A,S,-0.033284478,0.488439,6.58793135264809,23.84203727625023,-17.25410592360214
A181T,181,A,T,0.05032475,1.27804,9.52205203912161,38.16202251337885,-28.63997047425724
A181V,181,A,V,0.054100323,-0.859439,9.706587931352647,3.967521682967337,5.73906624838531
A181W,181,A,W,0.31895903,1.59246,18.76730023989666,43.070677246724486,-24.303377006827827
A181Y,181,A,Y,0.3435984,6.40691,19.653072522605648,87.85753829119763,-68.20446576859197
D182A,182,D,A,0.07809155,-0.170984,10.389370732607492,11.145967890754752,-0.7565971581472599
D182C,182,D,C,0.18803939,0.532037,14.264624469459312,24.91234545119026,-10.647720981730947
D182E,182,D,E,-0.03956514,-0.274792,6.274220335855324,9.651227163683336,-3.377006827828012
D182F,182,D,F,-0.3130687,-0.353995,1.033400996493818,8.636279756412621,-7.602878759918804
D182G,182,D,G,0.500178,0.616571,25.26296364642923,26.48090053515409,-1.2179368887248572
D182H,182,D,H,0.14499652,-0.177916,12.751430153164792,11.072153533862336,1.6792766193024562
D182I,182,D,I,0.0028326723,-0.525458,7.953496955157778,6.514116995755674,1.4393799594021042
D182K,182,D,K,-0.0905333,-0.70172,4.668758073445285,5.130097804022882,-0.46133973057759725
D182L,182,D,L,-0.17142458,-0.758861,3.0263886325890383,4.613397305775973,-1.587008673186935
D182M,182,D,M,-0.12618792,-1.052,3.7829857907362987,3.137110167927662,0.6458756228086369
D182N,182,D,N,-0.21990363,-0.053942,2.232884295995571,12.99132681306514,-10.758442517069568
D182P,182,D,P,1.0824945,1.42137,45.74644768407455,40.55176231777081,5.1946853663037444
D182Q,182,D,Q,-0.283059,-0.413828,1.2917512456172726,7.898136187488467,-6.606384941871194
D182R,182,D,R,-0.20285776,-0.604586,2.491234545119026,5.978962908285661,-3.487728363166635
D182S,182,D,S,0.04552377,-0.270371,9.411330503782986,9.706587931352647,-0.2952574275696609
D182T,182,D,T,0.26477844,0.13873,16.940394906809374,16.47905517623178,0.4613397305775955
D182V,182,D,V,0.37046725,-0.170879,20.575751983760842,11.164421479977856,9.411330503782986
D182W,182,D,W,-0.14119938,-1.02409,3.598449898505259,3.2847388817124927,0.31371101679276636
D182Y,182,D,Y,-0.37822524,-1.39108,0.6274220335855324,2.048348403764532,-1.4209263701789996
G183A,183,G,A,1.0449044,1.79177,44.41778926001107,46.22624100387525,-1.8084517438641825
G183C,183,G,C,0.5061603,2.50934,25.539767484775787,56.837054807159994,-31.297287322384207
G183D,183,G,D,1.8059727,6.95483,69.31168112197822,89.42609337516146,-20.114412253183232
G183E,183,G,E,1.9465992,10.6389,73.03930614504522,94.42701605462263,-21.38770990957741
G183F,183,G,F,0.58401376,7.68885,28.4369809928031,90.68093744233254,-62.243956449529435
G183H,183,G,H,1.2922623,9.96102,53.5523159254475,94.00258350249123,-40.45026757704373
G183I,183,G,I,1.5306944,10.3091,61.37663775604355,94.22402657316849,-32.84738881712494
G183K,183,G,K,1.9773124,9.83349,73.68518176785385,93.89186196715261,-20.20668019929876
G183L,183,G,L,1.3375304,4.64469,54.78870640339546,78.48311496586085,-23.69440856246539
G183M,183,G,M,1.0538937,6.55569,44.67613950913453,88.30042443255212,-43.62428492341759
G183N,183,G,N,1.6915525,9.28817,66.10075659715815,93.3751614689057,-27.27440487174755
G183P,183,G,P,2.007785,7.64077,74.4786861044473,90.57021590699391,-16.091529802546603
G183Q,183,G,Q,1.7108177,6.48441,66.61745709540506,88.1158885403211,-21.498431444916037
G183R,183,G,R,1.5643593,8.72558,62.59457464476841,92.4524820077505,-29.857907362982097
G183S,183,G,S,1.2821453,4.95852,53.12788337331611,80.69754567263332,-27.569662299317216
G183T,183,G,T,2.1192758,5.92488,77.50507473703635,85.97527219044105,-8.470197453404694
G183V,183,G,V,1.8074415,11.2066,69.34858830042442,94.92526296364643,-25.576674663222008
G183W,183,G,W,0.8307787,13.919,36.464292304853295,96.34618933382542,-59.881897028972126
G183Y,183,G,Y,0.55024517,13.7146,26.997601033400997,96.16165344159438,-69.16405240819338
K185A,185,K,A,0.8694828,1.14529,37.88521867503229,36.002952574275696,1.8822661007565955
K185C,185,K,C,0.8741249,0.441047,38.125115334932644,22.919357815095037,15.205757519837608
K185D,185,K,D,2.5595238,2.93743,87.94980623731315,61.80107030817494,26.148735929138212
K185E,185,K,E,1.3812726,0.912253,56.28344713046688,32.2384203727625,24.045026757704385
K185F,185,K,F,1.1410701,1.16324,48.016239158516335,36.31666359106846,11.699575567447873
K185G,185,K,G,1.7207825,2.34182,66.85735375530541,54.4749953866027,12.382358368702711
K185H,185,K,H,1.190315,1.71961,49.99077320538845,44.805314633696256,5.185458571692195
K185I,185,K,I,0.37613085,-0.194583,20.76028787599188,10.906071230854401,9.85421664513748
K185L,185,K,L,1.2770325,1.74289,52.92489389186197,45.34046872116627,7.584425170695702
K185M,185,K,M,0.39495525,-0.702377,21.42461708802362,5.111644214799779,16.312972873223842
K185N,185,K,N,2.1569247,2.1197,78.13249677062188,51.522421110906066,26.610075659715818
K185P,185,K,P,1.8615576,5.05073,70.6218859568186,81.17733899243403,-10.555453035615429
K185Q,185,K,Q,1.0493842,0.76422,44.58387156301901,29.04594943716553,15.53792212585348
K185R,185,K,R,0.1675997,0.800155,13.397305775973429,29.876360952205204,-16.479055176231775
K185S,185,K,S,1.5146618,1.73716,60.82303007935044,45.26665436427385,15.556375715076591
K185T,185,K,T,1.2016224,1.44808,50.489020114412256,40.81933936150581,9.669680752906444
K185V,185,K,V,0.5928651,-0.054665,28.695331241926553,12.972873223842038,15.722458018084515
K185W,185,K,W,0.87816477,6.51047,38.217383281048164,88.18970289721351,-49.97231961616534
K185Y,185,K,Y,1.1087948,3.10411,46.761395091345264,63.941686658055,-17.180291566709734
M187A,187,M,A,2.5538764,3.33053,87.72836316663592,66.65436427385126,21.073998892784658
M187C,187,M,C,1.4638536,3.80108,59.49437165528695,71.30466875807345,-11.8102971027865
M187D,187,M,D,3.2481663,5.46906,97.50876545488097,83.83465584056098,13.674109614319988
M187E,187,M,E,2.8021357,5.36252,92.78464661376637,83.28104816386788,9.50359844989849
M187F,187,M,F,1.7671916,2.71264,68.29673371470751,59.236021406163495,9.06071230854402
M187G,187,M,G,3.436393,5.09002,98.579073629821,81.4725964200037,17.1064772098173
M187H,187,M,H,2.5254164,3.12653,87.02712677615796,64.29230485329397,22.734821922863986
M187I,187,M,I,2.0555017,4.66674,75.73353017161838,78.59383650119949,-2.860306329581107
M187K,187,M,K,2.5774143,3.24035,88.39269237866765,65.76859199114227,22.624100387525374
M187L,187,M,L,1.9368689,0.11429,72.81786307436796,15.888540321092453,56.929322753275514
M187N,187,M,N,2.7815218,3.24937,92.4340284185274,65.82395275881159,26.610075659715818
M187P,187,M,P,3.1762068,7.47312,96.97361136741097,90.27495847942426,6.698652887986711
M187Q,187,M,Q,2.1680036,2.91653,78.46466137663775,61.45045211293597,17.01420926370178
M187R,187,M,R,2.9695275,5.68541,94.99907732053885,84.99723196161654,10.00184535892231
M187S,187,M,S,2.5498662,5.21911,87.59918804207419,82.30300793504337,5.296180107030821
M187T,187,M,T,2.0911765,3.69809,76.63775604355048,70.6218859568186,6.01587008673188
M187V,187,M,V,2.4155889,3.56723,84.51743864181583,69.42240265731685,15.095035984498978
M187W,187,M,W,2.7091641,6.2908,91.08691640524081,87.50692009595866,3.5799963092821514
M187Y,187,M,Y,2.3530507,5.38755,83.22568739619855,83.41022328842959,-0.1845358922310396
S188A,188,S,A,-0.0037960769,-0.872743,7.695146706034324,3.856800147628714,3.83834655840561
S188C,188,S,C,0.14923047,-0.145253,12.880605277726517,11.570400442886141,1.3102048348403752
S188D,188,S,D,1.609369,2.20398,63.904779479608784,52.5927292858461,11.312050193762687
S188E,188,S,E,1.7785673,2.37002,68.57353755305407,54.88097434951098,13.692563203543088
S188F,188,S,F,1.2526246,3.23388,52.242111090607125,65.65787045580366,-13.415759365196536
S188G,188,S,G,1.3024269,0.71637,53.84757335301716,28.34471304668758,25.50286030632958
S188H,188,S,H,1.1919858,1.54615,50.13840191917328,42.48016239158516,7.6582395275881225
S188I,188,S,I,1.3931942,5.84838,56.65251891492895,85.68001476287138,-29.027495847942433
S188K,188,S,K,2.077975,1.06104,76.3055914375346,34.711201328658426,41.594390108876176
S188L,188,S,L,1.5085125,2.83485,60.620040597896285,60.56467983022698,0.0553607676693062
S188M,188,S,M,1.3796482,-1.35266,56.209632773574455,2.1590699391031554,54.0505628344713
S188N,188,S,N,1.3483309,0.929585,55.157778187857545,32.49677062188596,22.661007565971587
S188P,188,S,P,2.1355577,8.71656,77.7265178077136,92.4340284185274,-14.707510610813799
S188Q,188,S,Q,1.6488028,3.14944,64.88281970843329,64.73519099464846,0.147628713784826
S188R,188,S,R,1.4906763,3.55085,60.15870086731869,69.16405240819338,-9.005351540874692
S188T,188,S,T,1.287711,1.12382,53.42314080088577,35.74460232515224,17.678538475733525
S188V,188,S,V,1.6365025,-0.336119,64.51374792397121,8.820815648643661,55.69293227532755
S188W,188,S,W,1.0685513,1.87945,45.24820077505075,47.68407455250046,-2.4358737774497143
S188Y,188,S,Y,1.272822,0.01392,52.85107953496955,14.17235652334379,38.67872301162576
L189A,189,L,A,0.23791258,1.14668,16.01771544565418,36.0398597527219,-20.022144307067723
L189C,189,L,C,0.05194974,1.45712,9.614319985237127,41.02232884295995,-31.408008857722823
L189D,189,L,D,0.39753312,1.47071,21.51688503413914,41.206864735191,-19.689979701051858
L189E,189,L,E,0.11747508,1.00488,11.754936335117181,33.899243402841854,-22.144307067724675
L189F,189,L,F,0.104339145,0.806364,11.33050378298579,29.987082487543827,-18.656578704558036
L189G,189,L,G,0.79325104,1.94211,34.914190810112565,48.79128990588669,-13.877099095774128
A190C,190,A,C,0.893006,0.452756,38.54954788706404,23.233068831887802,15.316479055176234
A190D,190,A,D,2.0044188,1.87545,74.33105739066248,47.61026019560804,26.720797195054438
A190E,190,A,E,1.1216328,0.868598,47.22273482192286,31.352648090053513,15.87008673186935
A190F,190,A,F,0.90020704,0.537096,38.752537368518176,25.004613397305775,13.747923971212401
A190G,190,A,G,1.3810526,1.66178,56.26499354124377,44.085624653995204,12.179368887248565
A190H,190,A,H,1.1960995,3.23615,50.30448422218121,65.70400442886142,-15.399520206680215
A190I,190,A,I,1.5860894,1.57805,63.12972873223842,42.86768776527035,20.262040966968073
A190K,190,A,K,2.3363678,1.11198,82.61671895183613,35.5785200221443,47.03819892969183
A190L,190,A,L,1.593076,1.37297,63.314264624469466,39.8228455434582,23.491419081011266
A190M,190,A,M,1.5111978,0.202346,60.786122900904225,17.80771360029526,42.978409300608966
A190N,190,A,N,1.6694098,2.31821,65.45488097434952,54.14283078058683,11.312050193762694
A190P,190,A,P,3.4437969,5.78972,98.65288798671341,85.51393245986344,13.13895552684997
A190Q,190,A,Q,1.5327752,0.439403,61.48735929138217,22.88245063664883,38.604908654733336
A190R,190,A,R,1.8216436,4.46604,69.62539213877099,77.00682782801255,-7.381435689241556
A190S,190,A,S,0.44748932,0.565483,23.41760472411884,25.429045949437167,-2.011441225318329
A190T,190,A,T,2.2558675,2.41575,80.71599926185642,55.63757150765824,25.078427754198188
A190V,190,A,V,1.4700011,0.220201,59.62354677984868,18.232146152426647,41.39140062742203
A190W,190,A,W,1.3291372,3.48243,54.56726333271822,68.35209448237683,-13.784831149658608
A190Y,190,A,Y,0.95549285,3.36853,41.02232884295995,67.15261118287506,-26.130282339915112
N192A,192,N,A,-0.24651027,-0.410401,1.7346373869717662,8.045764901273298,-6.311127514301532
N192C,192,N,C,-0.0009644359,0.56729,7.879682598265362,25.484406717106477,-17.604724118841116
N192D,192,N,D,0.14510298,0.413007,12.769883742387893,22.365750138401918,-9.595866396014024
N192E,192,N,E,0.04315958,-0.209029,9.282155379221258,10.610813803284739,-1.3286584240634802
N192F,192,N,F,0.0068133296,-0.824395,8.027311312050193,4.133603985975272,3.893707326074921
N192G,192,N,G,0.04864701,0.661748,9.485144860675401,27.219044104078243,-17.733899243402842
N192H,192,N,H,0.1585956,0.547809,13.194316294519284,25.189149289536815,-11.99483299501753
N192I,192,N,I,-0.24689332,-1.237,1.6977302085255583,2.4543273666728176,-0.7565971581472593
N192K,192,N,K,0.06156237,-0.654565,9.964938180476103,5.462262410038752,4.502675770437351
N192L,192,N,L,-0.2463022,-0.916792,1.7530909761948699,3.6907178446207785,-1.9376268684259086
N192M,192,N,M,-0.23884812,-2.01576,1.8638125115334931,1.033400996493818,0.8304115150396751
N192P,192,N,P,1.4794528,1.78425,59.937257796641454,46.06015870086732,13.877099095774135
N192Q,192,N,Q,-0.062063158,-0.21937,5.462262410038752,10.48163867872301,-5.019376268684258
N192R,192,N,R,-0.14392357,0.023099,3.5061819523897397,14.338438826351727,-10.832256873961986
N192S,192,N,S,-0.16717096,-0.04671,3.118656578704558,13.194316294519284,-10.075659715814727
N192T,192,N,T,0.08366537,0.576127,10.610813803284739,25.68739619856062,-15.076582395275882
N192V,192,N,V,-0.057966508,0.091914,5.609891123823584,15.482561358184165,-9.872670234360582
N192W,192,N,W,-0.14311695,-0.317709,3.5615427200590513,9.023805130097804,-5.462262410038752
N192Y,192,N,Y,-0.004166433,0.014514,7.658239527588116,14.190810112566895,-6.532570584978779
T194A,194,T,A,1.496628,1.18923,60.36169034877283,36.72264255397675,23.639047794796085
T194C,194,T,C,1.5163715,0.980819,60.91529802546596,33.36408931537184,27.551208710094116
T194D,194,T,D,2.5674746,5.7575,88.18970289721351,85.42166451374791,2.768038383465594
T194E,194,T,E,2.6973705,6.03352,90.86547333456357,86.36279756412623,4.5026757704373495
T194F,194,T,F,2.6739001,9.64166,90.4779479608784,93.63351171802915,-3.155563757150759
T194G,194,T,G,1.7063093,2.63845,66.52518914928953,58.46097065879313,8.064218490496401
T194H,194,T,H,2.9307494,15.1887,94.50083041151504,96.88134342129544,-2.380513009780401
T194I,194,T,I,2.420372,0.76496,84.62816017715446,29.06440302638863,55.563757150765824
T194K,194,T,K,2.6636014,5.22055,90.1088761764163,82.32146152426647,7.787414652149835
T194L,194,T,L,2.7331364,2.58148,91.56670972504152,57.72282708986898,33.84388263517254
T194M,194,T,M,2.3589976,1.92212,83.33640893153719,48.38531094297841,34.951097988558786
T194N,194,T,N,2.3882165,2.54345,83.94537737589961,57.24303377006827,26.702343605831338
T194P,194,T,P,2.543358,4.0864,87.41465214984314,73.61136741096144,13.8032847388817
T194Q,194,T,Q,2.443097,1.09205,85.2924893891862,35.20944823768223,50.08304115150397
T194R,194,T,R,2.6824274,1.54732,90.62557667466322,42.49861598080827,48.126960693854954
T194S,194,T,S,0.91775215,1.50439,39.52758811588854,41.63129728732238,-2.1037091714338416
T194V,194,T,V,1.9279749,2.08499,72.5226056467983,50.95035984498985,21.57224580180845
T194W,194,T,W,2.8378944,12.2855,93.3567078796826,95.66340653257058,-2.306698652887974
T194Y,194,T,Y,2.9052846,11.9959,94.03949068093745,95.46041705111644,-1.4209263701789894
G195A,195,G,A,1.3289735,3.0411,54.548809743495106,63.20354308913083,-8.654733345635726
G195C,195,G,C,0.9220732,3.26137,39.767484775788894,65.8793135264809,-26.111828750692005
G195D,195,G,D,1.1224841,3.99121,47.278095589592176,72.89167743126038,-25.6135818416682
G195E,195,G,E,1.1143587,4.03713,47.05665251891492,73.26074921572246,-26.204096696807532
G195F,195,G,F,0.93172854,4.10261,40.24727809558959,73.72208894630006,-33.47481085071047
G195H,195,G,H,0.75436443,3.28825,33.806975456726335,66.17457095405057,-32.36759549732423
G195I,195,G,I,1.5279238,4.9274,61.35818416682045,80.5499169588485,-19.19173279202805
G195K,195,G,K,0.85165673,1.86217,37.01789998154641,47.370363535707696,-10.35246355416129
G195L,195,G,L,0.9729463,3.22421,41.63129728732238,65.58405609891123,-23.95275881158885
G195M,195,G,M,0.91367483,3.48737,39.3430522236575,68.38900166082304,-29.04594943716554
G195N,195,G,N,1.0462278,2.67845,44.47315002768038,58.830042443255216,-14.356892415574833
G195P,195,G,P,1.4256102,8.04052,57.98117733899243,91.38217383281048,-33.40099649381805
G195Q,195,G,Q,1.0387049,2.86208,44.10407824321831,60.878390847019745,-16.774312603801434
G195R,195,G,R,0.94423544,2.16557,40.54253552315926,52.18675032293781,-11.644214799778553
G195S,195,G,S,1.2194402,4.01137,51.079534969551574,73.09466691271453,-22.015131943162956
G195T,195,G,T,1.5830851,3.20464,63.0374607861229,65.41797379590331,-2.380513009780408
G195V,195,G,V,1.5446008,5.19841,61.985606200405975,82.21073998892786,-20.22513378852188
G195W,195,G,W,1.0738809,3.63401,45.54345820262041,69.99446392323307,-24.451005720612663
G195Y,195,G,Y,0.99022007,3.62635,42.14799778556929,69.88374238789444,-27.735744602325155
R196I,196,R,I,2.1492324,0.23579,77.92950728916774,18.545857169219413,59.38365011994833
R196K,196,R,K,1.1559479,-0.812807,48.58830042443255,4.17051116442148,44.41778926001108
R196L,196,R,L,2.4414315,2.05657,85.21867503229377,50.45211293596604,34.76656209632773
R196M,196,R,M,1.7513683,1.63337,67.7062188595682,43.6058313341945,24.100387525373698
R196N,196,R,N,2.0374405,1.16397,75.21682967337146,36.33511718029156,38.8817124930799
R196P,196,R,P,2.7620404,2.63447,92.08341022328842,58.42406348034693,33.659346742941494
R196Q,196,R,Q,1.4366314,1.41508,58.46097065879313,40.413360398597526,18.047610260195604
R196S,196,R,S,1.5545756,1.8291,62.29931721719875,46.70603432367596,15.59328289352279
R196T,196,R,T,2.3241668,1.01852,82.39527588115888,34.1206864735191,48.27458940763978
R196V,196,R,V,2.0648205,0.401899,75.97342683151874,22.070492710832255,53.90293412068648
R196W,196,R,W,0.47660294,1.03061,24.35873777449714,34.28676877652703,-9.928031002029893
R196Y,196,R,Y,1.0678014,-0.62855,45.192840007381434,5.7206126591622075,39.47222734821923
S197A,197,S,A,-0.13216053,-0.194784,3.746078612290091,10.887617641631298,-7.141539029341207
S197C,197,S,C,0.3932679,-0.422521,21.332349141908104,7.824321830596051,13.508027311312052
S197D,197,S,D,-0.070275255,-0.496843,5.185458571692194,6.883188780217752,-1.6977302085255586
S197E,197,S,E,-0.18917197,-0.523964,2.6942240265731687,6.551024174201882,-3.8568001476287135
S197F,197,S,F,-0.2846947,-0.424613,1.2732976563941687,7.805868241372947,-6.532570584978778
S197G,197,S,G,0.030452605,-0.072155,8.839269237866764,12.696069385495479,-3.8568001476287144
S197H,197,S,H,-0.20687695,-0.150065,2.435873777449714,11.478132496770623,-9.042258719320909
S197I,197,S,I,-0.04557713,1.04713,6.034323675954973,34.50821184720428,-28.473888171249307
S197K,197,S,K,-0.4057505,-2.17363,0.5351540874700129,0.7935043365934674,-0.2583502491234545
S197L,197,S,L,-0.35648593,-1.20432,0.7381435689241558,2.565048902011441,-1.8269053330872853
S197M,197,S,M,-0.21827905,-0.692678,2.3066986528879867,5.185458571692194,-2.878759918804207
S197N,197,S,N,-0.10707966,-0.749402,4.262779110536999,4.705665251891493,-0.442886141354494
S197P,197,S,P,-0.043151744,-0.937448,6.108138032847389,3.598449898505259,2.50968813434213
S197Q,197,S,Q,-0.27552098,-0.706253,1.3471120132865844,5.093190625576675,-3.7460786122900904
S197R,197,S,R,-0.4902641,-0.781785,0.23989665990035064,4.4104078243218305,-4.17051116442148
S197T,197,S,T,0.18583235,-0.244242,14.227717291013104,10.112566894260935,4.115150396752169
S197V,197,S,V,0.03379421,0.002387,9.005351540874699,13.950913452666544,-4.945561911791845
S197W,197,S,W,-0.23198485,-0.371018,1.9376268684259088,8.488651042627792,-6.551024174201883
S197Y,197,S,Y,-0.2651957,-0.259514,1.5316479055176233,9.909577412806792,-8.377929507289169
I198A,198,I,A,2.3639941,3.91632,83.39176969920649,72.30116257612106,11.090607123085434
I198C,198,I,C,1.6964123,2.7517,66.19302454327367,59.6973611367411,6.4956634065325645
I198D,198,I,D,3.2482681,5.46475,97.52721904410407,83.81620225133788,13.711016792766188
I198E,198,I,E,3.0089684,5.21631,95.42350987267024,82.28455434582025,13.138955526849983
I198F,198,I,F,0.64567345,7.45924,30.190071968997973,90.25650489020114,-60.06643292120317
I198G,198,I,G,2.3937871,5.77053,84.03764532201514,85.49547887064034,-1.457833548625203
I198H,198,I,H,2.6539817,6.13174,89.92434028418528,86.86104447315003,3.063295811035246
I198K,198,I,K,2.8324723,2.82257,93.22753275512086,60.380143937995946,32.847388817124916
I198L,198,I,L,1.5052946,1.14748,60.52777265178078,36.095220520391216,24.432552131389563
I198M,198,I,M,0.099814996,0.861029,11.201328658424064,31.057390662483854,-19.85606200405979
I198N,198,I,N,2.831294,4.18671,93.17217198745156,74.53404687211662,18.638125115334944
I198P,198,I,P,2.3219054,4.83754,82.28455434582025,79.94094851448607,2.3436058313341874
I198Q,198,I,Q,2.5761006,2.14886,88.35578520022145,51.94685366303746,36.40893153718399
I198R,198,I,R,3.182543,3.16425,97.02897213508027,64.90127329765639,32.12769883742388
I198S,198,I,S,2.5511975,3.55767,87.6730023989666,69.23786676508581,18.43513563388079
I198T,198,I,T,1.7725852,1.91421,68.42590883926924,48.20077505074737,20.225133788521873
I198V,198,I,V,0.5971718,0.568497,28.80605277726518,25.558221073998894,3.247831703266286
I198W,198,I,W,1.8902155,14.8679,71.63683336408931,96.73371470751061,-25.096881343421302
I198Y,198,I,Y,2.340559,11.0955,82.76434766562096,94.85144860675402,-12.087100941133059
V199A,199,V,A,1.410269,2.1162,57.372208894630006,51.46706034323676,5.905148551393246
V199C,199,V,C,0.49248886,2.13601,25.041520575751985,51.76231777080642,-26.720797195054434
V199D,199,V,D,2.047025,1.91993,75.51208710094113,48.3484037645322,27.16368333640893
V199E,199,V,E,1.7838881,2.06994,68.64735190994648,50.599741649750875,18.047610260195604
V199F,199,V,F,0.7830041,1.91949,34.58202620409669,48.311496586085994,-13.729470381989302
V199G,199,V,G,2.4207103,3.99138,84.64661376637757,72.91013102048348,11.736482745894094
V199H,199,V,H,1.874068,1.93735,71.0647720981731,48.69902195977118,22.365750138401914
V199I,199,V,I,0.13424568,0.127868,12.345451190256505,16.220704927108322,-3.8752537368518176
V199K,199,V,K,1.8416088,3.4061,70.16054622624101,67.54013655656024,2.620409669680768
V199L,199,V,L,0.32669657,0.710548,19.025650489020116,28.215537922125854,-9.189887433105739
V199M,199,V,M,0.9218193,0.034277,39.73057759734268,14.541428307805868,25.189149289536815
V199N,199,V,N,1.736791,2.29166,67.37405425355232,53.792212585347855,13.581841668204461
V199P,199,V,P,2.0542595,2.25569,75.69662299317217,53.29396567632404,22.402657316848128
V199Q,199,V,Q,2.0178268,1.7459,74.8477578889094,45.451190256504894,29.396567632404505
V199R,199,V,R,2.0476778,5.46042,75.58590145783354,83.79774866211478,-8.211847204281241
V199S,199,V,S,1.6598766,3.87157,65.14116995755674,71.83982284554345,-6.698652887986711
V199T,199,V,T,1.0678266,2.31264,45.21129359660454,54.105923602140614,-8.894630005536072
V199W,199,V,W,1.7992325,6.93526,69.07178446207787,89.35227901826906,-20.280494556191186
V199Y,199,V,Y,1.076591,2.36026,45.61727255951282,54.77025281417236,-9.15298025465954
Y200A,200,Y,A,2.8664403,3.73497,93.65196530725225,70.86178261671895,22.7901826905333
Y200C,200,Y,C,2.0191698,2.89454,74.9215722458018,61.24746263148182,13.674109614319981
Y200D,200,Y,D,2.760889,4.45886,92.06495663406533,76.82229193578151,15.242664698283818
Y200E,200,Y,E,2.248197,4.3573,80.53146336962538,75.86270529618011,4.668758073445275
Y200F,200,Y,F,-0.11818153,-0.515891,3.930614504521129,6.661745709540505,-2.731131205019376
Y200G,200,Y,G,3.4036841,4.95881,98.44989850525927,80.71599926185642,17.733899243402846
Y200H,200,Y,H,1.6867104,3.67598,65.8793135264809,70.43735006458756,-4.558036538106663
Y200I,200,Y,I,1.721846,1.84511,66.91271452297471,47.03819892969182,19.874515593282887
Y200K,200,Y,K,2.0774813,4.06744,76.28713784831149,73.46373869717661,2.823399151134879
Y200L,200,Y,L,0.69063747,0.318058,31.629451928400076,20.022144307067723,11.607307621332353
Y200M,200,Y,M,0.9968275,0.206484,42.443255213138954,17.936888724856985,24.50636648828197
Y200N,200,Y,N,2.6255512,3.56173,89.31537183982284,69.29322753275513,20.02214430706772
Y200T,200,Y,T,2.2786171,3.38853,81.26960693854954,67.30946669127145,13.96014024727809
Y200V,200,Y,V,1.8767782,2.84321,71.19394722273482,60.675401365565605,10.518545857169215
Y200W,200,Y,W,1.2864884,8.1074,53.33087285477025,91.4559881897029,-38.125115334932644
S201A,201,S,A,-0.3540339,-0.416713,0.8119579258165712,7.861229009042258,-7.049271083225687
S201C,201,S,C,0.15683818,0.209072,13.12050193762687,18.047610260195608,-4.927108322568738
S201D,201,S,D,0.57573617,2.33185,28.049455619117918,54.38272744048718,-26.333271821369262
S201E,201,S,E,0.39630723,1.91217,21.461524266469826,48.16386787230116,-26.702343605831334
S201F,201,S,F,-0.00824034,-2.22004,7.455250046133973,0.7381435689241558,6.717106477209817
S201G,201,S,G,0.13552926,0.49676,12.36390477947961,24.063480346927477,-11.699575567447868
S201H,201,S,H,0.2424941,0.352164,16.16534415943901,20.94482376822292,-4.779479608783912
S201I,201,S,I,0.58097285,-0.470406,28.270898689795164,7.159992618564311,21.110906071230854
S201K,201,S,K,0.85227394,-2.05611,37.07326074921573,0.9595866396014026,36.11367410961432
S201L,201,S,L,0.4208942,-2.65252,22.2734821922864,0.49824690902380514,21.775235283262596
S201M,201,S,M,0.21555729,-2.24695,15.131943162945195,0.7196899797010519,14.412253183244143
S201N,201,S,N,0.91260946,-0.858887,39.28769145598819,3.985975272190441,35.301716183797744
S201P,201,S,P,1.988703,1.4715,74.01734637386971,41.2622255028603,32.75512087100941
S201Q,201,S,Q,0.57345974,-0.59631,27.920280494556195,6.071230854401181,21.849049640155016
S201R,201,S,R,0.793676,1.80537,34.95109798855878,46.392323306883185,-11.441225318324406
S201T,201,S,T,0.6501793,1.9769,30.28233991511349,49.307990404133605,-19.025650489020116
S201V,201,S,V,0.5818963,0.65072,28.34471304668758,26.960693854954787,1.3840191917327935
S201W,201,S,W,-0.17052737,6.04907,3.0448422218121425,86.52887986713415,-83.484037645322
S201Y,201,S,Y,0.059079956,1.59207,9.891123823583687,43.01531647905518,-33.12419265547149
C202A,202,C,A,1.6306938,3.81561,64.32921203174017,71.41539029341207,-7.086178261671904
C202D,202,C,D,2.9463117,9.95011,94.72227348219229,93.96567632404502,0.7565971581472724
C202E,202,C,E,3.2474465,11.5782,97.49031186565787,95.23897398043918,2.251337885218689
C202F,202,C,F,2.1406634,29.3397,77.78187857538292,99.11422771729102,-21.332349141908097
C202G,202,C,G,2.4721396,4.3748,85.90145783354862,76.01033400996494,9.891123823583683
C202H,202,C,H,2.7239933,18.9995,91.32681306514117,97.80402288245064,-6.477209817309472
C202I,202,C,I,2.371606,8.80032,83.57630559143755,92.63701789998154,-9.060712308543998
C202K,202,C,K,3.946162,13.6359,99.66783539398413,96.12474626314818,3.543089130835952
C202L,202,C,L,2.5795705,9.69716,88.42959955711386,93.781140431814,-5.3515408747001345
C202M,202,C,M,2.548345,8.01534,87.54382727440488,91.30835947591807,-3.764532201513191
C202N,202,C,N,2.7720618,8.739,92.24949252629636,92.52629636464292,-0.2768038383465523
C202P,202,C,P,3.3335586,10.9387,97.97010518545856,94.74072707141539,3.229378114043172
C202Q,202,C,Q,2.9244854,10.9303,94.3532016977302,94.7038198929692,-0.35061819523899374
C202R,202,C,R,3.979112,17.7813,99.72319616165343,97.52721904410407,2.1959771175493614
C202S,202,C,S,1.9748776,3.2846,73.61136741096144,66.11921018638125,7.492157224580183
C202T,202,C,T,2.5155938,6.37495,86.7872301162576,87.78372393430523,-0.9964938180476253
C202V,202,C,V,2.3833716,4.81082,83.8900166082303,79.83022697914744,4.059789629082857
C202W,202,C,W,2.9223104,33.1298,94.2978409300609,99.37257796641447,-5.074737036353568
C202Y,202,C,Y,2.2745852,38.7482,81.14043181398782,99.64938180476103,-18.508949990773218
E203A,203,E,A,0.420691,-2.35807,22.255028603063295,0.6089684443624285,21.646060158700866
E203C,203,E,C,0.031248603,-2.13733,8.894630005536076,0.8304115150396751,8.064218490496401
E203D,203,E,D,0.3486324,0.054297,19.85606200405979,14.965860859937258,4.890201144122532
E203F,203,E,F,0.05359742,-1.84568,9.688134342129544,1.2917512456172726,8.396383096512272
E203G,203,E,G,1.0577961,-1.63524,44.84222181214246,1.6239158516331424,43.21830596050932
E203H,203,E,H,0.46940476,-1.38778,24.08193393615058,2.066801992987636,22.015131943162945
E203I,203,E,I,0.023743855,-1.99298,8.599372577966415,1.0703081749400258,7.529064403026389
E203K,203,E,K,0.82617664,-3.109,36.22439564495294,0.2583502491234545,35.96604539582949
E203L,203,E,L,0.22147687,-3.25486,15.464107768961064,0.23989665990035064,15.224211109060713
E203M,203,E,M,0.12272985,-3.57771,11.939472227348219,0.12917512456172725,11.81029710278649
E203N,203,E,N,0.46249866,-0.989442,23.897398043919544,3.4139140062742204,20.483484037645326
E203P,203,E,P,0.7915559,-2.4914,34.85883004244326,0.5905148551393246,34.268315187303934
E203Q,203,E,Q,0.0121142585,-1.59937,8.138032847388816,1.6423694408562464,6.49566340653257
E203R,203,E,R,0.90015936,-4.01442,38.73408377929508,0.09226794611551947,38.64181583317956
E203S,203,E,S,0.3619762,-2.67275,20.262040966968076,0.4797933198007013,19.782247647167374
E203T,203,E,T,0.10439203,-3.77512,11.348957372208893,0.11072153533862336,11.23823583687027
E203V,203,E,V,-0.10950116,-2.90218,4.225871932090792,0.3875253736851818,3.8383465584056102
E203W,203,E,W,0.555927,2.13868,27.20059051485514,51.81767853847573,-24.617088023620592
E203Y,203,E,Y,0.20588024,-1.78626,14.836685735375529,1.4393799594021037,13.397305775973425
W204A,204,W,A,3.2993722,3.7739,97.78556929322754,71.19394722273482,26.59162207049272
W204C,204,W,C,2.299503,3.96502,81.76785384757336,72.67023436058312,9.09761948699024
W204D,204,W,D,3.4809978,5.66492,98.81897028972135,84.8311496586086,13.987820631112754
W204E,204,W,E,3.3296204,4.89117,97.93319800701236,80.34692747739436,17.586270529618005
W204F,204,W,F,1.6753922,0.810296,65.56560250968813,30.00553607676693,35.560066432921204
W204G,204,W,G,3.5638633,4.99302,99.02195977117549,80.95589592175678,18.06606384941871
W204H,204,W,H,2.5355065,3.7427,87.26702343605831,70.99095774128068,16.27606569477763
W204I,204,W,I,2.7314913,2.88832,91.52980254659532,61.1182875069201,30.411515039675223
W204K,204,W,K,3.8160489,3.18836,99.53866026942241,65.23343790367227,34.30522236575014
W204L,204,W,L,2.7489803,1.72917,91.80660638494187,45.0452112935966,46.76139509134527
W204M,204,W,M,2.4958148,1.50586,86.51042627791105,41.668204465768596,44.842221812142455
W204N,204,W,N,3.4225304,4.99613,98.5237128621517,80.99280310020299,17.530909761948706
W204P,204,W,P,3.3556495,9.82832,98.21000184535892,93.87340837792951,4.3365934674294095
W204Q,204,W,Q,3.0567384,4.17439,95.88484960324783,74.423325336778,21.461524266469823
W204R,204,W,R,2.4921365,3.29218,86.45506551024175,66.19302454327367,20.262040966968087
W204S,204,W,S,3.1672711,5.60604,96.88134342129544,84.53589223103893,12.345451190256512
W204T,204,W,T,3.1960888,4.84967,97.158147259642,80.08857722827089,17.069570031371114
W204V,204,W,V,3.1240852,4.75652,96.62299317217199,79.36888724856985,17.25410592360214
W204Y,204,W,Y,1.7647431,1.00986,68.13065141169957,33.973057759734274,34.1575936519653
P205Y,205,P,Y,1.8024216,14.1635,69.14559881897029,96.49381804761026,-27.348219228639977
M208A,208,M,A,1.3074514,1.54905,53.921387709909574,42.535523159254474,11.3858645506551
M208C,208,M,C,0.427898,1.93282,22.550286030632957,48.58830042443255,-26.038014393799596
M208D,208,M,D,0.9448334,5.58154,40.597896290828565,84.31444916036169,-43.716552869533125
M208E,208,M,E,0.58628374,2.46126,28.566156117364827,56.15427200590515,-27.588115888540322
M208F,208,M,F,0.31829304,12.3095,18.748846650673556,95.70031371101679,-76.95146706034323
M208G,208,M,G,2.2937088,2.78288,81.67558590145784,59.99261856431076,21.682967337147076
M208H,208,M,H,1.1339245,2.14987,47.757888909392875,51.96530725226056,-4.207418342867683
M208I,208,M,I,0.7978999,2.22534,35.04336593467429,52.887986713415756,-17.844620778741465
M208K,208,M,K,1.4707541,2.49353,59.64200036907178,56.59715814725964,3.0448422218121394
M208L,208,M,L,0.40816823,0.386011,22.015131943162945,21.719874515593283,0.29525742756966267
M208N,208,M,N,1.3512974,2.07665,55.360767669311684,50.7289167743126,4.631850894999083
M208P,208,M,P,1.8749678,6.75308,71.13858645506551,88.74331057390663,-17.60472411884112
M208Q,208,M,Q,0.61536443,2.63254,29.45192840007381,58.387156301900724,-28.935227901826913
M208R,208,M,R,1.2187853,1.7158,51.061081380328474,44.74995386602694,6.311127514301532
M208S,208,M,S,1.232527,2.0396,51.54087470012918,50.11994832995017,1.4209263701790107
M208T,208,M,T,0.55882233,1.28746,27.311312050193763,38.27274404871748,-10.961431998523715
M208V,208,M,V,0.5398949,1.11554,26.610075659715815,35.633880789813624,-9.02380513009781
M208W,208,M,W,0.6180595,0.874825,29.562649935412438,31.55563757150766,-1.9929876360952221
M208Y,208,M,Y,0.5388996,-0.240642,26.59162207049271,10.131020483484038,16.460601587008675
W209A,209,W,A,2.3499637,2.62177,83.09651227163684,58.23952758811589,24.85698468352095
W209C,209,W,C,2.635704,3.76235,89.5552684997232,71.0647720981731,18.490496401550104
W209D,209,W,D,2.93257,3.63117,94.53773758996124,69.93910315556376,24.598634434397482
W209E,209,W,E,2.3994308,2.64361,84.11145967890755,58.53478501568555,25.576674663222
W209F,209,W,F,2.069958,1.35037,76.08414836685735,39.52758811588854,36.55656025096881
W209G,209,W,G,2.410039,4.41839,84.369809928031,76.49012732976564,7.8796825982653615
W209H,209,W,H,2.8203056,2.54872,92.95072891677432,57.298394537737586,35.65233437903674
W209I,209,W,I,2.538827,2.38727,87.30393061450452,55.21313895552685,32.09079165897767
W209K,209,W,K,3.0232098,2.90097,95.51577781878575,61.30282339915113,34.21295441963462
W209L,209,W,L,2.201469,-0.310609,79.44270160546226,9.134526665436429,70.30817494002584
W209M,209,W,M,2.2284107,-0.204433,80.107030817494,10.666174570954052,69.44085624653995
W209N,209,W,N,2.9165192,0.721795,94.24248016239159,28.418527403579997,65.82395275881159
W209P,209,W,P,3.5461884,9.7523,98.94814541428308,93.83650119948331,5.111644214799767
W209Q,209,W,Q,2.585391,2.9269,88.59568186012179,61.5980808267208,26.997601033400983
W209R,209,W,R,2.4687963,3.05287,85.8276434766562,63.38807898136187,22.439564495294334
W209S,209,W,S,2.2124462,2.70078,79.70105185458571,59.08839269237867,20.612659162207045
W209T,209,W,T,2.6911013,1.90887,90.77320538844805,48.108507104631855,42.66469828381619
W209V,209,W,V,2.9519892,2.52336,94.79608783908469,56.98468352094482,37.81140431813987
W209Y,209,W,Y,2.0924284,0.329869,76.73002398966598,20.298948145414283,56.431075844251694
P210A,210,P,A,1.0687312,1.73285,45.26665436427385,45.13747923971213,0.1291751245617192
P210C,210,P,C,1.0354915,2.60279,43.901088761764164,58.11035246355416,-14.209263701789993
P210D,210,P,D,1.2183424,2.28089,51.04262779110537,53.68149105000922,-2.6388632589038536
P210E,210,P,E,0.784283,1.91973,34.65584056098911,48.3299501753091,-13.674109614319988
P210F,210,P,F,0.74014777,1.5001,33.29027495847943,41.52057575198376,-8.230300793504334
P210G,210,P,G,1.0157402,1.88809,43.19985237128621,47.83170326628529,-4.631850894999076
P210H,210,P,H,0.7429677,1.21192,33.419450083041156,37.16552869533124,-3.746078612290084
P210I,210,P,I,0.855779,1.96501,37.29470381989297,49.16036169034877,-11.865657870455799
P210K,210,P,K,0.5862677,1.53754,28.547702528141723,42.27717291013102,-13.729470381989298
P210L,210,P,L,0.8647477,1.80079,37.58996124746263,46.355416128436985,-8.765454880974353
P210M,210,P,M,0.65501463,-2.01039,30.41151503967522,1.051854585716922,29.3596604539583
P210N,210,P,N,0.85748327,1.50209,37.35006458756228,41.57593651965307,-4.22587193209079
P210Q,210,P,Q,0.5448164,1.87682,26.794611551946858,47.647167374054256,-20.852555822107398
P210R,210,P,R,0.49928865,1.60181,25.189149289536815,43.21830596050932,-18.029156670972505
P210S,210,P,S,1.1719809,2.48187,49.215722458018085,56.44952943347481,-7.233806975456723
P210T,210,P,T,1.1936991,3.39457,50.2306698652888,67.42941502122163,-17.198745155932826
P210V,210,P,V,1.152314,1.40517,48.403764532201514,40.26573168481269,8.138032847388821
P210W,210,P,W,0.58556044,1.35049,28.510795349695517,39.54604170511165,-11.035246355416131
P210Y,210,P,Y,0.73481053,1.50535,33.08728547702528,41.64975087654549,-8.562465399520207
Q212A,212,Q,A,0.40003076,0.77936,21.627606569477763,29.32275327551209,-7.6951467060343255
Q212C,212,Q,C,-0.08338306,0.646222,4.816386787230116,26.905333087285477,-22.088946300055362
Q212D,212,Q,D,1.224333,0.25571,51.28252445100572,18.878021775235283,32.40450267577044
Q212E,212,Q,E,0.3035551,-0.296841,18.232146152426647,9.411330503782986,8.820815648643661
Q212F,212,Q,F,0.6526612,-0.176744,30.337700682782803,11.09060712308544,19.247093559697362
Q212G,212,Q,G,0.94598883,1.16696,40.671710647720985,36.372024358737775,4.29968628898321
Q212H,212,Q,H,0.7774911,1.13398,34.434397490311866,35.87377744971397,-1.4393799594021033
Q212I,212,Q,I,0.28844628,0.024545,17.770806421849052,14.35689241557483,3.413914006274222
Q212K,212,Q,K,-0.02975567,-0.506844,6.6801992987636085,6.790920834102233,-0.11072153533862483
Q212L,212,Q,L,0.31364977,-0.134077,18.619671526111826,11.662668389001661,6.957003137110165
Q212M,212,Q,M,-0.07871518,-0.732673,4.871747554899428,4.871747554899428,0.0
Q212N,212,Q,N,0.850294,0.052813,36.9625392138771,14.947407270714152,22.01513194316295
Q212P,212,Q,P,1.859532,5.57649,70.5849787783724,84.29599557113858,-13.711016792766173
Q212R,212,Q,R,0.0449391,-0.257546,9.392876914559881,9.983391769699207,-0.5905148551393253
Q212S,212,Q,S,0.54526246,-0.107496,26.813065141169957,12.08710094113305,14.725964200036907
Q212T,212,Q,T,0.50408745,0.49558,25.447499538660267,24.008119579258167,1.4393799594020997
Q212V,212,Q,V,0.40447664,0.709625,21.775235283262596,28.19708433290275,-6.421849049640155
Q212W,212,Q,W,0.6707388,0.561193,30.983576305591438,25.392138770990957,5.59143753460048
Q212Y,212,Q,Y,0.8424422,-0.184154,36.75954973242296,11.035246355416128,25.724303377006834
K213A,213,K,A,0.076020956,0.703197,10.260195608045764,28.049455619117918,-17.78926001107215
K213C,213,K,C,-0.0023242652,0.707415,7.768961062926739,28.178630743679644,-20.409669680752906
K213D,213,K,D,0.28067327,0.50601,17.47554899427939,24.32183059605093,-6.84628160177154
K213E,213,K,E,-0.18897387,0.14609,2.731131205019376,16.663591068462814,-13.932459863443437
K213F,213,K,F,-0.34720075,-0.367631,0.8304115150396751,8.525558221073998,-7.695146706034324
K213G,213,K,G,0.38753644,1.17065,21.073998892784644,36.39047794796088,-15.316479055176238
K213H,213,K,H,0.16974895,0.471831,13.508027311312052,23.509872670234362,-10.00184535892231
K213I,213,K,I,-0.24316946,0.513444,1.8084517438641816,24.506366488281973,-22.69791474441779
K213L,213,K,L,-0.2855505,-0.130862,1.2548440671710648,11.736482745894076,-10.48163867872301
K213M,213,K,M,-0.16081691,0.004581,3.266285292489389,13.987820631112752,-10.721535338623363
K213N,213,K,N,0.4594562,0.047555,23.823583687027128,14.762871378483114,9.060712308544014
K213P,213,K,P,-0.120615706,-1.25047,3.8937073260749218,2.398966599003506,1.4947407270714157
K213Q,213,K,Q,0.016162736,0.341447,8.248754382727439,20.483484037645322,-12.234729654917883
K213R,213,K,R,-0.1552806,0.567921,3.3400996493818043,25.521313895552684,-22.181214246170878
K213S,213,K,S,0.18572612,0.885478,14.209263701789999,31.758627052961803,-17.549363351171806
K213T,213,K,T,-0.10534434,0.382041,4.318139878206311,21.646060158700866,-17.327920280494556
K213V,213,K,V,-0.21789828,0.605326,2.325152242111091,26.148735929138216,-23.823583687027124
K213W,213,K,W,-0.57442504,0.319126,0.12917512456172725,20.059051485513933,-19.929876360952207
K213Y,213,K,Y,-0.21949115,-0.269847,2.2513378852186747,9.743495109798856,-7.492157224580181
P214A,214,P,A,1.7525604,3.15403,67.7615796272375,64.75364458387156,3.007935043365933
P214C,214,P,C,1.606473,4.52406,63.84941871193948,77.48662114781325,-13.637202435873775
P214D,214,P,D,2.3829517,7.83035,83.8715630190072,91.0315556375715,-7.159992618564303
P214E,214,P,E,2.4523592,12.1921,85.49547887064034,95.58959217567818,-10.094113305037837
P214F,214,P,F,2.4406447,34.3117,85.20022144307067,99.46484591252998,-14.264624469459307
P214G,214,P,G,2.2611272,5.21069,80.80826720797195,82.26610075659715,-1.457833548625203
P214H,214,P,H,2.4772472,17.5669,86.04908654733346,97.41649750876546,-11.367410961432
P214I,214,P,I,1.4145945,4.47784,57.61210555453036,77.08064218490497,-19.468536630374615
P214K,214,P,K,2.4939125,11.4912,86.47351909946485,95.18361321276988,-8.710094113305033
P214L,214,P,L,1.896422,4.45915,71.83982284554345,76.85919911422772,-5.019376268684269
P214M,214,P,M,1.9601103,4.13725,73.31610998339177,74.05425355231593,-0.7381435689241584
P214N,214,P,N,1.7444159,3.36423,67.57704373500646,67.06034323675955,0.5167004982469052
P214Q,214,P,Q,2.2307186,10.2727,80.1439379959402,94.20557298394537,-14.061634988005167
P214R,214,P,R,2.4191716,11.5959,84.59125299870824,95.2574275696623,-10.666174570954055
P214S,214,P,S,2.069384,5.30898,76.06569477763425,82.8935227901827,-6.827828012548451
P214T,214,P,T,1.463039,3.88023,59.47591806606385,72.00590514855139,-12.529987082487544
P214V,214,P,V,0.5288898,3.77427,26.148735929138216,71.21240081195792,-45.06366488281971
P214W,214,P,W,2.1041477,3.55596,77.04373500645876,69.21941317586271,7.824321830596048
P214Y,214,P,Y,2.4803581,7.93264,86.10444731500276,91.19763794057944,-5.093190625576682
N215A,215,N,A,1.5445633,1.83109,61.967152611182875,46.761395091345264,15.205757519837611
N215C,215,N,C,0.3864165,1.54144,21.018638125115334,42.424801623915855,-21.40616349880052
N215D,215,N,D,0.23708944,-2.95839,15.925447499538661,0.3690717844620779,15.556375715076584
N215E,215,N,E,1.1802073,-0.669825,49.56634065325706,5.333087285477026,44.23325336778003
N215F,215,N,F,1.5240653,0.781154,61.22900904225872,29.415021221627608,31.81398782063111
N215G,215,N,G,1.4295065,1.653,58.14725964200037,43.97490311865658,14.172356523343794
N215H,215,N,H,1.0740254,2.04105,45.561911791843514,50.21221627606569,-4.6503044842221755
N215I,215,N,I,1.0660362,1.6902,45.082118472042815,44.5469643845728,0.535154087470012
N215K,215,N,K,1.0964605,1.82403,46.355416128436985,46.63221996678354,-0.2768038383465523
N215M,215,N,M,1.072786,0.437383,45.488097434951094,22.827089868979517,22.661007565971577
N215P,215,N,P,1.154726,1.99162,48.55139324598635,49.60324783170327,-1.0518545857169244
N215Q,215,N,Q,1.2142133,1.97849,50.894999077320534,49.38180476102602,1.5131943162945163
N215R,215,N,R,0.8824216,2.54398,38.3834655840561,57.26148735929139,-18.87802177523529
N215S,215,N,S,0.48339072,1.92414,24.69090238051301,48.45912529987083,-23.768222919357818
N215T,215,N,T,1.3986813,1.21026,56.929322753275514,37.110167927661934,19.81915482561358
N215V,215,N,V,1.1915576,1.67581,50.08304115150397,44.30706772467245,5.77597342683152
N215W,215,N,W,1.3297137,1.33281,54.60417051116442,39.08470197453405,15.51946853663037
N215Y,215,N,Y,1.5062854,1.3486,60.54622624100388,39.490680937442335,21.055545303561544
Y216Q,216,Y,Q,2.5514665,4.63728,87.6914559881897,78.39084701974534,9.300608968444365
Y216R,216,Y,R,2.452755,6.14941,85.51393245986344,86.97176600848864,-1.457833548625203
Y216S,216,Y,S,3.1802678,6.06483,96.99206495663407,86.58424063480346,10.407824321830603
Y216T,216,Y,T,3.3672042,4.47983,98.24690902380513,77.11754936335117,21.129359660453957
Y216V,216,Y,V,2.86235,3.33684,93.57815095035984,66.72817863074368,26.849972319616157
Y216W,216,Y,W,0.38781816,0.442393,21.09245248200775,22.956264993541247,-1.8638125115334958
T217A,217,T,A,0.21621287,-0.009841,15.20575751983761,13.803284738881713,1.4024727809558968
T217C,217,T,C,0.26302367,0.943254,16.88503413914006,32.73666728178631,-15.85163314264625
T217D,217,T,D,0.06510446,-0.732611,9.983391769699207,4.890201144122532,5.093190625576675
T217E,217,T,E,0.003172674,-1.29947,7.971950544380882,2.288245063664883,5.683705480715999
T217F,217,T,F,-0.13368931,-0.251747,3.7276250230669863,10.057206126591623,-6.329581103524637
T217G,217,T,G,0.44991297,0.87087,23.56523343790367,31.42646244694593,-7.861229009042258
T217H,217,T,H,-0.17879348,0.020513,2.9156670972504153,14.246170880236205,-11.33050378298579
T217I,217,T,I,-0.14203665,0.051647,3.5799963092821554,14.910500092267945,-11.33050378298579
T217K,217,T,K,-0.100897595,0.255068,4.465768591991142,18.822661007565973,-14.35689241557483
T217L,217,T,L,-0.09016323,-0.377225,4.705665251891493,8.396383096512272,-3.690717844620779
T217M,217,T,M,0.021006519,-0.623632,8.451743864181584,5.757519837608415,2.6942240265731687
T217N,217,T,N,-0.10306754,0.061773,4.373500645875623,15.076582395275882,-10.703081749400258
T217P,217,T,P,0.09039067,-1.84727,10.906071230854401,1.2732976563941687,9.632773574460233
T217Q,217,T,Q,-0.05895236,-0.052656,5.572983945377376,13.028233991511348,-7.455250046133972
T217R,217,T,R,-0.16289715,0.479881,3.247831703266285,23.712862151688505,-20.46503044842222
T217S,217,T,S,-0.0019654632,0.069403,7.7874146521498435,15.20575751983761,-7.418342867687766
T217V,217,T,V,-0.19181788,-0.100683,2.6204096696807526,12.160915298025465,-9.540505628344713
T217W,217,T,W,-0.62757975,-0.39431,0.05536076766931168,8.193393615058127,-8.138032847388816
T217Y,217,T,Y,-0.3420439,0.087024,0.8673186934858831,15.427200590514856,-14.559881897028973
E218A,218,E,A,0.5386549,0.472792,26.573168481269605,23.56523343790367,3.007935043365933
E218C,218,E,C,0.14987841,1.19422,12.899058866949623,36.87027126776158,-23.971212400811957
E218D,218,E,D,0.3699764,0.592166,20.501937626868425,25.98265362613028,-5.480715999261854
E218F,218,E,F,0.6925295,0.007129,31.684812696069386,14.061634988005167,17.62317770806422
E218G,218,E,G,1.0533297,1.6491,44.65768591991142,43.86418158331796,0.7935043365934646
E218H,218,E,H,1.0292684,0.888405,43.64273851264071,31.777080642184906,11.865657870455806
E218I,218,E,I,0.3680072,0.297579,20.446576859199116,19.616165344159437,0.8304115150396782
E218K,218,E,K,1.0372152,0.100841,43.97490311865658,15.68555083963831,28.289352279018267
E218L,218,E,L,0.17435117,-0.903848,13.637202435873776,3.746078612290091,9.891123823583685
E218M,218,E,M,0.27942985,-1.43335,17.43864181583318,1.9007196899797012,15.537922125853479
E218N,218,E,N,1.1299744,1.3465,47.647167374054256,39.41686658054992,8.230300793504334
E218P,218,E,P,1.4610592,1.83227,59.42055729839454,46.77984868056837,12.64070861782617
E218Q,218,E,Q,0.5317851,0.501345,26.167189518361322,24.211109060712307,1.9560804576490156
E218R,218,E,R,0.8919241,0.496317,38.51264070861782,24.02657316848127,14.486067540136553
E218S,218,E,S,0.48463374,1.64677,24.764716737405426,43.808820815648644,-19.04410407824322
E218T,218,E,T,0.4072102,0.863933,21.94131758627053,31.168112197822477,-9.226794611551949
E218V,218,E,V,0.3419233,0.669316,19.63461893338254,27.329765639416863,-7.695146706034322
E218W,218,E,W,0.59969574,0.378319,28.8983207233807,21.55379221258535,7.3445285107953495
E218Y,218,E,Y,0.64807904,0.964351,30.26388632589039,33.142646244694596,-2.8787599188042066
I219A,219,I,A,2.7266285,2.96715,91.38217383281048,62.11478132496771,29.26739250784277
I219C,219,I,C,1.8625195,3.39108,70.6587931352648,67.3556006643292,3.303192470935599
I219D,219,I,D,2.9905856,4.77904,95.2574275696623,79.57187673002399,15.68555083963831
I219F,219,I,F,1.2400525,2.66992,51.81767853847573,58.7746816755859,-6.957003137110171
I219G,219,I,G,2.8250299,5.03995,93.02454327366672,81.08507104631852,11.939472227348205
I219H,219,I,H,2.6676557,3.3573,90.21959771175494,66.93116811219782,23.28842959955712
I219K,219,I,K,2.7357528,4.0019,91.60361690348773,73.002398966599,18.60121793688873
I219L,219,I,L,0.9000247,0.497853,38.69717660084886,24.100387525373684,14.59678907547518
I219M,219,I,M,1.4454868,0.289733,58.86694962170142,19.4316294519284,39.43532016977302
I219N,219,I,N,2.7297568,4.17893,91.4375346004798,74.4786861044473,16.958848496032488
I219P,219,I,P,2.5812385,6.00689,88.48496032478317,86.2336224395645,2.2513378852186747
I219Q,219,I,Q,2.5261455,4.35356,87.04558036538107,75.844251706957,11.201328658424075
I219R,219,I,R,2.9795864,6.77012,95.12825244510057,88.81712493079904,6.311127514301532
I219S,219,I,S,2.9641528,3.98338,94.92526296364643,72.87322384203728,22.052039121609155
I219T,219,I,T,2.0417552,2.23596,75.34600479793319,52.94334748108507,22.40265731684812
I219V,219,I,V,0.33112964,1.15449,19.154825613581842,36.187488466506736,-17.032662852924894
R220A,220,R,A,1.2419636,0.629284,51.87303930614504,26.59162207049271,25.281417235652327
R220C,220,R,C,1.3017399,0.613125,53.810666174570954,26.35172541059236,27.458940763978596
R220D,220,R,D,2.316682,2.0014,82.10001845358921,49.71396936704189,32.386049086547324
R220E,220,R,E,2.2357914,0.985074,80.29156670972503,33.456357261487355,46.83520944823768
R220F,220,R,F,0.53200114,0.396315,26.20409669680753,21.996678353939842,4.207418342867687
R220G,220,R,G,1.7942196,1.95614,68.90570215906993,49.012732976563946,19.892969182505986
R220H,220,R,H,1.0040329,2.12506,42.793873408377934,51.61468905702159,-8.82081564864366
R220I,220,R,I,1.3967258,0.133061,56.818601217936894,16.312972873223842,40.50562834471305
R220K,220,R,K,0.5111936,0.524955,25.74275696622993,24.6355416128437,1.1072153533862306
R220L,220,R,L,1.0705982,-0.598827,45.34046872116627,6.034323675954973,39.306145045211295
R220M,220,R,M,1.1461827,0.111682,48.14541428307806,15.814725964200038,32.330688318878025
R220N,220,R,N,1.9654967,1.19335,73.38992434028418,36.833364089315374,36.55656025096881
R220P,220,R,P,1.834203,4.84398,69.92064956634066,80.01476287137848,-10.094113305037823
R220Q,220,R,Q,1.4442954,-0.270097,58.793135264809,9.725041520575752,49.06809374423325
R220S,220,R,S,1.5369699,0.186735,61.69034877283631,17.401734637386973,44.288614135449336
R220T,220,R,T,1.9952387,1.04885,74.16497508765455,34.545119025650486,39.61985606200407
R220V,220,R,V,1.8799969,1.90716,71.32312234729655,48.09005351540875,23.2330688318878
R220W,220,R,W,0.8435539,1.56841,36.81491050009227,42.77541981915483,-5.9605093190625595
R220Y,220,R,Y,0.73910916,1.33305,33.253367780033216,39.103155563757156,-5.84978778372394
Q221A,221,Q,A,0.19569096,0.198861,14.522974718582764,17.733899243402842,-3.2109245248200775
Q221C,221,Q,C,0.14260596,1.09743,12.65916220704927,35.30171618379775,-22.64255397674848
Q221D,221,Q,D,0.5003962,0.918899,25.299870824875438,32.33068831887802,-7.03081749400258
Q221E,221,Q,E,-0.0062317043,0.265521,7.565971581472597,19.081011256689425,-11.515039675216828
Q221F,221,Q,F,0.030141901,0.555373,8.820815648643661,25.26296364642923,-16.44214799778557
Q221G,221,Q,G,0.70351803,0.372497,32.01697730208525,21.36925632035431,10.647720981730942
Q221H,221,Q,H,0.14643541,0.652127,12.825244510057207,26.997601033400997,-14.17235652334379
Q221I,221,Q,I,0.21646535,0.413966,15.242664698283818,22.384203727625025,-7.141539029341207
Q221K,221,Q,K,-0.18635473,0.264035,2.786491972688688,19.00719689979701,-16.220704927108322
Q221L,221,Q,L,-0.0017117143,0.500684,7.805868241372947,24.1742018822661,-16.368333640893155
Q221M,221,Q,M,-0.07775244,0.090617,4.92710832256874,15.464107768961064,-10.536999446392324
Q221N,221,Q,N,0.39655572,0.079149,21.479977855692933,15.298025465953128,6.181952389739806
Q221P,221,Q,P,1.3537741,3.38342,55.453035615427204,67.24487912899059,-11.791843513563386
Q221R,221,Q,R,-0.15633605,0.488844,3.3216460601587006,23.860490865473334,-20.538844805314632
Q221S,221,Q,S,0.42692357,0.549272,22.47647167374054,25.20760287875992,-2.7311312050193806
Q221T,221,Q,T,0.2945636,0.196643,17.955342314080088,17.62317770806422,0.33216460601586917
Q221V,221,Q,V,0.35959372,0.589568,20.09595866396014,25.92729285846097,-5.83133419450083
Q221W,221,Q,W,0.15286435,0.20451,13.028233991511348,17.881527957187675,-4.853293965676327
Q221Y,221,Q,Y,0.03130035,0.609063,8.91308359475918,26.24100387525374,-17.32792028049456
Y222A,222,Y,A,1.7047678,2.72118,66.45137479239712,59.309835763055915,7.141539029341203
Y222C,222,Y,C,1.3714173,2.18261,55.93282893522791,52.426646982838164,3.5061819523897455
Y222D,222,Y,D,2.6072114,3.9111,88.96475364458387,72.24580180845174,16.71895183613212
Y222E,222,Y,E,2.4824398,3.58207,86.12290090422587,69.51467060343236,16.608230300793508
Y222F,222,Y,F,-0.05914556,0.100942,5.536076766931168,15.704004428861412,-10.167927661930243
Y222G,222,Y,G,2.2188964,3.22196,79.86713415759365,65.54714892046502,14.319985237128634
Y222H,222,Y,H,1.4374797,0.579623,58.53478501568555,25.77966414467614,32.75512087100941
Y222I,222,Y,I,2.3216257,3.49733,82.24764716737405,68.53663037460787,13.711016792766188
Y222K,222,Y,K,2.6436563,2.32368,89.79516515962355,54.21664513747923,35.57852002214432
Y222L,222,Y,L,2.2166924,-0.147299,79.79331980070124,11.533493264439935,68.2598265362613
Y222M,222,Y,M,1.8714364,0.253547,70.95405056283447,18.76730023989666,52.18675032293781
Y222N,222,Y,N,2.2310948,2.38026,80.18084517438642,55.02860306329581,25.152242111090608
Y222P,222,Y,P,3.2310822,4.97577,97.37959033031925,80.86362797564126,16.51596235467798
Y222Q,222,Y,Q,2.5404196,2.75281,87.35929138217384,59.7342683151873,27.625023066986536
Y222R,222,Y,R,2.215088,2.2213,79.75641262225503,52.83262594574645,26.923786676508577
Y222S,222,Y,S,1.9740642,3.05798,73.55600664329212,63.443439749031185,10.112566894260937
Y222T,222,Y,T,2.6821437,1.89823,90.60712308544012,47.960878390847014,42.64624469459311
Y222V,222,Y,V,2.390716,1.89956,83.98228455434582,47.97933198007012,36.0029525742757
Y222W,222,Y,W,0.5243478,0.347104,26.093375161468906,20.797195054438088,5.296180107030818
C223A,223,C,A,1.5401832,3.42969,61.80107030817494,67.89075475179922,-6.089684443624279
C223D,223,C,D,2.43567,9.96681,85.03413914006273,94.02103709171435,-8.986897951651613
C223E,223,C,E,3.0283127,12.0145,95.57113858645506,95.47887064033954,0.09226794611552691
C223F,223,C,F,2.6530795,15.041,89.90588669496216,96.82598265362613,-6.920095958663964
C223G,223,C,G,2.4121995,4.36561,84.42517069570032,75.93651965307252,8.488651042627794
C223H,223,C,H,2.8324218,14.9297,93.20907916589776,96.75216829673371,-3.543089130835952
C223I,223,C,I,2.1057954,8.07324,77.11754936335117,91.41908101125668,-14.301531647905506
C223K,223,C,K,3.3469417,15.2908,98.0992803100203,96.97361136741097,1.1256689426093374
C223L,223,C,L,2.3680835,7.82099,83.4471304668758,90.9946484591253,-7.547517992249496
C223M,223,C,M,2.4759974,9.76869,85.99372577966415,93.85495478870641,-7.861229009042262
C223N,223,C,N,2.756369,8.70756,91.91732792028048,92.4155748293043,-0.49824690902381974
C223P,223,C,P,3.1516688,9.23061,96.77062188595681,93.24598634434398,3.524635541612838
C223Q,223,C,Q,2.9349496,10.3173,94.61155194685367,94.26093375161469,0.3506181952389795
C223R,223,C,R,3.3764756,24.8121,98.28381620225134,98.68979516515962,-0.4059789629082786
C223S,223,C,S,1.7849295,3.49139,68.72116626683889,68.42590883926924,0.295257427569652
C223T,223,C,T,2.5559812,6.01999,87.80217752352833,86.30743679645691,1.4947407270714166
C223V,223,C,V,2.3081641,6.3405,81.9892969182506,87.6914559881897,-5.7021590699391
C223W,223,C,W,3.0697932,39.2174,96.05093190625577,99.72319616165343,-3.672264255397664
C223Y,223,C,Y,3.0209448,20.9627,95.47887064033954,98.26536261302823,-2.786491972688694
N224A,224,N,A,1.3400124,3.54677,54.86252076028788,69.12714522974719,-14.264624469459307
N224C,224,N,C,0.7520343,0.951182,33.714707510610815,32.88429599557114,0.8304115150396782
N224D,224,N,D,0.6772071,0.767783,31.205019376268684,29.10131020483484,2.103709171433845
N224E,224,N,E,1.0514143,1.94854,44.620778741465216,48.88355785200221,-4.2627791105369965
H225A,225,H,A,0.82412565,1.66391,36.15058128806053,44.12253183244141,-7.971950544380881
H225C,225,H,C,0.40010065,1.80721,21.646060158700866,46.466137663775605,-24.82007750507474
H225D,225,H,D,0.7767876,4.21514,34.41594390108877,74.81085071046319,-40.39490680937442
H225E,225,H,E,0.1361046,3.40984,12.400811957925818,67.66931168112198,-55.268499723196165
H225F,225,H,F,0.019191697,-0.579863,8.322568739619857,6.200405978962909,2.1221627606569484
H225G,225,H,G,1.4030554,2.26294,57.15076582395275,53.34932644399336,3.8014393799593904
H225I,225,H,I,-0.22892447,2.95011,1.9929876360952206,61.89333825429046,-59.90035061819524
H225K,225,H,K,0.97855794,2.44026,41.81583317955342,55.85901457833549,-14.043181398782068
H225L,225,H,L,-0.05120816,0.528407,5.886694962170142,24.764716737405426,-18.878021775235283
H225M,225,H,M,-0.181945,-1.0704,2.8418527403579996,3.0263886325890383,-0.18453589223103872
H225N,225,H,N,0.53400004,1.6562,26.35172541059236,44.03026388632589,-17.678538475733532
H225P,225,H,P,1.3569835,2.81598,55.545303561542724,60.306329581103526,-4.761026019560802
H225Q,225,H,Q,0.104953684,2.13287,11.367410961431998,51.72541059236021,-40.35799963092821
H225R,225,H,R,0.81485033,6.08901,35.65233437903672,86.6949621701421,-51.04262779110538
H225S,225,H,S,0.5330905,1.94314,26.277911053699942,48.846650673556006,-22.568739619856064
H225T,225,H,T,0.75564224,2.46044,33.825429045949434,56.13581841668205,-22.310389370732615
H225V,225,H,V,0.3343801,3.07865,19.265547148920465,63.66488281970844,-44.39933567078798
H225W,225,H,W,0.07409318,7.00475,10.223288429599558,89.5368149105001,-79.31352648090053
H225Y,225,H,Y,0.022151366,2.74447,8.470197453404687,59.51282524451006,-51.042627791105375
W226A,226,W,A,3.4802208,4.15204,98.80051670049824,74.16497508765455,24.63554161284368
W226C,226,W,C,2.4690075,4.67422,85.86455065510242,78.63074367964569,7.23380697545673
W226D,226,W,D,4.082101,5.47758,99.83391769699207,83.8715630190072,15.962354677984877
W226E,226,W,E,4.068034,5.05747,99.79701051854586,81.25115334932644,18.545857169219417
W226G,226,W,G,4.0897756,5.67839,99.85237128621517,84.94187119394722,14.910500092267952
W226H,226,W,H,2.6493094,2.72821,89.86897951651596,59.38365011994833,30.485329396567636
W226I,226,W,I,2.8295546,1.79661,93.11681121978225,46.281601771544565,46.835209448237684
W226K,226,W,K,3.6791434,5.6821,99.33567078796825,84.97877837239342,14.356892415574833
W226L,226,W,L,2.9649577,3.75904,94.94371655286953,71.04631850895,23.897398043919537
W226M,226,W,M,2.5436697,2.04317,87.43310573906625,50.267577043735,37.16552869533125
W226N,226,W,N,3.7484403,4.51419,99.40948514486068,77.41280679092083,21.996678353939856
W226P,226,W,P,4.1534605,5.49756,99.92618564310757,84.00073814356892,15.925447499538649
W226Q,226,W,Q,3.643781,5.67226,99.24340284185274,84.88651042627791,14.356892415574833
W226R,226,W,R,2.6344495,6.9885,89.49990773205388,89.51836132127698,-0.018453589223099698
W226S,226,W,S,3.4502563,4.27657,98.67134157593652,75.25373685181768,23.417604724118846
W226T,226,W,T,3.4770103,4.12516,98.78206311127514,73.96198560620041,24.82007750507472
W226V,226,W,V,3.4419618,3.36021,98.63443439749031,66.98652887986714,31.647905517623172
R227A,227,R,A,1.471047,1.87198,59.66045395829489,47.57335301716184,12.087100941133045
R227C,227,R,C,0.9038223,2.05298,38.88171249307991,50.41520575751984,-11.533493264439933
R227D,227,R,D,2.3411374,7.74293,82.85661561173649,90.81011256689426,-7.9534969551577746
R227E,227,R,E,2.0051668,8.56419,74.3864181583318,92.28639970474258,-17.899981546410785
R227F,227,R,F,1.0381253,1.73003,44.04871747554899,45.06366488281971,-1.0149474072707179
R227G,227,R,G,1.8723013,2.70527,70.97250415205758,59.143753460047975,11.828750692009606
R227H,227,R,H,0.7382985,2.79702,33.21646060158701,60.12179368887248,-26.90533308728547
R227I,227,R,I,0.85557526,1.76652,37.25779664144676,45.72799409485145,-8.470197453404687
R227K,227,R,K,0.71987736,2.06807,32.625945746447684,50.562834471304676,-17.936888724856992
R227L,227,R,L,0.66842234,2.42091,30.96512271636833,55.69293227532756,-24.727809558959226
R227M,227,R,M,0.76294243,2.46657,34.02841852740358,56.28344713046688,-22.2550286030633
R227N,227,R,N,1.9407752,3.13932,72.91013102048348,64.55065510241742,8.359475918066053
R227P,227,R,P,2.3643813,4.43237,83.4286768776527,76.60084886510427,6.827828012548437
R227Q,227,R,Q,1.0280755,3.59501,43.5689241557483,69.64384572799409,-26.074921572245792
R227S,227,R,S,1.5311098,1.55786,61.39509134526665,42.6462446945931,18.74884665067355
R227T,227,R,T,1.4799846,1.30807,59.97416497508765,38.69717660084886,21.27698837423879
R227V,227,R,V,1.082885,3.39292,45.76490127329766,67.39250784277542,-21.627606569477756
R227W,227,R,W,1.2346239,5.18337,51.6700498246909,82.0446576859199,-30.374607861229002
R227Y,227,R,Y,1.26167,2.8367,52.518914928953684,60.601587008673185,-8.0826720797195
N228A,228,N,A,1.3884284,0.827377,56.50489020114412,30.42996862889832,26.074921572245803
N228C,228,N,C,0.69597936,0.608161,31.795534231408006,26.20409669680753,5.591437534600477
N228D,228,N,D,0.90737474,0.50368,39.047794796087835,24.26646982838162,14.781324967706215
N228E,228,N,E,1.2119937,1.98381,50.784277541981915,49.47407270714154,1.310204834840377
N228F,228,N,F,0.7796758,8.91097,34.48975825798118,92.84000738143568,-58.3502491234545
N228G,228,N,G,1.1492252,1.9814,48.219228639970474,49.45561911791844,-1.236390477947964
N228H,228,N,H,0.929873,4.1003,40.11810297102787,73.70363535707695,-33.58553238604908
N228I,228,N,I,0.30352497,0.173482,18.213692563203544,17.180291566709723,1.0334009964938211
N228K,228,N,K,1.7173986,0.987652,66.72817863074368,33.60398597527219,33.1241926554715
N228L,228,N,L,0.8651842,-1.95254,37.62686842590884,1.1625761210555454,36.464292304853295
N228T,228,N,T,1.0002446,1.30176,42.59088392692379,38.53109429784093,4.059789629082857
N228V,228,N,V,0.78741574,-1.20289,34.74810850710463,2.5835024912345452,32.164606015870085
N228W,228,N,W,0.9463518,5.84209,40.708617826167185,85.66156117364827,-44.95294334748108
N228Y,228,N,Y,0.4060823,4.72302,21.84904964015501,79.1289905886695,-57.279940948514486
A230C,230,A,C,-0.022324437,0.394386,6.957003137110168,21.94131758627053,-14.984314449160362
A230D,230,A,D,-0.07162924,0.186013,5.148551393245986,17.383281048163866,-12.23472965491788
A230E,230,A,E,-0.24627094,-0.167923,1.7715445654179738,11.219782247647167,-9.448237682229193
A230F,230,A,F,-0.24958894,-0.56221,1.6792766193024544,6.311127514301532,-4.6318508949990775
A230G,230,A,G,0.4426093,0.986243,23.2146152426647,33.530171618379775,-10.315556375715076
A230H,230,A,H,-0.1910496,-0.28747,2.6573168481269605,9.540505628344713,-6.883188780217752
A230I,230,A,I,-0.11020745,-0.474655,4.188964753644584,7.104631850894999,-2.915667097250415
A230K,230,A,K,-0.33661333,-0.693577,0.8857722827089869,5.1670049824690905,-4.281232699760103
A230L,230,A,L,-0.354364,-0.340268,0.7935043365934674,8.76545488097435,-7.971950544380882
A230M,230,A,M,-0.2962949,-0.692281,1.1810297102786491,5.203912160915298,-4.022882450636649
A230N,230,A,N,-0.050620265,0.532422,5.905148551393246,24.93079904041336,-19.025650489020112
A230P,230,A,P,0.39005086,-1.86304,21.184720428123267,1.2548440671710648,19.929876360952203
A230Q,230,A,Q,-0.28191498,0.038604,1.3102048348403763,14.596789075475181,-13.286584240634804
A230R,230,A,R,-0.23704699,-0.336425,1.9007196899797012,8.802362059420558,-6.901642369440856
A230S,230,A,S,-0.015087912,0.427899,7.141539029341207,22.642553976748477,-15.50101494740727
A230T,230,A,T,0.2101378,0.939818,14.984314449160363,32.66285292489389,-17.678538475733525
A230V,230,A,V,0.04981062,0.225695,9.503598449898504,18.324414098542167,-8.820815648643663
A230W,230,A,W,-0.22539267,-0.836274,2.08525558221074,4.059789629082856,-1.9745340468721162
A230Y,230,A,Y,-0.27312598,-0.572378,1.365565602509688,6.274220335855324,-4.908654733345635
D231A,231,D,A,0.05334379,-0.981712,9.66968075290644,3.4323675954973245,6.237313157409116
D231C,231,D,C,-0.04088645,-1.15928,6.218859568186012,2.7126776157962724,3.5061819523897397
D231E,231,D,E,0.42875656,-0.648485,22.587193209079164,5.536076766931168,17.051116442147997
D231F,231,D,F,0.047977842,-1.39163,9.466691271452298,2.029894814541428,7.436796456910869
D231G,231,D,G,0.1818336,-0.431382,14.098542166451375,7.695146706034324,6.403395460417052
D231H,231,D,H,0.22970185,-2.07689,15.68555083963831,0.9042258719320908,14.781324967706219
D231I,231,D,I,0.1598594,-1.95027,13.249677062188594,1.199483299501753,12.050193762686842
D231K,231,D,K,0.40318766,-1.84267,21.719874515593283,1.3286584240634802,20.391216091529802
D231L,231,D,L,0.30397704,-1.97032,18.25059974164975,1.0887617641631298,17.16183797748662
D231M,231,D,M,0.10388459,-0.27919,11.312050193762687,9.632773574460233,1.6792766193024544
D231N,231,D,N,0.124877885,-1.74578,12.068647351909947,1.5131943162945192,10.555453035615427
D231P,231,D,P,0.47861806,-2.10045,24.524820077505076,0.8488651042627792,23.6759549732423
D231Q,231,D,Q,0.23286264,-2.04657,15.77781878575383,0.9780402288245064,14.799778556929324
D231R,231,D,R,0.15913951,-2.0335,13.231223472965493,1.014947407270714,12.216276065694778
D231S,231,D,S,-0.096627034,-1.08982,4.576490127329766,2.934120686473519,1.642369440856247
D231T,231,D,T,0.15674809,-1.18477,13.102048348403764,2.6388632589038568,10.463185089499907
D231W,231,D,W,0.019641113,-1.36731,8.34102232884296,2.122162760656948,6.218859568186012
D231Y,231,D,Y,0.055154014,-1.83717,9.725041520575752,1.365565602509688,8.359475918066064
D233A,233,D,A,0.1405391,0.667786,12.529987082487542,27.29285846097066,-14.762871378483117
D233C,233,D,C,-0.14863218,-0.83988,3.450821184720428,4.041336039859752,-0.590514855139324
D233E,233,D,E,-0.2962367,0.328746,1.199483299501753,20.24358737774497,-19.044104078243215
D233F,233,D,F,-0.5765089,-0.969873,0.11072153533862336,3.487728363166636,-3.3770068278280125
D233G,233,D,G,0.44702092,0.083529,23.39915113489574,15.353386233622441,8.045764901273298
D233H,233,D,H,-0.34247184,-1.44919,0.8488651042627792,1.8453589223103892,-0.9964938180476101
D233I,233,D,I,-0.20960578,-0.793551,2.41742018822661,4.318139878206311,-1.9007196899797005
D233K,233,D,K,-0.27275938,-1.02858,1.384019191732792,3.229378114043181,-1.8453589223103892
D233L,233,D,L,-0.4437252,-0.713921,0.350618195238974,5.056283447130467,-4.705665251891493
D233M,233,D,M,-0.45657372,-2.30924,0.3137110167927662,0.6274220335855324,-0.3137110167927662
D233N,233,D,N,-0.0015111476,-1.84532,7.861229009042258,1.3102048348403763,6.551024174201882
S235A,235,S,A,0.34719855,2.05284,19.819154825613584,50.39675216829673,-30.577597342683145
K237A,237,K,A,-0.042066555,-0.148598,6.1450452112935965,11.51503967521683,-5.369994463923233
K237C,237,K,C,-0.019986523,0.53095,7.086178261671895,24.856984683520945,-17.770806421849052
K237D,237,K,D,0.088667564,-0.07067,10.832256873961986,12.751430153164792,-1.9191732792028056
K237E,237,K,E,-0.093321785,-0.30723,4.650304484222182,9.208341022328844,-4.558036538106662
K237F,237,K,F,0.007763685,-0.027951,8.064218490496401,13.471120132865844,-5.4069016423694425
K237G,237,K,G,0.0865462,0.350846,10.703081749400258,20.889463000553608,-10.18638125115335
K237H,237,K,H,0.06786613,0.428894,10.09411330503783,22.66100756597158,-12.56689426093375
K237I,237,K,I,0.31825358,-0.439756,18.73039306145045,7.473703635357076,11.256689426093374
K237L,237,K,L,0.07913418,-0.781721,10.407824321830596,4.428861413544935,5.978962908285661
K237M,237,K,M,0.14083603,-0.769108,12.56689426093375,4.558036538106662,8.008857722827088
K237N,237,K,N,0.13618371,0.577389,12.419265547148921,25.74275696622993,-13.323491419081009
K237P,237,K,P,0.5153662,-2.09076,25.89038568001476,0.8673186934858831,25.023066986528875
K237Q,237,K,Q,0.10949893,0.189004,11.459678907547518,17.457095405056283,-5.997416497508764
K237R,237,K,R,-0.16688558,0.141552,3.137110167927662,16.571323122347298,-13.434212954419635
K237S,237,K,S,-0.0015563719,0.311747,7.842775419819155,19.892969182505997,-12.050193762686842
K237T,237,K,T,0.007939705,-0.248303,8.082672079719504,10.09411330503783,-2.0114412253183254
K237V,237,K,V,0.2504758,0.343817,16.368333640893155,20.723380697545675,-4.35504705665252
K237W,237,K,W,-0.15113199,0.147795,3.4139140062742204,16.718951836132128,-13.305037829857907
K237Y,237,K,Y,0.0010270923,0.08474,7.916589776711571,15.390293412068647,-7.473703635357077
K240A,240,K,A,-0.05421691,0.166291,5.757519837608415,17.0695700313711,-11.312050193762685
K240C,240,K,C,-0.23632988,0.613879,1.9191732792028051,26.443993356707878,-24.524820077505073
K240D,240,K,D,1.3342088,1.79414,54.69643845727994,46.24469459309836,8.45174386418158
K240E,240,K,E,0.3093187,2.00932,18.490496401550104,49.787783723934304,-31.2972873223842
K240F,240,K,F,0.48502165,2.34262,24.78317032662853,54.5119025650489,-29.72873223842037
K240G,240,K,G,1.0488763,1.59262,44.5654179737959,43.1075844251707,1.457833548625203
K240H,240,K,H,0.9838231,3.69744,41.92655471489204,70.6034323675955,-28.67687765270346
K240I,240,K,I,0.030110482,1.05133,8.802362059420558,34.56357261487359,-25.761210555453033
K240L,240,K,L,-0.2199795,1.24057,2.195977117549363,37.62686842590884,-35.43089130835948
K240M,240,K,M,0.11881477,-0.69047,11.791843513563387,5.240819339361505,6.551024174201882
K240N,240,K,N,0.96626216,1.21908,41.37294703819893,37.23934305222365,4.133603985975277
K240P,240,K,P,2.2708764,4.70563,81.0666174570954,78.99981546410777,2.066801992987635
K240Q,240,K,Q,0.17653982,0.374828,13.840191917327921,21.443070677246727,-7.602878759918806
K240R,240,K,R,0.117743395,1.33383,11.773389924340284,39.140062742203355,-27.36667281786307
K240S,240,K,S,0.24602862,0.866679,16.220704927108322,31.241926554714894,-15.021221627606572
K240T,240,K,T,0.27126545,1.72623,17.124930799040413,44.93448975825798,-27.80955895921757
K240V,240,K,V,-0.0060041635,1.54331,7.584425170695701,42.443255213138954,-34.85883004244325
K240W,240,K,W,0.290768,4.69044,17.881527957187675,78.79682598265363,-60.91529802546596
K240Y,240,K,Y,0.56186694,5.85633,27.40357999630928,85.7353755305407,-58.33179553423142
L243P,243,L,P,2.7314165,7.55949,91.5113489573722,90.38568001476287,1.1256689426093374
L243Q,243,L,Q,2.1072392,3.46146,77.2282708986898,68.14910500092269,9.079165897767112
L243R,243,L,R,1.9850886,4.37471,73.9435320169773,75.99188042074184,-2.0483484037645354
L243S,243,L,S,2.113717,4.01912,77.41280679092083,73.15002768038383,4.2627791105369965
L243T,243,L,T,1.9303567,2.97943,72.59642000369072,62.446945930983574,10.14947407270715
L243V,243,L,V,0.9980267,1.71798,42.55397674847758,44.78686104447315,-2.232884295995568
L243W,243,L,W,1.0314786,8.61049,43.716552869533125,92.30485329396568,-48.58830042443255
L243Y,243,L,Y,1.2664592,6.88319,52.66654364273852,89.20465030448422,-36.5381066617457
T246A,246,T,A,0.68579054,0.343071,31.500276803838346,20.70492710832257,10.795349695515778
T246C,246,T,C,0.23767564,0.448363,15.999261856431076,23.103893707326076,-7.104631850895
T246D,246,T,D,0.8306472,2.75688,36.44583871563019,59.78962908285661,-23.34379036722642
T246E,246,T,E,0.9301154,1.69054,40.136556560250966,44.5654179737959,-4.4288614135449365
T246F,246,T,F,-0.3290339,-4.18211,0.9226794611551946,0.05536076766931168,0.867318693485883
T246G,246,T,G,1.5491035,2.01255,62.170142092637015,49.84314449160362,12.326997601033398
T246H,246,T,H,0.7164876,-0.916302,32.533677800332164,3.709171433843882,28.824506366488283
T246I,246,T,I,0.3355893,-2.85065,19.376268684259088,0.4059789629082856,18.970289721350802
T246K,246,T,K,2.1219432,0.459416,77.54198191548257,23.36224395644953,54.179737959033034
T246L,246,T,L,0.78013605,-1.80399,34.50821184720428,1.4209263701789998,33.08728547702528
T246M,246,T,M,-0.051300514,-3.45695,5.868241372947038,0.18453589223103894,5.683705480715999
T246N,246,T,N,0.6519736,0.146207,30.300793504336593,16.68204465768592,13.618748846650671
T246P,246,T,P,2.7195578,4.68758,91.23454511902564,78.7230116257612,12.511533493264437
T246Q,246,T,Q,1.0957779,0.341738,46.300055360767665,20.52039121609153,25.779664144676136
T246R,246,T,R,2.18022,-0.067764,78.85218675032294,12.806790920834102,66.04539582948884
T246S,246,T,S,0.41681352,0.612439,22.18121424617088,26.314818232146152,-4.13360398597527
T246V,246,T,V,0.03423034,-1.25898,9.023805130097804,2.3620594205572982,6.661745709540506
T246W,246,T,W,0.79423463,-2.99585,34.96955157778188,0.350618195238974,34.618933382542906
T246Y,246,T,Y,0.17827234,-1.82346,13.950913452666544,1.384019191732792,12.566894260933752
F248H,248,F,H,0.38679713,0.42593,21.037091714338437,22.587193209079164,-1.5501014947407263
F248I,248,F,I,0.6459476,0.323237,30.208525558221073,20.132865842406346,10.075659715814727
F248K,248,F,K,0.36289984,-0.329433,20.317401734637386,8.91308359475918,11.404318139878205
F248L,248,F,L,0.025446936,-0.086432,8.654733345635726,12.437719136372024,-3.782985790736298
F248M,248,F,M,0.460292,-0.23054,23.860490865473334,10.297102786491973,13.563388078981362
F248N,248,F,N,0.91828746,0.407689,39.58294888355785,22.218121424617088,17.36482745894076
F248P,248,F,P,2.462614,2.56724,85.68001476287138,57.556744786861046,28.123269976010334
F248Q,248,F,Q,0.6598943,-0.321726,30.66986528879867,8.931537183982284,21.738328104816382
F248R,248,F,R,0.31619298,-0.478224,18.67503229378114,7.030817494002584,11.644214799778556
F248S,248,F,S,0.43904915,0.523921,23.12234729654918,24.617088023620596,-1.4947407270714166
F248T,248,F,T,0.8394742,0.788332,36.68573537553054,29.636464292304854,7.049271083225687
F248V,248,F,V,0.50846434,0.888488,25.63203543089131,31.795534231408006,-6.163498800516695
F248W,248,F,W,0.21341427,-0.089393,15.076582395275882,12.382358368702713,2.6942240265731687
F248Y,248,F,Y,-0.0135703385,0.007042,7.196899797010518,14.043181398782062,-6.846281601771544
Q250A,250,Q,A,1.7609917,0.377027,68.03838346558405,21.535338623362243,46.503044842221804
Q250C,250,Q,C,1.6860447,0.437987,65.8608599372578,22.863997047425723,42.99686288983207
Q250D,250,Q,D,2.658109,2.71952,89.97970105185459,59.27292858460971,30.706772467244882
Q250E,250,Q,E,0.965706,1.42137,41.336039859752724,40.55176231777081,0.7842775419819148
Q250F,250,Q,F,1.4228694,-0.431383,57.92581657132312,7.6766931168112205,50.249123454511896
Q250G,250,Q,G,2.03845,1.51403,75.23528326259458,41.83428676877653,33.40099649381805
Q250H,250,Q,H,1.66762,-0.220979,65.41797379590331,10.444731500276804,54.973242295626505
Q250I,250,Q,I,2.0862522,1.02695,76.49012732976564,34.23140800885772,42.25871932090792
Q250K,250,Q,K,2.0212705,-0.438515,74.99538660269423,7.529064403026389,67.46632219966784
Q250L,250,Q,L,2.0272303,1.22256,75.08765454880975,37.35006458756228,37.73758996124747
Q250M,250,Q,M,1.1387945,-0.731586,47.923971212400815,4.92710832256874,42.99686288983207
Q250N,250,Q,N,2.0224257,0.722076,75.06920095958664,28.4369809928031,46.63221996678354
Q250P,250,Q,P,2.8214607,2.07959,92.98763609522052,50.82118472042813,42.166451374792395
Q250R,250,Q,R,1.641897,-0.20008,64.69828381620225,10.776896106292675,53.921387709909574
Q250S,250,Q,S,1.8252776,0.356274,69.6992064956634,21.00018453589223,48.69902195977117
Q250T,250,Q,T,2.5553703,1.00539,87.78372393430523,33.917696992064954,53.866026942240275
Q250V,250,Q,V,2.625333,-0.761678,89.27846466137663,4.59494371655287,84.68352094482375
Q250W,250,Q,W,1.2234234,0.363895,51.22716368333641,21.203174017346374,30.023989665990033
Q250Y,250,Q,Y,1.535601,0.156901,61.634988005167,16.88503413914006,44.74995386602694
E251A,251,E,A,-0.052728374,0.075217,5.794427016054623,15.26111828750692,-9.466691271452296
E251C,251,E,C,-0.11002644,0.256335,4.207418342867688,18.914928953681493,-14.707510610813806
E251D,251,E,D,-0.16981858,0.126817,3.0817494002583503,16.16534415943901,-13.08359475918066
E251F,251,E,F,-0.05653157,0.020893,5.665251891492895,14.264624469459312,-8.599372577966417
E251G,251,E,G,0.12371943,0.476571,12.013286584240635,23.602140616349878,-11.588854032109243
E251H,251,E,H,-0.008008299,0.866653,7.473703635357076,31.223472965491787,-23.74976933013471
E251I,251,E,I,-0.023383409,0.081045,6.938549547887065,15.334932644399334,-8.39638309651227
E251K,251,E,K,0.013497675,-0.899018,8.156486436611921,3.7645322015131946,4.391954235098726
E251L,251,E,L,-0.052357815,0.176835,5.812880605277726,17.272559512825243,-11.459678907547517
E251M,251,E,M,-0.04373927,0.235895,6.089684443624285,18.564310758442517,-12.47462631481823
E251N,251,E,N,-0.026461173,0.158277,6.846281601771545,16.958848496032477,-10.112566894260933
E251P,251,E,P,0.02256507,-0.834003,8.525558221073998,4.0782432183059605,4.447315002768038
E251Q,251,E,Q,0.020857897,0.036784,8.414836685735375,14.559881897028973,-6.145045211293597
E251R,251,E,R,0.043486826,-0.767469,9.300608968444363,4.576490127329766,4.724118841114597
E251S,251,E,S,-0.13729015,0.264415,3.6538106661745706,19.062557667466322,-15.40874700129175
E251T,251,E,T,-0.00847771,0.529075,7.418342867687764,24.820077505074735,-17.401734637386973
E251V,251,E,V,0.15107271,0.638069,12.93596604539583,26.77615796272375,-13.840191917327921
E251W,251,E,W,-0.11390166,-0.161474,4.041336039859752,11.275143015316479,-7.2338069754567265
E251Y,251,E,Y,-0.03470658,0.145844,6.4772098173094665,16.645137479239715,-10.167927661930248
R252A,252,R,A,0.011482562,0.9257,8.119579258165713,32.441409854216644,-24.32183059605093
R252C,252,R,C,-0.07578408,1.27944,5.019376268684259,38.18047610260196,-33.161099833917696
R252D,252,R,D,0.2640892,1.27639,16.92194131758627,38.143568924155744,-21.221627606569474
R252E,252,R,E,-0.11856679,0.945853,3.9121609152980255,32.75512087100941,-28.842959955711386
R252F,252,R,F,-0.22063732,0.450261,2.1775235283262595,23.159254474995386,-20.981730946669128
R252G,252,R,G,0.23930638,1.92349,16.054622624100386,48.403764532201514,-32.34914190810113
R252H,252,R,H,0.14210987,1.17394,12.622255028603064,36.482745894076395,-23.86049086547333
R252I,252,R,I,-0.16442955,-0.477301,3.1924709355969734,7.049271083225688,-3.8568001476287144
R252K,252,R,K,0.49083218,0.671951,25.004613397305775,27.38512640708618,-2.3805130097804046
R252L,252,R,L,-0.41482812,-0.629118,0.4797933198007013,5.683705480715999,-5.203912160915298
R252M,252,R,M,-0.33161378,-1.95147,0.9042258719320908,1.1810297102786491,-0.2768038383465583
R252N,252,R,N,0.46603847,1.5877,24.045026757704374,42.978409300608966,-18.933382542904592
R252P,252,R,P,0.9105501,3.04154,39.15851633142646,63.22199667835394,-24.063480346927477
R252Q,252,R,Q,0.09297036,0.999606,10.979885587746816,33.825429045949434,-22.84554345820262
R252S,252,R,S,0.08289588,0.110696,10.555453035615427,15.759365196530725,-5.203912160915298
R252T,252,R,T,-0.033439137,1.0067,6.5694777634249855,33.93615058128806,-27.366672817863076
R252V,252,R,V,-0.076910466,-0.07829,4.9455619117918435,12.585347850156856,-7.639785938365012
R252W,252,R,W,-0.32567227,1.12127,0.9411330503782986,35.68924155748293,-34.74810850710463
R252Y,252,R,Y,-0.3592527,1.32375,0.701236390477948,38.91861967152611,-38.217383281048164
V254A,254,V,A,1.4079624,0.993834,57.31684812696069,33.75161468905702,23.56523343790367
V254C,254,V,C,0.8122463,0.976005,35.59697361136741,33.29027495847943,2.306698652887981
V254D,254,V,D,2.1414075,2.9662,77.80033216460602,62.077874146521495,15.722458018084524
V254E,254,V,E,1.5957979,1.78461,63.517254105923605,46.097065879313526,17.42018822661008
V254F,254,V,F,1.1451974,1.50709,48.108507104631855,41.7235652334379,6.384941871193952
V254G,254,V,G,2.015785,2.5261,74.77394353201697,57.04004428861413,17.73389924340284
V254H,254,V,H,1.5934403,1.37218,63.351171802915665,39.80439195423509,23.546779848680572
V254I,254,V,I,0.35721883,-0.873925,19.985237128621517,3.819892969182506,16.16534415943901
V254K,254,V,K,1.1227558,1.24897,47.296549178815276,37.77449713969367,9.522052039121604
V254L,254,V,L,0.8567527,0.643371,37.31315740911607,26.83151873039306,10.481638678723012
V254M,254,V,M,0.8597757,-1.30935,37.4423325336778,2.2513378852186747,35.190994648459125
V254N,254,V,N,1.8732239,2.15514,71.00941133050378,52.057575198376085,18.951836132127696
V254P,254,V,P,1.7216915,4.01398,66.87580734452851,73.11312050193763,-6.237313157409119
V254Q,254,V,Q,1.361045,0.917989,55.63757150765824,32.31223472965492,23.32533677800332
V254R,254,V,R,1.0715379,1.18387,45.451190256504894,36.648828197084335,8.80236205942056
V254S,254,V,S,1.7664515,1.53898,68.2598265362613,42.350987267023434,25.908839269237866
V254T,254,V,T,1.0856636,1.52942,45.87562280863628,42.11109060712309,3.764532201513191
V254W,254,V,W,1.3138015,1.70327,54.179737959033034,44.67613950913453,9.503598449898504
V254Y,254,V,Y,1.1798477,1.02775,49.54788706403395,34.24986159808083,15.298025465953124
V256A,256,V,A,0.8206458,1.12748,36.002952574275696,35.78150950359845,0.2214430706772461
V256C,256,V,C,0.70657367,0.912138,32.164606015870085,32.2199667835394,-0.055360767669313304
V256D,256,V,D,1.8371853,1.60938,70.03137110167927,43.34748108507105,26.683890016608217
V256E,256,V,E,1.1400568,0.916431,47.960878390847014,32.29378114043182,15.667097250415196
V256F,256,V,F,0.21996482,1.45898,15.390293412068647,41.07768961062927,-25.687396198560624
V256G,256,V,G,1.5213845,2.49732,61.1367410961432,56.63406532570585,4.5026757704373495
V256H,256,V,H,0.46922016,2.56324,24.063480346927477,57.51983760841484,-33.45635726148736
V256I,256,V,I,-0.17653742,-0.210287,2.934120686473519,10.592360214061634,-7.6582395275881145
V256K,256,V,K,0.55107325,1.20983,27.052961801070307,37.07326074921573,-10.02029894814542
V256L,256,V,L,1.0580301,0.593231,44.87912899058867,26.001107215353386,18.878021775235283
V256M,256,V,M,0.27503166,0.236096,17.25410592360214,18.58276434766562,-1.3286584240634802
V256N,256,V,N,1.3370371,0.964413,54.75179922494925,33.161099833917696,21.590699391031556
V256P,256,V,P,0.7616458,0.93183,33.973057759734274,32.552131389555264,1.4209263701790107
V256Q,256,V,Q,0.70590556,1.34064,32.146152426646985,39.26923786676508,-7.123085440118096
V256R,256,V,R,0.9612843,1.15735,41.169957556744784,36.26130282339915,4.908654733345635
V256S,256,V,S,1.0325382,2.04097,43.808820815648644,50.19376268684259,-6.384941871193945
V256T,256,V,T,0.99415815,1.83694,42.31408008857723,46.890570215907,-4.57649012732977
V256W,256,V,W,0.43700933,0.583632,23.048532939656763,25.83502491234545,-2.7864919726886868
V256Y,256,V,Y,0.41193932,0.289052,22.107399889278465,19.413175862705295,2.6942240265731705
A257C,257,A,C,1.1788412,2.3737,49.47407270714154,54.93633511718029,-5.462262410038754
A257D,257,A,D,2.5833,3.77203,88.55877468167559,71.1570400442886,17.40173463738698
A257E,257,A,E,2.2615013,6.7293,80.84517438641817,88.70640339546043,-7.861229009042262
A257F,257,A,F,2.376204,17.8519,83.66857353755306,97.54567263332719,-13.877099095774128
A257G,257,A,G,1.2451786,1.32694,52.00221443070677,38.97398043919542,13.02823399151135
A257H,257,A,H,2.1807666,13.7643,78.94445469643846,96.1985606200406,-17.25410592360214
A257I,257,A,I,2.0607977,4.32547,75.88115888540321,75.67816940394907,0.2029894814541393
A257K,257,A,K,2.9117053,6.79462,94.15021221627606,88.90939287691457,5.240819339361494
A257L,257,A,L,2.4656937,5.65905,85.7353755305407,84.77578889093928,0.9595866396014117
A257M,257,A,M,2.2807245,3.32421,81.30651411699576,66.56209632773574,14.744417789260012
A257N,257,A,N,2.711077,6.86928,91.14227717291014,89.1308359475918,2.011441225318336
A257P,257,A,P,2.1727443,3.19453,78.57538291197638,65.30725226056468,13.268130651411695
A257Q,257,A,Q,2.0919526,9.6427,76.67466322199668,93.65196530725225,-16.977302085255573
A257R,257,A,R,2.9886832,16.3075,95.22052039121608,97.1950544380882,-1.9745340468721224
A257S,257,A,S,0.6092532,0.676367,29.175124561727255,27.55120871009411,1.6239158516331464
A257T,257,A,T,1.8115057,3.01074,69.44085624653995,62.77911053699945,6.661745709540504
A257V,257,A,V,1.4867334,0.867525,60.06643292120317,31.2788337331611,28.787599188042073
A257W,257,A,W,2.5448976,36.375,87.47001291751245,99.59402103709172,-12.124008119579273
A257Y,257,A,Y,2.1656811,30.1546,78.35393984129914,99.16958848496033,-20.81564864366119
G258A,258,G,A,1.5387218,2.10325,61.745709540505636,51.20871009411331,10.536999446392329
G258C,258,G,C,1.3636897,2.20499,55.67447868610444,52.6111828750692,3.063295811035246
G258D,258,G,D,2.3198674,4.31491,82.21073998892786,75.58590145783354,6.624838531094312
G258E,258,G,E,2.2871292,2.50944,81.54641077689611,56.8739619856062,24.67244879128991
G258F,258,G,F,0.5764972,4.1137,28.123269976010334,73.86971766008489,-45.74644768407455
G258H,258,G,H,1.002063,9.18427,42.73851264070862,93.17217198745156,-50.43365934674294
G258I,258,G,I,1.7741871,2.87187,68.48126960693854,60.95220520391216,7.529064403026382
G258K,258,G,K,1.4699199,2.52969,59.60509319062558,57.113858645506554,2.4912345451190276
G258L,258,G,L,1.4993845,3.01282,60.45395829488835,62.85292489389186,-2.398966599003508
G258M,258,G,M,1.2858504,1.78336,53.27551208710094,46.04170511164421,7.23380697545673
G258N,258,G,N,2.003589,2.98499,74.31260380143938,62.57612105554531,11.736482745894072
G258P,258,G,P,2.8536518,8.37424,93.48588300424433,91.9357815095036,1.55010149474073
G258Q,258,G,Q,1.8358818,1.77163,69.97601033400997,45.91252998708249,24.063480346927477
G258R,258,G,R,1.093508,1.75616,46.17088023620594,45.63572614873593,0.535154087470012
G258S,258,G,S,1.5108764,2.55484,60.767669311681125,57.372208894630006,3.395460417051119
G258T,258,G,T,1.6255096,3.27697,64.23694408562466,66.04539582948884,-1.8084517438641825
G258V,258,G,V,1.6681015,5.87921,65.43642738512641,85.79073629821,-20.3543089130836
G258W,258,G,W,0.86877024,3.22942,37.829857907362985,65.60250968813435,-27.772651780771362
G258Y,258,G,Y,0.48410922,3.98052,24.746263148182322,72.83631666359108,-48.090053515408755
P259A,259,P,A,1.1330037,2.10594,47.73943532016977,51.24561727255952,-3.5061819523897526
P259C,259,P,C,1.121104,2.27087,47.204281232699756,53.53386233622439,-6.329581103524632
P259D,259,P,D,1.6192939,2.12042,64.14467613950914,51.55932828935228,12.585347850156865
P259E,259,P,E,1.3452743,1.70905,55.01014947407271,44.71304668758073,10.297102786491983
P259F,259,P,F,0.973193,2.26944,41.64975087654549,53.47850156855508,-11.828750692009592
P259G,259,P,G,1.6631563,2.59582,65.23343790367227,57.98117733899243,7.252260564679837
P259H,259,P,H,0.8996235,1.98916,38.67872301162576,49.54788706403395,-10.869164052408188
P259I,259,P,I,0.38983762,2.47377,21.166266838900167,56.33880789813619,-35.172541059236025
P259K,259,P,K,0.98824674,1.49043,42.09263701789998,41.44676139509135,0.6458756228086315
P259L,259,P,L,1.1368215,1.75543,47.81324967706219,45.61727255951282,2.1959771175493685
P259M,259,P,M,0.74736226,2.66383,33.548625207602875,58.7193209079166,-25.170695700313722
P259N,259,P,N,1.1706978,2.65015,49.16036169034877,58.62705296180108,-9.466691271452305
P259Q,259,P,Q,1.1003292,1.7815,46.52149843144492,46.004797933198006,0.5167004982469123
P259R,259,P,R,0.7789418,2.38997,34.47130466875807,55.268499723196165,-20.79719505443809
P259S,259,P,S,0.9032833,2.24044,38.844805314633696,53.03561542720059,-14.190810112566894
P259T,259,P,T,0.85142154,1.30196,36.99944639232331,38.54954788706404,-1.55010149474073
P259V,259,P,V,0.40720278,1.82073,21.922863997047425,46.59531278833733,-24.672448791289906
P259W,259,P,W,0.67360884,2.27086,31.075844251706958,53.51540874700129,-22.43956449529433
P259Y,259,P,Y,0.92883396,1.9911,40.09964938180476,49.584794242480164,-9.485144860675405
G260A,260,G,A,1.5617731,3.40018,62.50230669865289,67.46632219966784,-4.964015501014956
G260C,260,G,C,0.7115011,2.44255,32.38604908654734,55.895921756781696,-23.50987267023436
G260D,260,G,D,1.9128832,5.51671,72.0612659162207,84.09300608968444,-12.031740173463731
G260E,260,G,E,2.1978922,4.1546,79.29507289167744,74.20188226610077,5.093190625576668
G260F,260,G,F,0.80326813,3.11437,35.22790182690533,64.07086178261672,-28.842959955711386
G260H,260,G,H,0.9645152,2.39109,41.29913268130652,55.286953312419264,-13.987820631112747
G260I,260,G,I,1.8723282,5.41987,70.99095774128068,83.59475918066065,-12.603801439379964
G260K,260,G,K,2.3943558,3.59447,84.07455250046134,69.62539213877099,14.449160361690346
G260L,260,G,L,2.18409,2.60973,78.99981546410777,58.18416682044658,20.81564864366119
G260M,260,G,M,1.9527836,3.06219,73.16848126960693,63.517254105923605,9.651227163683323
G260N,260,G,N,1.8569654,3.51873,70.49271083225688,68.83188780217753,1.6608230300793423
G260P,260,G,P,3.2355328,6.04696,97.43495109798856,86.49197268868795,10.942978409300608
G260Q,260,G,Q,2.1864073,3.16046,79.03672264255398,64.82745894076399,14.209263701789993
G260R,260,G,R,1.877392,3.40729,71.23085440118103,67.61395091345267,3.616903487728365
G260S,260,G,S,1.4002125,4.2134,57.05849787783725,74.77394353201697,-17.715445654179724
G260T,260,G,T,1.7586803,5.39941,67.98302269791475,83.52094482376823,-15.537922125853484
G260V,260,G,V,1.7661129,5.63063,68.22291935781509,84.66506735560067,-16.442147997785582
G260W,260,G,W,0.8569366,4.90479,37.33161099833918,80.42074183428677,-43.08913083594759
G260Y,260,G,Y,0.61033714,4.56049,29.24893891861967,77.91105369994465,-48.66211478132497
G261A,261,G,A,0.92252445,0.736922,39.80439195423509,28.639970474257243,11.16442147997785
G261C,261,G,C,1.1889235,1.55493,49.91695884849604,42.59088392692379,7.32607492157225
G261D,261,G,D,2.7117107,4.04509,91.17918435135634,73.35301716183797,17.826167189518372
G261E,261,G,E,2.7245755,4.66166,91.36372024358738,78.53847573353016,12.825244510057217
G261F,261,G,F,1.261163,2.06676,52.50046133973058,50.54438088208156,1.9560804576490156
G261H,261,G,H,1.3003935,24.015,53.77375899612474,98.579073629821,-44.805314633696256
G261I,261,G,I,1.6409969,5.32487,64.64292304853294,82.9673371470751,-18.324414098542164
G261K,261,G,K,1.8636869,1.8462,70.6772467244879,47.07510610813803,23.60214061634987
G261L,261,G,L,1.5736324,2.80668,62.816017715445646,60.23251522421111,2.5835024912345332
G261M,261,G,M,1.7320597,7.05292,67.22642553976749,89.61062926739251,-22.38420372762502
G261N,261,G,N,2.0395892,1.67206,75.27219044104079,44.25170695700314,31.020483484037655
G261P,261,G,P,2.1947632,5.90288,79.23971212400812,85.91991142277173,-6.680199298763611
G261Q,261,G,Q,2.097094,3.30033,76.87765270345082,66.26683890016608,10.610813803284742
G261R,261,G,R,1.4938446,1.62914,60.287875991880426,43.532016977302085,16.75585901457834
G261S,261,G,S,1.4657724,-0.024935,59.58663960140247,13.563388078981362,46.023251522421106
G261T,261,G,T,1.8988149,5.95682,71.89518361321277,86.08599372577966,-14.190810112566894
G261V,261,G,V,1.2912571,6.42779,53.47850156855508,87.91289905886694,-34.43439749031186
G261W,261,G,W,1.3235071,1.65417,54.38272744048718,44.01181029710279,10.37091714338439
G261Y,261,G,Y,1.2567961,5.09994,52.40819339361506,81.52795718767301,-29.119763794057953
N263L,263,N,L,1.5146828,1.5241,60.84148366857354,42.01882266100757,18.82266100756597
N263M,263,N,M,1.2719698,0.208213,52.79571876730024,17.97379590330319,34.821922863997045
N263P,263,N,P,1.9186018,0.043419,72.20889463000553,14.689057021590699,57.51983760841483
N263Q,263,N,Q,1.1394118,0.975569,47.942424801623915,33.27182136925632,14.670603432367592
N263R,263,N,R,1.7239764,2.25116,67.06034323675955,53.22015131943163,13.840191917327921
N263S,263,N,S,1.8027642,1.17169,69.1825059974165,36.40893153718398,32.77357446023252
N263T,263,N,T,1.5966437,1.82987,63.57261487359291,46.72448791289906,16.848126960693854
N263V,263,N,V,1.7363704,0.388824,67.3556006643292,21.812142461708802,45.5434582026204
N263W,263,N,W,1.7949126,9.37631,68.94260933751615,93.44897582579812,-24.50636648828197
N263Y,263,N,Y,1.5600264,-0.321628,62.428492341760474,8.949990773205387,53.47850156855509
D264V,264,D,V,0.6553409,-0.197997,30.42996862889832,10.85071046318509,19.579258165713227
D264W,264,D,W,0.08770905,0.947559,10.795349695515778,32.81048163867872,-22.015131943162945
D264Y,264,D,Y,0.17274816,-1.15313,13.618748846650675,2.731131205019376,10.887617641631298
P265A,265,P,A,1.1416125,1.9189,48.03469274773944,48.29304299686289,-0.2583502491234455
P265C,265,P,C,0.9338174,2.07708,40.2841852740358,50.7473703635357,-10.463185089499902
P265D,265,P,D,1.6566054,3.53849,65.06735560066433,68.99797010518546,-3.930614504521131
P265E,265,P,E,1.2977784,3.7422,53.626130282339915,70.97250415205758,-17.346373869717667
P265F,265,P,F,0.09733219,-0.256955,11.127514301531647,10.00184535892231,1.1256689426093374
P265G,265,P,G,1.9762274,2.96166,73.64827458940763,62.059420557298395,11.58885403210924
P265H,265,P,H,0.73576194,1.14705,33.12419265547149,36.076766931168116,-2.9525742756966267
P265I,265,P,I,0.880637,3.13142,38.29119763794058,64.40302638863258,-26.111828750692005
P265K,265,P,K,1.405765,0.574637,57.22458018084517,25.650489020114414,31.57409116073076
P265L,265,P,L,0.4228539,-0.775663,22.32884295995571,4.5026757704373495,17.82616718951836
P265M,265,P,M,0.3158011,0.031547,18.638125115334933,14.486067540136558,4.152057575198375
P265N,265,P,N,1.3080499,1.28312,53.95829488835579,38.217383281048164,15.740911607307623
P265Q,265,P,Q,0.7300485,2.27972,32.95811035246356,53.66303746078612,-20.704927108322565
P265R,265,P,R,1.3670543,3.63407,55.822107399889276,70.01291751245617,-14.190810112566894
P265S,265,P,S,1.2798083,2.58708,53.072522605646796,57.8335486252076,-4.761026019560802
P265T,265,P,T,0.94176656,2.7211,40.46872116626684,59.29138217383281,-18.82266100756597
P265V,265,P,V,1.0410749,1.10718,44.14098542166451,35.48625207602879,8.65473334563572
P265W,265,P,W,0.48366633,0.795176,24.72780955895922,29.76563941686658,-5.0378298579073615
P265Y,265,P,Y,0.35117188,0.735971,19.9114227717291,28.621516885034136,-8.710094113305036
D266A,266,D,A,0.5208496,0.910193,25.98265362613028,32.18305960509319,-6.2004059789629125
D266C,266,D,C,0.42363563,1.43796,22.365750138401918,40.763978593836505,-18.398228455434587
D266E,266,D,E,1.178508,4.64226,49.418711939472225,78.46466137663775,-29.045949437165525
D266F,266,D,F,0.7102626,4.57411,32.33068831887802,78.02177523528326,-45.69108691640524
D266G,266,D,G,0.701083,-1.2975,31.94316294519284,2.3066986528879867,29.63646429230485
D266H,266,D,H,0.47578493,1.52007,24.32183059605093,41.92655471489204,-17.604724118841112
D266I,266,D,I,1.1011659,3.62925,46.53995202066802,69.92064956634066,-23.38069754567264
D266K,266,D,K,1.2169869,3.91761,51.00572061265917,72.31961616534416,-21.31389555268499
D266L,266,D,L,1.1715734,0.30077,49.17881527957187,19.653072522605648,29.525742756966224
D266M,266,D,M,0.9400443,0.000468,40.394906809374426,13.87709909577413,26.5178077136003
D266N,266,D,N,0.59885216,0.831641,28.86141354493449,30.46687580734453,-1.6054622624100396
D266P,266,D,P,1.6663707,6.91391,65.32570584978778,89.31537183982284,-23.989665990035064
D266Q,266,D,Q,1.0900686,5.17252,46.07861229009042,81.9708433290275,-35.892231038937084
D266R,266,D,R,1.0076867,4.2226,42.94150212216276,74.8846650673556,-31.94316294519284
D266S,266,D,S,0.47704315,1.5236,24.41409854216645,42.00036907178446,-17.586270529618012
D266T,266,D,T,1.1121259,2.03972,46.96438457279941,50.13840191917328,-3.174017346373873
D266V,266,D,V,1.1605184,2.08102,48.8281970843329,50.876545488097435,-2.0483484037645354
D266W,266,D,W,0.8356265,6.0523,36.59346742941502,86.54733345635725,-49.95386602694223
D266Y,266,D,Y,0.7664735,1.34811,34.102232884295994,39.45377375899612,-5.351540874700127
M267A,267,M,A,1.0659711,1.73077,45.06366488281971,45.11902565048902,-0.055360767669313304
M267C,267,M,C,0.2041939,1.07425,14.781324967706219,34.914190810112565,-20.132865842406346
M267D,267,M,D,1.3850056,5.8531,56.4126222550286,85.69846835209448,-29.28584609706588
M267E,267,M,E,1.1581577,4.96072,48.69902195977118,80.73445285107952,-32.035430891308344
M267F,267,M,F,0.17761627,1.35096,13.89555268499723,39.56449529433475,-25.668942609337517
M267G,267,M,G,1.4007632,2.39446,57.09540505628345,55.34231408008857,1.7530909761948763
M267H,267,M,H,0.855584,3.12035,37.276250230669866,64.16312972873224,-26.886879498062378
M267I,267,M,I,0.3280365,1.8537,19.062557667466322,47.22273482192286,-28.16017715445654
M267K,267,M,K,1.1062417,0.603319,46.66912714522975,26.111828750692013,20.55729839453774
M267L,267,M,L,-0.013898785,-0.501916,7.178446207787415,6.827828012548441,0.3506181952389742
M267N,267,M,N,1.186093,1.50593,49.88005167004982,41.705111644214796,8.174940025835028
M267P,267,M,P,0.6009706,3.93259,28.935227901826906,72.41188411145968,-43.47665620963278
M267Q,267,M,Q,1.071079,0.294262,45.41428307805868,19.560804576490128,25.853478501568553
M267R,267,M,R,1.1810611,-0.199412,49.62170142092637,10.832256873961986,38.78944454696438
M267S,267,M,S,1.1928768,0.528438,50.17530909761949,24.78317032662853,25.39213877099096
M267T,267,M,T,0.6057924,2.01504,29.082856615611735,49.88005167004982,-20.797195054438088
M267V,267,M,V,0.110576175,1.5182,11.533493264439935,41.88964753644584,-30.35615427200591
M267W,267,M,W,0.8153631,2.24956,35.68924155748293,53.18324414098542,-17.494002583502493
M267Y,267,M,Y,0.6132539,-0.548164,29.34120686473519,6.421849049640155,22.919357815095037
L268A,268,L,A,2.522824,3.48752,86.91640524081934,68.40745525004614,18.508949990773203
L268C,268,L,C,1.6770699,3.17945,65.62096327735745,65.10426277911053,0.5167004982469194
L268D,268,L,D,2.6682522,5.0452,90.29341206864736,81.10352463554162,9.189887433105739
L268E,268,L,E,2.2824962,5.47799,81.34342129544197,83.8900166082303,-2.5465953127883267
L268F,268,L,F,1.9157375,4.67365,72.0797195054438,78.61229009042259,-6.532570584978785
L268G,268,L,G,2.8693676,4.91673,93.67041889647535,80.47610260195609,13.194316294519268
L268H,268,L,H,2.6979427,3.36905,90.88392692378667,67.17106477209818,23.712862151688498
L268I,268,L,I,1.4285711,0.818553,58.09189887433106,30.208525558221073,27.883373316109985
L268K,268,L,K,2.4253435,3.74336,84.8126960693855,71.00941133050378,13.803284738881715
L268M,268,L,M,0.9167864,0.069473,39.490680937442335,15.224211109060711,24.266469828381624
L268N,268,L,N,2.6144755,4.52797,89.07547517992249,77.52352832625947,11.551946853663026
L268P,268,L,P,2.3687782,3.5402,83.4655840560989,69.03487728363167,14.430706772467232
L268Q,268,L,Q,2.3483007,3.90107,83.05960509319063,72.13508027311312,10.924524820077508
L268R,268,L,R,2.6641154,4.78623,90.14578335486252,79.66414467613951,10.481638678723002
L268S,268,L,S,2.62952,4.81977,89.38918619671526,79.86713415759365,9.522052039121604
L268T,268,L,T,2.0874226,3.52044,76.56394168665805,68.86879498062373,7.695146706034322
L268V,268,L,V,1.4569017,1.50257,59.27292858460971,41.594390108876176,17.678538475733532
L268W,268,L,W,2.4377866,11.535,85.10795349695516,95.22052039121608,-10.112566894260922
L268Y,268,L,Y,2.3535118,4.61159,83.24414098542167,78.26167189518361,4.982469090238055
V269A,269,V,A,1.5955825,2.40033,63.49880051670049,55.41612843698099,8.0826720797195
V269C,269,V,C,0.8685293,1.78075,37.81140431813988,45.986344343974906,-8.174940025835028
V269D,269,V,D,2.0155706,6.64677,74.75548994279387,88.54032109245247,-13.7848311496586
V269E,269,V,E,1.5341923,8.84789,61.56117364827459,92.71083225687397,-31.14965860859938
V269F,269,V,F,1.744286,12.5037,67.55859014578336,95.7556744786861,-28.197084332902747
V269G,269,V,G,2.4392352,3.19367,85.16331426462446,65.27034508211848,19.89296918250598
V269H,269,V,H,2.211746,3.85897,79.66414467613951,71.74755489942794,7.916589776711575
V269I,269,V,I,-0.028626,-0.726862,6.735560066432922,4.982469090238052,1.75309097619487
V269K,269,V,K,2.0175405,6.1801,74.81085071046319,87.1378483114966,-12.326997601033412
V269L,269,V,L,0.22017908,2.83054,15.40874700129175,60.47241188411145,-45.0636648828197
V269M,269,V,M,0.5672492,2.97186,27.680383834655842,62.22550286030633,-34.545119025650486
V269N,269,V,N,2.0495965,2.97374,75.64126222550286,62.29931721719875,13.341945008304108
V269P,269,V,P,1.3317186,6.07934,54.641077689610626,86.62114781324968,-31.980070123639052
V269Q,269,V,Q,1.6095746,5.61301,63.923233068831884,84.60970658793136,-20.686473519099472
V269R,269,V,R,2.088071,13.42,76.58239527588115,96.05093190625577,-19.468536630374615
V269S,269,V,S,1.7927005,2.9665,68.85034139140063,62.09632773574461,6.754013655656024
V269T,269,V,T,1.3132198,2.33449,54.12437719136371,54.40118102971028,-0.2768038383465665
V269W,269,V,W,1.8492377,25.1841,70.34508211847205,98.76360952205204,-28.418527403579986
V269Y,269,V,Y,1.8384444,18.8486,70.1236390477948,97.76711570400442,-27.64347665620963
I270E,270,I,E,2.3233337,5.37724,82.35836870271268,83.33640893153719,-0.9780402288245114
I270F,270,I,F,1.2016217,11.3123,50.470566525189156,95.03598449898504,-44.56541797379589
I270G,270,I,G,2.2309213,5.08145,80.16239158516332,81.39878206311127,-1.2363904779479498
I270H,270,I,H,2.3806863,9.95914,83.79774866211478,93.98412991326813,-10.18638125115335
I270K,270,I,K,2.1784773,5.60865,78.74146521498432,84.55434582026204,-5.812880605277726
I270L,270,I,L,1.0171688,0.108728,43.255213138955526,15.74091160730762,27.514301531647906
I270M,270,I,M,1.4044387,-0.027752,57.18767300239897,13.489573722088947,43.69809928031002
I270N,270,I,N,2.235572,3.61308,80.27311312050193,69.75456726333272,10.518545857169215
I270P,270,I,P,1.7327785,2.07654,67.2633327182137,50.7104631850895,16.552869533124202
I270Q,270,I,Q,2.293008,4.26142,81.65713231223472,75.16146890570215,6.495663406532572
I270R,270,I,R,2.182939,8.69027,78.98136187488467,92.37866765085809,-13.397305775973422
I270S,270,I,S,2.1684844,4.54141,78.50156855508396,77.63424986159808,0.8673186934858848
I270T,270,I,T,1.9245186,2.97708,72.41188411145968,62.39158516331427,10.020298948145417
I270V,270,I,V,0.8464611,0.982456,36.851817678538474,33.38254290459494,3.469274773943532
I270W,270,I,W,2.105234,14.3842,77.08064218490497,96.56763240450267,-19.4869902195977
I270Y,270,I,Y,1.8013643,19.8261,69.12714522974719,97.95165159623546,-28.82450636648828
G271A,271,G,A,0.66512793,3.27463,30.891308359475918,65.99003506181951,-35.0987267023436
G271C,271,G,C,0.93049306,5.93946,40.17346373869718,86.04908654733346,-45.87562280863628
G271D,271,G,D,1.2526121,11.0063,52.223657501384025,94.75918066063849,-42.53552315925447
G271E,271,G,E,1.8748715,15.013,71.12013286584241,96.78907547517991,-25.668942609337506
G271F,271,G,F,1.8112923,36.4323,69.42240265731685,99.61247462631482,-30.19007196899797
G271H,271,G,H,2.029115,23.099,75.12456172725595,98.44989850525927,-23.32533677800332
G271I,271,G,I,2.1528115,10.7484,78.02177523528326,94.59309835763055,-16.571323122347295
G271K,271,G,K,2.666093,13.8277,90.18269053330873,96.29082856615612,-6.108138032847393
G271L,271,G,L,2.4646668,16.7146,85.69846835209448,97.28732238420372,-11.58885403210924
G271M,271,G,M,2.108541,10.6661,77.28363166635911,94.46392323306884,-17.180291566709727
G271N,271,G,N,1.425836,8.24823,58.01808451743864,91.67743126038015,-33.65934674294151
G271P,271,G,P,2.3566086,8.90037,83.28104816386788,92.82155379221258,-9.540505628344704
G271Q,271,G,Q,1.7084341,11.7315,66.56209632773574,95.29433474810851,-28.732238420372767
G271R,271,G,R,2.7868314,20.1097,92.4524820077505,98.06237313157409,-5.609891123823587
G271S,271,G,S,1.7226603,6.81303,66.98652887986714,88.98320723380697,-21.996678353939828
G271T,271,G,T,2.4218307,10.3676,84.68352094482377,94.2978409300609,-9.614319985237131
G271V,271,G,V,2.033776,8.26529,75.19837608414836,91.73279202804946,-16.534415943901095
G271W,271,G,W,1.9216735,42.3111,72.35652334379037,99.83391769699207,-27.477394353201703
G271Y,271,G,Y,2.0144665,38.8178,74.73703635357077,99.66783539398413,-24.930799040413362
N272A,272,N,A,1.0024842,2.3685,42.75696622993172,54.86252076028788,-12.105554530356159
N272C,272,N,C,0.4442193,1.73435,23.288429599557116,45.192840007381434,-21.90441040782432
N272D,272,N,D,0.5466579,5.63471,26.905333087285477,84.68352094482377,-57.77818785753829
N272E,272,N,E,1.4149554,8.892,57.667466322199665,92.78464661376637,-35.117180291566704
N272F,272,N,F,1.2475977,14.5087,52.07602878759919,96.62299317217199,-44.546964384572796
N272G,272,N,G,1.1085671,1.30928,46.742941502122164,38.73408377929508,8.008857722827088
N272H,272,N,H,0.97160184,14.448,41.57593651965307,96.60453958294887,-55.028603063295805
N272I,272,N,I,0.71449536,5.15915,32.47831703266285,81.86012179368886,-49.38180476102601
N272K,272,N,K,1.7474276,1.93615,67.61395091345267,48.662114781324966,18.951836132127703
N272L,272,N,L,0.944981,3.01815,40.61634988005167,62.96364642923048,-22.347296549178807
N272M,272,N,M,0.9637042,2.47459,41.2622255028603,56.35726148735929,-15.095035984498985
N272P,272,N,P,1.1228421,5.68118,47.31500276803838,84.96032478317032,-37.64532201513194
N272Q,272,N,Q,0.53532445,5.27363,26.425539767484775,82.72744048717475,-56.30190071968997
N272R,272,N,R,1.2231766,6.34774,51.1902565048902,87.7099095774128,-36.5196530725226
N272S,272,N,S,0.5931932,1.85104,28.732238420372763,47.18582764347666,-18.453589223103894
N272T,272,N,T,0.8422572,2.93303,36.72264255397675,61.69034877283631,-24.96770621885956
N272V,272,N,V,1.4174079,3.53538,57.741280679092085,68.96106292673925,-11.21978224764716
N272W,272,N,W,1.3181543,33.3493,54.29045949437166,99.39103155563758,-45.10057206126592
N272Y,272,N,Y,1.1542577,19.5277,48.53293965676324,97.89629082856615,-49.36335117180291
F273A,273,F,A,0.9204103,3.6858,39.675216829673374,70.49271083225688,-30.8174940025835
F273C,273,F,C,0.99129564,2.74855,42.1849049640155,59.64200036907178,-17.45709540505628
F273D,273,F,D,1.4439352,3.1179,58.7746816755859,64.10776896106293,-5.333087285477028
F273E,273,F,E,1.0610836,2.97362,44.93448975825798,62.28086362797565,-17.346373869717667
F273G,273,F,G,0.94628745,4.20828,40.690164236944085,74.68167558590146,-33.991511348957374
F273H,273,F,H,0.61654985,3.21261,29.507289167743128,65.51024174201882,-36.002952574275696
F273I,273,F,I,0.71148306,3.65447,32.36759549732423,70.21590699391031,-37.84831149658608
F273K,273,F,K,0.90601176,3.01315,38.99243402841853,62.87137848311497,-23.878944454696438
F273L,273,F,L,0.80940735,2.00882,35.43089130835948,49.769330134711204,-14.338438826351727
F273M,273,F,M,0.9162896,0.291835,39.47222734821923,19.468536630374608,20.00369071784462
F273N,273,F,N,1.3486719,3.73518,55.194685366303744,70.88023620594205,-15.68555083963831
F273P,273,F,P,0.43106356,5.79828,22.7532755120871,85.53238604908655,-62.779110536999454
F273Q,273,F,Q,1.1161302,3.49277,47.07510610813803,68.44436242849234,-21.36925632035431
F273R,273,F,R,0.80797607,1.59256,35.35707695146706,43.08913083594759,-7.7320538844805355
F273S,273,F,S,1.1503603,4.64647,48.29304299686289,78.50156855508396,-30.208525558221076
F273T,273,F,T,1.0321178,1.80867,43.75346004797933,46.50304484222181,-2.7495847942424803
F273V,273,F,V,0.66235715,2.54909,30.725226056467985,57.31684812696069,-26.591622070492708
F273W,273,F,W,0.24302442,1.36182,16.183797748662116,39.65676324045027,-23.472965491788152
F273Y,273,F,Y,-0.03809101,1.08928,6.348034692747739,35.13563388078981,-28.787599188042073
G274A,274,G,A,0.2318712,1.86729,15.759365196530725,47.44417789260011,-31.684812696069386
G274C,274,G,C,0.37498632,4.14004,20.723380697545675,74.07270714153903,-53.34932644399335
G274D,274,G,D,1.1527231,11.0671,48.42221812142461,94.8329950175309,-46.41077689610629
G274E,274,G,E,0.863506,14.3762,37.51614689057022,96.54917881527957,-59.033031924709356
G274F,274,G,F,0.44477016,17.4954,23.325336778003322,97.36113674109615,-74.03579996309283
G274H,274,G,H,0.855357,24.0183,37.22088946300055,98.61598080826721,-61.39509134526666
G274I,274,G,I,0.6526731,17.7126,30.356154272005902,97.47185827643476,-67.11570400442886
G274K,274,G,K,0.6345253,15.1589,29.968628898320727,96.86288983207234,-66.89426093375161
G274L,274,G,L,0.81406385,7.87236,35.61542720059052,91.12382358368703,-55.50839638309651
G274M,274,G,M,0.6670321,14.0655,30.928215537922128,96.45691086916405,-65.52869533124192
G274N,274,G,N,0.5369595,3.26767,26.48090053515409,65.93467429415021,-39.45377375899612
G274P,274,G,P,1.805068,14.7804,69.29322753275513,96.6968075290644,-27.403579996309276
G274Q,274,G,Q,0.67920697,10.4246,31.2788337331611,94.3532016977302,-63.0743679645691
G274R,274,G,R,0.37734854,11.7432,20.797195054438088,95.31278833733161,-74.51559328289352
G274S,274,G,S,0.70468634,8.20776,32.10924524820077,91.62207049271083,-59.51282524451006
G274T,274,G,T,1.0316823,19.0912,43.735006458756224,97.84093006089685,-54.10592360214063
G274V,274,G,V,0.5634538,21.3022,27.4958479424248,98.32072338069754,-70.82487543827274
G274W,274,G,W,0.5752384,26.5906,27.975641262225505,98.91123823583688,-70.93559697361137
G274Y,274,G,Y,0.5266131,20.1386,26.130282339915112,98.0808267207972,-71.95054438088209
L275A,275,L,A,2.2599137,3.12756,80.77136002952574,64.32921203174017,16.44214799778557
L275C,275,L,C,1.6321408,2.93331,64.40302638863258,61.72725595128252,2.67577043735006
L275D,275,L,D,2.8823707,5.80223,93.7995940210371,85.55083963830965,8.24875438272744
L275E,275,L,E,2.554353,5.42116,87.76527034508211,83.61321276988375,4.15205757519837
L275F,275,L,F,2.0679917,6.0393,76.04724118841114,86.45506551024175,-10.407824321830617
L275G,275,L,G,2.622164,4.41505,89.22310389370732,76.45322015131943,12.76988374238789
L275H,275,L,H,2.7597528,3.57677,92.00959586639601,69.49621701420926,22.513378852186747
L275I,275,L,I,1.0885497,2.78998,45.986344343974906,60.08488651042628,-14.098542166451374
L275K,275,L,K,2.442988,4.43781,85.27403579996309,76.65620963277358,8.617826167189506
L275M,275,L,M,1.4288082,0.268324,58.11035246355416,19.19173279202805,38.91861967152611
L275N,275,L,N,2.5054405,3.04452,86.6949621701421,63.29581103524635,23.399151134895753
L275P,275,L,P,1.7581526,3.45487,67.96456910869165,68.05683705480716,-0.0922679461155127
L275Q,275,L,Q,2.3527272,3.29265,83.18878021775235,66.21147813249677,16.977302085255587
L275R,275,L,R,2.787969,7.80784,92.56320354308913,90.97619486990219,1.5870086731869435
L275S,275,L,S,2.466428,3.49315,85.7722827089869,68.46281601771544,17.309466691271467
L275T,275,L,T,2.1786282,3.57368,78.75991880420742,69.47776342498616,9.282155379221251
L275V,275,L,V,1.4601512,1.91759,59.40210370917144,48.23768222919358,11.164421479977861
L275W,275,L,W,2.7455235,19.1616,91.78815279571877,97.85938365011995,-6.071230854401179
L275Y,275,L,Y,2.1557953,10.5451,78.09558959217567,94.39010887617641,-16.294519284000742
S276H,276,S,H,0.72706354,6.94942,32.92120317401734,89.40763978593836,-56.486436611921015
S276I,276,S,I,0.82057905,7.26082,35.984498985052596,89.83207233806976,-53.84757335301717
S276K,276,S,K,1.1910162,6.75788,50.04613397305776,88.78021775235283,-38.73408377929506
S276L,276,S,L,1.1090199,12.0909,46.83520944823768,95.55268499723196,-48.71747554899429
S276M,276,S,M,1.0934207,6.29281,46.15242664698284,87.54382727440488,-41.39140062742204
S276N,276,S,N,0.17586637,2.58617,13.729470381989298,57.8150950359845,-44.0856246539952
S276P,276,S,P,1.3999461,7.61563,57.00313711016792,90.5148551393246,-33.511718029156675
S276Q,276,S,Q,0.58120906,8.18421,28.28935227901827,91.58516331426463,-63.29581103524636
S276R,276,S,R,1.0395305,7.90206,44.12253183244141,91.16073076213324,-47.03819892969183
S276T,276,S,T,0.46445256,6.68613,23.971212400811957,88.57722827089869,-64.60601587008674
S276V,276,S,V,1.0552844,5.11714,44.731500276803835,81.69403949068094,-36.9625392138771
S276W,276,S,W,1.057904,10.7748,44.86067540136556,94.63000553607677,-49.769330134711204
S276Y,276,S,Y,0.9454071,6.79725,40.63480346927477,88.92784646613767,-48.293042996862894
N278A,278,N,A,-0.09827018,0.342179,4.521129359660454,20.575751983760842,-16.05462262410039
N278C,278,N,C,-0.0676026,1.01736,5.259272928584609,34.102232884295994,-28.842959955711386
N278D,278,N,D,-0.20003867,-0.271223,2.5281417235652337,9.688134342129544,-7.15999261856431
N278E,278,N,E,-0.040180467,-1.66173,6.25576674663222,1.5870086731869348,4.668758073445286
N278F,278,N,F,-0.048357204,1.28957,5.978962908285661,38.309651227163684,-32.330688318878025
N278G,278,N,G,0.66369283,1.43153,30.835947591806605,40.699391031555635,-9.86344343974903
N278H,278,N,H,0.26285943,0.930087,16.86658054991696,32.515224211109064,-15.648643661192104
N278I,278,N,I,0.17775698,0.458281,13.914006274220336,23.325336778003322,-9.411330503782986
N278K,278,N,K,1.4343171,0.096724,58.35024912345451,15.611736482745894,42.73851264070862
N278L,278,N,L,0.65548444,-0.651888,30.448422218121422,5.517623177708064,24.93079904041336
N278M,278,N,M,0.17965266,-1.90727,13.987820631112752,1.217936888724857,12.769883742387895
N278P,278,N,P,0.18302843,-1.71649,14.153902934120685,1.5501014947407272,12.603801439379957
N278Q,278,N,Q,0.016182479,0.232841,8.267207971950544,18.508949990773203,-10.24174201882266
N278R,278,N,R,0.78020895,1.45692,34.526665436427386,41.00387525373685,-6.477209817309465
N278S,278,N,S,-0.15229496,0.654206,3.377006827828013,27.034508211847204,-23.65750138401919
N278T,278,N,T,0.4086873,0.05513,22.052039121609155,14.984314449160363,7.067724672448792
N278V,278,N,V,0.2732994,-1.66287,17.180291566709723,1.568555083963831,15.611736482745892
N278W,278,N,W,0.06057792,0.546827,9.946484591252998,25.1153349326444,-15.168850341391403
N278Y,278,N,Y,0.0055926978,0.697359,7.9904041336039855,27.920280494556195,-19.92987636095221
Q279A,279,Q,A,0.91994494,2.38612,39.65676324045027,55.176231777080645,-15.519468536630377
Q279C,279,Q,C,0.8277693,2.3647,36.31666359106846,54.80715999261856,-18.490496401550097
Q279D,279,Q,D,1.638876,8.16898,64.62446945930984,91.54825613581842,-26.923786676508584
Q279E,279,Q,E,0.6300284,2.93017,29.839453773758994,61.634988005167,-31.79553423140801
Q279F,279,Q,F,1.8915918,9.1102,71.71064772098174,93.09835763055915,-21.38770990957741
Q279G,279,Q,G,2.0021377,4.39995,74.23878944454697,76.25023066986529,-2.011441225318322
Q279H,279,Q,H,1.1665752,11.2854,49.031186565787046,94.98062373131575,-45.9494371655287
Q279I,279,Q,I,1.7838964,1.91074,68.66580549916958,48.126960693854954,20.538844805314625
Q279K,279,Q,K,1.6845738,4.40207,65.78704558036537,76.3055914375346,-10.51854585716923
Q279L,279,Q,L,2.0485702,4.04077,75.60435504705664,73.29765639416867,2.306698652887974
Q279M,279,Q,M,0.4081222,0.268245,21.996678353939842,19.173279202804945,2.823399151134897
Q279N,279,Q,N,1.4892153,6.44134,60.12179368887248,87.98671341575937,-27.86491972688689
Q279P,279,Q,P,2.0072868,4.5465,74.4602325152242,77.7265178077136,-3.2662852924893997
Q279R,279,Q,R,1.438669,3.68178,58.59014578335486,70.45580365381066,-11.865657870455799
Q279S,279,Q,S,1.1497899,3.70324,48.23768222919358,70.6587931352648,-22.42111090607122
Q279T,279,Q,T,1.4931679,5.05394,60.23251522421111,81.21424617088023,-20.981730946669117
Q279V,279,Q,V,1.4655302,0.520662,59.56818601217937,24.524820077505076,35.04336593467429
Q279Y,279,Q,Y,1.8604695,9.42227,70.6034323675955,93.52279018269053,-22.919357815095026
Q280A,280,Q,A,0.7841573,0.537702,34.63738697176601,25.041520575751985,9.595866396014028
Q280C,280,Q,C,0.21659203,1.32287,15.279571876730024,38.90016608230301,-23.620594205572985
Q280D,280,Q,D,1.0147644,3.12976,43.18139878206311,64.34766562096328,-21.16626683890017
Q280E,280,Q,E,0.36619726,0.173728,20.391216091529802,17.19874515593283,3.1924709355969725
Q280F,280,Q,F,0.56951076,2.78358,27.717291013102045,60.01107215353386,-32.29378114043182
Q280G,280,Q,G,1.6964836,2.45531,66.21147813249677,56.098911238235836,10.11256689426093
Q280H,280,Q,H,0.702551,6.03413,31.998523712862152,86.38125115334933,-54.38272744048717
Q280I,280,Q,I,1.2289643,1.00133,51.39324598634435,33.86233622439565,17.5309097619487
Q280K,280,Q,K,1.250044,-0.216624,52.149843144491605,10.555453035615427,41.594390108876176
Q280L,280,Q,L,1.2539152,0.002555,52.29747185827643,13.969367041889647,38.328104816386784
Q280M,280,Q,M,0.022788523,-1.71896,8.544011810297103,1.5316479055176233,7.01236390477948
Q280N,280,Q,N,0.94238347,0.783929,40.48717475548994,29.470381989296918,11.01679276619302
V281A,281,V,A,1.7666267,2.17803,68.2782801254844,52.334379036722645,15.943901088761756
V281C,281,V,C,0.9168626,2.36005,39.509134526665434,54.75179922494925,-15.242664698283818
V281D,281,V,D,2.1807575,4.31064,78.92600110721534,75.51208710094113,3.4139140062742115
V281E,281,V,E,1.589234,3.40178,63.20354308913083,67.50322937811404,-4.29968628898321
V281F,281,V,F,1.5370535,1.26266,61.70880236205942,37.9221258534785,23.786676508580925
V281G,281,V,G,2.4066484,4.17754,84.33290274958479,74.4602325152242,9.872670234360584
V281H,281,V,H,1.9638933,3.05877,73.37147075106108,63.46189333825429,9.90957741280679
V281I,281,V,I,-0.042036988,-0.645507,6.163498800516701,5.554530356154272,0.6089684443624286
V281K,281,V,K,1.6507063,3.91957,64.9197268868795,72.33806975456726,-7.418342867687755
V281L,281,V,L,0.4768456,-0.877638,24.377191363720243,3.8014393799594024,20.575751983760842
V281M,281,V,M,0.80354214,-0.452822,35.26480900535154,7.362982100018453,27.901826905333085
V281N,281,V,N,1.7449951,2.55437,67.59549732422956,57.35375530540691,10.241742018822649
V281P,281,V,P,2.4284592,5.09857,84.88651042627791,81.5095035984499,3.377006827828012
V281Q,281,V,Q,1.2671807,2.58442,52.68499723196162,57.778187857538285,-5.093190625576668
V281R,281,V,R,1.8665383,2.08446,70.76951467060343,50.93190625576675,19.83760841483668
V281S,281,V,S,2.086353,2.81098,76.52703450821184,60.26942240265731,16.25761210555453
V281T,281,V,T,1.2997853,1.0043,53.75530540690164,33.88078981361875,19.874515593282894
V281W,281,V,W,2.0021555,1.46177,74.25724303377007,41.11459678907548,33.14264624469459
V281Y,281,V,Y,0.8226902,1.09897,36.05831334194501,35.35707695146706,0.7012363904779519
T282A,282,T,A,0.6720426,0.771054,31.020483484037648,29.156670972504152,1.8638125115334958
T282C,282,T,C,0.56473005,1.12228,27.55120871009411,35.72614873592914,-8.174940025835028
T282D,282,T,D,1.4060547,0.418949,57.24303377006827,22.439564495294334,34.80346927477394
T282E,282,T,E,2.0719423,5.44501,76.17641631297288,83.68702712677616,-7.510610813803282
T282F,282,T,F,1.4399803,6.72975,58.68241372947038,88.72485698468353,-30.042443255213144
T282G,282,T,G,1.6921575,3.27128,66.13766377560435,65.95312788337331,0.1845358922310396
T282H,282,T,H,2.0448349,-0.545032,75.41981915482562,6.440302638863258,68.97951651596236
T282I,282,T,I,0.33656597,3.87274,19.4316294519284,71.85827643476657,-52.426646982838164
T282K,282,T,K,2.585836,3.80746,88.632589038568,71.36002952574275,17.272559512825254
T282L,282,T,L,0.92486364,0.638255,39.97047425724303,26.794611551946858,13.175862705296176
T282M,282,T,M,1.1109049,1.9954,46.927477394353204,49.64015501014947,-2.7126776157962667
T282N,282,T,N,1.3748376,2.42752,56.06200405978963,55.78520022144306,0.2768038383465665
T282P,282,T,P,1.6098988,7.65651,63.941686658055,90.62557667466322,-26.683890016608224
T282Q,282,T,Q,1.7677759,2.75402,68.33364089315371,59.77117549363351,8.562465399520207
T282R,282,T,R,2.2828813,7.85688,81.38032847388817,91.08691640524081,-9.706587931352644
T282S,282,T,S,0.5060488,1.45051,25.521313895552684,40.85624653995202,-15.334932644399334
T282V,282,T,V,0.12809643,2.91458,12.197822476471673,61.43199852371286,-49.23417604724119
T282W,282,T,W,2.462293,14.0462,85.66156117364827,96.43845727994095,-10.776896106292682
T282Y,282,T,Y,2.1727502,9.93028,78.59383650119949,93.94722273482192,-15.35338623362243
M284C,284,M,C,1.0633018,3.47586,44.989850525927295,68.2782801254844,-23.288429599557105
M284D,284,M,D,2.7797656,6.00897,92.36021406163499,86.2705296180107,6.089684443624293
M284E,284,M,E,2.4339411,5.18686,84.97877837239342,82.10001845358921,2.8787599188042066
M284F,284,M,F,0.5321881,1.59242,26.222550286030632,43.05222365750138,-16.829673371470747
M284G,284,M,G,3.1572986,5.08522,96.78907547517991,81.43568924155748,15.35338623362243
M284H,284,M,H,2.3139274,2.55745,82.08156486436611,57.40911607307622,24.672448791289895
M284I,284,M,I,1.5224844,1.98401,61.19210186381251,49.492526296364645,11.699575567447866
M284K,284,M,K,2.229671,1.22695,80.1254844067171,37.4238789444547,42.70160546226241
M284L,284,M,L,1.0998138,2.44199,46.48459125299871,55.87746816755859,-9.392876914559878
M284N,284,M,N,2.7313473,4.08394,91.4928953681491,73.59291382173832,17.899981546410785
M284P,284,M,P,2.672926,7.49786,90.42258719320908,90.31186565787046,0.11072153533862661
M284Q,284,M,Q,2.0635161,2.64736,75.91806606384942,58.59014578335486,17.32792028049456
M284R,284,M,R,2.760374,4.32839,92.02804945561913,75.71507658239528,16.312972873223842
A285C,285,A,C,0.9244172,1.58279,39.93356707879683,42.95995571138587,-3.0263886325890397
A285D,285,A,D,2.5738614,8.42951,88.26351725410592,92.15722458018084,-3.8937073260749173
A285E,285,A,E,2.4846678,9.28932,86.2336224395645,93.41206864735192,-7.178446207787417
A285F,285,A,F,2.0492103,21.4901,75.62280863627976,98.35763055914374,-22.734821922863986
A285G,285,A,G,1.1654183,2.05143,49.012732976563946,50.35984498985052,-1.3471120132865764
A285H,285,A,H,2.5617967,17.6414,88.00516700498247,97.45340468721166,-9.448237682229191
A285I,285,A,I,0.43162313,1.68397,22.80863627975641,44.47315002768038,-21.664513747923973
A285K,285,A,K,2.9925654,13.1941,95.29433474810851,95.97711754936336,-0.6827828012548451
A285M,285,A,M,1.8553652,2.8499,70.45580365381066,60.804576490127324,9.651227163683338
A285N,285,A,N,2.8289533,5.72244,93.09835763055915,85.21867503229377,7.879682598265376
A285P,285,A,P,3.0192142,6.46011,95.46041705111644,88.02362059420558,7.436796456910855
A285Q,285,A,Q,2.5481033,4.70118,87.52537368518178,78.90754751799224,8.617826167189534
A285R,285,A,R,3.001203,17.7492,95.38660269422404,97.49031186565787,-2.1037091714338345
A285S,285,A,S,0.1968893,1.63563,14.578335486252076,43.67964569108692,-29.101310204834842
A285T,285,A,T,0.9034613,1.94271,38.8632589038568,48.8097434951098,-9.946484591252997
A285V,285,A,V,0.3278577,3.13031,19.04410407824322,64.36611921018638,-45.32201513194316
A285W,285,A,W,2.1725128,38.1077,78.55692932275328,99.63092821553792,-21.073998892784644
A285Y,285,A,Y,2.1404471,30.0614,77.76342498615982,99.15113489573723,-21.38770990957741
L286A,286,L,A,1.75649,3.71262,67.87230116257612,70.75106108138033,-2.8787599188042066
L286C,286,L,C,0.9120641,3.70369,39.25078427754198,70.69570031371101,-31.444916036169033
L286D,286,L,D,2.660407,6.36973,90.053515408747,87.76527034508211,2.2882450636648883
L286E,286,L,E,2.1812131,4.16489,78.96290828566156,74.29415021221628,4.668758073445275
L286F,286,L,F,0.10626179,4.04746,11.385864550655102,73.38992434028418,-62.00405978962908
L286G,286,L,G,2.6850438,5.96483,90.66248385310944,86.10444731500276,4.558036538106677
L286H,286,L,H,2.092071,6.70667,76.69311681121978,88.65104262779111,-11.957925816571333
L286I,286,L,I,0.34382,0.386748,19.67152611182875,21.775235283262596,-2.103709171433845
L286K,286,L,K,2.5579684,6.1216,87.83908470197453,86.80568370548072,1.0334009964938105
L286M,286,L,M,0.091706835,1.60941,10.94297840930061,43.36593467429415,-32.422956264993545
L286N,286,L,N,2.7414353,3.66208,91.65897767115703,70.30817494002584,21.350802731131196
L286P,286,L,P,2.9951577,8.51555,95.33124192655471,92.24949252629636,3.081749400258346
L286Q,286,L,Q,2.1878605,4.03209,79.07362982100018,73.22384203727626,5.849787783723926
L286R,286,L,R,2.3819857,10.7343,83.85310942978408,94.57464476840745,-10.721535338623369
L286S,286,L,S,1.7998346,5.33194,69.09023805130097,83.02269791474441,-13.932459863443441
L286T,286,L,T,1.3659464,1.87082,55.80365381066618,47.554899427938736,8.24875438272744
L286V,286,L,V,0.6537957,2.53789,30.393061450452112,57.18767300239897,-26.794611551946854
L286W,286,L,W,1.0197294,13.7475,43.34748108507105,96.1801070308175,-52.83262594574644
L286Y,286,L,Y,0.7731115,5.23855,34.34212954419635,82.4321830596051,-48.09005351540875
W287F,287,W,F,1.235055,3.59517,51.68850341391401,69.6622993172172,-17.97379590330319
W287G,287,W,G,4.123251,7.37255,99.88927846466137,90.0350618195239,9.85421664513747
W287H,287,W,H,2.5181592,4.42572,86.82413729470382,76.52703450821184,10.297102786491976
W287I,287,W,I,2.5447476,5.40103,87.45155932828935,83.53939841299133,3.912160915298017
W287K,287,W,K,3.2445157,2.29617,97.47185827643476,53.86602694224026,43.6058313341945
W287L,287,W,L,2.4349551,4.71163,85.01568555083963,79.03672264255398,5.978962908285652
W287M,287,W,M,2.0425124,2.97934,75.3829119763794,62.428492341760474,12.95441963461893
W287N,287,W,N,3.4864292,5.47553,98.83742387894445,83.85310942978408,14.984314449160365
W287P,287,W,P,4.068866,8.37257,99.81546410776896,91.89887433105739,7.916589776711575
W287Q,287,W,Q,2.9597132,5.08135,94.90680937442333,81.38032847388817,13.526480900535162
W287R,287,W,R,2.6344604,4.69935,89.51836132127698,78.85218675032294,10.666174570954041
W287S,287,W,S,3.0466175,6.28706,95.81103524635542,87.48846650673556,8.322568739619854
W287T,287,W,T,3.04211,4.98,95.737220889463,80.90053515408748,14.836685735375525
W287V,287,W,V,2.929814,5.22165,94.48237682229194,82.35836870271268,12.124008119579258
W287Y,287,W,Y,1.0670639,2.68156,45.15593282893523,58.90385680014762,-13.747923971212394
A288C,288,A,C,0.20622866,1.74344,14.855139324598635,45.386602694224024,-30.53146336962539
A288D,288,A,D,1.4562242,7.15956,59.236021406163495,89.73980439195424,-30.503782985790743
A288E,288,A,E,1.7621132,11.8557,68.05683705480716,95.36814910500092,-27.311312050193763
I289A,289,I,A,2.699511,2.92142,90.93928769145599,61.52426646982838,29.415021221627605
I289C,289,I,C,1.7390484,2.83168,67.42941502122163,60.509319062557665,6.920095958663964
I289D,289,I,D,2.7802572,6.12491,92.4155748293043,86.82413729470382,5.591437534600487
I289E,289,I,E,2.2553167,5.72637,80.69754567263332,85.23712862151689,-4.539582948883563
I289F,289,I,F,1.3467244,5.92973,55.10241742018822,86.01217936888726,-30.909761948699042
I289G,289,I,G,2.763768,4.88366,92.13877099095774,80.29156670972503,11.847204281232706
I289H,289,I,H,2.8285244,8.17976,93.07990404133604,91.56670972504152,1.5131943162945163
I289K,289,I,K,2.451556,6.85595,85.47702528141724,89.07547517992249,-3.598449898505251
I289L,289,I,L,0.26154444,0.262428,16.774312603801437,18.98874331057391,-2.214430706772472
I289M,289,I,M,0.47015962,0.050758,24.11884111459679,14.892046503044842,9.226794611551949
I289N,289,I,N,2.5532558,3.85021,87.7099095774128,71.72910131020484,15.980808267207962
I289P,289,I,P,2.7243066,6.40714,91.34526665436428,87.87599188042074,3.469274773943539
I289Q,289,I,Q,2.4011292,2.5964,84.16682044657686,57.99963092821554,26.167189518361326
I289R,289,I,R,2.6122346,7.3594,89.03856800147629,89.99815464107769,-0.9595866396013975
I289S,289,I,S,2.7995925,3.31549,92.72928584609707,66.46982838162022,26.259457464476853
I289T,289,I,T,1.792194,1.89769,68.81343421295442,47.90551762317771,20.90791658977671
I289V,289,I,V,0.6305133,0.478671,29.8579073629821,23.65750138401919,6.200405978962909
I289W,289,I,W,1.9780184,15.1567,73.72208894630006,96.84443624284923,-23.122347296549165
I289Y,289,I,Y,2.011805,11.0607,74.62631481823215,94.8145414283078,-20.18822661007566
P293A,293,P,A,1.4118376,2.73539,57.464476840745526,59.45746447684075,-1.9929876360952221
P293C,293,P,C,1.1500987,3.08217,48.25613581841669,63.738697176600844,-15.482561358184157
P293D,293,P,D,1.6525314,4.8341,64.99354124377192,79.92249492526297,-14.928953681491052
P293E,293,P,E,1.8581617,8.95744,70.52961801070308,92.95072891677432,-22.42111090607125
P293F,293,P,F,1.7300123,21.1677,67.17106477209818,98.28381620225134,-31.112751430153168
P293G,293,P,G,1.6965116,4.05538,66.22993172171986,73.4268315187304,-7.196899797010531
P293H,293,P,H,1.9824852,13.6131,73.85126407086177,96.10629267392508,-22.25502860306331
P293I,293,P,I,1.1386533,1.25871,47.90551762317771,37.81140431813988,10.09411330503783
P293K,293,P,K,1.9669014,2.50939,73.4268315187304,56.855508396383094,16.5713231223473
P293L,293,P,L,1.1919596,4.1971,50.11994832995017,74.60786122900905,-24.487912899058877
P293M,293,P,M,1.5488749,6.33387,62.13323491419081,87.63609522052039,-25.50286030632958
P293N,293,P,N,1.4846264,4.30737,60.04797933198007,75.47517992249493,-15.427200590514857
P293Q,293,P,Q,1.7326539,5.29881,67.24487912899059,82.81970843329027,-15.574829304299683
P293R,293,P,R,1.7930466,4.40754,68.86879498062373,76.3240450267577,-7.455250046133969
P293S,293,P,S,1.5346477,2.87291,61.57962723749769,60.98911238235837,0.5905148551393182
P293T,293,P,T,1.1919459,3.46379,50.10149474072707,68.20446576859199,-18.102971027864918
P293V,293,P,V,0.772838,2.984,34.32367595497324,62.5392138770991,-28.21553792212586
P293W,293,P,W,1.2861259,24.0163,53.31241926554715,98.5975272190441,-45.28510795349695
P293Y,293,P,Y,1.777091,12.9301,68.53663037460787,95.86639601402473,-27.329765639416863
L294A,294,L,A,2.5607681,4.20904,87.98671341575937,74.71858276434766,13.26813065141171
L294C,294,L,C,1.6386774,3.3682,64.56910869164052,67.11570400442886,-2.546595312788341
L294D,294,L,D,3.2211902,5.25575,97.28732238420372,82.59826536261303,14.689057021590685
L294E,294,L,E,2.846518,5.35814,93.39361505812882,83.22568739619855,10.167927661930264
L294F,294,L,F,0.03108407,1.60434,8.876176416312973,43.29212031740173,-34.41594390108876
L294G,294,L,G,3.228105,4.79378,97.36113674109615,79.70105185458571,17.660084886510433
L294H,294,L,H,2.9061906,2.60346,94.07639785938365,58.12880605277726,35.94759180660639
L294I,294,L,I,1.1182506,0.955733,47.14892046503045,32.976563941686656,14.172356523343794
L294K,294,L,K,2.6998858,2.74537,90.97619486990219,59.54973242295627,31.42646244694592
L294M,294,L,M,0.40651187,0.021963,21.867503229378112,14.301531647905518,7.565971581472594
L294N,294,L,N,3.2793717,3.97482,97.71175493633511,72.76250230669865,24.94925262963646
L294P,294,L,P,2.863552,5.45491,93.61505812880606,83.70548071599926,9.909577412806797
L294Q,294,L,Q,2.933334,3.39416,94.57464476840745,67.41096143199853,27.163683336408923
L294R,294,L,R,2.9407947,2.95614,94.68536630374608,61.967152611182875,32.718213692563204
L294S,294,L,S,2.8837967,4.87869,93.87340837792951,80.25465953127883,13.618748846650675
L294T,294,L,T,2.5584612,4.75228,87.87599188042074,79.35043365934675,8.525558221073993
L294V,294,L,V,1.6800123,2.65095,65.71323122347297,58.64550655102418,7.067724672448797
L294W,294,L,W,0.95265865,4.36277,40.89315371839823,75.88115888540321,-34.98800516700498
L294Y,294,L,Y,1.3921182,3.36837,56.63406532570585,67.13415759365196,-10.500092267946115
F295A,295,F,A,2.3239834,3.97,82.37682229193578,72.70714153902934,9.669680752906444
F295C,295,F,C,1.657593,3.26168,65.10426277911053,65.89776711570401,-0.793504336593486
F295D,295,F,D,2.5625112,4.64113,88.04207418342868,78.44620778741465,9.595866396014031
F295E,295,F,E,2.0099483,4.84494,74.58940763978595,80.03321646060158,-5.443808820815633
F295G,295,F,G,2.5323155,4.74122,87.1563019007197,79.27661930245434,7.8796825982653615
F295H,295,F,H,1.2329417,3.08875,51.55932828935228,63.794057944270165,-12.234729654917885
F295I,295,F,I,0.94294894,1.53287,40.52408193393615,42.166451374792395,-1.6423694408562426
F295K,295,F,K,1.9933708,3.4253,74.12806790920834,67.83539398412991,6.292673925078432
F295L,295,F,L,0.5841611,0.785566,28.455434582026207,29.525742756966228,-1.0703081749400205
F295M,295,F,M,0.5106237,1.0888,25.668942609337513,35.117180291566704,-9.448237682229191
F295N,295,F,N,2.317779,3.99581,82.13692563203543,72.96549178815279,9.171433843882639
F295P,295,F,P,2.605441,3.5243,88.92784646613767,68.88724856984683,20.040597896290834
F295Q,295,F,Q,1.6696564,2.94048,65.47333456357262,61.81952389739804,3.6538106661745786
F295R,295,F,R,2.0221975,2.38133,75.05074737036354,55.06551024174202,19.98523712862152
F295S,295,F,S,2.551035,4.62099,87.63609522052039,78.31703266285292,9.319062557667465
F295T,295,F,T,2.2573256,3.88208,80.73445285107952,72.02435873777449,8.710094113305033
F295V,295,F,V,1.4444561,3.15826,58.830042443255216,64.77209817309468,-5.94205572983946
F295W,295,F,W,-0.03589942,3.40653,6.440302638863258,67.57704373500646,-61.1367410961432
F295Y,295,F,Y,0.035033345,1.20268,9.060712308544012,36.9625392138771,-27.90182690533309
S297A,297,S,A,0.31204194,0.571487,18.58276434766562,25.5951282524451,-7.01236390477948
S297C,297,S,C,0.46549815,1.42525,24.02657316848127,40.63480346927477,-16.6082303007935
S297D,297,S,D,1.5100286,9.07063,60.693854954788705,93.04299686288984,-32.34914190810113
S297E,297,S,E,1.4936228,18.0096,60.26942240265731,97.58257981177339,-37.31315740911607
S297F,297,S,F,1.5188563,20.0685,61.00756597158147,98.02546595312789,-37.01789998154642
S297G,297,S,G,0.758481,2.21423,33.86233622439565,52.70345082118472,-18.84111459678907
S297H,297,S,H,1.8097166,18.3162,69.40394906809374,97.6379405794427,-28.23399151134896
S297I,297,S,I,1.4000531,8.14013,57.021590699391034,91.47444177892599,-34.45285107953496
S297K,297,S,K,2.1579022,10.7081,78.1694039490681,94.53773758996124,-16.36833364089314
S297L,297,S,L,1.2382482,12.2206,51.72541059236021,95.60804576490128,-43.882635172541065
S297M,297,S,M,1.4300843,6.77534,58.18416682044658,88.83557852002214,-30.65141169957556
S297N,297,S,N,1.6596178,8.41452,65.12271636833364,92.10186381251152,-26.979147444177883
S297P,297,S,P,2.3471694,5.89424,83.00424432552131,85.88300424432552,-2.8787599188042066
S297Q,297,S,Q,1.642977,13.7972,64.77209817309468,96.25392138770991,-31.481823214615233
S297R,297,S,R,1.9338659,16.5892,72.76250230669865,97.2319616165344,-24.469459309835756
S297T,297,S,T,1.0202692,4.19756,43.38438826351725,74.62631481823215,-31.241926554714894
S297V,297,S,V,1.1826665,3.06078,49.69551577781879,63.49880051670049,-13.8032847388817
S297W,297,S,W,1.6123917,31.739,63.997047425724304,99.28031002029894,-35.28326259457464
S297Y,297,S,Y,1.3015271,23.8616,53.792212585347855,98.5421664513748,-44.74995386602694
N298A,298,N,A,0.93017375,0.607199,40.15501014947407,26.18564310758443,13.969367041889644
N298C,298,N,C,0.10993822,-0.041306,11.478132496770623,13.268130651411699,-1.7899981546410757
N298D,298,N,D,0.7126936,3.51419,32.441409854216644,68.7580734452851,-36.31666359106846
N298E,298,N,E,1.5959098,4.74162,63.535707695146705,79.29507289167744,-15.75936519653073
N298F,298,N,F,1.2436693,5.6352,51.92840007381435,84.70197453404687,-32.77357446023252
N298G,298,N,G,1.3497732,0.802463,55.250046133973065,29.91326813065141,25.336778003321655
N298H,298,N,H,1.278229,3.98085,52.980254659531276,72.85477025281418,-19.8745155932829
N298I,298,N,I,0.8421755,2.17825,36.70418896475364,52.352832625945744,-15.648643661192104
N298K,298,N,K,1.8621982,11.6388,70.6403395460417,95.2758811588854,-24.635541612843696
N298L,298,N,L,0.5978247,-0.973523,28.824506366488283,3.450821184720428,25.373685181767854
N298M,298,N,M,1.1747204,-0.470049,49.307990404133605,7.178446207787415,42.12954419634619
N298P,298,N,P,1.0873231,2.40987,45.91252998708249,55.563757150765824,-9.65122716368333
N298Q,298,N,Q,1.2424045,2.55558,51.90994648459125,57.390662483853106,-5.480715999261854
N298R,298,N,R,1.8367083,6.18609,70.01291751245617,87.1747554899428,-17.161837977486627
N298S,298,N,S,1.1235621,0.069278,47.370363535707696,15.187303930614505,32.18305960509319
N298T,298,N,T,0.9013764,-0.611893,38.78944454696438,5.886694962170142,32.90274958479424
N298V,298,N,V,0.55637896,0.660368,27.219044104078243,27.126776157962723,0.0922679461155198
N298W,298,N,W,1.8096088,11.1499,69.38549547887064,94.88835578520022,-25.50286030632958
N298Y,298,N,Y,1.8138087,7.11848,69.45930983576307,89.70289721350802,-20.24358737774496
D299A,299,D,A,1.9398625,3.72691,72.85477025281418,70.80642184904964,2.0483484037645354
D299C,299,D,C,1.4225161,2.83555,57.90736298210002,60.583133419450085,-2.6757704373500673
D299E,299,D,E,1.9189737,3.30214,72.26425539767484,66.30374607861229,5.960509319062552
D299F,299,D,F,2.338405,16.1504,82.70898689795165,97.158147259642,-14.44916036169036
D299G,299,D,G,1.8796724,4.31888,71.30466875807345,75.64126222550286,-4.3365934674294095
D299H,299,D,H,2.2529576,15.2713,80.66063849418713,96.95515777818787,-16.294519284000742
D299I,299,D,I,1.9271635,3.78929,72.44879128990588,71.24930799040413,1.1994832995017504
D299K,299,D,K,2.1503348,5.58787,77.96641446761396,84.40671710647722,-6.440302638863258
D299L,299,D,L,2.1902783,3.59775,79.1289905886695,69.6992064956634,9.429784093006091
D299M,299,D,M,2.2280617,3.40624,80.08857722827089,67.55859014578336,12.529987082487537
D299N,299,D,N,1.3768647,2.23342,56.098911238235836,52.92489389186197,3.1740173463738657
D299P,299,D,P,2.5603607,6.77637,87.96825982653627,88.85403210924525,-0.8857722827089844
D299Q,299,D,Q,2.4837852,3.90926,86.17826167189519,72.22734821922863,13.950913452666555
D299R,299,D,R,2.4130833,5.11382,84.46207787414653,81.62022513378852,2.841852740358007
D299S,299,D,S,1.7034353,5.31407,66.4144676139509,82.9119763794058,-16.497508765454896
D299T,299,D,T,2.58293,5.05419,88.54032109245247,81.23269976010334,7.307621332349129
D299V,299,D,V,2.2950273,3.31713,81.71249307990404,66.52518914928953,15.187303930614505
D299W,299,D,W,2.0139995,14.8516,74.71858276434766,96.71526111828751,-21.996678353939856
D299Y,299,D,Y,2.2208507,26.3784,79.95940210370918,98.89278464661376,-18.93338254290458
L300A,300,L,A,2.3766377,2.48576,83.68702712677616,56.46798302269791,27.21904410407825
L300C,300,L,C,1.7378588,2.98477,67.41096143199853,62.5576674663222,4.853293965676329
L300D,300,L,D,2.932573,5.51462,94.55619117918435,84.07455250046134,10.481638678723016
L300E,300,L,E,2.6305976,5.25247,89.42609337516146,82.5429045949437,6.8831887802177505
L300F,300,L,F,1.2969393,4.43558,53.607676693116815,76.63775604355048,-23.030079350433667
L300G,300,L,G,2.5953982,3.84336,88.79867134157594,71.67374054253553,17.124930799040413
L300H,300,L,H,3.0565047,6.94432,95.86639601402473,89.37073260749216,6.495663406532572
L300I,300,L,I,0.95097846,1.15495,40.85624653995202,36.20594205572984,4.6503044842221755
L300K,300,L,K,2.5494246,3.84252,87.58073445285109,71.65528695331243,15.925447499538663
L300M,300,L,M,1.1950264,0.026241,50.267577043735,14.412253183244141,35.85532386049086
L300N,300,L,N,2.9863477,4.07057,95.16515962354678,73.48219228639971,21.682967337147076
L300P,300,L,P,2.2172525,0.174919,79.81177338992434,17.235652334379036,62.5761210555453
L300Q,300,L,Q,2.6233902,3.05479,89.24155748293043,63.406532570584986,25.835024912345446
L300R,300,L,R,2.8376734,11.1467,93.3382542904595,94.86990219597712,-1.531647905517616
L300S,300,L,S,2.7597363,3.77169,91.99114227717291,71.13858645506551,20.852555822107405
L300T,300,L,T,2.6334362,4.08979,89.48145414283078,73.62982100018453,15.85163314264625
L300V,300,L,V,1.5977218,2.48925,63.627975641262225,56.54179737959033,7.086178261671897
L300W,300,L,W,2.2351499,15.2117,80.25465953127883,96.91825059974165,-16.66359106846282
L300Y,300,L,Y,2.1603131,3.99342,78.22476471673741,72.94703819892969,5.2777265178077215
R301A,301,R,A,2.532312,4.28796,87.1378483114966,75.3829119763794,11.754936335117193
R301C,301,R,C,2.374136,3.68196,83.63166635910684,70.47425724303376,13.157409116073083
R301D,301,R,D,3.1752756,5.73643,96.95515777818787,85.3109429784093,11.644214799778567
R301E,301,R,E,2.534694,5.50179,87.24856984683521,84.03764532201514,3.210924524820072
R301F,301,R,F,2.3358014,4.88995,82.59826536261303,80.32847388817125,2.2697914744417886
R301G,301,R,G,2.204098,5.17727,79.55342314080089,82.0077505074737,-2.454327366672814
R301H,301,R,H,1.7266527,4.3125,67.11570400442886,75.53054069016424,-8.41483668573538
R301I,301,R,I,3.1327503,3.45535,96.6783539398413,68.07529064403026,28.60306329581104
R301K,301,R,K,2.0991104,3.29445,76.91455988189702,66.24838531094298,10.666174570954041
R301L,301,R,L,2.9098706,2.59257,94.11330503782985,57.92581657132312,36.18748846650673
R301M,301,R,M,2.165668,2.57461,78.33548625207602,57.649012732976566,20.686473519099458
R301N,301,R,N,2.6990738,5.04699,90.92083410223289,81.14043181398782,9.780402288245071
R301P,301,R,P,2.804448,5.98859,92.82155379221258,86.19671526111829,6.624838531094298
R301Q,301,R,Q,2.3133597,3.76349,82.06311127514302,71.10167927661931,10.961431998523707
R301S,301,R,S,2.4241843,4.01706,84.75733530171618,73.13157409116073,11.625761210555453
R301T,301,R,T,2.7606034,2.24057,92.04650304484223,53.054069016423696,38.99243402841853
R301V,301,R,V,3.0301273,5.36616,95.60804576490128,83.29950175309098,12.308544011810298
R301W,301,R,W,1.7706484,4.61864,68.37054807159993,78.29857907362982,-9.928031002029897
R301Y,301,R,Y,2.0584817,3.74106,75.78889093928768,70.95405056283447,4.834840376453215
H302A,302,H,A,0.5211809,0.375748,26.038014393799596,21.498431444916037,4.5395829488835595
H302C,302,H,C,0.06604164,0.330902,10.038752537368518,20.335855323860493,-10.297102786491974
H302D,302,H,D,0.9537117,0.484163,40.94851448606754,23.768222919357815,17.180291566709723
H302E,302,H,E,0.8643457,0.435138,37.571507658239526,22.771729101310203,14.799778556929322
H302F,302,H,F,-0.11265421,-0.37511,4.133603985975272,8.43329027495848,-4.299686288983208
H302G,302,H,G,0.60417736,1.97936,29.04594943716553,49.418711939472225,-20.372762502306696
H302I,302,H,I,-0.052870966,0.338427,5.775973426831519,20.391216091529802,-14.615242664698282
H302K,302,H,K,0.22115993,-0.260731,15.445654179737959,9.872670234360584,5.572983945377375
H302L,302,H,L,0.15661831,0.441953,13.065141169957556,22.93781140431814,-9.872670234360584
H302M,302,H,M,0.3818415,-0.249067,20.871009411330505,10.075659715814727,10.795349695515778
H302N,302,H,N,0.8786977,-0.093381,38.25429045949437,12.27163683336409,25.98265362613028
H302P,302,H,P,0.79124755,4.12233,34.84037645322015,73.9435320169773,-39.10315556375715
H302Q,302,H,Q,0.50219625,0.150047,25.336778003321648,16.755859014578338,8.58091898874331
H302R,302,H,R,0.035248883,0.168725,9.079165897767115,17.088023620594207,-8.008857722827091
H302S,302,H,S,0.43017784,0.208882,22.66100756597158,17.992249492526298,4.668758073445282
H302T,302,H,T,0.331877,-0.376134,19.210186381251155,8.414836685735375,10.79534969551578
H302V,302,H,V,-0.003810038,0.173319,7.6766931168112205,17.16183797748662,-9.4851448606754
H302W,302,H,W,-0.06962075,-0.102602,5.203912160915298,12.124008119579258,-6.9200959586639605
H302Y,302,H,Y,-0.19051886,-0.309369,2.6757704373500646,9.171433843882635,-6.495663406532571
I303A,303,I,A,1.9217857,2.26421,72.37497693301347,53.38623362243956,18.98874331057391
I303C,303,I,C,1.0384634,1.83794,44.0671710647721,46.927477394353204,-2.860306329581107
I303D,303,I,D,2.6362083,4.22099,89.61062926739251,74.8477578889094,14.762871378483112
I303E,303,I,E,2.3113873,4.71565,82.0446576859199,79.07362982100018,2.9710278649197193
I303F,303,I,F,1.6668732,4.63925,65.3810666174571,78.40930060896845,-13.028233991511357
I303G,303,I,G,2.1755188,3.49956,78.686104447315,68.57353755305407,10.112566894260937
I303H,303,I,H,2.2446654,2.77971,80.42074183428677,59.955711385864554,20.46503044842222
I303K,303,I,K,2.4440591,4.25106,85.3109429784093,75.05074737036354,10.260195608045763
I303L,303,I,L,-0.102034315,0.251659,4.447315002768038,18.73039306145045,-14.283078058682412
I303M,303,I,M,0.14806186,-0.864148,12.862151688503415,3.930614504521129,8.931537183982286
I303N,303,I,N,2.4396656,2.58808,85.18176785384757,57.85200221443071,27.329765639416863
I303P,303,I,P,2.475943,4.85142,85.97527219044105,80.107030817494,5.86824137294704
I303Q,303,I,Q,2.0675132,2.72497,76.02878759918804,59.346742941502114,16.68204465768592
I303R,303,I,R,2.6151333,5.74907,89.0939287691456,85.38475733530171,3.709171433843892
I303S,303,I,S,2.1759632,2.62344,78.7045580365381,58.25798117733899,20.446576859199112
I303T,303,I,T,1.4370162,1.95722,58.49787783723934,49.031186565787046,9.466691271452298
I303V,303,I,V,0.31645977,1.10237,18.693485883004243,35.41243771913637,-16.718951836132128
I303W,303,I,W,2.017556,9.38232,74.8293042996863,93.46742941502121,-18.638125115334915
I303Y,303,I,Y,1.7770195,3.31317,68.51817678538475,66.45137479239712,2.066801992987635
S304A,304,S,A,0.8422597,0.776285,36.741096143199854,29.267392507842775,7.473703635357079
S304C,304,S,C,0.3625916,1.21422,20.298948145414283,37.22088946300055,-16.92194131758627
S304D,304,S,D,0.34692347,-3.01669,19.800701236390477,0.33216460601587006,19.468536630374608
S304E,304,S,E,0.75957674,-1.84109,33.899243402841854,1.3471120132865844,32.55213138955527
S304F,304,S,F,0.7682187,0.705853,34.1391400627422,28.123269976010334,6.015870086731866
S304G,304,S,G,0.60170627,0.500199,28.972135080273116,24.155748293042997,4.816386787230119
S304H,304,S,H,0.8008127,0.89599,35.15408747001292,31.94316294519284,3.2109245248200793
S304I,304,S,I,0.81936157,1.26829,35.92913821738328,38.01439379959402,-2.085255582210735
S304K,304,S,K,1.0663314,1.00049,45.100572061265915,33.84388263517254,11.256689426093374
S304L,304,S,L,1.128588,0.303907,47.57335301716184,19.689979701051854,27.88337331610999
S304M,304,S,M,0.6654603,0.32256,30.90976194869902,20.114412253183247,10.795349695515775
S304N,304,S,N,0.46256477,0.566179,23.915851633142644,25.447499538660267,-1.531647905517623
S304P,304,S,P,1.0613678,-1.22999,44.95294334748108,2.4727809558959217,42.48016239158516
S304Q,304,S,Q,0.63454115,0.758061,29.987082487543827,28.935227901826906,1.0518545857169208
S304R,304,S,R,0.7864793,0.613705,34.72965491788153,26.425539767484775,8.304115150396758
S304T,304,S,T,0.7091854,1.05849,32.27532755120871,34.65584056098911,-2.380513009780401
S304V,304,S,V,1.0736197,0.873751,45.52500461339731,31.48182321461524,14.043181398782068
S304W,304,S,W,0.68055916,0.403264,31.31574091160731,22.107399889278465,9.208341022328845
S304Y,304,S,Y,0.60944283,0.30726,29.212031740173465,19.800701236390477,9.411330503782988
P305A,305,P,A,0.15664473,1.26036,13.083594759180661,37.848311496586085,-24.764716737405422
P305C,305,P,C,0.39407694,2.02436,21.36925632035431,49.97231961616534,-28.603063295811033
P305D,305,P,D,0.13946232,0.138937,12.51153349326444,16.497508765454878,-3.985975272190437
P305E,305,P,E,0.25074703,0.180261,16.40524081933936,17.309466691271453,-0.9042258719320913
P305F,305,P,F,0.6133913,1.32582,29.3596604539583,38.95552684997232,-9.595866396014024
P305G,305,P,G,0.56007135,1.7513,27.366672817863076,45.54345820262041,-18.17678538475733
P305H,305,P,H,0.55156994,1.94863,27.071415390293414,48.90201144122532,-21.830596050931906
P305I,305,P,I,0.41400138,1.06698,22.12585347850157,34.78501568555084,-12.65916220704927
P305K,305,P,K,0.30737406,1.31062,18.34286768776527,38.77099095774128,-20.428123269976012
P305L,305,P,L,0.25243753,1.7877,16.46060158700867,46.17088023620594,-29.710278649197267
P305M,305,P,M,0.5006685,-0.462229,25.31832441409854,7.25226056467983,18.06606384941871
P305N,305,P,N,0.2519112,2.03,16.44214799778557,50.04613397305776,-33.603985975272195
P305Q,305,P,Q,0.36724097,1.20876,20.42812326997601,37.03635357076951,-16.608230300793505
P305R,305,P,R,0.37396967,1.57966,20.70492710832257,42.92304853293965,-22.218121424617085
P305S,305,P,S,0.17182252,1.79042,13.563388078981362,46.20778741465215,-32.64439933567079
P305T,305,P,T,0.31097147,1.7332,18.508949990773203,45.15593282893523,-26.646982838162025
P305V,305,P,V,0.32409978,1.63922,18.896475364458386,43.716552869533125,-24.82007750507474
P305W,305,P,W,0.48153257,1.24067,24.653995202066803,37.645322015131946,-12.991326813065143
P305Y,305,P,Y,0.75987136,1.34573,33.917696992064954,39.398412991326815,-5.480715999261861
K308A,308,K,A,0.88147736,1.38578,38.309651227163684,40.02583502491234,-1.7161837977486556
K308C,308,K,C,1.1292677,1.68109,47.61026019560804,44.36242849234176,3.2478317032662787
K308D,308,K,D,2.2602217,3.35146,80.78981361874885,66.89426093375161,13.895552684997241
K308E,308,K,E,1.2528213,1.92976,52.260564679830225,48.55139324598635,3.7091714338438777
K308F,308,K,F,0.8582036,3.39155,37.368518176785386,67.37405425355232,-30.00553607676693
K308G,308,K,G,2.018581,2.28492,74.8662114781325,53.699944639232335,21.166266838900164
K308H,308,K,H,0.9531104,2.64424,40.91160730762133,58.55323860490865,-17.64163129728732
K308I,308,K,I,0.7575195,-0.052659,33.84388263517254,13.009780402288246,20.834102232884295
K308L,308,K,L,0.7931257,-0.154791,34.89573722088946,11.348957372208893,23.546779848680565
K308M,308,K,M,0.3240656,-0.025825,18.878021775235283,13.544934489758258,5.333087285477024
K308N,308,K,N,2.1007385,2.58202,76.93301347112013,57.741280679092085,19.19173279202805
K308P,308,K,P,2.6711392,6.52484,90.34877283631666,88.20815648643662,2.140616349880034
K308Q,308,K,Q,0.57251406,1.01901,27.88337331610998,34.1391400627422,-6.255766746632219
K308R,308,K,R,-0.029523099,0.305823,6.698652887986714,19.72688687949806,-13.028233991511346
K308S,308,K,S,1.1298398,1.5554,47.62871378483115,42.60933751614689,5.019376268684262
K308T,308,K,T,1.1031315,0.832288,46.59531278833733,30.485329396567636,16.109983391769696
K308V,308,K,V,1.143702,0.965394,48.07159992618564,33.21646060158701,14.855139324598632
K308W,308,K,W,0.69068056,1.45745,31.647905517623176,41.04078243218306,-9.392876914559881
K308Y,308,K,Y,1.0322467,3.23615,43.790367226425545,65.70400442886142,-21.91363720243588
A309L,309,A,L,0.38271397,-0.264459,20.926370178999814,9.798855877468167,11.127514301531647
A309M,309,A,M,0.33047146,-0.00993,19.117918435135632,13.784831149658608,5.333087285477024
A309N,309,A,N,0.582261,-0.08065,28.38162022513379,12.529987082487542,15.851633142646248
A309P,309,A,P,1.8389374,2.87418,70.14209263701791,61.00756597158147,9.13452666543644
A309Q,309,A,Q,0.32555288,-0.201695,18.98874331057391,10.739988927846467,8.248754382727443
A309R,309,A,R,0.1127877,-0.401737,11.588854032109246,8.10112566894261,3.487728363166637
A309S,309,A,S,0.35550705,-0.098983,19.94832995017531,12.17936888724857,7.76896106292674
A309T,309,A,T,0.6786033,0.489514,31.260380143937994,23.897398043919544,7.362982100018449
A309V,309,A,V,0.5135516,0.362516,25.83502491234545,21.129359660453957,4.705665251891492
A309W,309,A,W,0.2232224,-0.225395,15.556375715076582,10.389370732607492,5.16700498246909
A309Y,309,A,Y,0.5372027,0.042623,26.499354124377188,14.65214984314449,11.847204281232697
L310A,310,L,A,2.1096647,3.82093,77.30208525558221,71.48920465030449,5.812880605277726
L310C,310,L,C,1.657423,3.84425,65.08580918988743,71.69219413175863,-6.606384941871198
L310D,310,L,D,2.88307,6.44631,93.83650119948331,88.00516700498247,5.83133419450084
L310E,310,L,E,2.840094,5.68607,93.3751614689057,85.01568555083963,8.359475918066067
L310F,310,L,F,1.9856017,3.38853,73.96198560620041,67.30946669127145,6.652518914928962
L310G,310,L,G,2.3792834,5.50696,83.77929507289168,84.05609891123824,-0.2768038383465523
L310H,310,L,H,2.7543952,3.61328,91.88042074183429,69.79147444177892,22.08894630005537
L310I,310,L,I,1.3733664,1.83457,56.025096881343416,46.83520944823768,9.189887433105739
L310K,310,L,K,2.8492289,4.78404,93.41206864735192,79.6272374976933,13.784831149658615
L310M,310,L,M,1.1000081,0.197193,46.50304484222181,17.641631297287322,28.86141354493449
L310N,310,L,N,2.7731047,4.54348,92.26794611551948,77.65270345082118,14.6152426646983
L310P,310,L,P,2.3231761,7.28365,82.33991511348957,89.85052592729286,-7.5106108138032965
L310Q,310,L,Q,2.906493,2.45439,94.09485144860675,56.06200405978963,38.03284738881712
L310R,310,L,R,3.101844,4.7613,96.29082856615612,79.46115519468536,16.82967337147076
L310S,310,L,S,2.3520455,4.32876,83.13341945008304,75.73353017161838,7.399889278464656
L310T,310,L,T,2.3790863,4.38774,83.74238789444547,76.10260195608046,7.639785938365009
L310V,310,L,V,1.5413601,3.04936,61.856431075844256,63.351171802915665,-1.4947407270714095
L310W,310,L,W,2.045126,4.47469,75.45672633327182,77.06218859568186,-1.6054622624100432
L310Y,310,L,Y,2.151526,2.85873,77.98486805683706,60.84148366857354,17.14338438826352
L311A,311,L,A,2.374426,3.25767,83.65011994832994,65.8608599372578,17.789260011072145
L311C,311,L,C,1.5727895,3.55091,62.76065694777634,69.1825059974165,-6.421849049640159
L311D,311,L,D,3.4418018,6.36593,98.61598080826721,87.74681675585902,10.869164052408195
L311E,311,L,E,2.9291134,4.46394,94.44546964384573,76.93301347112013,17.512456172725592
L311F,311,L,F,1.9032387,6.88124,71.96899797010519,89.18619671526112,-17.217198745155926
L311G,311,L,G,2.6292813,5.08289,89.35227901826906,81.41723565233437,7.935043365934689
L311H,311,L,H,3.1175182,4.44175,96.54917881527957,76.69311681121978,19.856062004059794
L311I,311,L,I,1.1287848,2.79742,47.59180660638494,60.14024727809559,-12.548440671710651
L311K,311,L,K,2.9953663,4.8808,95.34969551577782,80.27311312050193,15.076582395275892
L311M,311,L,M,0.9236013,0.818808,39.878206311127514,30.245432736667283,9.63277357446023
L311N,311,L,N,3.38325,3.97119,98.30226979147444,72.72559512825244,25.576674663222008
L311P,311,L,P,2.5934925,6.20318,88.74331057390663,87.26702343605831,1.4762871378483169
L311Q,311,L,Q,2.9286861,3.96304,94.40856246539951,72.63332718213692,21.77523528326259
L311R,311,L,R,3.3182092,7.7179,97.85938365011995,90.73629821000185,7.123085440118103
L311S,311,L,S,2.8084886,4.54699,92.84000738143568,77.7449713969367,15.095035984498978
L311T,311,L,T,2.09066,4.46123,76.61930245432737,76.89610629267392,-0.2768038383465523
L311V,311,L,V,1.6983969,2.98388,66.26683890016608,62.52076028787599,3.7460786122900913
L311W,311,L,W,2.0544338,4.46491,75.71507658239528,76.96992064956633,-1.2548440671710495
L311Y,311,L,Y,1.9307249,8.47786,72.67023436058312,92.21258534785017,-19.542350987267042
Q312W,312,Q,W,0.92206395,10.9339,39.74903118656579,94.72227348219229,-54.973242295626505
Q312Y,312,Q,Y,1.6338196,9.25134,64.42147997785568,93.31980070123639,-28.898320723380706
D313A,313,D,A,0.672655,3.2431,31.038937073260747,65.80549916958849,-34.76656209632774
D313C,313,D,C,0.12768064,3.11789,12.17936888724857,64.08931537183983,-51.90994648459126
D313E,313,D,E,0.82835704,1.23216,36.35357076951467,37.49769330134711,-1.1441225318324442
D313F,313,D,F,0.561359,1.90193,27.38512640708618,48.016239158516335,-20.631112751430155
D313G,313,D,G,1.0192287,3.04722,43.31057390662484,63.314264624469466,-20.003690717844627
D313H,313,D,H,-0.026518757,0.316201,6.827828012548441,19.985237128621517,-13.157409116073076
D313I,313,D,I,1.1984441,2.88051,50.39675216829673,61.04447315002768,-10.647720981730949
D313K,313,D,K,1.1220316,2.2389,47.24118841114597,52.998708248754376,-5.757519837608406
D313L,313,D,L,0.95424175,3.07606,41.00387525373685,63.627975641262225,-22.624100387525374
D313M,313,D,M,0.1434818,2.49073,12.696069385495479,56.57870455803654,-43.882635172541065
D313N,313,D,N,-0.3031862,2.50152,1.1072153533862337,56.70787968259826,-55.60066432921203
D313P,313,D,P,2.7989793,7.22416,92.71083225687397,89.81361874884665,2.8972135080273205
D313Q,313,D,Q,0.54812574,3.6996,26.92378667650858,70.6403395460417,-43.71655286953312
D313R,313,D,R,0.9899562,3.08343,42.11109060712309,63.75715076582396,-21.64606015870087
D313S,313,D,S,0.270578,2.11756,17.088023620594207,51.503967521682966,-34.41594390108876
D313T,313,D,T,1.3411791,0.315484,54.93633511718029,19.966783539398413,34.96955157778188
D313V,313,D,V,1.8953193,1.24298,71.80291566709725,37.682229193578145,34.12068647351911
D313W,313,D,W,0.76212454,5.70917,34.009964938180474,85.14486067540136,-51.13489573722089
D313Y,313,D,Y,0.81166935,3.55934,35.541612843698104,69.27477394353203,-33.73316109983392
K314A,314,K,A,0.16854021,0.693361,13.452666543642739,27.84646613766378,-14.39379959402104
K314C,314,K,C,0.32518885,1.56273,18.933382542904596,42.720059051485514,-23.786676508580918
K314D,314,K,D,0.76788694,1.06842,34.1206864735191,34.85883004244326,-0.7381435689241584
K314E,314,K,E,0.33474112,0.410846,19.30245432736667,22.310389370732608,-3.0079350433659364
K314F,314,K,F,-0.25236696,0.563048,1.6608230300793503,25.410592360214064,-23.749769330134715
K314G,314,K,G,0.444353,0.908751,23.306883188780215,32.164606015870085,-8.85772282708987
K314H,314,K,H,0.11948885,0.421823,11.810297102786492,22.494925262963648,-10.684628160177155
K314I,314,K,I,0.3390214,0.424464,19.560804576490128,22.568739619856064,-3.0079350433659364
K314L,314,K,L,-0.038003772,0.155144,6.3664882819708435,16.848126960693854,-10.48163867872301
K314M,314,K,M,0.32537538,0.786705,18.9518361321277,29.618010703081747,-10.666174570954048
K314N,314,K,N,0.6826956,0.794821,31.389555268499723,29.728732238420374,1.6608230300793494
K314P,314,K,P,0.4930672,-0.49564,25.059974164975085,6.957003137110168,18.102971027864918
K314Q,314,K,Q,0.20742452,0.815726,14.892046503044842,30.134711201328656,-15.242664698283814
K314R,314,K,R,-0.26802397,0.173115,1.4762871378483116,17.143384388263517,-15.667097250415205
K314S,314,K,S,0.32120755,0.775507,18.822661007565973,29.230485329396565,-10.407824321830592
K314T,314,K,T,0.44480577,0.222315,23.343790367226426,18.25059974164975,5.093190625576675
K314V,314,K,V,0.38169488,0.66057,20.852555822107398,27.163683336408933,-6.3111275143015355
K314W,314,K,W,-0.11326808,0.489335,4.096696807529064,23.878944454696438,-19.782247647167374
K314Y,314,K,Y,-0.40387565,0.673881,0.5536076766931168,27.422033585532386,-26.86842590883927
D315A,315,D,A,0.18281028,-0.302366,14.135449344897582,9.300608968444363,4.834840376453219
D315C,315,D,C,0.37036043,0.140506,20.52039121609153,16.515962354677985,4.004428861413544
D315E,315,D,E,0.62895906,-0.495682,29.80254659531279,6.938549547887065,22.863997047425727
D315F,315,D,F,0.14659497,-0.49671,12.84369809928031,6.9200959586639605,5.9236021406163495
D315G,315,D,G,0.47286925,0.862293,24.229562649935414,31.131205019376267,-6.901642369440854
D315H,315,D,H,0.493467,-0.03502,25.1153349326444,13.41575936519653,11.699575567447871
D315I,315,D,I,1.3091965,-0.384054,53.995202066801994,8.304115150396752,45.69108691640524
D315K,315,D,K,1.2831557,-0.569567,53.22015131943163,6.292673925078428,46.927477394353204
D315L,315,D,L,0.50801647,-1.41035,25.5951282524451,1.9929876360952206,23.602140616349878
D315M,315,D,M,0.4980538,-1.22879,25.17069570031371,2.491234545119026,22.679461155194687
D315N,315,D,N,0.64171517,0.048209,30.134711201328656,14.781324967706219,15.353386233622437
D315P,315,D,P,1.15281,-0.629025,48.44067171064772,5.7021590699391025,42.73851264070862
D315Q,315,D,Q,0.7092942,-0.262232,32.31223472965492,9.85421664513748,22.458018084517438
D315R,315,D,R,0.45307964,-0.411038,23.65750138401919,8.00885772282709,15.648643661192102
D315S,315,D,S,0.14108115,-0.335565,12.60380143937996,8.839269237866764,3.7645322015131963
D315T,315,D,T,1.0957482,-1.4145,46.281601771544565,1.9745340468721166,44.30706772467245
D315V,315,D,V,1.2983654,0.117993,53.66303746078612,15.96235467798487,37.70068278280125
D315W,315,D,W,0.2359864,-0.411508,15.906993910315556,7.971950544380882,7.935043365934674
D315Y,315,D,Y,0.07674275,-0.666579,10.315556375715076,5.369994463923233,4.945561911791843
V316A,316,V,A,1.2916362,2.40541,53.51540874700129,55.489942793873404,-1.9745340468721153
V316C,316,V,C,1.0357168,2.09204,43.919542350987264,51.02417420188227,-7.104631850895004
V316D,316,V,D,2.2763271,5.355,81.21424617088023,83.17032662852924,-1.9560804576490085
V316E,316,V,E,2.5136623,8.34263,86.7687765270345,91.84351356338809,-5.074737036353582
V316F,316,V,F,1.7495358,8.78787,67.66931168112198,92.60011072153533,-24.930799040413348
V316G,316,V,G,2.7310593,4.17533,91.47444177892599,74.4417789260011,17.032662852924886
V316H,316,V,H,3.1345487,7.44065,96.6968075290644,90.20114412253183,6.495663406532572
V316I,316,V,I,0.21097675,0.677647,15.002768038383465,27.569662299317216,-12.56689426093375
V316K,316,V,K,2.4768167,8.226,86.03063295811036,91.64052408193393,-5.609891123823573
V316L,316,V,L,0.12273735,0.375658,11.957925816571322,21.479977855692933,-9.522052039121611
V316M,316,V,M,1.3964512,0.612379,56.78169403949068,26.29636464292305,30.485329396567632
V316N,316,V,N,2.1202443,3.09904,77.52352832625947,63.88632589038568,13.637202435873789
V316P,316,V,P,1.3142312,4.89535,54.23509872670235,80.38383465584056,-26.148735929138212
V316Q,316,V,Q,2.5051436,3.42754,86.67650858091899,67.87230116257612,18.80420741834287
V316S,316,V,S,1.77458,2.67578,68.49972319616165,58.793135264809,9.70658793135265
V316T,316,V,T,1.0386692,2.35147,44.085624653995204,54.659531278833725,-10.573906624838521
V316W,316,V,W,2.1695814,19.7192,78.52002214430706,97.91474441778925,-19.394722273482188
V316Y,316,V,Y,2.175004,20.8504,78.6491972688688,98.24690902380513,-19.597711754936327
I317A,317,I,A,2.2977192,2.73014,81.73094666912715,59.42055729839454,22.310389370732608
I317C,317,I,C,1.7840106,3.08488,68.70271267761579,63.77560435504706,4.927108322568735
I317D,317,I,D,2.835241,5.08715,93.26443993356708,81.45414283078058,11.810297102786492
I317E,317,I,E,2.8596387,3.94715,93.54124377191364,72.54105923602141,21.00018453589223
I317F,317,I,F,2.3208575,5.73907,82.22919357815096,85.32939656763241,-3.10020298948146
I317G,317,I,G,2.4831076,4.12636,86.14135449344897,73.98043919542351,12.160915298025458
I317H,317,I,H,2.7105663,4.77935,91.12382358368703,79.59033031924709,11.53349326443994
I317K,317,I,K,2.4143746,1.94154,84.49898505259273,48.77283631666359,35.72614873592914
I317L,317,I,L,0.18319535,-0.433966,14.17235652334379,7.584425170695701,6.58793135264809
I317M,317,I,M,2.0053377,1.30256,74.423325336778,38.56800147628714,35.85532386049087
I317N,317,I,N,2.6359136,2.29739,89.59217567816941,53.884480531463375,35.70769514670604
I317P,317,I,P,2.8240242,4.91031,93.00608968444362,80.45764901273299,12.548440671710637
I317Q,317,I,Q,2.9521348,3.58717,94.8145414283078,69.57003137110168,25.244510057206128
I317R,317,I,R,2.4225235,3.16002,84.72042812326997,64.80900535154088,19.911422771729093
I317S,317,I,S,2.388003,3.10759,83.92692378667651,64.0339546041705,19.892969182506008
I317T,317,I,T,2.1018186,1.38331,76.95146706034323,39.98892784646614,36.96253921387709
I317V,317,I,V,0.7409894,1.36871,33.36408931537184,39.74903118656579,-6.384941871193945
I317W,317,I,W,1.9885128,5.10348,73.99889278464661,81.54641077689611,-7.547517992249496
I317Y,317,I,Y,2.27244,3.94201,81.08507104631852,72.4856984683521,8.59937257796642
A318C,318,A,C,0.61015624,0.629967,29.230485329396565,26.610075659715815,2.6204096696807504
A318D,318,A,D,0.36619776,0.7383,20.409669680752906,28.676877652703453,-8.267207971950548
A318E,318,A,E,0.3049391,0.375929,18.287506920095957,21.51688503413914,-3.2293781140431825
A318F,318,A,F,0.6925792,-0.153189,31.703266285292493,11.404318139878205,20.298948145414286
A318G,318,A,G,0.5821489,0.759703,28.363166635910687,28.95368149105001,-0.5905148551393218
A318H,318,A,H,0.5421489,0.496639,26.64698283816202,24.045026757704374,2.601956080457647
A318I,318,A,I,0.5572424,0.494382,27.274404871747553,23.98966599003506,3.2847388817124923
A318K,318,A,K,0.081142314,-0.28811,10.500092267946115,9.503598449898504,0.9964938180476111
A318L,318,A,L,0.57527936,-0.304058,28.012548440671708,9.245248200775052,18.767300239896656
A318M,318,A,M,0.714986,0.318672,32.49677062188596,20.04059789629083,12.456172725595128
A318N,318,A,N,0.38980407,0.065644,21.14781324967706,15.131943162945195,6.015870086731866
A318P,318,A,P,1.8777136,4.6049,71.24930799040413,78.20631112751431,-6.957003137110178
A318Q,318,A,Q,0.4234069,-0.153662,22.347296549178814,11.367410961431998,10.979885587746816
A318R,318,A,R,0.08032895,-0.466342,10.426277911053699,7.2338069754567265,3.1924709355969725
A318S,318,A,S,0.3090616,0.026226,18.43513563388079,14.393799594021036,4.041336039859754
A318T,318,A,T,0.9351145,1.50025,40.32109245248201,41.53902934120686,-1.21793688872485
A318V,318,A,V,0.8248911,0.256305,36.20594205572984,18.896475364458386,17.309466691271457
A318W,318,A,W,0.39289302,-0.844951,21.258534785015684,4.004428861413545,17.25410592360214
A318Y,318,A,Y,0.6167792,-0.0406,29.525742756966228,13.286584240634802,16.239158516331425
I319A,319,I,A,2.2047157,3.21981,79.59033031924709,65.52869533124192,14.061634988005167
I319C,319,I,C,1.8637117,3.12097,70.69570031371101,64.18158331795534,6.514116995755671
I319D,319,I,D,2.7346923,6.53647,91.58516331426463,88.22661007565972,3.3585532386049124
I319E,319,I,E,2.7879589,5.68721,92.54474995386602,85.03413914006273,7.510610813803282
I319F,319,I,F,1.7230104,0.556591,67.00498246909024,25.299870824875438,41.705111644214796
I319G,319,I,G,2.403436,4.84926,84.22218121424618,80.0701236390478,4.152057575198384
I319H,319,I,H,2.7067945,2.68948,91.06846281601771,59.014578335486256,32.05388448053146
I319K,319,I,K,2.4111583,3.41376,84.40671710647722,67.7246724487913,16.68204465768592
I319L,319,I,L,0.5079236,-0.229854,25.576674663222,10.334009964938181,15.24266469828382
I319M,319,I,M,0.47361112,0.447943,24.248016239158517,23.06698652887987,1.1810297102786471
I319N,319,I,N,2.6176076,3.31611,89.1308359475918,66.50673556006643,22.624100387525374
I319P,319,I,P,2.1894832,5.0306,79.1105369994464,81.0481638678723,-1.9376268684259088
I319Q,319,I,Q,1.979051,2.39145,73.75899612474626,55.30540690164237,18.45358922310389
I319R,319,I,R,2.3281834,3.10571,82.5244510057206,63.997047425724304,18.527403579996303
I319S,319,I,S,2.5873387,3.84102,88.65104262779111,71.63683336408931,17.0142092637018
I319T,319,I,T,1.7397029,2.60999,67.46632219966784,58.22107399889278,9.245248200775066
I319V,319,I,V,0.35906768,1.34116,20.04059789629083,39.3245986344344,-19.284000738143572
I319W,319,I,W,2.013925,6.19453,74.70012917512456,87.2301162576121,-12.529987082487537
I319Y,319,I,Y,1.9742422,3.43485,73.57446023251522,67.96456910869165,5.609891123823573
N320A,320,N,A,1.617399,2.479,64.10776896106293,56.4126222550286,7.695146706034329
N320C,320,N,C,1.0424466,1.99608,44.270160546226236,49.65860859937258,-5.388448053146341
N320D,320,N,D,0.22965665,5.30688,15.667097250415205,82.87506920095959,-67.20797195054438
N320E,320,N,E,1.6358948,7.34629,64.476840745525,89.94279387340838,-25.46595312788338
N320F,320,N,F,1.8383356,9.59154,70.1051854585717,93.55969736113674,-23.454511902565045
N320G,320,N,G,1.8003595,4.26565,69.10869164052407,75.17992249492526,-6.071230854401193
N320H,320,N,H,1.2726187,8.49959,52.83262594574645,92.23103893707327,-39.398412991326815
N320I,320,N,I,1.6000118,1.86056,63.66488281970844,47.3519099464846,16.312972873223842
N320K,320,N,K,2.2626672,8.0804,80.88208156486436,91.4375346004798,-10.555453035615429
N320L,320,N,L,1.5217555,1.67994,61.17364827458941,44.34397490311866,16.829673371470754
N320M,320,N,M,1.4752439,4.77527,59.82653626130282,79.53496955157779,-19.708433290274968
N320P,320,N,P,2.1141388,9.09059,77.44971396936704,93.07990404133604,-15.630190071968997
N320Q,320,N,Q,1.533911,8.72768,61.54272005905148,92.47093559697362,-30.928215537922135
N320R,320,N,R,2.3284602,8.68154,82.5429045949437,92.36021406163499,-9.817309466691285
N320S,320,N,S,2.0216002,2.5395,75.01384019191732,57.22458018084517,17.78926001107215
N320T,320,N,T,1.8946781,3.3059,71.74755489942794,66.3775604355047,5.369994463923234
N320V,320,N,V,1.6940682,-1.16588,66.17457095405057,2.6942240265731687,63.4803469274774
N320W,320,N,W,2.1067336,18.5285,77.17291013102049,97.69330134711201,-20.520391216091525
N320Y,320,N,Y,2.402226,15.8911,84.18527403579996,97.06587931352648,-12.880605277726517
Q321A,321,Q,A,1.9304978,3.07666,72.63332718213692,63.646429230485325,8.9868979516516
Q321C,321,Q,C,1.4559004,2.89144,59.217567816940395,61.21055545303562,-1.9929876360952221
Q321D,321,Q,D,2.178813,3.58485,78.79682598265363,69.55157778187856,9.245248200775066
Q321E,321,Q,E,1.0008748,3.27558,42.60933751614689,66.00848865104263,-23.39915113489574
Q321F,321,Q,F,1.6860292,5.73137,65.84240634803469,85.25558221073999,-19.4131758627053
Q321G,321,Q,G,1.953406,2.84752,73.20538844805314,60.767669311681125,12.437719136372017
Q321H,321,Q,H,1.2139614,2.93267,50.876545488097435,61.67189518361321,-10.795349695515775
Q321I,321,Q,I,1.4351633,2.02492,58.405609891123824,50.00922679461155,8.396383096512274
Q321K,321,Q,K,1.593618,0.533445,63.36962539213877,24.949252629636465,38.42037276250231
Q321L,321,Q,L,1.5469943,0.346713,62.059420557298395,20.778741465214985,41.28067909208341
Q321M,321,Q,M,0.99383575,0.821045,42.27717291013102,30.28233991511349,11.994832995017532
Q321N,321,Q,N,1.6972523,2.44469,66.24838531094298,55.914375346004796,10.334009964938183
Q321P,321,Q,P,2.4428444,7.94878,85.25558221073999,91.21609152980254,-5.960509319062552
Q321R,321,Q,R,1.0910046,1.76681,46.097065879313526,45.74644768407455,0.3506181952389724
Q321S,321,Q,S,1.88009,3.49851,71.34157593651965,68.55508396383097,2.7864919726886797
Q321T,321,Q,T,1.4573946,2.84286,59.328289352279015,60.6569477763425,-1.3286584240634838
Q321V,321,Q,V,1.5156437,2.07531,60.85993725779664,50.673556006643295,10.186381251153342
Q321W,321,Q,W,1.1998062,2.82157,50.43365934674294,60.36169034877283,-9.92803100202989
Q321Y,321,Q,Y,1.7487001,5.28304,67.63240450267577,82.76434766562096,-15.131943162945191
D322A,322,D,A,1.4410225,2.08867,58.70086731869348,51.00572061265917,7.695146706034315
D322C,322,D,C,1.0095024,1.96091,43.01531647905518,49.10500092267946,-6.089684443624279
D322E,322,D,E,2.1499178,2.75203,77.94796087839084,59.7158147259642,18.232146152426644
D322F,322,D,F,1.6062956,6.62284,63.830965122716364,88.46650673556007,-24.63554161284371
D322G,322,D,G,1.5852712,3.51052,63.11127514301532,68.64735190994648,-5.53607676693116
D322H,322,D,H,1.0837147,8.93576,45.820262040966966,92.93227532755121,-47.112013286584244
D322I,322,D,I,2.447237,0.648913,85.40321092452481,26.942240265731687,58.46097065879313
D322K,322,D,K,2.643178,2.11502,89.77671157040045,51.430153164790546,38.346558405609905
D322L,322,D,L,2.607348,3.3477,88.98320723380697,66.85735375530541,22.125853478501554
D322M,322,D,M,1.9754444,-1.34384,73.62982100018453,2.1775235283262595,71.45229747185827
D322N,322,D,N,0.8854624,1.93408,38.45727994094851,48.62520760287876,-10.16792766193025
D322P,322,D,P,2.7581296,8.73871,91.9542350987267,92.50784277541982,-0.5536076766931188
D322Q,322,D,Q,2.1794925,2.08259,78.81527957187673,50.894999077320534,27.920280494556195
D322R,322,D,R,2.3261294,1.92559,82.46909023805131,48.477578889093934,33.991511348957374
D322S,322,D,S,1.1765077,2.46417,49.36335117180292,56.22808636279757,-6.864735190994651
D322T,322,D,T,2.225543,1.29534,80.0701236390478,38.42037276250231,41.64975087654548
D322V,322,D,V,2.6996236,0.631744,90.95774128067909,26.62852924893892,64.32921203174017
D322W,322,D,W,1.3207246,8.38257,54.32736667281787,91.9542350987267,-37.62686842590883
D322Y,322,D,Y,1.850405,6.34887,70.38198929691825,87.72836316663592,-17.346373869717667
P323A,323,P,A,0.48125634,1.63542,24.6355416128437,43.66119210186381,-19.025650489020112
P323C,323,P,C,0.49630135,2.25136,25.1337885218675,53.23860490865473,-28.104816386787228
P323D,323,P,D,0.33447012,2.0407,19.28400073814357,50.15685550839638,-30.872854770252815
P323E,323,P,E,0.28078833,1.57959,17.494002583502493,42.90459494371655,-25.41059236021406
P323F,323,P,F,0.32468683,1.33687,18.914928953681493,39.19542350987267,-20.280494556191176
P323G,323,P,G,0.81063986,1.72809,35.48625207602879,45.0083041151504,-9.522052039121611
P323H,323,P,H,0.39681125,1.05664,21.498431444916037,34.6004797933198,-13.102048348403763
P323I,323,P,I,-0.047686435,1.62704,5.997416497508765,43.51356338807898,-37.51614689057021
P323K,323,P,K,0.2835738,0.680698,17.604724118841116,27.643476656209632,-10.038752537368516
P323L,323,P,L,0.15757199,0.794844,13.157409116073076,29.747185827643474,-16.589776711570398
P323M,323,P,M,0.14408147,1.5228,12.714522974718584,41.98191548256136,-29.26739250784278
P323N,323,P,N,0.38315395,2.14852,20.94482376822292,51.92840007381435,-30.98357630559143
P323Q,323,P,Q,0.2983635,1.35843,18.10297102786492,39.61985606200406,-21.51688503413914
P323R,323,P,R,0.23385902,0.942095,15.814725964200038,32.6997601033401,-16.88503413914006
P323S,323,P,S,0.30822694,1.68733,18.37977486621148,44.51005720612659,-26.13028233991511
P323T,323,P,T,0.40471515,1.79667,21.7936888724857,46.300055360767665,-24.506366488281966
P323V,323,P,V,0.051849283,1.13157,9.595866396014024,35.818416682044656,-26.222550286030632
P323W,323,P,W,0.20816341,1.5923,14.92895368149105,43.03377006827828,-28.104816386787228
P323Y,323,P,Y,0.33875015,2.04281,19.542350987267024,50.2491234545119,-30.70677246724488
L324A,324,L,A,0.8050674,0.472369,35.32016977302085,23.52832625945746,11.79184351356339
L324D,324,L,D,1.1312243,2.40491,47.70252814172357,55.471489204650304,-7.768961062926735
L324E,324,L,E,1.4582382,1.3557,59.346742941502114,39.601402472780954,19.74534046872116
L324F,324,L,F,0.83433807,0.958548,36.538106661745715,33.03192470935597,3.5061819523897455
L324G,324,L,G,1.4173409,1.69814,57.72282708986898,44.639232330688316,13.083594759180663
L324H,324,L,H,1.4139669,1.59717,57.575198376084145,43.18139878206311,14.393799594021033
L324I,324,L,I,1.1237481,0.374016,47.4072707141539,21.406163498800517,26.001107215353386
L324K,324,L,K,1.2258079,0.544871,51.30097804022883,25.096881343421295,26.204096696807532
L324M,324,L,M,0.6762868,0.797611,31.168112197822477,29.82100018453589,1.347112013286587
L324N,324,L,N,1.5047305,0.116708,60.509319062557665,15.943901088761764,44.5654179737959
L324P,324,L,P,1.6014798,3.07958,63.75715076582396,63.720243587377745,0.03690717844621361
L324Q,324,L,Q,1.4928106,0.760743,60.17715445654179,28.972135080273116,31.205019376268677
L324R,324,L,R,1.2745075,0.867695,52.887986713415756,31.297287322384204,21.590699391031553
L324S,324,L,S,0.90046805,2.01684,38.77099095774128,49.89850525927293,-11.127514301531647
G325A,325,G,A,0.47851372,2.50696,24.506366488281973,56.80014762871378,-32.293781140431804
G325C,325,G,C,0.5813816,2.58552,28.326259457464474,57.7966414467614,-29.470381989296925
G325D,325,G,D,2.045076,7.44407,75.43827274404872,90.23805130097804,-14.799778556929326
G325K,325,G,K,1.7330716,11.2127,67.3002398966599,94.94371655286953,-27.64347665620963
G325L,325,G,L,1.5543083,7.77192,62.28086362797565,90.93928769145599,-28.65842406348034
G325M,325,G,M,1.3943164,7.86585,56.70787968259826,91.10536999446393,-34.39749031186567
G325N,325,G,N,1.6522238,5.26016,64.97508765454882,82.63517254105923,-17.66008488651042
G325P,325,G,P,1.8948847,11.054,71.76600848865104,94.79608783908469,-23.030079350433653
G325Q,325,G,Q,1.6420672,8.96468,64.71673740542535,92.96918250599742,-28.252445100572075
G325R,325,G,R,1.6415713,11.3053,64.67983022697915,95.01753090976194,-30.337700682782796
G325S,325,G,S,1.0201212,4.52353,43.36593467429415,77.46816755859015,-34.102232884296
G325T,325,G,T,1.6477581,7.19055,64.82745894076399,89.79516515962355,-24.96770621885956
G325V,325,G,V,1.5437388,5.75212,61.874884665067356,85.40321092452481,-23.528326259457458
G325W,325,G,W,1.0663573,18.4031,45.11902565048902,97.6748477578889,-52.55582210739988
G325Y,325,G,Y,0.5801383,21.7898,28.25244510057206,98.37608414836686,-70.1236390477948
K326A,326,K,A,0.543115,0.706817,26.665436427385124,28.14172356523344,-1.4762871378483169
K326C,326,K,C,0.55215895,0.330426,27.089868979516517,20.317401734637386,6.772467244879131
K326D,326,K,D,1.7520329,0.775004,67.7246724487913,29.212031740173465,38.51264070861783
K326E,326,K,E,1.2447695,0.868374,51.96530725226056,31.33419450083041,20.631112751430148
K326F,326,K,F,0.91910094,-0.166244,39.61985606200406,11.23823583687027,28.38162022513379
K326G,326,K,G,1.3461773,1.52727,55.06551024174202,42.055729839453775,13.009780402288243
K326H,326,K,H,0.9177701,0.689854,39.54604170511165,27.80955895921757,11.73648274589408
K326I,326,K,I,0.55310327,0.01163,27.126776157962723,14.135449344897582,12.991326813065141
K326L,326,K,L,0.42118153,-0.145585,22.291935781509505,11.551946853663038,10.739988927846467
K326M,326,K,M,0.25973004,0.253806,16.718951836132128,18.785753829119763,-2.066801992987635
K326N,326,K,N,1.5244474,0.786133,61.26591622070493,29.544196346189334,31.721719874515596
K326P,326,K,P,2.5475533,2.88945,87.50692009595866,61.1551946853663,26.351725410592366
K326Q,326,K,Q,0.70739776,0.583253,32.20151319431629,25.816571323122346,6.384941871193945
K326R,326,K,R,0.030666914,0.193215,8.85772282708987,17.494002583502493,-8.636279756412623
K326S,326,K,S,0.88366014,1.20519,38.42037276250231,36.99944639232331,1.4209263701790036
K326T,326,K,T,1.3596929,1.08397,55.563757150765824,35.02491234545119,20.538844805314632
K326V,326,K,V,1.0426848,0.299696,44.32552131389556,19.63461893338254,24.690902380513016
K326W,326,K,W,0.90013313,-0.202996,38.71563019007197,10.684628160177155,28.031002029894815
K326Y,326,K,Y,1.016485,-0.334579,43.236759549732426,8.876176416312973,34.36058313341945
Q327A,327,Q,A,1.38376,0.989008,56.3941686658055,33.6593467429415,22.734821922864
Q327C,327,Q,C,1.0417135,0.397403,44.177892600110724,22.03358553238605,22.144307067724675
Q327D,327,Q,D,1.766025,4.19009,68.20446576859199,74.55250046133973,-6.348034692747746
Q327E,327,Q,E,0.5157703,0.78007,25.92729285846097,29.3596604539583,-3.432367595497329
Q327F,327,Q,F,1.531538,7.40086,61.43199852371286,90.0904225871932,-28.65842406348034
Q327G,327,Q,G,1.7391865,2.16777,67.44786861044473,52.20520391216091,15.242664698283818
Q327H,327,Q,H,1.01093,5.22136,43.070677246724486,82.33991511348957,-39.26923786676508
Q327I,327,Q,I,1.876234,1.4587,71.17549363351172,41.059236021406164,30.116257612105557
Q327K,327,Q,K,1.5533084,0.096623,62.243956449529435,15.593282893522789,46.650673556006645
Q327L,327,Q,L,1.9337603,0.707414,72.72559512825244,28.16017715445654,44.565417973795896
Q327M,327,Q,M,-0.074812606,-1.06997,5.056283447130467,3.0448422218121425,2.011441225318325
Q327N,327,Q,N,1.3934625,2.00946,56.67097250415206,49.80623731315741,6.864735190994651
Q327P,327,Q,P,1.1089157,-0.519033,46.81675585901458,6.606384941871194,40.210370917143386
Q327R,327,Q,R,1.1177381,0.292637,47.112013286584244,19.48699021959771,27.625023066986532
Q327S,327,Q,S,1.4290621,0.816864,58.12880605277726,30.171618379774866,27.95718767300239
Q327T,327,Q,T,1.5214232,1.88228,61.1551946853663,47.73943532016977,13.415759365196529
Q327V,327,Q,V,1.417742,0.35957,57.7966414467614,21.073998892784644,36.722642553976755
Q327W,327,Q,W,1.5820801,6.80509,63.00055360767669,88.94630005536077,-25.945746447684073
Q327Y,327,Q,Y,1.7233158,8.61444,67.02343605831335,92.32330688318878,-25.299870824875427
G328A,328,G,A,0.78155947,5.5676,34.545119025650486,84.18527403579996,-49.64015501014948
G328C,328,G,C,1.1188595,12.0545,47.16737405425355,95.49732422956265,-48.3299501753091
G328D,328,G,D,2.69689,23.1395,90.84701974534048,98.46835209448238,-7.621332349141909
G328E,328,G,E,2.6746387,29.3695,90.4964015501015,99.13268130651412,-8.63627975641262
G328F,328,G,F,2.0705955,43.6673,76.10260195608046,99.87082487543827,-23.76822291935781
G328H,328,G,H,2.4679894,35.6236,85.8091898874331,99.5202066801993,-13.711016792766188
G328I,328,G,I,2.1460617,28.6405,77.87414652149843,99.04041336039859,-21.166266838900157
G328K,328,G,K,2.5922012,31.6306,88.72485698468353,99.26185643107584,-10.536999446392315
G328Q,328,G,Q,2.4459488,26.3588,85.34785015685551,98.87433105739066,-13.526480900535148
G328R,328,G,R,2.4060938,32.8289,84.27754198191548,99.35412437719137,-15.076582395275892
G328S,328,G,S,1.6666601,11.2876,65.362613028234,94.99907732053885,-29.63646429230485
G328T,328,G,T,2.3367393,18.6859,82.67207971950545,97.74866211478133,-15.076582395275878
G328V,328,G,V,2.248386,20.3969,80.5499169588485,98.17309466691272,-17.62317770806422
G328W,328,G,W,1.1074636,68.7298,46.68758073445285,100.0,-53.31241926554715
G328Y,328,G,Y,1.9745617,43.5061,73.59291382173832,99.85237128621517,-26.259457464476853
Y329A,329,Y,A,2.045765,3.49488,75.49363351171803,68.49972319616165,6.993910315556377
Y329C,329,Y,C,1.3816481,3.27283,56.30190071968998,65.97158147259641,-9.66968075290643
Y329D,329,Y,D,3.2822354,5.67458,97.73020852555823,84.90496401550102,12.825244510057203
Y329E,329,Y,E,2.995129,4.09636,95.31278833733161,73.66672817863075,21.646060158700863
Y329F,329,Y,F,0.8478592,1.11096,36.90717844620779,35.523159254475,1.38401919173279
Y329G,329,Y,G,2.5665061,4.1054,88.1158885403211,73.77744971396936,14.338438826351734
Y329H,329,Y,H,1.589277,3.475,63.22199667835394,68.2598265362613,-5.0378298579073615
Y329I,329,Y,I,1.6757753,4.74077,65.58405609891123,79.23971212400812,-13.655656025096889
Y329K,329,Y,K,2.2458813,3.18223,80.45764901273299,65.12271636833364,15.334932644399345
Y329L,329,Y,L,1.7284817,2.84427,67.13415759365196,60.693854954788705,6.440302638863258
Y329M,329,Y,M,1.9198071,2.17633,72.28270898689794,52.31592544749953,19.966783539398413
Y329N,329,Y,N,2.5937371,4.08167,88.76176416312973,73.57446023251522,15.187303930614505
Y329P,329,Y,P,2.8783584,6.03033,93.74423325336778,86.34434397490311,7.39988927846467
Y329Q,329,Y,Q,2.4231887,3.34763,84.73888171249307,66.83890016608231,17.899981546410757
Y329R,329,Y,R,1.2180903,2.64817,51.02417420188227,58.60859937257796,-7.584425170695695
Y329S,329,Y,S,1.8855997,3.36715,71.5261118287507,67.09725041520575,4.428861413544951
Y329T,329,Y,T,2.082661,4.92197,76.45322015131943,80.53146336962538,-4.078243218305957
Y329V,329,Y,V,1.796943,5.4339,69.01642369440856,83.65011994832994,-14.633696253921386
Y329W,329,Y,W,0.5445881,1.02267,26.77615796272375,34.19450083041152,-7.41834286768777
Q330A,330,Q,A,1.010667,-0.035069,43.05222365750138,13.397305775973429,29.65491788152795
Q330C,330,Q,C,0.01555756,-0.46958,8.230300793504336,7.196899797010518,1.0334009964938176
Q330D,330,Q,D,1.0931314,3.17114,46.13397305775974,64.97508765454882,-18.841114596789076
Q330E,330,Q,E,0.23383537,1.50315,15.796272374976933,41.612843698099276,-25.816571323122343
Q330F,330,Q,F,0.53736126,2.32736,26.517807713600295,54.30891308359476,-27.791105369994465
Q330G,330,Q,G,1.9465411,1.19362,73.0208525558221,36.851817678538474,36.16903487728363
Q330H,330,Q,H,0.7527557,5.23073,33.73316109983392,82.39527588115888,-48.66211478132496
Q330I,330,Q,I,1.136443,-1.32042,47.79479608783909,2.195977117549363,45.59881897028973
Q330K,330,Q,K,0.2371443,-2.5595,15.943901088761764,0.5536076766931168,15.390293412068647
Q330L,330,Q,L,0.052627765,-2.56345,9.651227163683336,0.5351540874700129,9.116073076213322
Q330M,330,Q,M,-0.12544978,-1.58373,3.8383465584056102,1.6608230300793503,2.17752352832626
Q330N,330,Q,N,0.77200586,1.37318,34.28676877652703,39.84129913268131,-5.554530356154274
Q330P,330,Q,P,1.6819661,-1.54911,65.73168481269607,1.7161837977486623,64.01550101494742
Q330R,330,Q,R,0.0292274,-1.1925,8.783908470197453,2.601956080457649,6.181952389739804
Q330S,330,Q,S,1.206003,0.971316,50.581288060527775,33.23491419081011,17.346373869717667
Q330T,330,Q,T,1.028283,0.402854,43.5873777449714,22.088946300055362,21.498431444916037
Q330V,330,Q,V,1.1088326,-0.868306,46.79830226979148,3.8752537368518176,42.92304853293966
Q330W,330,Q,W,0.78157014,2.96743,34.56357261487359,62.151688503413915,-27.588115888540322
Q330Y,330,Q,Y,1.2935019,2.16547,53.589223103893715,52.168296733714705,1.4209263701790107
R332A,332,R,A,0.5440811,1.75422,26.702343605831334,45.59881897028972,-18.896475364458386
R332C,332,R,C,0.002265796,1.42405,7.935043365934674,40.597896290828565,-32.66285292489389
R332D,332,R,D,1.455387,1.30522,59.18066063849419,38.66026942240266,20.520391216091525
R332E,332,R,E,0.7718013,0.683395,34.268315187303934,27.698837423878945,6.569477763424988
R332F,332,R,F,-0.19176127,0.108497,2.6388632589038568,15.722458018084517,-13.08359475918066
R332G,332,R,G,1.0684698,2.58072,45.22974718582765,57.70437350064588,-12.47462631481823
R332H,332,R,H,0.3733759,0.788644,20.686473519099465,29.654917881527957,-8.968444362428492
R332I,332,R,I,0.46474472,0.374544,23.98966599003506,21.42461708802362,2.5650489020114406
R332K,332,R,K,0.52623296,0.525573,26.111828750692013,24.653995202066803,1.45783354862521
R332L,332,R,L,0.18829866,0.121914,14.283078058682413,16.1099833917697,-1.8269053330872858
R332M,332,R,M,-0.036001023,-0.707836,6.421849049640155,5.074737036353571,1.3471120132865844
R332N,332,R,N,0.9119462,1.70415,39.232330688318875,44.69459309835763,-5.462262410038754
R332P,332,R,P,1.867327,5.9726,70.82487543827274,86.12290090422587,-15.298025465953131
R332Q,332,R,Q,0.44052824,0.646107,23.159254474995386,26.88687949806237,-3.7276250230669845
R332S,332,R,S,0.37586585,1.9506,20.741834286768775,48.938918619671526,-28.19708433290275
R332T,332,R,T,0.5989709,2.80286,28.879867134157593,60.214061634988006,-31.334194500830414
R332V,332,R,V,0.8201529,2.26376,35.96604539582949,53.36778003321646,-17.401734637386973
R332W,332,R,W,-0.41180506,1.65288,0.516700498246909,43.919542350987264,-43.40284185274035
R332Y,332,R,Y,-0.300784,1.77016,1.1441225318324415,45.87562280863628,-44.731500276803835
Q333A,333,Q,A,-0.15163329,0.567382,3.3954604170511167,25.502860306329584,-22.10739988927847
Q333C,333,Q,C,-0.08980554,0.211248,4.7241188411145965,18.10297102786492,-13.378852186750326
Q333D,333,Q,D,0.6129103,0.613132,29.30429968628898,26.370178999815465,2.9341206864735163
Q333E,333,Q,E,0.18717568,0.135918,14.246170880236205,16.386787230116255,-2.14061634988005
Q333F,333,Q,F,-0.22154078,0.021652,2.1406163498800517,14.283078058682413,-12.142461708802362
Q333G,333,Q,G,0.6896309,0.660763,31.57409116073076,27.182136925632033,4.391954235098726
Q333H,333,Q,H,0.26991606,0.442667,17.051116442147997,22.974718582764346,-5.9236021406163495
Q333I,333,Q,I,0.18162397,-0.067449,14.08008857722827,12.825244510057207,1.2548440671710637
Q333K,333,Q,K,-0.1632441,-0.382928,3.2109245248200775,8.34102232884296,-5.130097804022883
Q333L,333,Q,L,0.05197824,0.360545,9.632773574460233,21.110906071230854,-11.478132496770622
Q333M,333,Q,M,-0.103899695,-0.036529,4.355047056652519,13.360398597527217,-9.005351540874699
Q333N,333,Q,N,0.34852475,0.7748,19.837608414836687,29.193578150950362,-9.355969736113675
Q333P,333,Q,P,2.290091,1.51892,81.58331795534231,41.90810112566894,39.67521682967337
Q333R,333,Q,R,-0.08698428,-0.338389,4.761026019560805,8.783908470197453,-4.022882450636648
Q333S,333,Q,S,-0.17603861,0.390043,2.952574275696623,21.867503229378112,-18.91492895368149
Q333T,333,Q,T,-0.03345311,0.50325,6.551024174201882,24.229562649935414,-17.678538475733532
Q333V,333,Q,V,0.12452992,0.490407,12.050193762686842,23.915851633142644,-11.865657870455802
Q333W,333,Q,W,-0.09734686,0.121239,4.558036538106662,16.073076213323493,-11.51503967521683
Q333Y,333,Q,Y,-0.2189816,-0.123115,2.269791474441779,11.847204281232699,-9.577412806790921
G334A,334,G,A,0.6316174,2.10498,29.894814541428303,51.22716368333641,-21.332349141908104
G334C,334,G,C,0.040807534,2.52878,9.18988743310574,57.09540505628345,-47.90551762317771
G334D,334,G,D,0.1789051,1.46358,13.969367041889647,41.169957556744784,-27.200590514855136
G334E,334,G,E,-0.17222604,1.50074,3.0079350433659346,41.55748293042997,-38.54954788706404
G334F,334,G,F,-0.010797502,1.23258,7.326074921572245,37.51614689057022,-30.190071968997973
G334H,334,G,H,0.041813936,3.57263,9.208341022328844,69.45930983576307,-60.25096881343422
G334I,334,G,I,0.28659594,2.21106,17.67853847573353,52.66654364273852,-34.988005167004985
G334K,334,G,K,0.4338588,1.72524,22.863997047425723,44.897582579811775,-22.033585532386052
G334L,334,G,L,0.30794477,2.80243,18.361321276988374,60.19560804576491,-41.834286768776536
G334M,334,G,M,0.32653627,1.46296,19.00719689979701,41.151503967521684,-22.144307067724675
G334N,334,G,N,0.28697285,1.88496,17.71544565417974,47.79479608783909,-30.07935043365935
G334P,334,G,P,1.6904835,5.17106,66.04539582948884,81.93393615058129,-15.88854032109245
G334Q,334,G,Q,0.06533595,2.15439,10.00184535892231,52.02066801992987,-42.01882266100756
G334W,334,G,W,0.24153557,2.21924,16.1099833917697,52.77726517807714,-36.66728178630744
G334Y,334,G,Y,0.05600974,2.09521,9.761948699021959,51.097988558774674,-41.33603985975272
D335A,335,D,A,0.78337383,0.207337,34.6004797933198,17.955342314080088,16.64513747923971
D335C,335,D,C,0.42878237,0.848142,22.60564679830227,30.7990404133604,-8.193393615058131
D335E,335,D,E,0.4151949,0.00081,22.16276065694778,13.89555268499723,8.267207971950548
D335F,335,D,F,0.57625955,0.20079,28.086362797564124,17.770806421849052,10.315556375715072
D335G,335,D,G,0.22857177,0.17623,15.648643661192102,17.25410592360214,-1.6054622624100379
D335H,335,D,H,0.47689086,0.527452,24.395644952943346,24.69090238051301,-0.29525742756966267
D335I,335,D,I,1.0694218,1.95492,45.285107953496954,48.99427938734084,-3.709171433843885
D335K,335,D,K,0.9053939,0.22465,38.95552684997232,18.305960509319064,20.64956634065326
D335L,335,D,L,0.60859185,0.540538,29.138217383281052,25.07842775419819,4.059789629082861
D335M,335,D,M,0.39773756,0.821681,21.535338623362243,30.300793504336593,-8.76545488097435
D335N,335,D,N,0.20838313,0.144369,14.947407270714152,16.608230300793505,-1.660823030079353
D335P,335,D,P,1.4958525,3.56321,60.324783170326626,69.34858830042442,-9.023805130097799
D335Q,335,D,Q,0.3017458,0.574797,18.176785384757334,25.668942609337513,-7.492157224580179
D335R,335,D,R,0.72599494,0.815241,32.86584240634804,30.097804022882453,2.7680383834655835
D335S,335,D,S,0.5463699,0.48656,26.86842590883927,23.80513009780402,3.0632958110352497
D335T,335,D,T,1.23745,1.23877,51.70695700313711,37.60841483668573,14.09854216645138
D335V,335,D,V,1.5537179,1.92653,62.262410038752535,48.496032478317034,13.766377560435501
D335W,335,D,W,0.556907,0.833586,27.23749769330135,30.503782985790735,-3.2662852924893855
D335Y,335,D,Y,0.6063553,0.842248,29.10131020483484,30.706772467244882,-1.6054622624100432
N336A,336,N,A,0.17630747,0.905793,13.803284738881713,32.10924524820077,-18.305960509319057
N336C,336,N,C,0.08921614,1.19207,10.85071046318509,36.79645691086916,-25.945746447684073
N336D,336,N,D,0.25597662,0.325827,16.626683890016608,20.169773020852556,-3.5430891308359485
N336E,336,N,E,0.33698854,0.163102,19.468536630374608,16.995755674478687,2.472780955895921
N336F,336,N,F,-0.18100874,0.186824,2.8787599188042075,17.420188226610076,-14.54142830780587
N336G,336,N,G,0.61859065,-0.117972,29.581103524635544,11.976379405794427,17.60472411884112
N336H,336,N,H,0.19314656,0.119325,14.412253183244141,15.999261856431076,-1.5870086731869346
N336I,336,N,I,0.36165756,3.06054,20.206680199298763,63.48034692747739,-43.273666728178625
N336K,336,N,K,0.29394487,-0.428802,17.936888724856985,7.750507473703635,10.18638125115335
N336L,336,N,L,-0.0071827485,-0.309986,7.510610813803285,9.152980254659532,-1.642369440856247
N336M,336,N,M,-0.113068864,0.219517,4.115150396752168,18.213692563203544,-14.098542166451377
N336P,336,N,P,1.3987219,3.86328,56.947776342498614,71.80291566709725,-14.855139324598639
N336Q,336,N,Q,0.09330155,0.198326,10.998339176969921,17.696992064956635,-6.698652887986714
N336R,336,N,R,0.0975264,-1.18812,11.145967890754752,2.6204096696807526,8.525558221074
N336S,336,N,S,0.08246821,1.08879,10.518545857169219,35.098726702343605,-24.580180845174386
N336T,336,N,T,1.1797081,4.4289,49.52943347481085,76.54548809743495,-27.016054622624104
N336V,336,N,V,0.7346033,2.75302,33.068831887802176,59.75272190441041,-26.68389001660823
N336W,336,N,W,0.018793475,0.038852,8.304115150396752,14.615242664698282,-6.31112751430153
N336Y,336,N,Y,-0.17270672,0.0405,2.9894814541428305,14.633696253921388,-11.644214799778556
F337A,337,F,A,2.2686481,3.37322,81.01125668942609,67.20797195054438,13.803284738881715
F337C,337,F,C,1.6891034,3.13564,65.97158147259641,64.49529433474811,1.4762871378483027
F337D,337,F,D,2.6641128,4.40791,90.12732976563942,76.3424986159808,13.784831149658615
F337E,337,F,E,2.180561,4.14128,78.88909392876914,74.10961431998524,4.779479608783902
F337G,337,F,G,2.2645495,4.69988,80.91898874331058,78.87064033954604,2.0483484037645354
F337H,337,F,H,2.0018673,3.2863,74.22033585532387,66.13766377560435,8.082672079719515
F337I,337,F,I,0.44850922,0.748633,23.491419081011255,28.842959955711382,-5.351540874700127
F337K,337,F,K,2.6175504,3.0442,89.1123823583687,63.27735744602325,25.835024912345453
F337L,337,F,L,1.4929434,1.45591,60.214061634988006,40.966968075290644,19.247093559697362
F337M,337,F,M,1.0254596,-0.780656,43.45820262040967,4.447315002768038,39.010887617641636
F337N,337,F,N,2.5666704,3.06698,88.1527957187673,63.57261487359291,24.580180845174382
F337P,337,F,P,2.5343127,6.50585,87.1932090791659,88.17124930799041,-0.9780402288245114
F337Q,337,F,Q,2.466236,3.53113,85.7538291197638,68.92415574829305,16.829673371470747
F337R,337,F,R,2.249261,4.13277,80.5683705480716,74.03579996309281,6.532570584978785
F337S,337,F,S,2.3705955,3.82849,83.52094482376823,71.58147259642,11.939472227348233
F337T,337,F,T,2.3601472,2.88652,83.35486252076029,61.09983391769699,22.2550286030633
F337V,337,F,V,1.3253572,1.43303,54.4934489758258,40.72707141539029,13.766377560435508
F337W,337,F,W,0.40654516,1.13119,21.88595681860122,35.79996309282155,-13.91400627422033
F337Y,337,F,Y,0.9028467,2.9175,38.82635172541059,61.48735929138217,-22.66100756597158
E338A,338,E,A,0.41180277,1.2299,22.088946300055362,37.479239712124006,-15.390293412068644
E338C,338,E,C,0.3603252,0.426037,20.151319431629453,22.60564679830227,-2.4543273666728176
E338D,338,E,D,0.47735137,2.84597,24.45100572061266,60.712308544011805,-36.26130282339915
E338F,338,E,F,0.8919948,2.53089,38.53109429784093,57.13231223472965,-18.601217936888723
E338G,338,E,G,1.4928881,2.67722,60.19560804576491,58.8115888540321,1.3840191917328042
E338H,338,E,H,1.0010009,0.682691,42.6462446945931,27.661930245432735,14.984314449160365
E338I,338,E,I,1.0557392,-0.614272,44.78686104447315,5.868241372947038,38.91861967152611
E338K,338,E,K,1.349673,0.84619,55.23159254474995,30.76213323491419,24.46945930983576
E338L,338,E,L,0.6594536,-0.740247,30.651411699575565,4.816386787230116,25.83502491234545
E338M,338,E,M,0.39477363,-0.926576,21.406163498800517,3.635357076951467,17.77080642184905
V339A,339,V,A,1.7347801,3.87732,67.3371470751061,71.93209079165898,-4.594943716552876
V339C,339,V,C,0.9679265,2.82448,41.42830780586824,60.417051116442146,-18.988743310573902
V339D,339,V,D,2.4605546,3.03047,85.62465399520207,63.07436796456911,22.550286030632954
V339E,339,V,E,2.0275383,5.72215,75.10610813803285,85.18176785384757,-10.075659715814723
V339F,339,V,F,1.0969714,10.69,46.392323306883185,94.48237682229194,-48.090053515408755
V339G,339,V,G,2.77562,5.48296,92.32330688318878,83.92692378667651,8.396383096512267
V339H,339,V,H,2.2334847,7.04219,80.23620594205573,89.5737220889463,-9.337516146890565
V339I,339,V,I,0.25367492,-0.0463,16.534415943901088,13.212769883742387,3.3216460601587006
V339K,339,V,K,2.2010512,5.85365,79.42424801623916,85.71692194131758,-6.292673925078418
W340A,340,W,A,3.2673008,5.41649,97.58257981177339,83.57630559143755,14.00627422033584
W340C,340,W,C,2.3254786,5.58455,82.45063664882821,84.3513563388079,-1.9007196899796952
W340D,340,W,D,3.838353,8.65901,99.57556744786861,92.34176047241188,7.23380697545673
W340E,340,W,E,3.5276642,8.14705,98.89278464661376,91.5113489573722,7.381435689241556
W340F,340,W,F,1.1933992,2.09424,50.21221627606569,51.061081380328474,-0.848865104262785
W340G,340,W,G,4.0417147,7.60088,99.77855692932275,90.4779479608784,9.300608968444351
W340H,340,W,H,2.3927555,2.72533,84.00073814356892,59.36519653072523,24.635541612843696
W340I,340,W,I,3.0402133,5.07002,95.71876730023989,81.30651411699576,14.412253183244133
W340K,340,W,K,3.516758,4.93865,98.85587746816756,80.62373131574091,18.23214615242665
W340L,340,W,L,2.9358556,2.79172,94.63000553607677,60.10334009964938,34.526665436427386
W340M,340,W,M,2.5367112,3.53697,87.28547702528142,68.97951651596236,18.305960509319064
W340N,340,W,N,3.611813,6.19799,99.13268130651412,87.24856984683521,11.884111459678905
W340P,340,W,P,3.9414876,5.97563,99.64938180476103,86.14135449344897,13.508027311312063
W340Q,340,W,Q,3.2722104,5.34684,97.6194869902196,83.13341945008304,14.48606754013656
W340R,340,W,R,2.6417506,3.04192,89.73980439195424,63.24045026757704,26.4993541243772
W340S,340,W,S,3.2771118,5.861,97.6748477578889,85.7722827089869,11.902565048901991
W340T,340,W,T,3.5675182,6.69187,99.04041336039859,88.632589038568,10.407824321830589
W340V,340,W,V,3.3543503,4.30094,98.1546410776896,75.45672633327182,22.697914744417787
W340Y,340,W,Y,1.1129614,1.06062,47.019745340468724,34.69274773943532,12.326997601033405
R342A,342,R,A,0.76883566,3.18275,34.19450083041152,65.14116995755674,-30.94666912714522
R342C,342,R,C,0.57111657,3.13499,27.79110536999446,64.4583871563019,-36.667281786307434
R342D,342,R,D,2.0519776,8.34406,75.65971581472597,91.86196715261119,-16.202251337885215
R342E,342,R,E,1.6789929,8.32412,65.65787045580366,91.80660638494187,-26.148735929138212
R342F,342,R,F,1.4537728,9.12324,59.125299870824875,93.11681121978225,-33.991511348957374
R342G,342,R,G,1.8746849,6.20484,71.10167927661931,87.30393061450452,-16.202251337885215
R342H,342,R,H,1.2826288,9.59182,53.16479055176232,93.57815095035984,-40.41336039859752
R342I,342,R,I,-0.038120165,2.56447,6.329581103524635,57.53829119763794,-51.2087100941133
R342K,342,R,K,-0.1255235,0.33976,3.819892969182506,20.42812326997601,-16.6082303007935
R342L,342,R,L,0.3092692,2.07721,18.472042812326997,50.765823952758815,-32.29378114043182
R342M,342,R,M,-0.045122474,0.007933,6.052777265178077,14.098542166451375,-8.045764901273298
R342N,342,R,N,1.7429823,5.35861,67.50322937811404,83.24414098542167,-15.740911607307623
R342P,342,R,P,2.0646214,9.04789,75.95497324229564,93.00608968444362,-17.051116442147986
R342Q,342,R,Q,0.95573246,2.24532,41.04078243218306,53.10942978409301,-12.068647351909952
R342S,342,R,S,1.2338121,4.39243,51.61468905702159,76.17641631297288,-24.561727255951283
R342T,342,R,T,0.7268613,3.07878,32.90274958479424,63.68333640893154,-30.780586824137295
R342V,342,R,V,0.24639896,0.815298,16.239158516331425,30.116257612105557,-13.877099095774131
R342W,342,R,W,1.2471312,13.7849,52.057575198376085,96.23546779848681,-44.177892600110724
R342Y,342,R,Y,0.95113724,8.83276,40.874700129175125,92.65547148920466,-51.78077136002953
P343A,343,P,A,1.0437213,2.43104,44.38088208156486,55.822107399889276,-11.441225318324413
P343C,343,P,C,0.9238802,2.3837,39.89665990035062,55.12087100941133,-15.224211109060711
P343D,343,P,D,1.5267129,3.94376,61.32127698837424,72.5041520575752,-11.18287506920096
P343E,343,P,E,0.62661743,2.59959,29.76563941686658,58.03653810666175,-28.27089868979517
P343F,343,P,F,0.6155063,0.720958,29.488835578520025,28.40007381435689,1.0887617641631344
P343G,343,P,G,1.5486811,3.56221,62.11478132496771,69.31168112197822,-7.196899797010516
P343H,343,P,H,0.80938184,2.75997,35.41243771913637,59.80808267207972,-24.39564495294335
P343I,343,P,I,1.0276506,1.27573,43.532016977302085,38.125115334932644,5.406901642369441
P343L,343,P,L,0.90779686,0.599483,39.08470197453405,26.056467983022696,13.028233991511353
P343M,343,P,M,0.7724729,1.22424,34.30522236575014,37.40542535523159,-3.1002029894814527
P343N,343,P,N,1.2977812,3.05174,53.64458387156302,63.36962539213877,-9.72504152057575
P343Q,343,P,Q,0.40186048,2.37648,21.682967337147076,54.9732422956265,-33.29027495847942
P343R,343,P,R,0.58317304,1.56121,28.418527403579997,42.68315187303931,-14.26462446945931
P343S,343,P,S,1.0120198,3.4085,43.08913083594759,67.63240450267577,-24.543273666728176
P343T,343,P,T,1.1580535,2.70532,48.662114781324966,59.16220704927109,-10.500092267946123
P343V,343,P,V,1.2227296,1.30519,51.153349326444,38.64181583317956,12.511533493264444
P343W,343,P,W,0.72375184,1.63154,32.75512087100941,43.5689241557483,-10.813803284738889
P343Y,343,P,Y,0.60472167,0.881871,29.06440302638863,31.684812696069386,-2.6204096696807575
S345A,345,S,A,-0.1817882,0.152828,2.8603063295811038,16.82967337147075,-13.969367041889647
S345C,345,S,C,0.23426545,-0.091186,15.851633142646246,12.326997601033401,3.524635541612845
S345D,345,S,D,1.0061119,1.31096,42.84923417604724,38.78944454696438,4.059789629082857
S345E,345,S,E,0.8168168,0.747504,35.78150950359845,28.824506366488283,6.957003137110167
S345F,345,S,F,0.3322634,0.075826,19.228639970474255,15.279571876730024,3.9490680937442306
S345G,345,S,G,0.39296156,1.34227,21.27698837423879,39.3430522236575,-18.06606384941871
S345H,345,S,H,0.7243094,-0.867935,32.77357446023251,3.8937073260749218,28.87986713415759
S345I,345,S,I,0.68239254,-0.319417,31.37110167927662,9.005351540874699,22.36575013840192
S345K,345,S,K,0.9823469,-0.827299,41.88964753644584,4.115150396752168,37.77449713969367
S345L,345,S,L,0.56307507,-1.00896,27.477394353201696,3.3400996493818043,24.13729470381989
S345M,345,S,M,0.5123877,-0.691557,25.798117733899247,5.222365750138402,20.575751983760846
S345N,345,S,N,0.9976369,1.15441,42.51706957003137,36.16903487728363,6.3480346927477385
S345P,345,S,P,1.8559288,5.10399,70.47425724303376,81.56486436611921,-11.090607123085448
S345Q,345,S,Q,0.63890374,0.202604,30.079350433659346,17.844620778741465,12.234729654917881
S345R,345,S,R,0.87247837,-0.44553,37.99594021037092,7.418342867687764,30.577597342683156
S345T,345,S,T,0.3821271,0.466688,20.889463000553608,23.436058313341945,-2.5465953127883374
S345V,345,S,V,0.4856789,-0.303154,24.838531094297842,9.282155379221258,15.556375715076584
S345W,345,S,W,0.39786506,0.773806,21.55379221258535,29.175124561727255,-7.621332349141905
S345Y,345,S,Y,0.39373976,0.309918,21.350802731131203,19.85606200405979,1.494740727071413
G346A,346,G,A,0.9602066,1.10588,41.13305037829858,35.44934489758258,5.683705480716
G346C,346,G,C,0.6943734,2.05084,31.758627052961803,50.32293781140432,-18.56431075844252
G346D,346,G,D,0.5444253,1.0325,26.757704373500644,34.32367595497324,-7.565971581472596
G346E,346,G,E,0.6469565,1.09207,30.226979147444176,35.22790182690533,-5.000922679461155
G346F,346,G,F,0.43238735,1.7969,22.84554345820262,46.31850894999077,-23.472965491788152
G346H,346,G,H,0.3359278,1.99478,19.413175862705295,49.62170142092637,-30.208525558221076
G346I,346,G,I,1.2388884,3.62086,51.76231777080642,69.84683520944823,-18.08451743864181
G346K,346,G,K,0.47889718,0.919104,24.54327366672818,32.349141908101124,-7.805868241372945
G346L,346,G,L,0.6066386,2.24719,29.119763794057945,53.14633696253921,-24.026573168481264
G346M,346,G,M,0.6411303,3.32674,30.116257612105557,66.58054991695886,-36.4642923048533
G346N,346,G,N,0.3616869,1.68198,20.22513378852187,44.38088208156486,-24.155748293042993
G346P,346,G,P,2.3219275,4.70131,82.30300793504337,78.92600110721534,3.3770068278280263
G346Q,346,G,Q,0.6092721,1.93746,29.193578150950362,48.71747554899428,-19.523897398043918
G346R,346,G,R,0.50455844,1.45592,25.465953127883374,40.98542166451375,-15.519468536630377
G346S,346,G,S,0.68405604,1.41251,31.48182321461524,40.33954604170511,-8.857722827089873
G346T,346,G,T,1.4524621,4.55471,59.08839269237867,77.81878575382912,-18.73039306145045
G346V,346,G,V,1.5192478,4.76066,61.02601956080458,79.42424801623916,-18.398228455434584
G346W,346,G,W,0.47452345,1.69653,24.26646982838162,44.620778741465216,-20.354308913083596
A348C,348,A,C,0.33528,0.547408,19.33936150581288,25.17069570031371,-5.83133419450083
A348D,348,A,D,1.288321,3.03436,53.46004797933198,63.09282155379221,-9.63277357446023
A348E,348,A,E,0.67767227,1.46536,31.241926554714894,41.18841114596789,-9.946484591252997
A348F,348,A,F,0.36619115,-0.331719,20.3727625023067,8.894630005536076,11.478132496770623
A348G,348,A,G,1.1792037,1.04751,49.492526296364645,34.526665436427386,14.965860859937258
A348H,348,A,H,0.85370827,-0.048098,37.12862151688503,13.17586270529618,23.952758811588854
A348I,348,A,I,0.15736423,0.342716,13.138955526849971,20.612659162207052,-7.473703635357081
A348K,348,A,K,0.05128488,-0.132413,9.577412806790921,11.69957556744787,-2.1221627606569484
A348L,348,A,L,0.45849332,0.391006,23.80513009780402,21.88595681860122,1.919173279202802
A348M,348,A,M,0.08092604,-0.442952,10.463185089499907,7.436796456910868,3.026388632589039
A348N,348,A,N,1.0425322,0.151642,44.28861413544934,16.792766193024544,27.4958479424248
A348P,348,A,P,2.005278,2.96755,74.4048717475549,62.170142092637015,12.234729654917892
A348Q,348,A,Q,0.3585309,0.314577,20.022144307067723,19.929876360952207,0.09226794611551625
A348R,348,A,R,-0.102994956,-1.41937,4.4104078243218305,1.9376268684259088,2.4727809558959217
A348S,348,A,S,0.37144578,-0.418019,20.63111275143015,7.842775419819155,12.788337331610997
A348T,348,A,T,0.8277299,0.392719,36.29821000184536,21.904410407824322,14.39379959402104
A348V,348,A,V,0.21659088,-0.132129,15.26111828750692,11.718029156670973,3.5430891308359467
A348W,348,A,W,0.5588772,1.18977,27.329765639416863,36.741096143199854,-9.411330503782992
A348Y,348,A,Y,0.32324785,0.287063,18.85956818601218,19.376268684259088,-0.5167004982469088
W349A,349,W,A,2.2841911,3.73521,81.41723565233437,70.89868979516515,10.518545857169215
W349C,349,W,C,1.4725621,3.33263,59.6973611367411,66.69127145229747,-6.99391031555637
W349D,349,W,D,2.9515233,6.39615,94.75918066063849,87.82063111275143,6.938549547887064
W349E,349,W,E,2.5241256,5.38441,86.97176600848864,83.39176969920649,3.5799963092821514
W349F,349,W,F,0.5413442,0.410122,26.62852924893892,22.2734821922864,4.35504705665252
W349G,349,W,G,2.9149394,4.63586,94.20557298394537,78.37239343052224,15.833179553423136
W349H,349,W,H,1.7948614,3.01837,68.92415574829305,62.98210001845359,5.942055729839453
W349I,349,W,I,2.2808459,0.675723,81.32496770621887,27.53275512087101,53.79221258534786
W349K,349,W,K,2.8133767,2.7646,92.8769145598819,59.844989850525934,33.03192470935596
W349L,349,W,L,1.819751,-0.188469,69.57003137110168,10.94297840930061,58.62705296180107
W349M,349,W,M,1.8849329,-0.031376,71.48920465030449,13.434212954419635,58.05499169588485
W349N,349,W,N,2.793552,3.79221,92.67392507842776,71.26776157962725,21.40616349880051
W349P,349,W,P,3.1855397,5.45867,97.1212400811958,83.76084148366857,13.360398597527222
W349Q,349,W,Q,2.438858,4.28285,85.14486067540136,75.32755120871009,9.81730946669127
W349R,349,W,R,1.9200634,2.89423,72.30116257612106,61.22900904225872,11.072153533862341
W349S,349,W,S,2.405007,3.6637,84.25908839269238,70.32662852924894,13.932459863443441
W349T,349,W,T,2.1866245,2.98643,79.05517623177708,62.59457464476841,16.460601587008675
W349V,349,W,V,2.0105138,1.41779,74.60786122900905,40.505628344713045,34.102232884296
W349Y,349,W,Y,0.5487766,1.03211,26.960693854954787,34.30522236575014,-7.344528510795353
A350C,350,A,C,1.0617278,0.88471,44.97139693670419,31.740173463738696,13.231223472965493
A350D,350,A,D,2.7743015,5.39202,92.30485329396568,83.4471304668758,8.857722827089873
A350E,350,A,E,2.328055,6.46373,82.50599741649751,88.04207418342868,-5.536076766931174
A350F,350,A,F,2.3299294,7.58911,82.56135818416682,90.4594943716553,-7.8981361874884755
A350G,350,A,G,1.1817182,2.24817,49.65860859937258,53.16479055176232,-3.5061819523897455
A350H,350,A,H,2.7067318,16.6229,91.05000922679461,97.26886879498062,-6.218859568186005
A350I,350,A,I,1.2487694,1.08115,52.09448237682229,34.96955157778188,17.124930799040413
A350K,350,A,K,3.1145914,9.21344,96.49381804761026,93.22753275512086,3.2662852924893997
A350L,350,A,L,1.6986811,4.19353,66.28529248938919,74.57095405056283,-8.28566156117364
A350M,350,A,M,1.967077,0.866503,73.4452851079535,31.205019376268684,42.240265731684815
A350N,350,A,N,2.8104873,1.41275,92.8584609706588,40.35799963092821,52.500461339730585
A350P,350,A,P,2.9701087,5.72219,95.01753090976194,85.20022144307067,9.81730946669127
A350Q,350,A,Q,2.6869733,6.15655,90.73629821000185,87.02712677615796,3.709171433843892
A350R,350,A,R,2.686254,10.7316,90.71784462077875,94.55619117918435,-3.838346558405604
A350S,350,A,S,0.94896984,1.66128,40.763978593836505,44.0671710647721,-3.303192470935592
A350T,350,A,T,2.007996,0.954658,74.51559328289352,32.92120317401734,41.594390108876176
A350V,350,A,V,1.4080502,0.307246,57.33530171618379,19.782247647167374,37.55305406901642
A350W,350,A,W,2.474334,22.1981,85.93836501199483,98.39453773758996,-12.456172725595124
A350Y,350,A,Y,2.0957162,13.3938,76.85919911422772,96.01402472780956,-19.154825613581835
A352C,352,A,C,0.614977,0.645354,29.415021221627608,26.86842590883927,2.5465953127883374
A352D,352,A,D,2.466589,6.6067,85.79073629821,88.39269237866765,-2.60195608045764
A352E,352,A,E,2.3702588,11.4867,83.50249123454512,95.16515962354678,-11.662668389001666
A352F,352,A,F,1.3382088,7.44192,54.80715999261856,90.21959771175494,-35.412437719136385
A352G,352,A,G,1.0469167,2.10248,44.51005720612659,51.1902565048902,-6.680199298763611
A352H,352,A,H,2.793285,12.4001,92.65547148920466,95.71876730023989,-3.063295811035232
A352I,352,A,I,1.4934767,4.69008,60.25096881343421,78.77837239343052,-18.527403579996303
A352K,352,A,K,2.9674702,7.43866,94.98062373131575,90.18269053330873,4.797933198007016
A352L,352,A,L,0.9590376,4.72904,41.09614319985237,79.1658977671157,-38.069754567263324
A352M,352,A,M,1.1125138,3.18437,46.98283816202251,65.15962354677984,-18.17678538475733
A352N,352,A,N,2.416776,6.08281,84.53589223103893,86.65805499169589,-2.1221627606569626
A352P,352,A,P,2.9204926,5.37651,94.2793873408378,83.31795534231408,10.961431998523722
A352Q,352,A,Q,1.9592493,8.41442,73.29765639416867,92.08341022328842,-18.785753829119756
A352R,352,A,R,3.0919566,17.7702,96.21701420926371,97.50876545488097,-1.291751245617263
A352S,352,A,S,0.7949767,2.07759,35.006458756228085,50.784277541981915,-15.77781878575383
A352T,352,A,T,1.8791167,1.38988,71.28621516885035,40.06274220335855,31.223472965491794
A352V,352,A,V,1.5205066,2.38162,61.08138032847389,55.08396383096512,5.997416497508773
A352W,352,A,W,1.5319828,16.9257,61.45045211293597,97.34268315187305,-35.89223103893708
A352Y,352,A,Y,1.6269102,9.64798,64.27385126407086,93.67041889647535,-29.396567632404498
I354A,354,I,A,1.1456656,3.95704,48.126960693854954,72.55951282524451,-24.432552131389556
I354C,354,I,C,0.69341177,3.66763,31.721719874515593,70.34508211847205,-38.62336224395646
I354D,354,I,D,1.4139359,5.70529,57.53829119763794,85.12640708617826,-27.588115888540322
I354E,354,I,E,1.3102324,5.15744,54.03210924524821,81.82321461524266,-27.791105369994455
I354F,354,I,F,-0.1926187,10.022,2.601956080457649,94.09485144860675,-91.49289536814909
I354G,354,I,G,2.2372577,5.37736,80.32847388817125,83.35486252076029,-3.026388632589047
I354H,354,I,H,0.2309833,6.85971,15.722458018084517,89.0939287691456,-73.37147075106108
I354K,354,I,K,1.2013571,3.59145,50.45211293596604,69.58848496032478,-19.136372024358735
I354L,354,I,L,-0.07815419,0.648335,4.908654733345635,26.92378667650858,-22.015131943162945
I354M,354,I,M,-0.03916714,1.35436,6.292673925078428,39.58294888355785,-33.29027495847942
I354N,354,I,N,1.4208397,4.0039,57.85200221443071,73.0208525558221,-15.16885034139139
I354P,354,I,P,1.6937336,4.8259,66.15611736482747,79.90404133603985,-13.747923971212387
I354Q,354,I,Q,1.2461468,4.39202,52.039121609152986,76.15796272374978,-24.11884111459679
I354R,354,I,R,0.87326354,4.5096,38.06975456726333,77.33899243402843,-39.269237866765096
I354S,354,I,S,1.374474,4.37794,56.04355047056653,76.02878759918804,-19.985237128621506
I354T,354,I,T,0.8280325,2.66459,36.33511718029156,58.7377744971397,-22.402657316848135
I354V,354,I,V,0.042925492,1.2737,9.263701789998155,38.06975456726333,-28.806052777265176
I354W,354,I,W,0.1762879,18.6513,13.784831149658608,97.71175493633511,-83.9269237866765
I354Y,354,I,Y,-0.0591288,13.6611,5.554530356154272,96.14319985237128,-90.58866949621701
N355A,355,N,A,1.8807703,1.86989,71.36002952574275,47.51799224949252,23.842037276250224
N355C,355,N,C,0.44328985,3.01112,23.251522421110906,62.79756412622255,-39.54604170511164
N355D,355,N,D,0.48712063,1.17599,24.93079904041336,36.51965307252261,-11.58885403210925
N355E,355,N,E,1.8362248,1.42175,69.99446392323307,40.57944270160546,29.41502122162761
N355F,355,N,F,0.84260577,8.41112,36.77800332164606,92.04650304484223,-55.268499723196165
N355G,355,N,G,2.0327287,3.96961,75.16146890570215,72.68868794980624,2.4727809558959137
N355H,355,N,H,1.1021029,5.26577,46.558405609891125,82.67207971950545,-36.11367410961432
N355I,355,N,I,2.6380153,5.16036,89.64753644583871,81.87857538291198,7.768961062926735
N355K,355,N,K,2.2613206,4.39978,80.82672079719505,76.23177708064219,4.594943716552862
N355L,355,N,L,0.7020949,0.467284,31.961616534415942,23.45451190256505,8.507104631850893
N355M,355,N,M,1.3153751,1.83983,54.272005905148546,46.945930983576304,7.326074921572243
N355P,355,N,P,2.9271617,8.35407,94.37165528695331,91.88042074183429,2.4912345451190276
N355Q,355,N,Q,1.1278428,5.48406,47.51799224949252,83.96383096512272,-36.4458387156302
N355R,355,N,R,2.0948884,9.02267,76.80383834655841,92.98763609522052,-16.183797748662116
N355S,355,N,S,1.2232982,3.28679,51.20871009411331,66.15611736482747,-14.947407270714159
N355T,355,N,T,2.1460044,4.9924,77.85569293227532,80.93744233253368,-3.08174940025836
N355V,355,N,V,2.0737772,3.64103,76.23177708064219,70.06827828012548,6.163498800516706
N355W,355,N,W,1.8734207,15.0209,71.0278649197269,96.80752906440303,-25.779664144676133
N355Y,355,N,Y,0.92256224,6.89624,39.8228455434582,89.26001107215353,-49.43716552869533
R356A,356,R,A,0.96794164,1.96955,41.44676139509135,49.215722458018085,-7.768961062926735
R356C,356,R,C,0.33574623,1.68684,19.39472227348219,44.49160361690348,-25.09688134342129
R356D,356,R,D,0.9677824,3.2116,41.40985421664514,65.49178815279572,-24.081933936150584
R356E,356,R,E,1.226507,3.24209,51.31943162945193,65.78704558036537,-14.467613950913446
R356F,356,R,F,0.055520795,-0.433534,9.743495109798856,7.602878759918805,2.140616349880051
R356G,356,R,G,1.435317,2.27126,58.42406348034693,53.5523159254475,4.871747554899429
R356H,356,R,H,0.853762,1.72255,37.14707510610814,44.87912899058867,-7.732053884480528
R356I,356,R,I,0.7464487,2.04088,33.511718029156675,50.17530909761949,-16.663591068462814
R356K,356,R,K,0.85894805,0.946083,37.4238789444547,32.77357446023251,4.65030448422219
R356L,356,R,L,0.30872014,-0.510084,18.416682044657687,6.754013655656026,11.662668389001661
R356M,356,R,M,0.2176034,0.180723,15.316479055176233,17.327920280494556,-2.0114412253183236
R356N,356,R,N,0.8092068,0.8799,35.39398412991327,31.647905517623176,3.746078612290095
R356P,356,R,P,1.7696301,5.13357,68.35209448237683,81.73094666912715,-13.378852186750322
R356Q,356,R,Q,1.1383405,0.8576,47.8686104447315,31.00202989481454,16.86658054991696
R356S,356,R,S,0.9085108,2.32382,39.103155563757156,54.23509872670235,-15.131943162945191
R356T,356,R,T,0.80336535,3.41087,35.24635541612844,67.7062188595682,-32.45986344343976
R356W,356,R,W,0.09887935,3.51401,11.164421479977856,68.739619856062,-57.57519837608415
R356Y,356,R,Y,0.40250593,1.29281,21.70142092637018,38.3834655840561,-16.682044657685918
Q357A,357,Q,A,0.39975673,-0.050712,21.60915298025466,13.083594759180661,8.525558221073998
Q357C,357,Q,C,-0.090353146,0.141126,4.687211662668389,16.55286953312419,-11.865657870455802
Q357D,357,Q,D,0.51176536,0.503288,25.77966414467614,24.248016239158517,1.531647905517623
Q357E,357,Q,E,0.41475147,0.057701,22.14430706772467,15.002768038383465,7.141539029341207
Q357F,357,Q,F,0.5914542,-0.93771,28.658424063480346,3.5799963092821554,25.07842775419819
Q357G,357,Q,G,1.0643913,1.74293,45.0452112935966,45.358922310389374,-0.313711016792773
Q357H,357,Q,H,0.65726644,0.902177,30.540690164236945,32.09079165897767,-1.5501014947407263
Q357I,357,Q,I,0.7610904,1.39403,33.95460417051117,40.09964938180476,-6.145045211293592
Q357K,357,Q,K,0.33529216,-0.229026,19.357815095035985,10.352463554161284,9.0053515408747
Q357L,357,Q,L,-0.004434666,-0.666112,7.639785938365012,5.3884480531463375,2.2513378852186747
Q357M,357,Q,M,-0.066128954,-1.09443,5.351540874700129,2.8787599188042075,2.4727809558959217
Q357N,357,Q,N,0.6967653,0.406633,31.850894999077322,22.14430706772467,9.70658793135265
Q357P,357,Q,P,2.3091836,3.69244,82.0077505074737,70.54807159992619,11.459678907547513
Q357R,357,Q,R,-0.021937218,-0.025891,6.975456726333272,13.526480900535153,-6.551024174201881
Q357S,357,Q,S,0.16799721,1.21975,13.41575936519653,37.25779664144676,-23.84203727625023
Q357T,357,Q,T,0.433953,1.23845,22.88245063664883,37.58996124746263,-14.707510610813802
Q357V,357,Q,V,0.9588312,0.164853,41.07768961062927,17.051116442147997,24.026573168481274
Q357W,357,Q,W,0.6740221,0.714877,31.094297840930064,28.28935227901827,2.8049455619117936
Q357Y,357,Q,Y,0.56652206,-0.050403,27.625023066986532,13.102048348403764,14.522974718582768
I359A,359,I,A,0.48090425,1.64721,24.617088023620596,43.827274404871744,-19.210186381251148
I359C,359,I,C,0.25814694,1.02109,16.68204465768592,34.176047241188414,-17.494002583502493
I359D,359,I,D,0.6749451,3.55176,31.131205019376267,69.2009595866396,-38.06975456726333
I359E,359,I,E,0.69054157,2.52718,31.61099833917697,57.05849787783725,-25.447499538660278
I359F,359,I,F,0.11061908,0.976191,11.551946853663038,33.30872854770253,-21.75678169403949
I359G,359,I,G,0.50680894,1.85679,25.558221073998894,47.296549178815276,-21.738328104816382
I359H,359,I,H,0.5619372,2.31116,27.422033585532386,54.087470012917514,-26.665436427385128
I359K,359,I,K,0.61884505,0.050389,29.599557113858644,14.855139324598635,14.744417789260009
I359L,359,I,L,0.13729295,1.03539,12.45617272559513,34.41594390108877,-21.959771175493636
I359M,359,I,M,0.15838411,-0.77421,13.17586270529618,4.539582948883558,8.636279756412621
I359N,359,I,N,0.83059424,2.35761,36.42738512640709,54.71489204650305,-18.287506920095964
I359P,359,I,P,0.44317952,1.9516,23.233068831887802,48.957372208894625,-25.724303377006823
I359Q,359,I,Q,0.81883985,1.1606,35.87377744971397,36.279756412622255,-0.4059789629082857
I359R,359,I,R,0.42778167,-0.998578,22.51337885218675,3.377006827828013,19.13637202435874
I359S,359,I,S,0.5141711,1.69258,25.87193209079166,44.58387156301901,-18.71193947222735
I359T,359,I,T,0.76506263,1.11599,34.04687211662669,35.65233437903672,-1.605462262410036
I359V,359,I,V,0.17041889,0.236505,13.526480900535153,18.601217936888727,-5.074737036353573
I359W,359,I,W,0.17480707,1.21101,13.655656025096881,37.14707510610814,-23.49141908101126
I359Y,359,I,Y,0.23509891,0.89004,15.870086731869348,31.850894999077322,-15.980808267207975
G360E,360,G,E,1.6541979,4.3635,65.03044842221813,75.91806606384942,-10.887617641631294
G360F,360,G,F,1.0769743,4.09707,45.63572614873593,73.68518176785385,-28.04945561911792
G360H,360,G,H,1.378719,7.64362,56.15427200590515,90.58866949621701,-34.43439749031186
G360I,360,G,I,1.5674298,6.09462,62.64993541243772,86.7134157593652,-24.063480346927484
G360K,360,G,K,1.6737124,4.27995,65.54714892046502,75.27219044104079,-9.725041520575772
G360L,360,G,L,1.5251503,5.76716,61.28436980992803,85.45857169219413,-24.174201882266097
G360M,360,G,M,1.3828224,3.91397,56.3757150765824,72.28270898689794,-15.906993910315542
G360N,360,G,N,1.3915088,6.29203,56.61561173648274,87.52537368518178,-30.909761948699035
G360P,360,G,P,1.5553312,11.3245,62.336224395644955,95.09134526665436,-32.7551208710094
G360Q,360,G,Q,1.4827149,5.19398,60.01107215353386,82.15537922125854,-22.144307067724682
G360R,360,G,R,1.588134,5.38092,63.16663591068463,83.37331610998339,-20.20668019929876
G360S,360,G,S,1.1221982,3.89349,47.25964200036907,72.09817309466692,-24.83853109429785
G360T,360,G,T,1.5599331,7.42004,62.41003875253737,90.16423694408563,-27.754198191548262
G360V,360,G,V,1.6427896,4.91935,64.75364458387156,80.51300978040229,-15.759365196530723
G360W,360,G,W,1.4148104,6.47649,57.649012732976566,88.07898136187488,-30.429968628898315
G360Y,360,G,Y,1.1542542,4.10971,48.51448606754013,73.83281048163867,-25.31832441409854
G361A,361,G,A,1.1993654,1.53832,50.41520575751984,42.31408008857723,8.101125668942615
G361C,361,G,C,0.55312645,0.913082,27.14522974718583,32.256873961985605,-5.1116442147997745
G361D,361,G,D,1.3892151,2.35346,56.52334379036723,54.67798486805684,1.845358922310389
G361E,361,G,E,1.3253567,2.11446,54.4749953866027,51.39324598634435,3.081749400258353
G361F,361,G,F,0.7038969,0.168896,32.07233806975457,17.10647720981731,14.965860859937262
G361H,361,G,H,0.8286271,2.32243,36.372024358737775,54.19819154825613,-17.826167189518358
G361I,361,G,I,1.4586118,4.31383,59.36519653072523,75.56744786861044,-16.202251337885215
G361K,361,G,K,1.249379,1.52944,52.11293596604539,42.12954419634619,9.983391769699203
G361L,361,G,L,1.5950855,0.919336,63.46189333825429,32.38604908654734,31.075844251706954
G361M,361,G,M,1.046537,1.03343,44.49160361690348,34.360583133419446,10.131020483484036
G361N,361,G,N,1.3982241,1.26815,56.8739619856062,37.99594021037092,18.878021775235283
G361P,361,G,P,0.7401825,0.820307,33.30872854770253,30.26388632589039,3.0448422218121394
G361Q,361,G,Q,1.1715894,1.24267,49.19726886879498,37.663775604355045,11.533493264439933
G361R,361,G,R,1.2166094,-0.60122,50.987267023436054,6.015870086731869,44.97139693670418
G361S,361,G,S,1.0987027,1.55817,46.4476840745525,42.66469828381621,3.7829857907362907
G361T,361,G,T,1.4296204,6.2191,58.16571323122347,87.34083779295074,-29.175124561727266
G361V,361,G,V,1.3465313,4.27211,55.08396383096512,75.23528326259458,-20.15131943162946
G361W,361,G,W,0.80251646,0.599752,35.20944823768223,26.074921572245803,9.134526665436429
G361Y,361,G,Y,0.7496811,2.49999,33.6408931537184,56.67097250415206,-23.03007935043366
P362A,362,P,A,0.2497263,2.07985,16.331426462446945,50.858091898874335,-34.52666543642739
P362C,362,P,C,0.73976743,2.35359,33.27182136925632,54.69643845727994,-21.424617088023616
P362D,362,P,D,0.8225306,3.49732,36.0398597527219,68.51817678538475,-32.47831703266285
R363A,363,R,A,1.6760321,0.898935,65.60250968813435,32.01697730208525,33.585532386049096
R363C,363,R,C,1.4764321,1.27182,59.88189702897213,38.05130097804023,21.830596050931902
R363D,363,R,D,2.465116,1.94902,85.71692194131758,48.920465030448426,36.79645691086915
R363E,363,R,E,2.0942369,1.72782,76.7669311681122,44.989850525927295,31.7770806421849
R363F,363,R,F,1.7658455,1.72015,68.18601217936889,44.84222181214246,23.343790367226426
R363G,363,R,G,1.7114818,1.53793,66.63591068462816,42.29562649935412,24.340284185274037
R363H,363,R,H,1.8704036,2.53863,70.91714338438825,57.20612659162207,13.71101679276618
R363I,363,R,I,1.8024553,0.70009,69.16405240819338,27.957187673002398,41.20686473519099
R363K,363,R,K,1.8587898,0.359888,70.54807159992619,21.09245248200775,49.45561911791844
R363L,363,R,L,1.3408148,-0.217919,54.89942793873408,10.518545857169219,44.38088208156486
R363M,363,R,M,1.4146258,0.111651,57.63055914375346,15.796272374976933,41.83428676877652
S364A,364,S,A,-0.2209712,-0.799135,2.1590699391031554,4.262779110536999,-2.103709171433844
S364C,364,S,C,-0.016354952,0.491915,7.1230854401181025,23.952758811588854,-16.82967337147075
S364D,364,S,D,-0.2199086,0.675294,2.2144307067724673,27.477394353201696,-25.262963646429228
S364E,364,S,E,0.007406704,0.417798,8.045764901273298,22.42111090607123,-14.375346004797933
S364F,364,S,F,-0.23776254,0.862805,1.8822661007565973,31.149658608599374,-29.26739250784278
S364G,364,S,G,0.27091965,0.985925,17.10647720981731,33.511718029156675,-16.405240819339365
S364H,364,S,H,0.22543354,0.358698,15.611736482745894,21.037091714338437,-5.425355231592544
S364I,364,S,I,-0.020613018,0.776417,7.0123639047794795,29.285846097065882,-22.2734821922864
S364K,364,S,K,0.98514855,0.156762,41.963461893338255,16.86658054991696,25.096881343421295
S364L,364,S,L,-0.31039172,-0.223734,1.0703081749400258,10.407824321830596,-9.33751614689057
S364M,364,S,M,0.0065199756,-0.378647,8.00885772282709,8.359475918066064,-0.3506181952389742
S364N,364,S,N,0.4707086,0.401785,24.137294703819894,22.052039121609155,2.0852555822107384
S364P,364,S,P,0.6773691,-2.07955,31.223472965491787,0.8857722827089869,30.3377006827828
S364Q,364,S,Q,0.24115796,0.508246,16.091529802546596,24.395644952943346,-8.30411515039675
S364R,364,S,R,0.73049754,-0.7363,32.976563941686656,4.83484037645322,28.141723565233434
S364T,364,S,T,-0.0361258,0.085734,6.403395460417051,15.40874700129175,-9.005351540874699
S364V,364,S,V,-0.13768105,0.141717,3.6169034877283632,16.5897767115704,-12.972873223842038
S364W,364,S,W,-0.3606692,1.02921,0.682782801254844,34.268315187303934,-33.58553238604909
S364Y,364,S,Y,-0.25929755,0.972651,1.5870086731869348,33.253367780033216,-31.66635910684628
Y365A,365,Y,A,1.6027386,3.30544,63.77560435504706,66.3406532570585,-2.5650489020114478
Y365C,365,Y,C,0.8768425,1.97026,38.18047610260196,49.25262963646429,-11.072153533862334
Y365D,365,Y,D,2.47902,3.35771,86.08599372577966,66.94962170142092,19.136372024358735
Y365E,365,Y,E,2.3872166,2.53131,83.9084701974534,57.15076582395275,26.757704373500644
Y365F,365,Y,F,0.05707566,-0.528747,9.780402288245064,6.49566340653257,3.284738881712494
Y365G,365,Y,G,2.3521783,4.64086,83.15187303930614,78.42775419819155,4.7241188411145885
Y365H,365,Y,H,1.3343695,1.39879,54.71489204650305,40.19191732792028,14.522974718582773
Y365I,365,Y,I,1.2637925,1.26129,52.6111828750692,37.88521867503229,14.725964200036906
Y365K,365,Y,K,2.1160958,1.66279,77.48662114781325,44.10407824321831,33.38254290459494
Y365L,365,Y,L,0.6261577,1.18226,29.747185827643474,36.61192101863813,-6.864735190994654
Y365M,365,Y,M,1.3472271,-0.945826,55.12087100941133,3.524635541612844,51.596235467798486
Y365N,365,Y,N,2.274217,2.79786,81.12197822476472,60.15870086731869,20.963277357446024
Y365P,365,Y,P,2.6051402,8.42291,88.89093928769145,92.12031740173464,-3.229378114043186
Y365Q,365,Y,Q,2.24435,2.63215,80.40228824506367,58.35024912345451,22.052039121609162
Y365R,365,Y,R,1.662249,2.57023,65.15962354677984,57.63055914375346,7.529064403026382
Y365S,365,Y,S,1.8275524,4.22171,69.75456726333272,74.8662114781325,-5.111644214799782
Y365T,365,Y,T,1.9015061,2.37314,71.95054438088209,54.91788152795719,17.0326628529249
Y365V,365,Y,V,1.733057,2.163,67.2817863074368,52.09448237682229,15.187303930614512
Y365W,365,Y,W,0.69650733,1.1436,31.83244140985422,35.94759180660638,-4.115150396752163
T366A,366,T,A,0.7092546,0.568249,32.29378114043182,25.539767484775787,6.754013655656031
T366C,366,T,C,0.5108717,-0.138817,25.705849787783723,11.588854032109246,14.116995755674477
T366D,366,T,D,0.25999677,0.790578,16.73740542535523,29.673371470751057,-12.935966045395826
T366E,366,T,E,0.23596248,0.295631,15.888540321092453,19.57925816571323,-3.690717844620778
T366F,366,T,F,0.2848649,-0.454478,17.641631297287322,7.3445285107953495,10.297102786491973
T366G,366,T,G,1.3086426,1.2331,53.97674847757889,37.53460047979332,16.44214799778557
T366H,366,T,H,1.0981814,0.214528,46.4292304853294,18.15833179553423,28.270898689795168
T366I,366,T,I,0.21889246,-1.02718,15.371839822845542,3.266285292489389,12.105554530356153
T366K,366,T,K,1.1313884,-0.583007,47.72098173094667,6.163498800516701,41.55748293042997
T366L,366,T,L,0.3894899,-1.43426,21.129359660453957,1.8822661007565973,19.247093559697362
T366M,366,T,M,0.34518647,-1.25193,19.72688687949806,2.3805130097804024,17.34637386971766
T366N,366,T,N,0.9695241,1.4212,41.48366857353755,40.52408193393615,0.9595866396013975
T366P,366,T,P,1.3139634,0.784376,54.19819154825613,29.507289167743128,24.690902380513005
T366Q,366,T,Q,0.81049407,-0.085216,35.467798486805684,12.45617272559513,23.011625761210553
T366R,366,T,R,0.8508978,-0.359643,36.98099280310021,8.58091898874331,28.400073814356897
T366S,366,T,S,0.48707932,-0.137623,24.91234545119026,11.625761210555453,13.286584240634806
T366V,366,T,V,0.085205,-0.297658,10.647720981730947,9.392876914559881,1.2548440671710654
T366W,366,T,W,0.0914074,1.13316,10.924524820077504,35.83687027126776,-24.91234545119026
T366Y,366,T,Y,0.29262128,1.16553,17.91843513563388,36.35357076951467,-18.435135633880787
I367A,367,I,A,1.4397429,3.17821,58.64550655102418,65.08580918988743,-6.440302638863251
I367C,367,I,C,0.70209837,2.44735,31.98007012363905,55.95128252445101,-23.97121240081196
I367D,367,I,D,2.4534318,3.45607,85.53238604908655,68.09374423325337,17.43864181583318
I367E,367,I,E,1.2829015,2.06475,53.18324414098542,50.52592729285846,2.6573168481269605
I367F,367,I,F,0.13036498,-0.498476,12.290090422587193,6.864735190994649,5.425355231592544
I367G,367,I,G,2.488886,4.39798,86.36279756412623,76.19486990219598,10.16792766193025
I367H,367,I,H,1.867238,1.7341,70.80642184904964,45.17438641815833,25.632035430891314
I367K,367,I,K,2.28974,2.78816,81.56486436611921,60.04797933198007,21.516885034139136
I367L,367,I,L,-0.07082383,-0.257794,5.1670049824690905,9.964938180476103,-4.797933198007013
I367M,367,I,M,0.12595527,-0.101636,12.124008119579258,12.142461708802362,-0.01845358922310325
I367N,367,I,N,2.3364315,2.45748,82.63517254105923,56.117364827458935,26.5178077136003
I367P,367,I,P,2.0799885,3.41066,76.37940579442702,67.68776527034508,8.691640524081933
I367Q,367,I,Q,1.6917607,1.38196,66.11921018638125,39.95202066801993,26.167189518361326
I367R,367,I,R,2.179694,2.99299,78.83373316109984,62.68684259088393,16.146890570215916
I367S,367,I,S,1.9682966,3.22241,73.50064587562281,65.56560250968813,7.935043365934675
I367T,367,I,T,1.1164633,2.99898,47.09355969736114,62.70529618010703,-15.61173648274589
I367V,367,I,V,0.2566124,1.62592,16.645137479239715,43.49510979885588,-26.849972319616164
I367W,367,I,W,0.7192693,5.66305,32.58903856800148,84.7942424801624,-52.20520391216092
I367Y,367,I,Y,0.9060365,3.03958,39.01088761764163,63.16663591068463,-24.155748293043004
A368C,368,A,C,0.13416883,-0.313817,12.326997601033401,9.042258719320907,3.284738881712494
A368D,368,A,D,0.22447006,-0.092926,15.593282893522789,12.290090422587193,3.3031924709355955
A368E,368,A,E,-0.057343185,-0.731826,5.628344713046688,4.908654733345635,0.7196899797010525
A368F,368,A,F,0.05798977,5.34195,9.85421664513748,83.09651227163684,-73.24229562649936
A368G,368,A,G,0.4896298,0.786392,24.949252629636465,29.581103524635544,-4.631850894999079
A368H,368,A,H,0.17156106,0.163476,13.544934489758258,17.01420926370179,-3.469274773943532
A368I,368,A,I,0.19207136,-0.284757,14.375346004797935,9.595866396014024,4.779479608783911
A368K,368,A,K,0.30600426,-0.238782,18.305960509319064,10.167927661930246,8.138032847388818
A368L,368,A,L,0.04470064,-0.557925,9.355969736113675,6.3664882819708435,2.9894814541428314
A368M,368,A,M,0.11007706,-0.013887,11.496586085993727,13.7479239712124,-2.251337885218673
A368N,368,A,N,0.47625628,-0.049892,24.340284185274037,13.12050193762687,11.219782247647167
A368P,368,A,P,0.42970198,-1.39347,22.642553976748477,2.0114412253183245,20.63111275143015
A368Q,368,A,Q,0.17983834,-0.678464,14.006274220335854,5.296180107030817,8.710094113305036
A368R,368,A,R,0.32554945,-0.272515,18.970289721350802,9.66968075290644,9.300608968444362
A368S,368,A,S,0.20120208,0.45297,14.65214984314449,23.251522421110906,-8.599372577966415
A368T,368,A,T,0.57061946,0.059821,27.772651780771362,15.02122162760657,12.751430153164792
A368V,368,A,V,0.29729718,-0.200378,18.047610260195608,10.75844251706957,7.289167743126038
A368W,368,A,W,0.020371864,-0.459162,8.359475918066064,7.289167743126038,1.0703081749400258
A368Y,368,A,Y,0.07603453,-0.430239,10.27864919726887,7.713600295257428,2.5650489020114415
A370C,370,A,C,-0.10749266,0.629117,4.244325521313896,26.573168481269605,-22.328842959955708
A370D,370,A,D,0.5439968,1.59486,26.68389001660823,43.1444916036169,-16.460601587008668
A370E,370,A,E,0.1272309,0.130347,12.160915298025465,16.276065694777632,-4.115150396752167
A370F,370,A,F,-0.12204033,0.870402,3.8752537368518176,31.408008857722823,-27.532755120871006
A370G,370,A,G,0.91778773,0.940812,39.56449529433475,32.681306514117,6.8831887802177505
A370H,370,A,H,-0.051927216,1.72832,5.849787783723935,45.0267577043735,-39.17696992064957
A370I,370,A,I,0.30830556,0.797622,18.39822845543458,29.839453773758994,-11.441225318324413
A370K,370,A,K,0.20548077,-0.171065,14.818232146152427,11.127514301531647,3.69071784462078
A370L,370,A,L,0.42274123,-0.011438,22.310389370732608,13.766377560435505,8.544011810297103
A370M,370,A,M,-0.08473686,0.964564,4.797933198007012,33.18878021775235,-28.39084701974534
A370N,370,A,N,0.28912994,0.633677,17.80771360029526,26.68389001660823,-8.876176416312973
A370P,370,A,P,1.3049265,1.76826,53.884480531463375,45.820262040966966,8.064218490496408
A370Q,370,A,Q,-0.006678513,-0.086454,7.529064403026389,12.419265547148921,-4.890201144122532
A370R,370,A,R,0.12122722,-0.197702,11.865657870455804,10.869164052408193,0.9964938180476111
A370S,370,A,S,0.020870028,0.540499,8.43329027495848,25.059974164975085,-16.626683890016604
A370T,370,A,T,0.69459796,1.01054,31.777080642184906,33.991511348957374,-2.2144307067724682
A370V,370,A,V,0.44952494,0.351048,23.509872670234362,20.90791658977671,2.6019560804576507
A370W,370,A,W,-0.08526014,1.73601,4.779479608783908,45.22974718582765,-40.45026757704374
A370Y,370,A,Y,-0.055278957,0.690974,5.7021590699391025,27.82801254844067,-22.12585347850157
S371A,371,S,A,0.09398444,0.508484,11.016792766193024,24.41409854216645,-13.397305775973425
S371C,371,S,C,0.15142575,0.234948,12.972873223842038,18.52740357999631,-5.554530356154272
S371D,371,S,D,0.3599785,0.763045,20.114412253183247,29.027495847942426,-8.913083594759179
S371E,371,S,E,0.19452098,0.050402,14.467613950913453,14.873592913821737,-0.40597896290828395
S371F,371,S,F,0.3659068,-0.119714,20.354308913083592,11.884111459678907,8.470197453404685
S371G,371,S,G,0.4727816,0.869555,24.211109060712307,31.37110167927662,-7.1599926185643135
S371H,371,S,H,0.47262627,0.067211,24.192655471489203,15.168850341391401,9.023805130097802
S371I,371,S,I,0.03698299,0.73761,9.134526665436429,28.658424063480346,-19.523897398043918
S371K,371,S,K,1.0899546,0.319639,46.06015870086732,20.077505074737036,25.982653626130283
S371L,371,S,L,0.21423168,-0.775599,15.095035984498987,4.521129359660454,10.573906624838532
S371M,371,S,M,0.27866298,-2.03975,17.401734637386973,0.9964938180476103,16.40524081933936
S371N,371,S,N,0.7265544,0.658823,32.88429599557114,27.089868979516517,5.79442701605462
S371P,371,S,P,0.4515544,3.9645,23.602140616349878,72.65178077136002,-49.049640155010145
S371Q,371,S,Q,0.33432978,-0.233395,19.247093559697362,10.241742018822661,9.0053515408747
S371R,371,S,R,0.91176283,0.241939,39.19542350987267,18.656578704558036,20.538844805314632
S371T,371,S,T,0.24176565,0.835359,16.128436980992802,30.596050931906255,-14.467613950913453
S371V,371,S,V,0.19363311,-0.037868,14.44916036169035,13.341945008304116,1.1072153533862341
S371W,371,S,W,0.27703673,-0.160796,17.309466691271453,11.293596604539582,6.015870086731871
S371Y,371,S,Y,0.32023403,-0.313732,18.804207418342866,9.060712308544012,9.743495109798854
G373A,373,G,A,1.2928019,6.49989,53.5707695146706,88.1527957187673,-34.58202620409669
G373C,373,G,C,1.2986863,11.3974,53.699944639232335,95.10979885587747,-41.40985421664514
G373D,373,G,D,2.4555001,15.3848,85.55083963830965,97.01051854585717,-11.459678907547513
G373E,373,G,E,2.4200807,21.4244,84.60970658793136,98.33917696992064,-13.729470381989287
G373F,373,G,F,1.1787701,34.7686,49.45561911791844,99.48329950175308,-50.02768038383464
G373H,373,G,H,1.7221644,23.4248,66.94962170142092,98.48680568370548,-31.53718398228456
G373I,373,G,I,1.7051462,28.8126,66.46982838162022,99.0588669496217,-32.589038568001484
G373K,373,G,K,2.486547,20.7317,86.32589038568001,98.22845543458203,-11.90256504890202
G373L,373,G,L,1.6654009,24.9311,65.28879867134158,98.70824875438274,-33.419450083041156
G373M,373,G,M,1.7573382,4.15226,67.89075475179922,74.18342867687765,-6.292673925078432
G373N,373,G,N,2.422196,13.9199,84.70197453404687,96.36464292304854,-11.662668389001666
G373P,373,G,P,2.491403,10.08,86.43661192101864,94.13175862705296,-7.695146706034322
G373Q,373,G,Q,2.3111086,20.2505,82.0262040966968,98.1546410776896,-16.128436980992802
G373R,373,G,R,2.062093,24.0526,75.89961247462631,98.63443439749031,-22.734821922864
G373S,373,G,S,1.3657777,9.73992,55.78520022144306,93.8180476102602,-38.03284738881713
G373T,373,G,T,2.1454387,11.8669,77.83723934305222,95.38660269422404,-17.54936335117182
G373V,373,G,V,1.8900576,20.7074,71.61837977486621,98.21000184535892,-26.591622070492704
G373W,373,G,W,0.9829944,43.9917,41.90810112566894,99.88927846466137,-57.98117733899243
G373Y,373,G,Y,0.9186808,31.0646,39.601402472780954,99.22494925262964,-59.62354677984869
K374A,374,K,A,0.033681657,1.01651,8.986897951651596,34.083779295072894,-25.0968813434213
K374C,374,K,C,0.03477108,0.836158,9.042258719320907,30.632958110352465,-21.590699391031556
K374E,374,K,E,0.31929284,0.448959,18.785753829119763,23.140800885772283,-4.35504705665252
K374F,374,K,F,-0.19728419,-0.31061,2.5835024912345452,9.116073076213324,-6.532570584978778
K374G,374,K,G,0.041958317,0.134637,9.245248200775052,16.34988005167005,-7.104631850894997
K374H,374,K,H,-0.020448964,2.10739,7.030817494002584,51.30097804022883,-44.27016054622624
K374I,374,K,I,0.34634036,2.60121,19.782247647167374,58.09189887433106,-38.309651227163684
K374L,374,K,L,0.08059989,0.422127,10.444731500276804,22.51337885218675,-12.068647351909947
K374M,374,K,M,0.018523484,1.1083,8.285661561173649,35.50470566525189,-27.219044104078243
K374N,374,K,N,0.32231045,0.2234,18.841114596789073,18.269053330872858,0.572061265916215
K374P,374,K,P,0.7119745,4.53469,32.422956264993545,77.59734268315187,-45.17438641815832
K374Q,374,K,Q,0.07286115,0.342783,10.204834840376453,20.64956634065326,-10.444731500276806
K374R,374,K,R,-0.17022069,-0.43306,3.0632958110352466,7.621332349141909,-4.558036538106663
K374S,374,K,S,0.11413183,0.906639,11.681121978224764,32.12769883742388,-20.446576859199112
K374T,374,K,T,0.36251387,1.84282,20.28049455619118,47.00129175124562,-26.720797195054438
G375A,375,G,A,0.9152274,3.10213,39.43532016977302,63.923233068831884,-24.487912899058863
G375C,375,G,C,0.45158935,2.68905,23.620594205572985,58.99612474626315,-35.375530540690164
G375D,375,G,D,1.2563467,3.63618,52.37128621516886,70.03137110167927,-17.66008488651041
G375E,375,G,E,1.2272584,2.62437,51.33788521867503,58.294888355785204,-6.957003137110178
G375F,375,G,F,0.4255348,3.43296,22.42111090607123,67.94611551946855,-45.525004613397314
G375H,375,G,H,0.59641355,4.97161,28.787599188042073,80.82672079719505,-52.03912160915298
G375I,375,G,I,0.85359114,3.67205,37.110167927661934,70.38198929691825,-33.271821369256315
G375K,375,G,K,1.1077322,3.03838,46.70603432367596,63.12972873223842,-16.42369440856246
G375L,375,G,L,0.9445974,1.41499,40.56098911238236,40.394906809374426,0.1660823030079328
G375M,375,G,M,0.85179317,2.92206,37.03635357076951,61.54272005905148,-24.50636648828197
G375N,375,G,N,0.9920031,3.52728,42.22181214246171,68.90570215906993,-26.683890016608224
G375P,375,G,P,1.4346225,6.19024,58.387156301900724,87.211662668389,-28.824506366488272
G375Q,375,G,Q,1.0419842,2.12213,44.21479977855693,51.57778187857538,-7.362982100018449
G375R,375,G,R,0.92213756,2.17982,39.785938365011994,52.37128621516886,-12.585347850156865
G375S,375,G,S,0.49070054,3.17227,24.98615980808267,65.01199483299501,-40.02583502491234
G375T,375,G,T,1.1462082,4.58434,48.16386787230116,78.11404318139878,-29.950175309097624
G375V,375,G,V,0.85188055,5.32898,37.05480715999262,82.98579073629821,-45.93098357630559
G375W,375,G,W,0.4076132,2.9866,21.978224764716735,62.61302823399151,-40.63480346927477
G375Y,375,G,Y,0.33723432,2.97537,19.505443808820814,62.354677984868054,-42.84923417604724
A377C,377,A,C,0.5056671,1.3778,25.502860306329584,39.91511348957372,-14.412253183244136
A377D,377,A,D,2.1965938,5.66641,79.25816571323122,84.84960324783171,-5.591437534600487
A377E,377,A,E,2.4249816,9.2884,84.7942424801624,93.39361505812882,-8.59937257796642
A377F,377,A,F,1.2104095,17.9551,50.7104631850895,97.56412622255029,-46.853663037460784
A377G,377,A,G,1.169053,1.29947,49.08654733345636,38.45727994094851,10.629267392507849
A377H,377,A,H,1.9426692,18.3254,72.9839453773759,97.6563941686658,-24.672448791289895
A377I,377,A,I,1.6299722,4.466,64.31075844251707,76.98837423878945,-12.677615796272377
A377K,377,A,K,2.3410656,12.6466,82.83816202251339,95.7741280679092,-12.935966045395816
A377L,377,A,L,1.6628082,6.81685,65.19653072522605,89.02011441225318,-23.823583687027124
A377M,377,A,M,1.5941646,3.91141,63.38807898136187,72.26425539767484,-8.876176416312973
A377N,377,A,N,1.9326513,4.99478,72.70714153902934,80.97434951097988,-8.26720797195054
A377P,377,A,P,1.715326,2.41887,66.67281786307436,55.67447868610444,10.998339176969914
A377Q,377,A,Q,2.2910347,9.26308,81.60177154456541,93.3382542904595,-11.736482745894094
A377R,377,A,R,2.2839637,13.8724,81.39878206311127,96.30928215537922,-14.910500092267952
A377S,377,A,S,1.1237056,1.85689,47.388817124930796,47.31500276803838,0.073814356892413
A377T,377,A,T,1.5780233,4.03099,62.908285661561166,73.18693485883004,-10.278649197268876
A377V,377,A,V,0.8362547,-0.168652,36.63037460786123,11.182875069200959,25.447499538660267
A377W,377,A,W,1.5409935,35.8048,61.83797748662114,99.53866026942241,-37.700682782801266
A377Y,377,A,Y,1.6717625,19.9906,65.49178815279572,98.00701236390478,-32.51522421110906
C378A,378,C,A,1.5634706,1.83561,62.5576674663222,46.87211662668389,15.68555083963831
C378D,378,C,D,2.566383,7.30027,88.09743495109798,89.86897951651596,-1.771544565417983
N379A,379,N,A,0.44218826,0.362941,23.196161653441592,21.184720428123267,2.0114412253183254
N379C,379,N,C,-0.07651377,-0.055996,5.000922679461155,12.954419634618933,-7.953496955157778
N379D,379,N,D,0.26078463,0.40423,16.755859014578338,22.12585347850157,-5.369994463923231
N379E,379,N,E,0.49942112,-0.204481,25.20760287875992,10.647720981730947,14.559881897028975
N379F,379,N,F,-0.08741404,-0.700724,4.742572430337701,5.148551393245986,-0.4059789629082857
N379G,379,N,G,0.9794389,1.34832,41.871193947222736,39.47222734821923,2.398966599003508
N379H,379,N,H,0.45786062,-0.20255,23.78667650858092,10.703081749400258,13.083594759180663
N379I,379,N,I,0.27162856,-0.792583,17.143384388263517,4.336593467429415,12.806790920834102
N379K,379,N,K,0.16150941,-1.07316,13.286584240634802,2.9894814541428305,10.297102786491973
N379L,379,N,L,-0.1805975,-0.940845,2.8972135080273116,3.5615427200590513,-0.6643292120317397
N379M,379,N,M,-0.059873134,-0.559953,5.517623177708064,6.348034692747739,-0.8304115150396756
N379P,379,N,P,1.3274505,2.84746,54.5119025650489,60.74921572245802,-6.237313157409119
N379Q,379,N,Q,0.16072698,-0.378574,13.268130651411699,8.377929507289169,4.89020114412253
N379R,379,N,R,0.07067865,-0.524467,10.149474072707141,6.532570584978778,3.6169034877283632
N379S,379,N,S,0.20136437,0.576226,14.670603432367596,25.705849787783723,-11.035246355416128
N379T,379,N,T,0.92179346,0.508682,39.71212400811958,24.432552131389556,15.279571876730024
N379V,379,N,V,0.60181403,1.30257,28.990588669496216,38.58645506551024,-9.595866396014028
N379W,379,N,W,-0.1865934,-0.804693,2.7495847942424803,4.207418342867688,-1.4578335486252074
N379Y,379,N,Y,-0.010761621,-0.921172,7.3445285107953495,3.6538106661745706,3.690717844620779
A381C,381,A,C,0.45339817,0.061033,23.694408562465398,15.058128806052778,8.63627975641262
A381D,381,A,D,1.4450994,3.51792,58.848496032478316,68.81343421295442,-9.964938180476103
A381E,381,A,E,1.4257767,1.46011,57.99963092821554,41.09614319985237,16.903487728363167
A381F,381,A,F,0.6830913,2.88537,31.408008857722823,61.08138032847389,-29.673371470751068
A381G,381,A,G,0.21803042,0.754722,15.334932644399334,28.8983207233807,-13.563388078981365
A381H,381,A,H,1.1731374,7.99471,49.2710832256874,91.28990588669497,-42.01882266100757
A381I,381,A,I,0.7039701,3.42391,32.09079165897767,67.81694039490681,-35.72614873592914
A381K,381,A,K,1.4308581,0.046943,58.20262040966968,14.744417789260012,43.458202620409665
A381L,381,A,L,0.5936589,1.20305,28.75069200959587,36.98099280310021,-8.230300793504338
A381M,381,A,M,0.7404934,-1.47176,33.345635726148736,1.8269053330872853,31.51873039306145
A381N,381,A,N,1.4647253,1.7403,59.54973242295627,45.294334748108504,14.255397674847764
A381P,381,A,P,1.382639,2.04496,56.35726148735929,50.28603063295811,6.071230854401179
A381Q,381,A,Q,1.3994896,0.024948,56.98468352094482,14.375346004797935,42.60933751614689
A381R,381,A,R,1.0832319,-1.08223,45.78335486252076,2.952574275696623,42.83078058682413
A381S,381,A,S,0.44961724,0.686648,23.52832625945746,27.772651780771362,-4.2443255213139
A381T,381,A,T,1.4337109,-0.260083,58.313341945008304,9.891123823583687,48.42221812142462
A381V,381,A,V,0.75369215,2.27026,33.75161468905702,53.49695515777819,-19.745340468721167
A381Y,381,A,Y,0.64206207,5.20246,30.153164790551763,82.22919357815096,-52.07602878759919
F383A,383,F,A,1.3596958,1.74826,55.58221073998892,45.469643845727994,10.11256689426093
F383C,383,F,C,0.3308198,3.14345,19.13637202435874,64.62446945930984,-45.4880974349511
F383D,383,F,D,1.4470627,2.42469,59.033031924709356,55.74829304299686,3.2847388817124923
F383E,383,F,E,1.1100419,1.3288,46.890570215907,39.01088761764163,7.879682598265369
F383G,383,F,G,1.9179503,2.74612,72.17198745155933,59.58663960140247,12.585347850156865
F383H,383,F,H,0.6339978,1.8078,29.95017530909762,46.48459125299871,-16.53441594390109
F383I,383,F,I,0.2372806,-0.021248,15.96235467798487,13.618748846650675,2.3436058313341945
F383K,383,F,K,1.189139,1.26178,49.93541243771914,37.9036722642554,12.031740173463739
F383L,383,F,L,0.41684937,-0.096607,22.199667835393985,12.216276065694778,9.983391769699207
F383M,383,F,M,0.25261813,0.292808,16.47905517623178,19.505443808820814,-3.026388632589036
F383N,383,F,N,0.92328346,1.80686,39.859752721904414,46.4292304853294,-6.569477763424985
F383P,383,F,P,1.6217811,3.34577,64.16312972873224,66.8019929876361,-2.6388632589038536
F383Q,383,F,Q,0.8007312,3.88007,35.13563388078981,71.98745155932829,-36.85181767853848
F383R,383,F,R,1.0710121,4.21343,45.395829488835574,74.79239712124009,-29.396567632404512
F383S,383,F,S,1.1531082,1.92407,48.45912529987083,48.44067171064772,0.018453589223106803
F383T,383,F,T,0.81165254,0.432114,35.523159254475,22.679461155194687,12.84369809928031
F383V,383,F,V,0.43579087,0.296846,22.993172171987453,19.597711754936334,3.395460417051119
F383W,383,F,W,0.34503108,0.984986,19.70843329027496,33.437903672264255,-13.729470381989294
F383Y,383,F,Y,0.067553565,0.477275,10.075659715814727,23.620594205572985,-13.544934489758258
I384A,384,I,A,2.107884,4.70722,77.2467244879129,79.01826905333087,-1.771544565417969
I384C,384,I,C,1.6845108,4.31271,65.76859199114227,75.54899427938734,-9.780402288245071
I384D,384,I,D,3.340381,7.09744,98.06237313157409,89.68444362428492,8.377929507289167
I384E,384,I,E,3.109916,6.02887,96.42000369071785,86.32589038568001,10.094113305037837
I384F,384,I,F,1.4177557,13.4903,57.8150950359845,96.06938549547888,-38.254290459494385
I384G,384,I,G,2.8152328,6.75365,92.895368149105,88.76176416312973,4.13360398597527
I384H,384,I,H,3.0144854,9.98889,95.44196346189334,94.03949068093745,1.4024727809558897
T385A,385,T,A,1.2297919,1.64534,51.48551393245986,43.77191363720244,7.713600295257422
T385C,385,T,C,0.6636337,0.34015,30.8174940025835,20.446576859199116,10.370917143384386
T385D,385,T,D,1.0886999,3.86571,46.004797933198006,71.82136925632035,-25.816571323122346
T385E,385,T,E,1.0423151,0.892512,44.25170695700314,31.88780217752353,12.363904779479608
T385F,385,T,F,0.45337477,1.27018,23.6759549732423,38.032847388817125,-14.356892415574826
T385H,385,T,H,1.2837957,1.83246,53.25705849787784,46.79830226979148,6.458756228086365
T385I,385,T,I,0.8339316,-2.27211,36.51965307252261,0.6643292120317401,35.85532386049087
T385K,385,T,K,1.5095452,-0.1516,60.6384941871194,11.459678907547518,49.17881527957188
T385L,385,T,L,0.748818,-1.02743,33.60398597527219,3.247831703266285,30.356154272005902
T385M,385,T,M,0.46264082,0.066386,23.93430522236575,15.150396752168296,8.783908470197455
T385N,385,T,N,1.259272,2.77733,52.463554161284364,59.937257796641454,-7.47370363535709
T385P,385,T,P,2.6780863,3.56452,90.58866949621701,69.38549547887064,21.20317401734637
T385Q,385,T,Q,0.97885275,0.955959,41.83428676877653,32.995017530909756,8.839269237866773
T385R,385,T,R,0.8784703,0.001615,38.235836870271264,13.93245986344344,24.303377006827823
T385S,385,T,S,0.99758804,1.40936,42.49861598080827,40.302638863258906,2.1959771175493614
T385V,385,T,V,0.6091212,-1.24977,29.156670972504152,2.41742018822661,26.73925078427754
T385W,385,T,W,0.6564988,4.49662,30.52223657501384,77.30208525558221,-46.77984868056838
T385Y,385,T,Y,0.57525456,0.508849,27.994094851448608,24.45100572061266,3.5430891308359485
Q386A,386,Q,A,0.99737346,0.527775,42.48016239158516,24.746263148182322,17.73389924340284
Q386C,386,Q,C,0.5330165,-0.057334,26.259457464476842,12.899058866949623,13.360398597527219
Q386D,386,Q,D,2.0423503,3.90889,75.36445838715629,72.20889463000553,3.155563757150759
Q386E,386,Q,E,0.59529173,1.32782,28.76914559881897,38.99243402841853,-10.22328842959956
Q386F,386,Q,F,1.8652294,2.52374,70.71415390293411,57.00313711016792,13.711016792766195
Q386G,386,Q,G,2.011831,2.68683,74.64476840745526,58.940763978593836,15.704004428861424
Q386H,386,Q,H,1.3801279,3.50215,56.24653995202067,68.61044473150028,-12.363904779479611
Q386I,386,Q,I,1.1610895,0.317259,48.86510426277911,20.00369071784462,28.861413544934493
Q386K,386,Q,K,0.9136082,0.977847,39.3245986344344,33.345635726148736,5.978962908285666
Q386L,386,Q,L,1.2063574,0.558829,50.599741649750875,25.35523159254475,25.244510057206124
Q386M,386,Q,M,0.22311553,-0.432338,15.537922125853479,7.639785938365012,7.898136187488467
Q386N,386,Q,N,1.5651819,2.3876,62.61302823399151,55.250046133973065,7.362982100018442
Q386P,386,Q,P,2.0669346,2.10767,76.01033400996494,51.31943162945193,24.69090238051301
Q386R,386,Q,R,0.5210117,0.711686,26.019560804576493,28.233991511348954,-2.214430706772461
Q386S,386,Q,S,1.2026428,1.41545,50.507473703635355,40.43181398782063,10.075659715814723
Q386T,386,Q,T,1.2333667,-0.049471,51.59623546779849,13.138955526849971,38.457279940948524
Q386V,386,Q,V,1.0428985,-0.029502,44.34397490311866,13.452666543642739,30.891308359475918
Q386W,386,Q,W,1.7436011,2.48143,67.52168296733714,56.43107584425171,11.090607123085434
Q386Y,386,Q,Y,1.9278189,3.14428,72.46724487912898,64.67983022697915,7.787414652149835
L387C,387,L,C,1.4639654,3.334,59.51282524451006,66.70972504152057,-7.196899797010509
L387D,387,L,D,2.8303018,4.69989,93.13526480900535,78.88909392876914,14.246170880236207
L387E,387,L,E,2.059117,4.90515,75.8257981177339,80.43919542350987,-4.613397305775976
L387F,387,L,F,0.98690236,0.420182,42.03727625023067,22.45801808451744,19.579258165713227
L387G,387,L,G,2.574055,4.96368,88.31887802177523,80.78981361874885,7.529064403026382
L387H,387,L,H,1.8811195,1.86635,71.37848311496586,47.42572430337701,23.95275881158885
L387I,387,L,I,0.47528544,0.588873,24.284923417604723,25.908839269237866,-1.623915851633143
L387K,387,L,K,2.2225263,0.065632,79.97785569293228,15.113489573722088,64.86436611921019
L387M,387,L,M,1.1964277,0.98925,50.32293781140432,33.6778003321646,16.64513747923972
L387N,387,L,N,2.6070561,3.42295,88.94630005536077,67.79848680568371,21.147813249677057
L387P,387,L,P,2.3422046,5.94092,82.87506920095959,86.06754013655656,-3.1924709355969725
L387Q,387,L,Q,1.7732754,2.26838,68.44436242849234,53.46004797933198,14.984314449160358
L387R,387,L,R,1.9176747,2.29924,72.15353386233623,53.95829488835579,18.195238973980445
L387S,387,L,S,2.619001,4.66188,89.16774312603802,78.55692932275328,10.610813803284742
L387T,387,L,T,2.3792098,3.13476,83.76084148366857,64.4399335670788,19.320907916589775
L387V,387,L,V,1.066966,1.41423,45.13747923971213,40.37645322015132,4.761026019560809
L387W,387,L,W,1.1589062,2.60622,48.754382727440486,58.16571323122347,-9.411330503782985
L387Y,387,L,Y,1.208182,1.95288,50.65510241742018,48.97582579811773,1.679276619302449
L388A,388,L,A,1.7528737,3.46316,67.7800332164606,68.16755859014579,-0.38752537368519313
L388C,388,L,C,1.2292491,2.74369,51.41169957556745,59.49437165528695,-8.0826720797195
L388D,388,L,D,2.7421534,6.07432,91.69588484960325,86.60269422402658,5.093190625576668
L388E,388,L,E,2.5240998,5.2565,86.95331241926554,82.61671895183613,4.3365934674294095
L388F,388,L,F,1.4022173,1.89775,57.113858645506554,47.923971212400815,9.189887433105739
L388G,388,L,G,2.8375,5.15373,93.31980070123639,81.80476102601956,11.515039675216826
L388H,388,L,H,2.218766,2.74475,79.84868056837054,59.53127883373316,20.31740173463738
L388I,388,L,I,1.3993516,2.5021,56.96622993172172,56.726333271821375,0.2398966599003458
L388K,388,L,K,2.2384355,1.33012,80.34692747739436,39.047794796087835,41.299132681306524
L388M,388,L,M,1.2286003,1.06425,51.37479239712124,34.76656209632773,16.608230300793508
L388N,388,L,N,2.9871635,4.11515,95.18361321276988,73.9066248385311,21.276988374238783
L388P,388,L,P,2.859097,6.17012,93.52279018269053,87.11939472227348,6.403395460417045
L388Q,388,L,Q,2.5627265,2.56088,88.07898136187488,57.482930429968626,30.596050931906255
L388R,388,L,R,2.393979,1.06401,84.05609891123824,34.74810850710463,49.307990404133605
L388S,388,L,S,2.1243165,4.79753,77.56043550470567,79.71950544380883,-2.159069939103162
L388T,388,L,T,2.2200444,3.95731,79.92249492526297,72.57796641446761,7.344528510795357
L388V,388,L,V,1.6232235,2.24569,64.20003690717844,53.12788337331611,11.072153533862334
L388W,388,L,W,2.1909602,6.14445,79.1658977671157,86.95331241926554,-7.787414652149849
L388Y,388,L,Y,1.6359909,1.45526,64.49529433474811,40.94851448606754,23.546779848680572
V390R,390,V,R,0.28567642,0.096895,17.660084886510425,15.630190071968997,2.0298948145414286
V390S,390,V,S,0.3002457,0.370996,18.139878206311128,21.332349141908104,-3.192470935596976
V390T,390,V,T,0.42931008,0.196496,22.624100387525374,17.604724118841116,5.019376268684258
V390W,390,V,W,0.11517541,-0.021801,11.718029156670973,13.60029525742757,-1.8822661007565973
V390Y,390,V,Y,-0.11128809,-0.079133,4.152057575198376,12.548440671710647,-8.39638309651227
L394A,394,L,A,2.2241983,2.13219,79.99630928215538,51.68850341391401,28.307805868241367
L394C,394,L,C,0.80798274,2.28954,35.375530540690164,53.75530540690164,-18.379774866211477
L394D,394,L,D,2.5920267,2.74645,88.70640339546043,59.60509319062558,29.101310204834846
L394E,394,L,E,2.213829,2.29533,79.73795903303193,53.84757335301716,25.890385680014766
L394F,394,L,F,1.1239961,0.780698,47.42572430337701,29.378114043181398,18.04761026019561
L394G,394,L,G,2.502468,3.19387,86.62114781324968,65.28879867134158,21.332349141908097
L394H,394,L,H,2.2004879,1.93349,79.38734083779295,48.60675401365565,30.780586824137295
L394I,394,L,I,1.1580626,0.862049,48.68056837054807,31.075844251706958,17.604724118841116
L394K,394,L,K,2.059228,1.21042,75.844251706957,37.12862151688503,38.71563019007196
L394M,394,L,M,0.7364358,-0.596359,33.142646244694596,6.052777265178077,27.08986897951652
L394N,394,L,N,2.6244376,2.66248,89.26001107215353,58.70086731869348,30.55914375346005
L394P,394,L,P,2.8852456,4.52879,93.89186196715261,77.54198191548257,16.34988005167004
L394Q,394,L,Q,2.5788286,1.90042,88.41114596789076,47.99778556929323,40.41336039859753
L394R,394,L,R,1.5832468,1.19946,63.055914375346,36.92563203543089,26.130282339915112
L394S,394,L,S,2.3996758,1.96747,84.12991326813065,49.17881527957187,34.95109798855878
L394T,394,L,T,2.5540814,1.22123,87.74681675585902,37.31315740911607,50.43365934674294
L394V,394,L,V,1.3441417,1.47109,54.9732422956265,41.225318324414104,13.747923971212394
L394W,394,L,W,0.432084,2.23851,22.827089868979517,52.980254659531276,-30.15316479055176
L394Y,394,L,Y,0.9945369,0.701023,42.350987267023434,27.975641262225505,14.37534600479793
G395A,395,G,A,1.5442492,2.45204,61.91179184351356,55.988189702897216,5.923602140616346
G395C,395,G,C,1.151962,3.1306,48.38531094297841,64.38457279940948,-15.999261856431076
G395D,395,G,D,1.5279225,1.70925,61.33973057759734,44.731500276803835,16.6082303007935
G395E,395,G,E,1.7408766,2.2766,67.48477578889094,53.626130282339915,13.858645506551028
G395F,395,G,F,1.3508872,2.50827,55.34231408008857,56.818601217936894,-1.476287137848324
G395H,395,G,H,1.4385569,1.72548,58.571692194131764,44.91603616903488,13.655656025096881
G395I,395,G,I,1.808451,3.69647,69.36704188964754,70.5849787783724,-1.2179368887248643
G395K,395,G,K,1.893742,2.42195,71.72910131020484,55.71138586455066,16.017715445654183
G395L,395,G,L,1.7240502,2.69453,67.07879682598265,59.051485513932455,8.027311312050195
G395M,395,G,M,1.5187759,1.62987,60.98911238235837,43.55047056652519,17.43864181583318
G395N,395,G,N,1.5072881,2.24198,60.56467983022698,53.072522605646796,7.492157224580183
G395P,395,G,P,2.3789413,6.16772,83.72393430522237,87.10094113305038,-3.377006827828012
G395Q,395,G,Q,1.6164405,2.90967,64.05240819339362,61.37663775604355,2.6757704373500673
G395R,395,G,R,1.8855789,2.98156,71.50765823952759,62.465399520206674,9.042258719320913
G395S,395,G,S,1.345471,3.13583,55.04705665251891,64.51374792397121,-9.466691271452298
G395T,395,G,T,2.019443,2.396,74.94002583502491,55.379221258534784,19.560804576490128
G395V,395,G,V,1.7839264,1.88299,68.6842590883927,47.77634249861598,20.90791658977671
G395W,395,G,W,1.5619127,2.06349,62.52076028787599,50.489020114412256,12.031740173463731
G395Y,395,G,Y,1.4395945,2.35985,58.60859937257796,54.73334563572615,3.8752537368518105
F396A,396,F,A,1.2817888,1.55748,53.10942978409301,42.627791105369994,10.481638678723016
F396C,396,F,C,0.6149908,1.29242,29.43347481085071,38.36501199483299,-8.931537183982279
F396D,396,F,D,1.7925313,1.67834,68.83188780217753,44.32552131389556,24.506366488281977
F396E,396,F,E,1.7025201,0.835215,66.3775604355047,30.57759734268315,35.79996309282156
F396G,396,F,G,1.6006006,2.11312,63.720243587377745,51.35633880789814,12.363904779479604
F396H,396,F,H,0.91427994,0.986718,39.37995940210371,33.58553238604909,5.79442701605462
F396I,396,F,I,0.6153933,0.195591,29.470381989296918,17.586270529618012,11.884111459678905
F396K,396,F,K,1.0878346,0.481666,45.9678907547518,23.731315740911608,22.23657501384019
F396L,396,F,L,0.2871466,0.446773,17.733899243402842,23.048532939656763,-5.314633696253921
F396M,396,F,M,0.5128761,0.365153,25.816571323122346,21.258534785015684,4.558036538106663
F396N,396,F,N,1.382346,1.24606,56.32035430891308,37.756043550470565,18.564310758442517
F396P,396,F,P,1.0951099,0.754382,46.26314818232146,28.879867134157593,17.383281048163866
F396Q,396,F,Q,1.3097252,1.01991,54.013655656025094,34.15759365196531,19.856062004059787
F396R,396,F,R,0.7655406,0.848415,34.083779295072894,30.835947591806605,3.2478317032662893
F396S,396,F,S,1.2396421,1.63747,51.79922494925263,43.69809928031002,8.101125668942615
F396T,396,F,T,0.793425,-0.125532,34.93264439933567,11.791843513563387,23.140800885772286
F396V,396,F,V,0.5083075,1.57111,25.613581841668204,42.81232699760103,-17.19874515593283
F396W,396,F,W,0.425124,-0.112662,22.402657316848128,12.031740173463739,10.37091714338439
F396Y,396,F,Y,0.12990306,0.043127,12.27163683336409,14.670603432367596,-2.398966599003506
Y397A,397,Y,A,1.4962183,2.88958,60.34323675954973,61.17364827458941,-0.8304115150396782
Y397C,397,Y,C,0.89894867,2.36792,38.64181583317956,54.84406717106477,-16.202251337885215
Y397D,397,Y,D,2.5844886,4.0498,88.57722827089869,73.40837792950728,15.168850341391405
Y397E,397,Y,E,2.273859,3.3713,81.10352463554162,67.18951836132128,13.914006274220341
Y397F,397,Y,F,-0.24203014,-0.573822,1.8269053330872853,6.25576674663222,-4.428861413544935
Y397G,397,Y,G,2.3428464,3.96129,82.8935227901827,72.61487359291382,10.278649197268876
Y397H,397,Y,H,0.93695086,2.0949,40.37645322015132,51.079534969551574,-10.703081749400255
Y397I,397,Y,I,1.299206,1.4744,53.718398228455435,41.336039859752724,12.382358368702711
Y397K,397,Y,K,1.4281162,1.41739,58.07344528510795,40.48717475548994,17.586270529618012
Y397L,397,Y,L,1.3786695,0.845802,56.13581841668205,30.743679645691085,25.392138770990965
Y397M,397,Y,M,0.8238184,0.440942,36.095220520391216,22.900904225871933,13.194316294519282
Y397N,397,Y,N,1.8590883,3.18438,70.56652518914929,65.17807713600295,5.388448053146334
Y397P,397,Y,P,2.8952653,6.83964,94.00258350249123,89.05702159069939,4.945561911791842
Y397Q,397,Y,Q,1.5322617,2.34714,61.46890570215907,54.60417051116442,6.864735190994651
Y397R,397,Y,R,1.3942779,2.26215,56.68942609337516,53.33087285477025,3.3585532386049124
Y397S,397,Y,S,1.8041856,2.99211,69.27477394353203,62.66838900166082,6.606384941871205
Y397T,397,Y,T,1.6856148,3.76312,65.82395275881159,71.08322568739621,-5.259272928584622
Y397V,397,Y,V,1.3394254,3.50619,54.82561358184167,68.62889832072338,-13.803284738881707
Y397W,397,Y,W,0.62988204,2.93313,29.82100018453589,61.70880236205942,-31.887802177523533
E398T,398,E,T,-0.0030407228,0.72635,7.732053884480532,28.473888171249307,-20.741834286768775
E398V,398,E,V,-0.05439446,0.670781,5.739066248385312,27.34821922863997,-21.609152980254656
E398W,398,E,W,-0.059970163,0.342789,5.4991695884849605,20.668019929876362,-15.168850341391401
E398Y,398,E,Y,-0.11023466,0.074034,4.17051116442148,15.242664698283818,-11.072153533862338
W399A,399,W,A,1.4456018,0.474676,58.90385680014762,23.583687027126775,35.32016977302085
W399C,399,W,C,0.95021963,0.82284,40.81933936150581,30.337700682782803,10.481638678723009
W399D,399,W,D,2.618069,0.795246,89.14928953681492,29.784093006089684,59.365196530725235
W399E,399,W,E,2.4043782,0.050207,84.24063480346928,14.836685735375529,69.40394906809375
W399F,399,W,F,0.36844593,0.151862,20.465030448422215,16.811219782247647,3.653810666174568
W399G,399,W,G,1.5971668,0.801509,63.59106846281601,29.894814541428303,33.69625392138771
W399H,399,W,H,1.5163381,0.434462,60.896844436242844,22.734821922863997,38.162022513378844
W399I,399,W,I,1.1668,-0.233087,49.04964015501015,10.260195608045764,38.78944454696439
W399K,399,W,K,2.5037665,-0.606024,86.63960140247278,5.960509319062558,80.67909208341023
W399L,399,W,L,1.0430738,-0.927312,44.36242849234176,3.6169034877283632,40.7455250046134
W399M,399,W,M,1.3252641,-0.343407,54.438088208156486,8.710094113305038,45.72799409485145
W399N,399,W,N,2.103865,1.90405,77.00682782801255,48.07159992618564,28.935227901826906
W399P,399,W,P,2.1026409,0.895461,76.96992064956633,31.92470935596974,45.045211293596594
W399Q,399,W,Q,2.2031913,1.03439,79.47960878390847,34.39749031186566,45.082118472042815
W399R,399,W,R,2.1310844,0.703651,77.61579627237498,28.067909208341025,49.54788706403396
W399S,399,W,S,1.4208237,-0.608214,57.8335486252076,5.942055729839454,51.891492895368145
W399T,399,W,T,2.0090299,0.386623,74.55250046133973,21.738328104816386,52.81417235652334
W399V,399,W,V,1.4371203,1.11391,58.51633142646244,35.61542720059052,22.900904225871926
W399Y,399,W,Y,0.39545482,-0.639345,21.443070677246727,5.609891123823584,15.833179553423143
S401A,401,S,A,0.051055856,-0.227694,9.558959217567816,10.370917143384387,-0.8119579258165714
S401C,401,S,C,0.7983216,-0.09022,35.0618195238974,12.36390477947961,22.697914744417787
S401D,401,S,D,0.09467013,-0.303531,11.053699944639233,9.263701789998155,1.7899981546410775
S401E,401,S,E,0.14594632,0.127432,12.806790920834102,16.183797748662116,-3.377006827828014
S401F,401,S,F,0.68383485,0.751253,31.46336962539214,28.86141354493449,2.6019560804576507
S401G,401,S,G,0.65278846,0.740865,30.37460786122901,28.732238420372763,1.6423694408562461
S401H,401,S,H,0.7540446,1.03274,33.77006827828012,34.34212954419635,-0.5720612659162256
S401I,401,S,I,1.2824379,3.3908,53.14633696253921,67.3371470751061,-14.190810112566894
S401K,401,S,K,1.3551611,-0.717782,55.471489204650304,5.037829857907363,50.43365934674294
S401L,401,S,L,0.81966275,0.011589,35.94759180660638,14.116995755674477,21.830596050931906
S401M,401,S,M,-0.0049084113,0.355324,7.621332349141909,20.981730946669128,-13.360398597527219
S401N,401,S,N,0.85513514,-0.109265,37.18398228455435,12.068647351909947,25.1153349326444
S401P,401,S,P,2.0801067,10.6901,76.39785938365013,94.50083041151504,-18.10297102786491
S401Q,401,S,Q,0.12281573,0.378839,11.976379405794427,21.57224580180845,-9.595866396014022
S401R,401,S,R,0.87159175,-0.072045,37.95903303192471,12.714522974718584,25.244510057206128
S401V,401,S,V,1.4628601,0.580911,59.45746447684075,25.798117733899247,33.6593467429415
S401W,401,S,W,0.11218035,1.40267,11.570400442886141,40.24727809558959,-28.676877652703453
S401Y,401,S,Y,0.6227254,0.53132,29.691825059974164,24.87543827274405,4.816386787230115
L403A,403,L,A,1.9305303,4.06615,72.65178077136002,73.4452851079535,-0.7935043365934717
L403C,403,L,C,1.2103533,2.90287,50.692009595866395,61.33973057759734,-10.647720981730942
L403D,403,L,D,2.5184035,4.53577,86.84259088392693,77.61579627237498,9.226794611551952
L403E,403,L,E,1.7508476,3.77383,67.68776527034508,71.17549363351172,-3.4877283631666387
L403F,403,L,F,0.11051661,2.48759,11.51503967521683,56.48643661192102,-44.971396936704195
L403G,403,L,G,2.6366498,4.73616,89.62908285661561,79.22125853478501,10.407824321830603
L403H,403,L,H,1.5972999,2.45305,63.609522052039125,56.04355047056653,7.565971581472596
L403I,403,L,I,0.57529414,2.45496,28.031002029894815,56.080457649012736,-28.04945561911792
L403K,403,L,K,1.9189484,2.91949,72.22734821922863,61.50581288060528,10.721535338623347
L403M,403,L,M,0.6627172,-0.25817,30.76213323491419,9.946484591252998,20.81564864366119
L403N,403,L,N,2.50065,2.8577,86.60269422402658,60.82303007935044,25.77966414467614
L403P,403,L,P,2.5626376,5.12211,88.06052777265178,81.71249307990404,6.348034692747746
L403Q,403,L,Q,1.7302523,2.95048,67.18951836132128,61.91179184351356,5.277726517807714
L403R,403,L,R,2.175056,5.32979,78.6676508580919,83.00424432552131,-4.3365934674294095
L403S,403,L,S,2.3739767,4.8559,83.61321276988375,80.16239158516332,3.450821184720425
L403T,403,L,T,2.2859817,3.19754,81.43568924155748,65.32570584978778,16.109983391769703
L403V,403,L,V,0.96970683,0.44533,41.50212216276066,23.011625761210556,18.4904964015501
L403W,403,L,W,0.838688,1.08393,36.648828197084335,35.006458756228085,1.6423694408562497
L403Y,403,L,Y,0.22669074,0.779971,15.630190071968997,29.34120686473519,-13.711016792766195
S405A,405,S,A,-0.27099198,-0.476463,1.402472780955896,7.086178261671895,-5.683705480715999
S405C,405,S,C,-0.2105337,-1.48238,2.398966599003506,1.7899981546410777,0.6089684443624284
S405D,405,S,D,1.1263361,0.915566,47.48108507104632,32.27532755120871,15.205757519837611
S405E,405,S,E,0.11549194,-0.879694,11.736482745894076,3.7829857907362987,7.953496955157777
S405F,405,S,F,-0.9592842,-1.22186,0.018453589223103892,2.5281417235652337,-2.50968813434213
S405G,405,S,G,0.57877123,0.613146,28.215537922125854,26.38863258903857,1.8269053330872858
S405H,405,S,H,0.304531,5.32137,18.269053330872858,82.9304299686289,-64.66137663775604
S405I,405,S,I,-0.7645874,-1.96759,0.036907178446207785,1.1072153533862337,-1.0703081749400258
S405K,405,S,K,0.120592795,-1.48406,11.828750692009596,1.7715445654179738,10.057206126591621
S405L,405,S,L,-0.588457,-3.53164,0.09226794611551947,0.16608230300793503,-0.07381435689241556
H406A,406,H,A,0.10879254,0.136431,11.441225318324415,16.40524081933936,-4.964015501014947
H406C,406,H,C,-0.19980204,-0.259126,2.5465953127883374,9.928031002029895,-7.381435689241558
H406D,406,H,D,0.0892642,0.525793,10.869164052408193,24.672448791289906,-13.803284738881713
H406E,406,H,E,-0.14339194,0.408771,3.524635541612844,22.255028603063295,-18.73039306145045
H406F,406,H,F,-0.43589926,-0.789661,0.4059789629082856,4.355047056652519,-3.9490680937442333
H406G,406,H,G,0.9315175,0.380018,40.22882450636649,21.60915298025466,18.619671526111834
H406I,406,H,I,-0.22557743,-0.13374,2.066801992987636,11.681121978224764,-9.614319985237127
H406K,406,H,K,0.02243968,-0.518796,8.507104631850895,6.624838531094297,1.8822661007565982
H406L,406,H,L,-0.25840917,-0.018116,1.6054622624100388,13.655656025096881,-12.050193762686842
H406M,406,H,M,-0.31139052,-0.5126,1.051854585716922,6.735560066432922,-5.683705480716
H406N,406,H,N,-0.07199736,-0.020401,5.130097804022882,13.637202435873776,-8.507104631850893
H406P,406,H,P,0.44791913,-0.428972,23.436058313341945,7.732053884480532,15.704004428861413
H406Q,406,H,Q,-0.21614957,-0.237817,2.3436058313341945,10.18638125115335,-7.842775419819155
H406R,406,H,R,-0.3575277,-0.576488,0.7196899797010519,6.237313157409116,-5.517623177708065
H406S,406,H,S,-0.20633729,0.793051,2.4543273666728176,29.691825059974164,-27.237497693301346
H406T,406,H,T,-0.06686488,0.194493,5.296180107030817,17.549363351171802,-12.253183244140985
H406V,406,H,V,-0.041259408,0.701981,6.200405978962909,28.012548440671708,-21.8121424617088
H406W,406,H,W,-0.49994573,-0.500864,0.2029894814541428,6.846281601771545,-6.643292120317402
H406Y,406,H,Y,-0.44389668,-0.356458,0.33216460601587006,8.617826167189518,-8.285661561173647
N408A,408,N,A,0.57231104,0.201125,27.86491972688688,17.78926001107215,10.075659715814727
N408C,408,N,C,0.18418008,0.406982,14.190810112566895,22.16276065694778,-7.971950544380883
N408D,408,N,D,0.043661624,-0.061332,9.319062557667467,12.862151688503415,-3.5430891308359485
N408E,408,N,E,0.5785098,-0.411205,28.19708433290275,7.9904041336039855,20.206680199298766
N408F,408,N,F,0.9782233,-0.782298,41.79737959033032,4.391954235098726,37.4054253552316
N408G,408,N,G,0.6210892,1.75011,29.673371470751057,45.5065510241742,-15.833179553423143
N408H,408,N,H,0.8434588,-0.75372,36.79645691086916,4.668758073445285,32.12769883742388
N408I,408,N,I,1.0227703,0.632565,43.421295441963466,26.64698283816202,16.774312603801445
N408K,408,N,K,1.1795177,-0.515731,49.510979885587744,6.6801992987636085,42.83078058682413
N408L,408,N,L,0.9963587,-0.667976,42.424801623915855,5.351540874700129,37.07326074921573
N408M,408,N,M,0.6575677,-1.17977,30.55914375346005,2.6573168481269605,27.90182690533309
N408P,408,N,P,0.35938746,-2.25132,20.077505074737036,0.701236390477948,19.376268684259088
N408Q,408,N,Q,0.57787,-0.301083,28.178630743679644,9.33751614689057,18.841114596789076
N408R,408,N,R,1.1857401,-0.238795,49.86159808082672,10.149474072707141,39.712124008119574
N408S,408,N,S,0.3283001,0.688675,19.081011256689425,27.79110536999446,-8.710094113305036
N408T,408,N,T,0.6677382,-0.098086,30.94666912714523,12.197822476471673,18.748846650673556
N408V,408,N,V,0.85460246,-0.460704,37.16552869533124,7.270714153902934,29.894814541428307
N408W,408,N,W,0.83137053,-0.513716,36.482745894076395,6.698652887986714,29.78409300608968
P409A,409,P,A,0.71985155,3.32879,32.607492157224584,66.61745709540506,-34.009964938180474
P409C,409,P,C,0.7707893,3.54141,34.23140800885772,69.05333087285477,-34.82192286399705
P409D,409,P,D,1.4330406,7.56955,58.25798117733899,90.40413360398597,-32.14615242664698
P409E,409,P,E,1.5404339,7.99166,61.81952389739804,91.25299870824875,-29.43347481085071
P409F,409,P,F,1.546605,24.9341,62.040966968075296,98.72670234360584,-36.68573537553054
P409G,409,P,G,1.3372949,5.2992,54.77025281417236,82.83816202251339,-28.067909208341028
P409H,409,P,H,1.4558893,14.4125,59.19911422771729,96.58608599372577,-37.386971766008486
P409I,409,P,I,1.3508133,5.1953,55.32386049086547,82.17383281048164,-26.84997231961617
P409K,409,P,K,1.5699093,7.55258,62.68684259088393,90.34877283631666,-27.66193024543273
P409L,409,P,L,1.4164861,5.88594,57.70437350064588,85.8276434766562,-28.123269976010327
P409M,409,P,M,1.3753527,6.81841,56.080457649012736,89.03856800147629,-32.95811035246356
P409N,409,P,N,0.8640256,5.25272,37.53460047979332,82.57981177338992,-45.0452112935966
P409Q,409,P,Q,1.3606484,9.65698,55.60066432921204,93.68887248569847,-38.08820815648643
P409R,409,P,R,1.1814626,8.02517,49.64015501014947,91.32681306514117,-41.686658054991696
P409S,409,P,S,0.8649808,4.18372,37.60841483668573,74.51559328289352,-36.90717844620779
G411A,411,G,A,1.4229724,0.910336,57.94427016054623,32.20151319431629,25.74275696622994
G411C,411,G,C,0.4861671,1.45203,24.87543827274405,40.91160730762133,-16.036169034877283
G411D,411,G,D,2.047114,1.70013,75.53054069016424,44.65768591991142,30.87285477025282
G411E,411,G,E,2.3714666,3.56906,83.55785200221443,69.44085624653995,14.11699575567448
G411F,411,G,F,1.9278507,8.42663,72.4856984683521,92.13877099095774,-19.65307252260564
G411H,411,G,H,2.0031238,14.3482,74.29415021221628,96.53072522605648,-22.236575013840195
G411I,411,G,I,1.8270226,8.0361,69.71766008488652,91.34526665436428,-21.627606569477763
G411K,411,G,K,3.1840234,6.03742,97.04742572430338,86.43661192101864,10.610813803284742
G411L,411,G,L,1.3500133,-0.732914,55.268499723196165,4.853293965676324,50.41520575751984
G411M,411,G,M,1.4990009,9.24643,60.43550470566525,93.30134711201329,-32.86584240634804
G411N,411,G,N,2.1119554,0.673079,77.35744602325153,27.40357999630928,49.95386602694225
G411P,411,G,P,3.299466,11.9732,97.80402288245064,95.42350987267024,2.380513009780401
G411Q,411,G,Q,2.0122685,2.51519,74.66322199667836,56.929322753275514,17.733899243402846
G411R,411,G,R,2.193233,8.91118,79.20280494556191,92.8584609706588,-13.655656025096889
G411S,411,G,S,1.051394,-0.016352,44.60232515224211,13.674109614319985,30.928215537922124
G411T,411,G,T,1.9676536,9.72454,73.48219228639971,93.7995940210371,-20.317401734637386
G411V,411,G,V,2.0563016,9.69342,75.75198376084148,93.74423325336778,-17.992249492526298
G411W,411,G,W,1.9533749,17.5427,73.18693485883004,97.37959033031925,-24.192655471489203
G411Y,411,G,Y,1.8690159,12.8199,70.86178261671895,95.81103524635542,-24.94925262963646
V413A,413,V,A,1.3798774,2.15126,56.22808636279757,52.00221443070677,4.225871932090797
V413C,413,V,C,0.9127439,1.48394,39.306145045211295,41.37294703819893,-2.066801992987635
V413D,413,V,D,2.132958,2.00357,77.65270345082118,49.73242295626499,27.920280494556188
V413E,413,V,E,1.3894155,3.34735,56.54179737959033,66.8204465768592,-10.27864919726887
V413F,413,V,F,1.2449154,1.93733,51.98376084148367,48.68056837054807,3.303192470935599
V413G,413,V,G,2.688291,3.93989,90.75475179922495,72.46724487912898,18.287506920095964
V413H,413,V,H,1.3326988,1.75078,54.67798486805684,45.52500461339731,9.152980254659532
V413I,413,V,I,0.31278366,-0.087392,18.601217936888727,12.400811957925818,6.200405978962909
V413K,413,V,K,1.253939,0.816809,52.31592544749953,30.153164790551763,22.162760656947768
V413L,413,V,L,0.5694612,-0.153391,27.698837423878945,11.385864550655102,16.312972873223842
V413M,413,V,M,0.824409,0.93641,36.16903487728363,32.625945746447684,3.543089130835945
V413N,413,V,N,1.9079132,1.64369,72.02435873777449,43.735006458756224,28.289352279018267
V413P,413,V,P,2.2058024,5.57103,79.6272374976933,84.25908839269238,-4.631850894999076
V413Q,413,V,Q,1.1511263,2.38747,48.3484037645322,55.23159254474995,-6.8831887802177505
V413R,413,V,R,1.4443797,3.35999,58.8115888540321,66.96807529064404,-8.156486436611935
V413S,413,V,S,1.4738568,3.48398,59.75272190441041,68.37054807159993,-8.61782616718952
V413T,413,V,T,1.0012907,1.96995,42.66469828381621,49.23417604724119,-6.569477763424985
V413W,413,V,W,1.5096374,4.95812,60.6569477763425,80.67909208341023,-20.022144307067727
V413Y,413,V,Y,1.3791909,2.02116,56.191179184351356,49.93541243771914,6.255766746632219
L414A,414,L,A,2.7801957,4.51243,92.39712124008119,77.37589961247463,15.021221627606565
L414C,414,L,C,1.6173913,3.65835,64.08931537183983,70.23436058313341,-6.145045211293578
L414D,414,L,D,3.641704,6.61329,99.22494925262964,88.41114596789076,10.813803284738881
L414E,414,L,E,3.109583,6.13336,96.40155010149473,86.93485883004244,9.46669127145229
L414F,414,L,F,1.0310148,3.82711,43.69809928031002,71.5630190071969,-27.864919726886882
L414G,414,L,G,3.4351952,6.47844,98.5606200405979,88.09743495109798,10.463185089499916
L414H,414,L,H,3.4624715,2.86612,98.72670234360584,60.896844436242844,37.82985790736299
L414I,414,L,I,1.878244,4.00884,71.26776157962725,73.07621332349143,-1.8084517438641825
L414K,414,L,K,3.1431382,2.64068,96.73371470751061,58.49787783723934,38.23583687027127
L414M,414,L,M,0.99940664,-0.106106,42.57243033770068,12.105554530356153,30.46687580734453
L414N,414,L,N,3.5550797,4.57868,99.00350618195239,78.05868241372947,20.944823768222918
L414P,414,L,P,3.8350914,7.41769,99.55711385864551,90.14578335486252,9.411330503782992
L414Q,414,L,Q,3.0552733,2.92795,95.84794242480163,61.6165344159439,34.23140800885773
L414R,414,L,R,3.5803254,8.39282,99.0957741280679,92.00959586639601,7.08617826167189
L414S,414,L,S,3.184393,5.88423,97.06587931352648,85.8091898874331,11.256689426093374
L414T,414,L,T,2.7800217,4.32643,92.37866765085809,75.69662299317217,16.68204465768592
L414V,414,L,V,1.4593692,2.19601,59.38365011994833,52.555822107399884,6.827828012548444
L414W,414,L,W,3.0251915,10.2475,95.53423140800886,94.16866580549917,1.3655656025096903
L414Y,414,L,Y,2.2456214,5.7194,80.43919542350987,85.16331426462446,-4.7241188411145885
L415A,415,L,A,2.345185,4.41304,82.9673371470751,76.41631297287323,6.551024174201871
L415C,415,L,C,1.1580318,3.64642,48.64366119210186,70.16054622624101,-21.51688503413915
L415D,415,L,D,2.7923243,6.13271,92.61856431075844,86.91640524081934,5.7021590699391
L415E,415,L,E,2.7900023,5.24751,92.58165713231223,82.45063664882821,10.131020483484022
L415F,415,L,F,-0.04145681,2.68,6.181952389739805,58.88540321092452,-52.70345082118472
L415G,415,L,G,3.2445087,6.1187,97.45340468721166,86.7687765270345,10.684628160177155
L415H,415,L,H,2.0831685,3.08937,76.47167374054253,63.812511533493264,12.659162207049263
L415I,415,L,I,0.4854536,3.04917,24.820077505074735,63.332718213692566,-38.51264070861783
L415K,415,L,K,2.3251812,3.17136,82.4321830596051,64.99354124377192,17.43864181583318
L415M,415,L,M,0.9533804,0.304942,40.93006089684443,19.70843329027496,21.22162760656947
L415N,415,L,N,2.6582007,3.35173,89.99815464107769,66.91271452297471,23.08544011810298
L415P,415,L,P,3.0528119,6.90743,95.82948883557853,89.27846466137663,6.551024174201899
L415Q,415,L,Q,2.6945744,3.5991,90.82856615611736,69.71766008488652,21.110906071230843
L415R,415,L,R,2.6860073,2.32871,90.69939103155565,54.34582026204097,36.35357076951468
L415S,415,L,S,2.3265867,5.17236,82.48754382727441,81.95238973980439,0.5351540874700191
L415T,415,L,T,2.348589,3.97248,83.07805868241373,72.74404871747555,10.334009964938176
L415V,415,L,V,1.0555191,3.46986,44.76840745525005,68.2413729470382,-23.472965491788152
L415W,415,L,W,0.8163742,4.55942,35.76305591437535,77.89260011072153,-42.12954419634618
L415Y,415,L,Y,0.331495,2.97355,19.173279202804945,62.243956449529435,-43.070677246724486
Q416A,416,Q,A,0.70369583,0.828682,32.053884480531465,30.448422218121422,1.6054622624100432
Q416C,416,Q,C,0.14999136,0.150331,12.917512456172725,16.774312603801437,-3.8568001476287126
Q416D,416,Q,D,0.904236,2.56113,38.91861967152611,57.50138401919174,-18.58276434766563
Q416E,416,Q,E,0.15888378,0.867108,13.212769883742387,31.260380143937994,-18.047610260195604
Q416F,416,Q,F,-0.53903157,-0.152651,0.14762871378483114,11.441225318324415,-11.293596604539584
Q416G,416,Q,G,1.4744427,2.21489,59.80808267207972,52.74035799963093,7.06772467244879
Q416H,416,Q,H,-0.034220967,0.420973,6.49566340653257,22.47647167374054,-15.980808267207971
Q416I,416,Q,I,0.18043724,-1.05559,14.043181398782062,3.0817494002583503,10.961431998523711
Q416K,416,Q,K,-0.11779883,-1.14975,3.9490680937442333,2.7495847942424803,1.199483299501753
Q416L,416,Q,L,-0.43781123,-1.49121,0.3875253736851818,1.7530909761948699,-1.365565602509688
Q416M,416,Q,M,-0.15895031,-1.14829,3.303192470935597,2.768038383465584,0.5351540874700129
Q416N,416,Q,N,0.7432704,-0.015882,33.437903672264255,13.69256320354309,19.745340468721167
Q416P,416,Q,P,2.7290847,4.40987,91.40062742203358,76.36095220520392,15.039675216829664
Q416R,416,Q,R,-0.11567664,-1.41915,4.004428861413545,1.9560804576490127,2.048348403764532
Q416S,416,Q,S,0.6365686,1.52854,30.06089684443624,42.074183428676875,-12.013286584240635
Q416T,416,Q,T,0.19880286,0.331167,14.615242664698282,20.354308913083592,-5.73906624838531
Q416V,416,Q,V,-0.05203683,-1.53965,5.831334194500831,1.7346373869717662,4.096696807529065
Q416W,416,Q,W,-0.10537231,-0.184315,4.2996862889832075,10.998339176969921,-6.6986528879867135
Q416Y,416,Q,Y,-0.39922833,0.159046,0.5720612659162208,16.977302085255584,-16.40524081933936
L417A,417,L,A,1.9440705,4.86532,73.002398966599,80.19929876360952,-7.196899797010516
L417C,417,L,C,1.126667,3.53916,47.49953866026942,69.01642369440856,-21.516885034139136
L417D,417,L,D,2.7711864,6.16511,92.23103893707327,87.08248754382727,5.148551393245995
L417E,417,L,E,2.6321535,5.73158,89.46300055360767,85.27403579996309,4.1889647536445835
L417F,417,L,F,0.39435524,1.40627,21.387709909577413,40.2841852740358,-18.896475364458386
L417G,417,L,G,2.831184,5.66462,93.15371839822846,84.8126960693855,8.341022328842968
L417H,417,L,H,2.711312,3.11885,91.16073076213324,64.12622255028603,27.03450821184721
L417I,417,L,I,0.5106348,1.41626,25.68739619856062,40.45026757704374,-14.76287137848312
L417K,417,L,K,2.416842,4.57932,84.55434582026204,78.07713600295257,6.477209817309472
L417M,417,L,M,0.88032264,-0.082977,38.27274404871748,12.51153349326444,25.761210555453037
L417N,417,L,N,2.6098492,4.45159,89.02011441225318,76.78538475733531,12.23472965491787
L417P,417,L,P,2.630459,5.60089,89.40763978593836,84.49898505259273,4.908654733345628
L417Q,417,L,Q,2.595243,4.03198,88.78021775235283,73.20538844805314,15.574829304299683
L417R,417,L,R,2.559359,3.90792,87.91289905886694,72.17198745155933,15.74091160730761
L417S,417,L,S,2.3696787,5.33283,83.48403764532202,83.05960509319063,0.4244325521313925
L417T,417,L,T,2.2203634,2.64346,79.94094851448607,58.51633142646244,21.424617088023624
L417V,417,L,V,0.6559441,2.55888,30.485329396567636,57.464476840745526,-26.97914744417789
L417W,417,L,W,1.8210971,3.07905,69.60693854954789,63.701789998154645,5.905148551393246
L417Y,417,L,Y,1.5354729,1.665,61.6165344159439,44.177892600110724,17.43864181583318
E418A,418,E,A,0.4595034,0.725804,23.84203727625023,28.455434582026207,-4.613397305775976
E418C,418,E,C,0.21442239,-0.719295,15.113489573722088,5.019376268684259,10.09411330503783
E418D,418,E,D,-0.22861882,0.650818,2.0114412253183245,26.979147444177894,-24.96770621885957
E418F,418,E,F,0.25475615,-0.118838,16.55286953312419,11.939472227348219,4.6133973057759725
E418G,418,E,G,0.80131996,1.08729,35.172541059236025,35.080273113120505,0.0922679461155198
E418H,418,E,H,0.16895998,0.282463,13.489573722088947,19.32090791658978,-5.8313341945008315
E418I,418,E,I,-0.07663844,-1.09119,4.982469090238052,2.9156670972504153,2.0668019929876364
E418K,418,E,K,0.20665851,-0.295577,14.873592913821737,9.42978409300609,5.443808820815647
E418L,418,E,L,0.0724416,-1.55017,10.18638125115335,1.6977302085255583,8.488651042627792
E418M,418,E,M,0.044881277,-0.659635,9.374423325336778,5.425355231592545,3.9490680937442333
E418N,418,E,N,0.08667503,-0.213461,10.721535338623363,10.57390662483853,0.1476287137848331
E418P,418,E,P,2.7239158,3.00022,91.30835947591807,62.74220335855324,28.566156117364827
E418Q,418,E,Q,-0.020231279,-0.291041,7.067724672448791,9.485144860675401,-2.41742018822661
E418R,418,E,R,-0.07567595,-0.754139,5.037829857907363,4.650304484222182,0.3875253736851816
E418S,418,E,S,0.26221195,0.460709,16.82967337147075,23.380697545672632,-6.551024174201881
E418T,418,E,T,0.03803232,0.164143,9.171433843882635,17.032662852924894,-7.861229009042258
E418V,418,E,V,-0.027075702,-0.071199,6.772467244879129,12.732976563941687,-5.960509319062558
E418W,418,E,W,0.2533067,0.395612,16.515962354677985,21.978224764716735,-5.4622624100387505
E418Y,418,E,Y,0.2904904,0.714557,17.86307436796457,28.25244510057206,-10.389370732607492
N419A,419,N,A,0.8121336,0.609729,35.5785200221443,26.259457464476842,9.319062557667461
N419C,419,N,C,0.40531665,0.020473,21.830596050931906,14.227717291013104,7.602878759918802
N419D,419,N,D,1.1785446,3.61475,49.43716552869533,69.80992803100203,-20.3727625023067
N419E,419,N,E,1.1096056,3.88384,46.853663037460784,72.04281232699759,-25.189149289536807
N419F,419,N,F,0.8345648,6.68851,36.556560250968815,88.59568186012179,-52.03912160915297
N419G,419,N,G,0.7845787,1.3777,34.67429415021221,39.89665990035062,-5.222365750138408
N419H,419,N,H,0.8554369,11.9869,37.23934305222365,95.44196346189334,-58.202620409669684
N419I,419,N,I,0.7476684,1.80715,33.56707879682598,46.4476840745525,-12.880605277726517
N419K,419,N,K,0.8945575,2.27386,38.56800147628714,53.589223103893715,-15.021221627606579
N419L,419,N,L,0.82477283,0.744753,36.187488466506736,28.80605277726518,7.381435689241556
N419M,419,N,M,0.7968345,-1.55626,35.02491234545119,1.6792766193024544,33.345635726148736
N419P,419,N,P,0.19958587,0.214369,14.633696253921388,18.139878206311128,-3.50618195238974
N419Q,419,N,Q,0.7894556,-0.413543,34.76656209632773,7.935043365934674,26.831518730393057
Q422A,422,Q,A,-0.20185176,0.2719,2.5096881343421296,19.210186381251155,-16.700498246909024
Q422C,422,Q,C,0.059132744,0.116073,9.909577412806792,15.925447499538661,-6.015870086731869
Q422D,422,Q,D,0.39966407,0.287224,21.590699391031556,19.39472227348219,2.195977117549365
Q422E,422,Q,E,0.1967065,-0.069363,14.559881897028973,12.769883742387893,1.7899981546410793
Q422F,422,Q,F,-0.23947954,-0.560437,1.8453589223103892,6.329581103524635,-4.484222181214246
Q422G,422,Q,G,-0.009600848,1.38594,7.381435689241557,40.044288614135446,-32.66285292489389
Q422H,422,Q,H,0.12608254,0.634843,12.142461708802362,26.720797195054434,-14.578335486252072
Q422I,422,Q,I,0.014006878,1.31015,8.174940025835024,38.752537368518176,-30.577597342683152
Q422K,422,Q,K,0.19358823,-0.064841,14.430706772467245,12.84369809928031,1.5870086731869346
Q422L,422,Q,L,0.011012571,-0.50557,8.10112566894261,6.8093744233253375,1.291751245617272
Q422M,422,Q,M,-0.16318448,-0.116291,3.229378114043181,11.99483299501753,-8.76545488097435
Q422N,422,Q,N,0.06653437,-0.340931,10.057206126591623,8.747001291751246,1.310204834840377
Q422P,422,Q,P,0.22258134,1.14503,15.50101494740727,35.984498985052596,-20.483484037645326
Q422R,422,Q,R,0.02065084,-0.311779,8.377929507289169,9.09761948699022,-0.7196899797010516
Q422S,422,Q,S,-0.062254854,0.727922,5.443808820815649,28.510795349695517,-23.066986528879866
Q422T,422,Q,T,-0.11562314,0.743623,4.022882450636649,28.787599188042073,-24.764716737405422
Q422V,422,Q,V,-0.055249404,0.959247,5.7206126591622075,33.050378298579076,-27.32976563941687
Q422W,422,Q,W,-0.3559621,0.15826,0.7565971581472596,16.940394906809374,-16.183797748662116
Q422Y,422,Q,Y,-0.37090716,0.314759,0.6458756228086363,19.94832995017531,-19.302454327366675
M423A,423,M,A,0.2045348,1.73644,14.799778556929322,45.24820077505075,-30.448422218121426
M423C,423,M,C,0.37078568,2.92405,20.594205572983945,61.56117364827459,-40.966968075290644
M423D,423,M,D,0.7377949,1.31479,33.1980070123639,38.844805314633696,-5.646798302269794
M423E,423,M,E,0.5763238,0.485521,28.104816386787228,23.78667650858092,4.318139878206306
M423F,423,M,F,0.21640022,1.87417,15.224211109060711,47.59180660638494,-32.36759549732423
M423G,423,M,G,0.3116739,1.17252,18.545857169219413,36.44583871563019,-17.899981546410775
M423H,423,M,H,0.5454954,0.393925,26.83151873039306,21.922863997047425,4.908654733345635
M423I,423,M,I,0.05076645,1.87891,9.540505628344713,47.665620963277355,-38.125115334932644
M423K,423,M,K,0.67554843,0.218766,31.149658608599374,18.19523897398044,12.954419634618933
M423L,423,M,L,0.0771184,0.445378,10.334009964938181,23.03007935043366,-12.696069385495479
M423N,423,M,N,0.986783,0.120626,42.01882266100757,16.054622624100386,25.964200036907183
M423P,423,M,P,0.4559865,1.19095,23.74976933013471,36.75954973242296,-13.00978040228825
M423Q,423,M,Q,0.50400686,2.09287,25.429045949437167,51.04262779110537,-25.6135818416682
M423R,423,M,R,0.42587456,0.557815,22.439564495294334,25.31832441409854,-2.8787599188042066
M423S,423,M,S,0.43082386,0.529181,22.734821922863997,24.838531094297842,-2.103709171433845
M423T,423,M,T,0.51103985,1.39898,25.72430337700683,40.210370917143386,-14.486067540136556
M423V,423,M,V,0.4383344,2.1704,23.103893707326076,52.242111090607125,-29.13821738328105
M423W,423,M,W,0.26962426,-0.394575,17.032662852924894,8.174940025835024,8.85772282708987
M423Y,423,M,Y,0.28692627,-0.266402,17.696992064956635,9.761948699021959,7.935043365934677
L425A,425,L,A,0.22177403,0.478334,15.482561358184165,23.639047794796088,-8.156486436611923
L425C,425,L,C,0.8144363,1.4243,35.633880789813624,40.61634988005167,-4.982469090238048
L425D,425,L,D,0.2988316,0.43483,18.121424617088024,22.7532755120871,-4.631850894999076
L425E,425,L,E,0.26501107,0.180256,16.958848496032477,17.291013102048346,-0.33216460601586917
L425F,425,L,F,0.2036815,0.23929,14.762871378483114,18.619671526111826,-3.8568001476287126
L425G,425,L,G,0.4652006,0.86209,24.008119579258167,31.094297840930064,-7.086178261671897
L425H,425,L,H,0.4040753,0.211316,21.738328104816386,18.121424617088024,3.6169034877283615
L425I,425,L,I,-0.012391138,0.52754,7.215353386233622,24.709355969736112,-17.49400258350249
L425K,425,L,K,0.48695597,0.046333,24.893891861967152,14.725964200036906,10.167927661930246
L425M,425,L,M,0.02562474,0.334043,8.67318693485883,20.3727625023067,-11.69957556744787
L425P,425,L,P,0.27699107,1.4508,17.291013102048346,40.874700129175125,-23.58368702712678
L425Q,425,L,Q,0.27860838,0.576895,17.383281048163866,25.72430337700683,-8.341022328842964
L425R,425,L,R,0.3822578,0.204854,20.90791658977671,17.899981546410775,3.0079350433659364
L425S,425,L,S,0.4352005,1.22108,22.974718582764346,37.29470381989297,-14.319985237128627
L425T,425,L,T,0.24340856,1.43585,16.20225133788522,40.7455250046134,-24.54327366672818
L425V,425,L,V,0.1326008,1.01293,12.308544011810298,34.009964938180474,-21.701420926370176
L425W,425,L,W,0.09669842,-0.072521,11.09060712308544,12.677615796272375,-1.5870086731869346
L425Y,425,L,Y,0.037639715,-0.160658,9.152980254659532,11.312050193762687,-2.159069939103155
D427A,427,D,A,-0.0015633535,-0.059314,7.824321830596051,12.880605277726517,-5.056283447130466
