mutation,position,wt_aa,mut_aa,boltz,foldx,pct_boltz,pct_foldx,delta
G35A,35,G,A,1.4916345596872356,2.29806,63.85165326184094,48.30205540661305,15.549597855227887
G35C,35,G,C,1.468673588796216,2.32994,63.00268096514745,48.92761394101876,14.075067024128685
G35D,35,G,D,0.8603121057280463,1.97752,40.303842716711344,43.34226988382484,-3.038427167113497
G35E,35,G,E,0.8271631882857463,2.19341,38.605898123324394,46.693476318141194,-8.0875781948168
G35F,35,G,F,0.8259836987042833,2.34189,38.56121537086685,49.06166219839142,-10.50044682752457
G35H,35,G,H,0.935007365595678,3.82264,43.34226988382484,65.9964253798034,-22.654155495978557
G35I,35,G,I,1.4562572530771256,4.75719,62.7792672028597,74.79892761394102,-12.019660411081318
G35K,35,G,K,1.0435937701327571,2.52569,47.85522788203753,51.60857908847185,-3.753351206434317
G35L,35,G,L,1.283609146419492,2.52303,56.74709562109026,51.51921358355674,5.227882037533519
G35M,35,G,M,0.9093630343703492,2.12767,42.493297587131366,45.84450402144772,-3.351206434316353
G35S,35,G,S,1.3975686835381496,2.2791,61.304736371760505,47.98927613941019,13.315460232350318
G35T,35,G,T,1.5494094849640854,2.50588,65.46023235031278,51.25111706881144,14.20911528150134
G35V,35,G,V,1.63066056398514,4.59119,67.91778373547811,73.10098302055407,-5.183199285075958
G35W,35,G,W,0.7523945815174313,3.89116,34.98659517426274,66.57730116175156,-31.590705987488825
G35Y,35,G,Y,0.7265627944992454,2.31931,34.27167113494191,48.704200178731014,-14.432529043789103
L36N,36,L,N,1.4335100693738714,2.40713,62.466487935656836,50.134048257372655,12.332439678284182
L36P,36,L,P,2.13161077517449,3.47909,79.0437890974084,62.60053619302949,16.443252904378916
L36Q,36,L,Q,1.1960990498232995,0.765997,54.11081322609472,23.369079535299374,30.741733690795346
L36R,36,L,R,1.3698211351949745,1.53843,59.78552278820375,35.79088471849866,23.99463806970509
L36S,36,L,S,1.6316601207442287,1.28793,67.96246648793566,31.322609472743522,36.639857015192135
L36T,36,L,T,1.4282894085437123,1.6586,62.19839142091153,37.57819481680072,24.62019660411081
L36V,36,L,V,1.2296544980534263,1.83474,54.91510277033065,40.66130473637176,14.253798033958887
L36W,36,L,W,0.9904860214646956,2.86199,45.39767649687221,55.36193029490617,-9.964253798033965
L36Y,36,L,Y,1.1351690788495494,2.09889,52.01072386058981,45.218945487042,6.791778373547814
R38A,38,R,A,0.894582305870205,0.553419,41.510277033065236,20.196604110813226,21.31367292225201
R38C,38,R,C,0.4404858490520468,1.135,23.413762287756924,29.445933869526364,-6.03217158176944
R38D,38,R,D,1.0099251002698644,0.499024,46.201966041108136,19.168900804289542,27.033065236818594
R38E,38,R,E,0.6405201209665204,0.11332,31.411974977658623,11.840929401251117,19.571045576407506
R38F,38,R,F,0.8802893195635209,0.052266,41.01876675603217,10.813226094727435,30.205540661304738
R38G,38,R,G,1.1138139925400277,0.71658,50.89365504915103,22.743521000893654,28.150134048257375
R38H,38,R,H,0.819716559224951,0.950512,38.20375335120643,26.452189454870418,11.751563896336013
R38I,38,R,I,0.121157898337566,0.364453,11.170688114387845,16.309204647006258,-5.138516532618413
R38K,38,R,K,0.6482424178287142,-0.399964,31.814119749776587,5.317247542448615,26.49687220732797
R38L,38,R,L,-0.2463420401441791,-0.052613,2.323503127792672,9.204647006255586,-6.881143878462914
R38M,38,R,M,-0.0986021512764194,-0.496732,4.959785522788204,4.334226988382484,0.6255585344057195
R38N,38,R,N,0.8588981801435658,0.897058,40.21447721179624,25.558534405719392,14.655942806076851
R38P,38,R,P,0.9326662442523532,0.128275,43.25290437890974,12.198391420911529,31.054512957998213
R38Q,38,R,Q,0.2409333109978675,0.660196,15.594280607685434,21.93923145665773,-6.344950848972296
R38S,38,R,S,0.4501892013714886,0.936763,23.726541554959784,26.184092940125115,-2.4575513851653312
R38T,38,R,T,0.775350802173559,0.547121,36.103663985701516,20.10723860589812,15.996425379803394
T39G,39,T,G,0.9723485226821836,1.72625,44.77211796246649,38.42716711349419,6.344950848972296
T39H,39,T,H,1.1289924251106298,0.986399,51.69794459338696,27.16711349419124,24.530831099195716
T39I,39,T,I,0.2035717965780493,0.663878,13.941018766756033,22.028596961572834,-8.087578194816802
T39K,39,T,K,0.5761153433605537,-0.521183,28.865058087578195,4.110813226094727,24.754244861483468
T39L,39,T,L,-0.0112611767096761,-0.370768,7.551385165326184,5.7640750670241285,1.7873100983020551
T39M,39,T,M,0.7707441273258983,-1.05415,35.83556747095621,2.100089365504915,33.73547810545129
T39N,39,T,N,0.5924088920759605,0.635321,29.66934763181412,21.492403932082215,8.176943699731904
T39P,39,T,P,0.8798847184107111,1.36563,40.97408400357462,33.02055406613047,7.953529937444145
T39Q,39,T,Q,0.8040406315214946,0.032783,37.48882931188561,10.366398570151922,27.122430741733687
T39R,39,T,R,0.3554091260195704,-0.395513,19.973190348525467,5.361930294906166,14.6112600536193
T39S,39,T,S,0.6576976197606358,0.850771,32.0822162645219,24.709562109025914,7.372654155495983
T39V,39,T,V,0.1070226442433835,0.248386,10.857908847184987,14.209115281501342,-3.351206434316355
T39W,39,T,W,0.4505045270708534,0.487208,23.771224307417338,18.766756032171582,5.004468275245756
T39Y,39,T,Y,0.1575428393992561,-0.135553,12.198391420911529,7.908847184986595,4.289544235924934
T41A,41,T,A,0.8536497406734048,-0.385358,40.12511170688114,5.540661304736371,34.58445040214477
T41C,41,T,C,0.8224774472923141,0.786344,38.29311885612154,23.637176050044683,14.655942806076855
T41D,41,T,D,1.0490253833897132,1.19525,48.168007149240395,30.42895442359249,17.739052725647905
T41E,41,T,E,0.8365928745560035,1.26697,39.05272564789991,31.054512957998213,7.998212689901699
T41F,41,T,F,0.6841560201108939,6.04241,32.57372654155496,82.12689901697945,-49.55317247542449
T41G,41,T,G,1.6686526254509977,1.75198,68.94548704200179,39.097408400357466,29.84807864164432
T41H,41,T,H,1.1988260218869866,7.76734,54.15549597855228,87.53351206434317,-33.37801608579089
T41I,41,T,I,-0.0587411038588954,-2.25904,6.076854334226988,0.44682752457551383,5.630026809651475
T41K,41,T,K,1.2391844271590946,0.183993,55.36193029490617,13.002680965147453,42.35924932975872
T41L,41,T,L,0.4340098133627925,2.28762,23.235031277926723,48.168007149240395,-24.932975871313673
T41M,41,T,M,0.5039868749121551,-2.18475,25.78194816800715,0.580875781948168,25.201072386058982
T41N,41,T,N,0.5369224436616389,0.743486,27.34584450402145,23.14566577301162,4.2001787310098315
T41P,41,T,P,-0.2596775316162593,-3.07113,2.1447721179624666,0.17873100983020554,1.966041108132261
T41Q,41,T,Q,0.5022585394815261,1.82999,25.647899910634496,40.52725647899911,-14.87935656836461
T41R,41,T,R,1.1727905161598011,1.93266,53.35120643431635,42.44861483467381,10.902591599642541
T41S,41,T,S,0.7798029390018222,1.33585,36.550491510277034,32.43967828418231,4.110813226094727
T41V,41,T,V,-0.1439383459991679,-1.01002,3.8873994638069704,2.278820375335121,1.6085790884718496
T41W,41,T,W,0.774988102804866,8.32591,36.05898123324397,88.8739946380697,-52.815013404825734
T41Y,41,T,Y,0.7416159057478975,11.4374,34.763181411974976,92.67202859696158,-57.908847184986605
G43A,43,G,A,0.2166909271535257,8.75916,14.387846291331547,89.72296693476318,-75.33512064343164
G43H,43,G,H,2.15367280518362,49.4859,79.57998212689901,99.86595174262735,-20.285969615728334
G43I,43,G,I,0.6973690078347515,29.2886,33.15460232350313,98.3467381590706,-65.19213583556747
G43K,43,G,K,2.832207939183288,40.1855,91.86773905272565,99.55317247542449,-7.685433422698836
G43L,43,G,L,0.813746541562323,16.0072,37.801608579088466,95.218945487042,-57.41733690795354
G43M,43,G,M,0.999713282850375,10.0182,45.88918677390527,91.33154602323503,-45.44235924932976
G43N,43,G,N,1.811455490008073,14.524,72.56478999106345,94.54870420017873,-21.983914209115284
G43P,43,G,P,2.567604231943987,15.948,88.11438784629134,95.17426273458445,-7.059874888293109
G43Q,43,G,Q,2.2868888588446743,15.705,82.97587131367293,95.1295799821269,-12.153708668453973
G43R,43,G,R,2.477626732827048,21.1756,86.23771224307417,96.91689008042896,-10.679177837354786
G43S,43,G,S,1.720041660937076,15.2975,70.59874888293119,94.99553172475424,-24.396782841823054
G43T,43,G,T,1.8670749937125704,20.1855,73.7265415549598,96.6041108132261,-22.877569258266305
G43V,43,G,V,0.2375302468815615,29.0022,15.504915102770331,98.30205540661304,-82.79714030384271
G43W,43,G,W,0.7783006825769249,49.5988,36.371760500446825,99.91063449508489,-63.53887399463807
G43Y,43,G,Y,1.5172447603481285,38.904,64.5218945487042,99.37444146559427,-34.85254691689008
W44R,44,W,R,2.400159085119385,6.87476,84.67381590705988,85.29937444146559,-0.6255585344057124
W44S,44,W,S,2.2346319209707928,5.8876,81.68007149240393,81.54602323503127,0.1340482573726547
W44T,44,W,T,2.4666359695860534,4.45011,86.01429848078642,71.67113494191241,14.343163538874009
W44V,44,W,V,2.487801829574272,4.77155,86.46112600536193,74.88829311885613,11.572832886505807
W44Y,44,W,Y,1.0078892131634696,1.85478,46.06791778373548,41.10813226094727,4.959785522788209
H46R,46,H,R,1.5177495497553009,7.34439,64.6112600536193,86.19302949061662,-21.58176943699732
H46S,46,H,S,0.377999853136989,2.36634,20.9562109025916,49.37444146559428,-28.41823056300268
H46T,46,H,T,1.4067438867029978,-1.96705,61.52815013404825,0.8042895442359249,60.723860589812325
H46V,46,H,V,1.797590093782383,-0.635684,72.02859696157283,3.5299374441465594,68.49865951742628
H46W,46,H,W,1.4180036403860703,19.0452,61.88561215370867,96.11260053619303,-34.22698838248436
H46Y,46,H,Y,1.296223188314163,7.53444,57.23860589812333,86.77390527256479,-29.535299374441458
W47A,47,W,A,1.7302815913332807,1.34455,70.9562109025916,32.618409294012515,38.33780160857908
W47C,47,W,C,1.418118408525575,2.10705,61.93029490616622,45.39767649687221,16.53261840929401
W47D,47,W,D,2.6591179973614967,4.60202,89.76764968722073,73.19034852546918,16.57730116175155
W47E,47,W,E,2.9740026930862453,4.34797,93.38695263628239,70.59874888293119,22.788203753351198
W47F,47,W,F,1.1451258728181664,-0.346819,52.457551385165324,5.853440571939231,46.60411081322609
W47G,47,W,G,2.354219570468601,2.07281,84.0035746201966,44.59338695263628,39.41018766756032
W47H,47,W,H,1.6162332873801952,1.10016,67.47095621090259,29.0437890974084,38.427167113494185
W47I,47,W,I,1.925740318133886,3.88726,75.06702412868633,66.532618409294,8.534405719392325
W47K,47,W,K,2.009916135961008,0.407696,76.67560321715817,17.381590705987488,59.29401251117068
W47L,47,W,L,2.2263157949724266,1.29517,81.50134048257372,31.501340482573724,50.0
W47M,47,W,M,1.676461393885902,0.680607,69.2135835567471,22.25201072386059,46.9615728328865
W47N,47,W,N,2.2403895178720856,3.03922,81.90348525469169,57.953529937444145,23.949955317247543
W47P,47,W,P,1.2811083355801232,2.34125,56.65773011617515,48.972296693476316,7.685433422698836
W47Q,47,W,Q,2.377554595189218,1.4739,84.45040214477211,34.495084897229674,49.95531724754244
R49A,49,R,A,0.8639937873475487,1.86017,40.48257372654155,41.19749776586238,-0.7149240393208274
R49C,49,R,C,0.3541545562593044,1.76714,19.883824843610366,39.49955317247543,-19.615728328865064
R49D,49,R,D,1.9106834064996896,5.16645,74.57551385165327,77.25647899910635,-2.6809651474530796
R49E,49,R,E,1.6078544173060472,5.34853,67.15817694369973,78.64164432529044,-11.483467381590714
R49F,49,R,F,0.444632539003712,0.208978,23.637176050044683,13.717605004468275,9.919571045576408
R49G,49,R,G,1.387222267003289,3.0124,60.67917783735478,57.41733690795353,3.261840929401245
R49H,49,R,H,0.1704679222000119,0.991191,12.779267202859696,27.479892761394105,-14.700625558534409
R49I,49,R,I,1.2407758803029802,0.095109,55.40661304736372,11.349419124218052,44.05719392314567
R49K,49,R,K,0.5717072894037538,0.890638,28.596961572832885,25.513851653261842,3.0831099195710436
L54A,54,L,A,0.7923782980876242,1.90267,36.77390527256479,42.0911528150134,-5.317247542448612
L54C,54,L,C,0.1253369203870302,1.4711,11.349419124218052,34.36103663985702,-23.011617515638967
L54D,54,L,D,0.6874564917205838,1.33953,32.707774798927616,32.48436103663986,0.22341376228775545
L54E,54,L,E,0.8754460062971593,1.14679,40.795352993744416,29.66934763181412,11.126005361930297
L54F,54,L,F,0.8712860521303151,1.56924,40.57193923145665,36.282394995531725,4.289544235924929
L54G,54,L,G,1.165884623852798,1.52081,52.949061662198396,35.25469168900804,17.694369973190355
L54H,54,L,H,0.9879683282408273,2.03686,45.30831099195711,44.19124218051832,1.1170688114387843
L54I,54,L,I,-0.1324321635801448,1.13557,4.1554959785522785,29.49061662198391,-25.335120643431633
L54K,54,L,K,0.7414658106104657,0.812344,34.71849865951743,23.949955317247543,10.768543342269886
L54M,54,L,M,0.1338802969887562,0.061953,11.751563896336014,10.94727435210009,0.8042895442359246
L54N,54,L,N,0.7932780393435245,1.28991,36.81858802502234,31.411974977658623,5.40661304736372
L54P,54,L,P,1.104375745310439,1.71778,50.312779267202856,38.11438784629133,12.198391420911527
L54Q,54,L,Q,0.7307708923398392,0.803827,34.36103663985702,23.86058981233244,10.50044682752458
D55A,55,D,A,0.1415408090416261,0.198504,11.796246648793565,13.404825737265416,-1.608579088471851
D55C,55,D,C,0.6261063544628747,1.18774,30.652368185880253,30.25022341376229,0.40214477211796407
D55E,55,D,E,0.772046397027888,1.0679,35.88025022341376,28.418230563002684,7.462019660411077
D55F,55,D,F,0.5262651692838806,0.32001,26.764968722073277,15.370866845397677,11.3941018766756
D55G,55,D,G,1.0251127279487238,0.743249,47.050938337801604,23.100983020554068,23.949955317247536
D55H,55,D,H,0.8251715419285683,0.448948,38.47184986595174,18.141197497765862,20.330652368185877
D55I,55,D,I,0.7384970654826439,0.702192,34.62913315460233,22.430741733690795,12.198391420911534
D55K,55,D,K,0.3566543479570931,0.386655,20.06255585344057,16.80071492403932,3.2618409294012523
D55L,55,D,L,0.2537792071842191,0.329625,16.175156389633603,15.460232350312781,0.714924039320822
D55M,55,D,M,0.2709927934501097,0.560608,16.845397676496873,20.37533512064343,-3.529937444146558
D55N,55,D,N,-0.1251599882189759,0.507102,4.334226988382484,19.34763181411975,-15.013404825737267
D55P,55,D,P,0.9685598071518088,1.14664,44.68275245755138,29.624664879356565,15.058087578194815
D55Q,55,D,Q,0.4905845178488929,0.585593,25.156389633601428,20.732797140303845,4.423592493297583
D55R,55,D,R,0.2774263986579254,0.735863,17.024128686327078,22.92225201072386,-5.898123324396781
D55S,55,D,S,0.3808895949767605,0.658732,21.090259159964255,21.89454870420018,-0.8042895442359246
D55T,55,D,T,0.9012363785506816,2.0871,41.957104557640754,44.95084897229669,-2.9937444146559358
D55V,55,D,V,0.7904345835838372,0.949939,36.68453976764969,26.40750670241287,10.277033065236818
D55W,55,D,W,0.7158825489825716,0.865523,33.8248436103664,24.84361036639857,8.981233243967832
F69A,69,F,A,2.925224924016649,4.22597,93.02949061662198,69.79445933869526,23.235031277926723
F69C,69,F,C,1.114295038455742,3.83959,51.027703306523684,66.13047363717605,-15.102770330652369
F69D,69,F,D,2.849511534113269,5.98578,92.13583556747096,81.90348525469169,10.232350312779275
F69E,69,F,E,2.925207747415552,5.06578,92.98480786416444,76.58623771224308,16.398570151921362
F69G,69,F,G,4.293896099340625,5.64062,99.59785522788204,80.29490616621983,19.302949061662204
F69H,69,F,H,2.127447588383708,3.02757,78.9544235924933,57.77479892761394,21.179624664879356
F69I,69,F,I,0.9601409230377586,1.07734,44.32529043789097,28.55227882037534,15.773011617515632
M70A,70,M,A,1.5717652802979496,1.60296,66.30920464700625,36.77390527256479,29.535299374441465
M70C,70,M,C,0.609121670548677,2.39579,30.29490616621984,49.955317247542446,-19.660411081322607
M70D,70,M,D,1.917687530425897,3.06892,74.79892761394102,58.266309204647,16.532618409294017
M70E,70,M,E,1.0219552590909522,1.79711,46.82752457551385,40.08042895442359,6.74709562109026
M70F,70,M,F,1.112442916373922,-1.37016,50.80428954423593,1.4298480786416443,49.37444146559428
M70G,70,M,G,2.4422450907280258,2.97382,85.74620196604111,56.92582663092046,28.82037533512065
M70H,70,M,H,1.428972543295277,0.779148,62.24307417336908,23.54781054512958,38.6952636282395
M70I,70,M,I,0.551400696775758,0.350547,27.926720285969616,15.951742627345844,11.974977658623772
M70K,70,M,K,0.1789488868120405,0.678993,13.047363717605004,22.20732797140304,-9.159964253798035
M70L,70,M,L,1.178947420640419,1.23708,53.529937444146555,30.831099195710454,22.6988382484361
M70N,70,M,N,1.822079920474728,2.91079,72.74352100089365,55.94280607685433,16.80071492403932
M70P,70,M,P,3.0310679882193354,4.70245,93.8337801608579,74.21805183199285,19.615728328865046
M70Q,70,M,Q,0.5624059908921266,1.07971,28.37354781054513,28.596961572832885,-0.22341376228775545
M70R,70,M,R,0.5022940953546254,1.27408,25.692582663092047,31.233243967828418,-5.540661304736371
M70S,70,M,S,1.023931074244876,1.88222,47.00625558534406,41.599642537980344,5.406613047363713
M70T,70,M,T,1.016559111077778,3.26631,46.559428060768546,60.00893655049151,-13.449508489722966
M70V,70,M,V,0.4715823291166681,0.635898,24.57551385165326,21.537086684539766,3.0384271671134933
M70W,70,M,W,0.9836680737984738,0.307595,45.17426273458445,15.192135835567472,29.982126899016983
M70Y,70,M,Y,1.1703319000664858,-0.306881,53.08310991957105,6.255585344057193,46.827524575513856
E71A,71,E,A,0.4546986684632221,0.27763,23.994638069705093,14.655942806076855,9.338695263628239
E71C,71,E,C,0.1051196423867212,1.04683,10.768543342269883,27.971403038427166,-17.202859696157283
E71D,71,E,D,0.4185204882704493,0.660387,22.966934763181413,21.983914209115284,0.9830205540661296
E71F,71,E,F,0.5257703003694415,-0.230011,26.720285969615727,6.970509383378016,19.74977658623771
E71G,71,E,G,1.4314977768006567,1.64968,62.377122430741736,37.39946380697051,24.977658623771227
E71H,71,E,H,1.1481632488797016,1.0615,52.54691689008043,28.239499553172475,24.307417336907957
E71I,71,E,I,0.1230274904670136,-0.685628,11.26005361930295,3.261840929401251,7.998212689901699
E71K,71,E,K,0.4788768277422819,-0.075168,24.754244861483468,8.981233243967829,15.773011617515639
E71L,71,E,L,0.2306810123778562,-0.521694,15.192135835567472,4.066130473637176,11.126005361930297
E71M,71,E,M,0.3386490564673414,-0.373731,19.34763181411975,5.719392314566577,13.628239499553175
E71N,71,E,N,0.9007479227366304,0.450682,41.9124218051832,18.185880250223413,23.726541554959788
E71P,71,E,P,2.138621449309541,4.17438,79.26720285969616,69.16890080428955,10.098302055406606
E71Q,71,E,Q,0.0038366490303526,-0.118767,7.864164432529044,8.310991957104557,-0.44682752457551267
E71R,71,E,R,0.457926304179697,0.522412,24.173369079535302,19.571045576407506,4.602323503127796
E71S,71,E,S,0.3342875070879849,1.11173,19.213583556747096,29.31188561215371,-10.098302055406613
E71T,71,E,T,0.1496187020882315,1.1717,11.974977658623772,29.982126899016983,-18.00714924039321
E71V,71,E,V,0.3941577181764049,0.509906,21.715817694369974,19.526362823949956,2.1894548704200183
M72A,72,M,A,1.981350248263672,3.11901,76.2734584450402,58.71313672922251,17.560321715817693
M72C,72,M,C,1.4754370743450214,3.53492,63.31546023235032,63.40482573726541,-0.08936550491509365
V77A,77,V,A,0.837604308737664,0.455148,39.18677390527257,18.319928507596067,20.8668453976765
V77C,77,V,C,0.924826713290572,0.951197,42.98480786416443,26.49687220732797,16.48793565683646
V77D,77,V,D,1.1100651663594785,2.07425,50.62555853440573,44.638069705093834,5.987488829311893
V77E,77,V,E,0.7849862500809062,1.49599,36.59517426273459,34.71849865951743,1.8766756032171585
V77F,77,V,F,1.0508771739927567,1.0249,48.257372654155496,27.70330652368186,20.554066130473636
V77G,77,V,G,2.1478510544987666,1.2852,79.44593386952636,31.27792672028597,48.16800714924039
V77H,77,V,H,1.0909786117320748,1.59485,49.776586237712245,36.639857015192135,13.13672922252011
V77I,77,V,I,0.3414464662420755,-0.749629,19.481680071492406,2.9043789097408403,16.577301161751564
V77K,77,V,K,1.1718883068215644,0.414988,53.2171581769437,17.560321715817693,35.656836461126005
V77L,77,V,L,0.7097600416652172,0.362837,33.46738159070598,16.219839142091153,17.24754244861483
V77M,77,V,M,0.6794515704094617,0.422142,32.43967828418231,17.649687220732797,14.78999106344951
V77N,77,V,N,1.4720350732662553,1.31139,63.181411974977664,31.948168007149242,31.23324396782842
V77P,77,V,P,1.8238419169355289,4.57155,72.8775692582663,72.92225201072387,-0.04468275245756104
V77Q,77,V,Q,0.8726074582465767,0.497165,40.61662198391421,19.07953529937444,21.537086684539766
G80A,80,G,A,1.229710427377256,3.41377,54.95978552278821,62.019660411081325,-7.059874888293116
G80C,80,G,C,1.162204324074266,4.28771,52.770330652368195,70.15192135835568,-17.381590705987485
G80D,80,G,D,1.1637504078921126,3.60581,52.85969615728329,64.29848078641645,-11.43878462913316
G80E,80,G,E,1.0588052272831832,4.54993,48.614834673815906,72.74352100089365,-24.128686327077745
G80F,80,G,F,0.4847695492458015,4.22007,25.022341376228773,69.61572832886506,-44.59338695263629
G80M,80,G,M,0.6170931956079516,2.96717,30.518319928507598,56.70241286863271,-26.184092940125115
G80N,80,G,N,1.1114714585409942,4.59832,50.75960679177838,73.14566577301161,-22.386058981233234
G80P,80,G,P,2.304496925713122,7.98303,83.19928507596069,87.98033958891868,-4.7810545129579936
G80Q,80,G,Q,0.9477068599628784,4.518,43.83378016085791,72.29669347631814,-28.462913315460227
G80R,80,G,R,0.8613734335761825,3.23274,40.39320822162645,59.696157283288656,-19.302949061662204
G80S,80,G,S,1.1959960925409618,4.18053,54.06613047363717,69.2135835567471,-15.147453083109923
G80T,80,G,T,1.5470686463699208,2.3836,65.37086684539769,49.64253798033959,15.728328865058096
G80V,80,G,V,1.6823340247987233,5.64189,69.52636282394995,80.33958891867739,-10.81322609472744
G80W,80,G,W,0.4948493780118781,5.19711,25.37980339588919,77.5692582663092,-52.189454870420015
G80Y,80,G,Y,0.490978531173452,5.39912,25.245755138516536,78.99910634495086,-53.753351206434324
K82D,82,K,D,1.8964403935190013,2.54535,74.26273458445041,51.78731009830205,22.475424486148363
K82E,82,K,E,1.508674682110848,1.76915,64.29848078641645,39.58891867739053,24.709562109025917
K82F,82,K,F,0.4933495521751654,0.186888,25.290437890974083,13.092046470062558,12.198391420911525
K82G,82,K,G,2.222660898130437,1.84359,81.41197497765862,40.88471849865952,40.5272564789991
K82H,82,K,H,0.7390738591326357,2.11664,34.673815907059875,45.62109025915996,-10.947274352100088
K82I,82,K,I,1.1364267001117605,0.11121,52.189454870420015,11.751563896336014,40.437890974084
K82L,82,K,L,-0.3303077737041353,-0.454805,1.5638963360142983,4.736371760500447,-3.1724754244861484
K82M,82,K,M,0.2687472908171085,-0.595551,16.666666666666664,3.842716711349419,12.823949955317245
K82N,82,K,N,1.5512878582215632,1.97761,65.54959785522789,43.386952636282395,22.162645218945492
K82P,82,K,P,1.9424975315634143,6.23347,75.37980339588918,83.15460232350313,-7.7747989276139435
K82Q,82,K,Q,0.8111992472195242,0.685856,37.712243074173365,22.34137622877569,15.370866845397675
K82R,82,K,R,-0.0393155750622498,-1.09268,6.702412868632708,1.876675603217158,4.825737265415549
K82S,82,K,S,1.0658025773713835,1.99053,48.83824843610366,43.61036639857015,5.2278820375335116
K82T,82,K,T,1.8436698807421952,1.09786,73.14566577301161,28.99910634495085,44.14655942806077
K82V,82,K,V,1.5261661546515628,0.73507,64.7899910634495,22.87756925826631,41.9124218051832
K82W,82,K,W,0.8160722693997181,1.22166,38.02502234137623,30.6970509383378,7.327971403038429
K82Y,82,K,Y,0.5829665489147714,0.522488,29.1331546023235,19.61572832886506,9.51742627345844
G85A,85,G,A,1.5010515156675968,3.40598,64.07506702412869,61.840929401251124,2.2341376228775616
G85C,85,G,C,1.0565403658340686,4.48355,48.57015192135836,72.11796246648794,-23.54781054512958
G85D,85,G,D,1.786517736286615,5.56806,71.84986595174263,79.75871313672923,-7.908847184986598
G85E,85,G,E,1.6503121439786528,4.74628,68.40929401251117,74.66487935656836,-6.255585344057195
G85F,85,G,F,0.9798829222401012,2.74987,44.95084897229669,54.06613047363717,-9.115281501340483
G85H,85,G,H,1.098414287097672,2.87158,50.08936550491511,55.49597855227882,-5.406613047363713
G85I,85,G,I,1.829585462313685,5.83125,72.92225201072387,81.18856121537087,-8.266309204647001
G85K,85,G,K,0.9405418479053868,2.13643,43.476318141197495,45.97855227882037,-2.502234137622878
G85L,85,G,L,1.0747354999561265,3.31576,49.06166219839142,60.545129579982124,-11.483467381590707
G85M,85,G,M,1.041455063650498,7.39961,47.63181411974978,86.46112600536193,-38.82931188561216
G85N,85,G,N,1.6017928497581655,3.03734,66.97944593386953,57.864164432529044,9.115281501340483
G85P,85,G,P,3.283337461683175,7.35936,96.51474530831099,86.23771224307417,10.277033065236822
G85Q,85,G,Q,1.3101570730258305,4.47939,57.64075067024129,71.98391420911528,-14.343163538873995
G85R,85,G,R,0.994960112143898,4.02474,45.71045576407507,67.78373547810546,-22.073279714030384
G85S,85,G,S,1.3170716414067103,3.36366,57.77479892761394,61.12600536193029,-3.351206434316346
Y86Q,86,Y,Q,3.620273913117869,6.66661,98.39142091152814,84.53976764968722,13.851653261840923
Y86R,86,Y,R,2.6403279152592827,6.63582,89.45487042001787,84.40571939231457,5.049151027703303
Y86S,86,Y,S,2.5476044089456136,6.46771,87.66756032171583,83.91420911528151,3.753351206434317
Y86T,86,Y,T,3.3046991257525318,6.7666,96.82752457551386,84.85254691689008,11.974977658623786
Y86V,86,Y,V,2.664326683015773,6.15237,89.94638069705094,82.84182305630027,7.10455764075067
Y86W,86,Y,W,0.5810766708976639,5.27481,29.088471849865954,78.32886505808759,-49.24039320822163
E87T,87,E,T,0.1556081010682954,0.126373,12.109025915996426,12.109025915996426,0.0
E87V,87,E,V,-0.5032306547320032,0.191551,0.8936550491510277,13.136729222520108,-12.24307417336908
E87W,87,E,W,0.5764191852939505,1.76142,28.909740840035745,39.27613941018767,-10.366398570151922
E87Y,87,E,Y,0.0123528996714587,3.94499,8.310991957104557,67.11349419124218,-58.80250223413763
Y88A,88,Y,A,2.3933342093181214,4.48365,84.58445040214477,72.16264521894549,12.421805183199282
Y88C,88,Y,C,0.3637042240531949,3.95993,20.509383378016086,67.20285969615728,-46.693476318141194
Y88D,88,Y,D,2.6563293036541293,5.61049,89.72296693476318,80.16085790884718,9.562109025916001
Y88E,88,Y,E,3.005153840679285,5.43514,93.61036639857015,79.31188561215372,14.298480786416434
Y88F,88,Y,F,0.0272487760146333,-0.452079,8.757819481680071,4.781054512957998,3.9767649687220734
Y88G,88,Y,G,3.516469766791801,4.86278,97.89991063449509,75.46916890080428,22.43074173369081
Y88H,88,Y,H,1.678455943404369,2.22055,69.34763181411975,47.09562109025916,22.252010723860593
Y88I,88,Y,I,1.3937686052027978,0.848166,61.08132260947274,24.620196604110813,36.46112600536193
Y88K,88,Y,K,2.1940560925483985,2.25371,80.60768543342269,47.63181411974978,32.97587131367291
Y88L,88,Y,L,1.6659750456745004,0.265936,68.90080428954424,14.5218945487042,54.378909740840044
Y88M,88,Y,M,1.4594374544339237,0.826588,62.913315460232354,24.441465594280608,38.47184986595175
Y88N,88,Y,N,2.231742381503204,4.20974,81.63538873994638,69.4816800714924,12.153708668453973
Y88P,88,Y,P,3.2078097223645603,6.89503,95.79982126899017,85.43342269883824,10.36639857015193
W95F,95,W,F,1.0962329684547798,3.10491,50.04468275245755,58.53440571939231,-8.489722966934764
W95G,95,W,G,4.913568157217127,7.40345,99.95531724754245,86.55049151027703,13.404825737265426
W95H,95,W,H,2.6020218607134287,4.8056,88.73994638069705,75.20107238605898,13.538873994638067
W95I,95,W,I,3.580697832596428,4.7216,98.12332439678283,74.39678284182307,23.726541554959766
W95K,95,W,K,4.124781733452796,7.76526,99.37444146559427,87.48882931188561,11.885612153708664
W95L,95,W,L,3.194713360777086,8.47398,95.62109025915997,89.27613941018767,6.344950848972303
W95M,95,W,M,2.775092842280627,1.82803,91.19749776586238,40.39320822162645,50.80428954423593
W95N,95,W,N,4.355492561553611,7.36822,99.64253798033958,86.37176050044683,13.270777479892757
W95P,95,W,P,3.759425789849636,6.81526,98.6148346738159,85.12064343163539,13.49419124218052
W95Q,95,W,Q,3.937013464517447,7.35939,99.01697944593387,86.28239499553172,12.734584450402153
W95R,95,W,R,2.4577354213206872,6.68862,85.8355674709562,84.62913315460231,1.2064343163538922
W95S,95,W,S,3.7593038889505137,6.94836,98.57015192135835,85.61215370866846,12.957998212689887
W95T,95,W,T,4.278938363296671,7.85642,99.55317247542449,87.71224307417337,11.840929401251117
W95V,95,W,V,3.889156503540143,5.24957,98.83824843610365,77.92672028596962,20.911528150134032
W95Y,95,W,Y,0.9165417070058616,2.30541,42.672028596961574,48.48078641644326,-5.808757819481684
P98K,98,P,K,0.0656605775042512,0.872317,9.651474530831099,25.156389633601428,-15.50491510277033
P98L,98,P,L,-0.0693327721139002,0.278034,5.719392314566577,14.745308310991955,-9.025915996425379
P98M,98,P,M,-0.2860854900699369,1.89808,1.876675603217158,41.957104557640754,-40.080428954423596
P98N,98,P,N,0.3301920686934895,1.57631,18.945487042001787,36.371760500446825,-17.42627345844504
P98Q,98,P,Q,-0.0142072038997596,1.33246,7.372654155495978,32.2609472743521,-24.88829311885612
P98R,98,P,R,-0.5361281492284133,1.36735,0.7596067917783735,33.065236818588026,-32.30563002680965
P98S,98,P,S,-0.0353713698489264,1.43008,6.881143878462913,33.78016085790885,-26.899016979445932
P98T,98,P,T,0.4071085203127453,1.92862,22.56478999106345,42.35924932975871,-19.794459338695262
P98V,98,P,V,0.7422765357307561,0.412583,34.80786416443253,17.470956210902592,17.336907953529938
P98W,98,P,W,-0.3538845499314806,0.493408,1.4298480786416443,18.856121537086683,-17.42627345844504
P98Y,98,P,Y,-0.0376676269181395,0.96255,6.747095621090258,26.630920464700626,-19.88382484361037
R100V,100,R,V,2.8703208234658475,3.86147,92.44861483467382,66.30920464700625,26.139410187667565
R100W,100,R,W,2.6130395354462848,5.43154,89.00804289544236,79.26720285969616,9.740840035746203
R100Y,100,R,Y,2.506310145800357,4.53201,87.0420017873101,72.5201072386059,14.521894548704196
D101I,101,D,I,2.605199776210439,1.96061,88.82931188561216,43.029490616621985,45.79982126899017
D101K,101,D,K,2.426634522095896,0.986348,85.4781054512958,27.122430741733687,58.355674709562116
D101L,101,D,L,2.3042969289286046,1.3331,83.15460232350313,32.350312779267206,50.80428954423592
D101M,101,D,M,2.062803737615881,-0.109678,77.5692582663092,8.40035746201966,69.16890080428955
D101N,101,D,N,0.3340144445807736,0.268065,19.168900804289542,14.6112600536193,4.557640750670242
D101P,101,D,P,3.087296405855552,2.08376,94.54870420017873,44.90616621983914,49.64253798033959
D101Q,101,D,Q,2.0591344910515392,1.73054,77.390527256479,38.605898123324394,38.78462913315461
D101R,101,D,R,2.22009597505304,1.5161,81.32260947274352,35.120643431635386,46.201966041108136
D101S,101,D,S,0.6861060693961215,0.836068,32.66309204647006,24.57551385165326,8.087578194816803
D101T,101,D,T,0.7162774634708381,4.07628,33.86952636282395,68.27524575513851,-34.405719392314566
D101V,101,D,V,2.7897775863208403,1.53426,91.42091152815014,35.5674709562109,55.853440571939245
D101W,101,D,W,2.7270795592078945,2.97378,90.5272564789991,56.881143878462915,33.64611260053619
D101Y,101,D,Y,2.823710719555209,1.91861,91.77837354781055,42.18051831992851,49.597855227882036
E103A,103,E,A,0.0945577953260834,-0.219292,10.500446827524575,7.104557640750671,3.3958891867739043
E103C,103,E,C,-0.0837837663904743,0.223608,5.272564789991064,13.941018766756033,-8.668453976764969
E103D,103,E,D,0.0886034302671203,-0.167928,10.277033065236818,7.596067917783736,2.6809651474530822
E103F,103,E,F,-0.0501853005985171,-0.393209,6.389633601429848,5.495978552278821,0.8936550491510271
E103G,103,E,G,0.5153363653732802,0.022379,26.362823949955317,10.142984807864163,16.219839142091153
E103H,103,E,H,0.2656979791072111,0.591436,16.39857015192136,20.8668453976765,-4.468275245755141
E103I,103,E,I,0.1774093258151544,0.507378,12.913315460232349,19.3923145665773,-6.478999106344952
E103K,103,E,K,0.0041644063890447,-0.415892,7.953529937444147,5.183199285075961,2.7703306523681857
E103L,103,E,L,-0.099700608570346,-0.471369,4.870420017873101,4.5129579982126895,0.3574620196604119
E103M,103,E,M,0.1119148723830583,-0.19236,10.991957104557642,7.462019660411082,3.52993744414656
E103N,103,E,N,0.2392086508435841,-0.494638,15.549597855227882,4.378909740840036,11.170688114387847
E103P,103,E,P,1.5913048581955207,0.693635,66.75603217158177,22.386058981233244,44.36997319034852
E103Q,103,E,Q,-0.179024197308585,-0.795395,3.351206434316354,2.8150134048257374,0.5361930294906165
E103R,103,E,R,-0.0996030463240083,-0.68735,4.915102770330653,3.2171581769436997,1.697944593386953
E103S,103,E,S,0.0397449821186599,-2.19845,9.159964253798034,0.5361930294906166,8.623771224307417
E103T,103,E,T,0.1583004567209322,0.851807,12.243074173369079,24.754244861483468,-12.511170688114388
G104A,104,G,A,0.9291551716202424,2.601,43.118856121537085,52.59159964253798,-9.472743521000893
G104C,104,G,C,0.9811020159061512,2.21991,45.0402144772118,47.050938337801604,-2.010723860589806
G104D,104,G,D,1.100757672008745,1.3049,50.1787310098302,31.769436997319033,18.409294012511168
G104E,104,G,E,0.8424449185950681,1.53349,39.365504915102775,35.52278820375335,3.842716711349425
G104F,104,G,F,0.7938355878707432,2.29833,36.8632707774799,48.346738159070604,-11.483467381590707
G104H,104,G,H,0.749945996088747,7.99281,34.89722966934763,88.06970509383379,-53.17247542448616
G104I,104,G,I,1.1181727734898892,3.73088,51.25111706881144,65.41554959785523,-14.164432529043793
G104K,104,G,K,0.889004126117462,2.23752,41.37622877569258,47.27435210008937,-5.898123324396785
G104L,104,G,L,0.7355427993114444,1.20559,34.495084897229674,30.473637176050044,4.02144772117963
G104M,104,G,M,0.8171840506410275,2.70623,38.15907059874888,53.61930294906166,-15.46023235031278
G104N,104,G,N,0.8830180741948513,2.51734,41.152815013404826,51.474530831099194,-10.321715817694368
G104P,104,G,P,1.334788908895956,6.91984,58.53440571939231,85.52278820375335,-26.98838248436104
G104Q,104,G,Q,0.7199214805982198,1.74424,33.958891867739055,38.96336014298481,-5.004468275245756
G104R,104,G,R,0.9826500337339024,2.32154,45.084897229669345,48.74888293118856,-3.6639857015192163
G104S,104,G,S,0.9829914063806656,2.37794,45.1295799821269,49.46380697050938,-4.334226988382483
G104T,104,G,T,1.488009838512669,4.68846,63.628239499553175,73.9946380697051,-10.36639857015193
G104V,104,G,V,1.3273664620154193,12.0673,58.17694369973191,93.20822162645219,-35.03127792672028
G104W,104,G,W,0.9844576746922934,2.9611,45.218945487042,56.65773011617515,-11.438784629133153
G104Y,104,G,Y,0.8593278397664617,2.62459,40.2591599642538,52.81501340482574,-12.555853440571944
R105A,105,R,A,1.3962549185670097,1.36113,61.2153708668454,32.88650580875782,28.32886505808758
R105C,105,R,C,0.8275212513987767,1.34935,38.65058087578195,32.75245755138517,5.898123324396778
R105D,105,R,D,2.26462464636413,3.16949,82.30563002680965,59.33869526362824,22.966934763181413
R105E,105,R,E,2.1308974967087138,1.53138,78.99910634495086,35.43342269883824,43.56568364611262
R105F,105,R,F,1.4898700328901051,-0.292067,63.71760500446828,6.434316353887399,57.283288650580886
R105G,105,R,G,1.5039852187190608,0.955531,64.1644325290438,26.586237712243072,37.57819481680072
R105H,105,R,H,1.0864948557695506,1.72025,49.68722073279714,38.248436103663984,11.438784629133153
R105I,105,R,I,1.0303872456369652,0.412183,47.27435210008937,17.426273458445042,29.848078641644324
R105K,105,R,K,0.5861247918167091,0.293032,29.40125111706881,15.058087578194817,14.343163538873993
R105L,105,R,L,1.2866422469158023,0.479276,56.97050938337802,18.588025022341377,38.382484361036646
R105M,105,R,M,1.6775099499183144,0.259179,69.25826630920466,14.387846291331547,54.87042001787311
R105N,105,R,N,1.4305466306224563,0.618539,62.287756925826635,21.224307417336906,41.063449508489725
R105P,105,R,P,3.290524600574063,2.8327,96.64879356568365,55.093833780160864,41.55495978552278
R105Q,105,R,Q,1.784264199918585,0.740097,71.80518319928507,23.056300268096514,48.748882931188554
R105S,105,R,S,1.2549800897422283,0.87468,55.987488829311886,25.245755138516536,30.74173369079535
R105T,105,R,T,1.6084604159436662,2.38613,67.24754244861484,49.776586237712245,17.470956210902592
R105V,105,R,V,1.2413968886254043,1.29002,55.45129579982127,31.456657730116177,23.99463806970509
R105W,105,R,W,1.3209254433806892,0.804987,57.9088471849866,23.905272564789993,34.0035746201966
R105Y,105,R,Y,1.4400233623002674,0.633163,62.55585344057194,21.447721179624665,41.10813226094727
L106A,106,L,A,2.000537906560646,3.12251,76.54155495978551,58.80250223413762,17.739052725647895
L106C,106,L,C,1.284857076417629,2.8775,56.83646112600537,55.67470956210903,1.1617515638963383
L106D,106,L,D,2.406715170920212,5.19128,84.76318141197497,77.43521000893655,7.327971403038418
L106E,106,L,E,2.0294068792942093,3.81468,76.94369973190348,65.90705987488829,11.036639857015189
L106F,106,L,F,1.2189093218361102,2.4017,54.60232350312779,50.08936550491511,4.512957998212684
L106G,106,L,G,3.3213434197325618,4.1697,96.96157283288652,69.124218051832,27.837354781054515
L106H,106,L,H,2.1197444683896074,2.80998,78.7756925826631,54.73637176050045,24.03932082216265
L106I,106,L,I,0.8008596172558118,0.351292,37.08668453976765,15.996425379803394,21.09025915996426
L106K,106,L,K,1.4910613136610067,1.03715,63.806970509383376,27.926720285969616,35.88025022341376
L106M,106,L,M,1.12744893577094,-0.543579,51.51921358355674,4.021447721179625,47.497765862377115
L106N,106,L,N,2.499679588652973,3.39691,86.77390527256479,61.70688114387847,25.06702412868632
L106P,106,L,P,1.6758034742125618,0.001255,69.16890080428955,10.00893655049151,59.15996425379804
L106Q,106,L,Q,1.6102793405942262,2.6005,67.29222520107238,52.54691689008043,14.745308310991952
L106R,106,L,R,2.114180624276072,5.76808,78.5969615728329,81.00983020554065,-2.412868632707756
L106S,106,L,S,1.989098843577478,4.11649,76.45218945487042,68.76675603217159,7.685433422698836
L106T,106,L,T,2.2096083933749475,3.04106,81.1438784629133,57.9982126899017,23.145665773011608
L106V,106,L,V,0.9121454098910844,1.1412,42.58266309204647,29.535299374441465,13.047363717605002
L106W,106,L,W,1.409372541507002,7.71546,61.66219839142091,87.35478105451296,-25.692582663092047
L106Y,106,L,Y,0.7502410784553365,9.67807,34.941912421805185,90.88471849865952,-55.94280607685434
A108W,108,A,W,0.5404501943533905,-0.440492,27.52457551385165,4.915102770330653,22.609472743521
A108Y,108,A,Y,0.8089308147586571,-1.07579,37.66756032171582,1.966041108132261,35.70151921358356
D109A,109,D,A,0.5278235881728989,1.94281,26.943699731903486,42.761394101876675,-15.81769436997319
D109C,109,D,C,0.1849671797675487,2.30755,13.226094727435209,48.525469168900806,-35.299374441465595
D109E,109,D,E,0.801972577284299,-0.206598,37.35478105451296,7.238605898123325,30.116175156389637
D109F,109,D,F,1.352845971459265,-0.294551,59.15996425379804,6.389633601429848,52.77033065236819
D109G,109,D,G,1.3002853099411291,3.67113,57.41733690795353,65.01340482573727,-7.596067917783735
D109H,109,D,H,0.778596421083756,0.28248,36.41644325290438,14.83467381590706,21.58176943699732
D109I,109,D,I,1.70174338095255,3.54512,70.01787310098302,63.628239499553175,6.38963360142985
D109K,109,D,K,2.1763319950615005,3.14287,80.07149240393208,59.15996425379804,20.911528150134046
D109L,109,D,L,1.7805404763331996,1.78787,71.67113494191241,39.90169794459339,31.769436997319026
D109M,109,D,M,1.2583158280422977,1.51244,56.21090259159964,35.07596067917784,21.1349419124218
D109N,109,D,N,0.7874658289815315,1.76833,36.639857015192135,39.54423592493298,-2.904378909740842
D109P,109,D,P,2.195054555642681,4.19471,80.65236818588025,69.34763181411975,11.304736371760498
D109Q,109,D,Q,1.1576171654480203,2.35127,52.63628239499554,49.19571045576407,3.440571939231468
D109R,109,D,R,2.108372653368059,2.84684,78.37354781054513,55.272564789991065,23.100983020554068
D109S,109,D,S,0.4162843128089148,3.51591,22.83288650580876,63.22609472743521,-40.39320822162645
D109T,109,D,T,1.6750254082773497,2.97361,69.124218051832,56.79177837354781,12.332439678284196
D109V,109,D,V,1.8030406773055887,1.88261,72.34137622877569,41.689008042895445,30.652368185880242
D109W,109,D,W,1.632253968395677,3.31304,68.0071492403932,60.45576407506702,7.551385165326181
D109Y,109,D,Y,1.3888299686739412,2.57648,60.768543342269886,52.189454870420015,8.579088471849872
P110A,110,P,A,0.2145075245428524,1.60928,14.298480786416443,36.907953529937444,-22.609472743521003
P110C,110,P,C,0.5708853712637932,2.13873,28.55227882037534,46.02323503127793,-17.47095621090259
P110D,110,P,D,0.6849341827672196,1.18163,32.618409294012515,30.116175156389634,2.5022341376228816
P110E,110,P,E,0.4376699553744856,1.09394,23.324396782841823,28.865058087578195,-5.540661304736371
P110F,110,P,F,0.3867608344195576,1.29965,21.58176943699732,31.63538873994638,-10.053619302949059
P110G,110,P,G,0.8633905759388064,1.84188,40.437890974084,40.84003574620196,-0.40214477211796407
P110H,110,P,H,0.3026729417038284,2.00582,18.185880250223413,43.83378016085791,-25.6478999106345
P110I,110,P,I,0.3325015000478558,1.92381,19.124218051831992,42.26988382484361,-23.14566577301162
P110K,110,P,K,0.1294785852015651,1.64915,11.57283288650581,37.35478105451296,-25.781948168007155
P110L,110,P,L,0.3114487704118202,2.34684,18.453976764968722,49.15102770330652,-30.697050938337796
P110M,110,P,M,0.3505063168569731,1.60916,19.66041108132261,36.8632707774799,-17.202859696157287
P110N,110,P,N,0.5984643098893099,1.44294,29.848078641644328,34.0035746201966,-4.155495978552274
P110Q,110,P,Q,0.2266361674934773,1.54887,15.013404825737265,35.96961572832886,-20.956210902591597
P110R,110,P,R,0.2017786992381828,1.61711,13.762287756925826,36.952636282395,-23.190348525469172
P110S,110,P,S,-0.0867019883762301,2.10876,5.183199285075961,45.48704200178731,-40.303842716711344
P110T,110,P,T,0.8496028370595688,2.23972,39.90169794459339,47.31903485254691,-7.417336907953526
P110V,110,P,V,0.839457976747448,1.68207,39.27613941018767,37.890974084003574,1.3851653261840937
P110W,110,P,W,0.3154169389919285,1.38152,18.588025022341377,33.199285075960674,-14.611260053619297
P110Y,110,P,Y,0.3549555079431425,1.26708,19.928507596067917,31.099195710455763,-11.170688114387847
P114A,114,P,A,1.0184013121917688,2.12281,46.73815907059875,45.75513851653262,0.9830205540661296
P114C,114,P,C,1.154466060982985,2.478,52.59159964253798,50.93833780160858,1.653261840929396
P114D,114,P,D,1.9553309479572167,2.78951,75.8266309204647,54.512957998212684,21.31367292225201
P114E,114,P,E,0.9580737813462884,2.63587,44.14655942806077,52.949061662198396,-8.802502234137627
P114F,114,P,F,0.7680968103873189,2.38424,35.79088471849866,49.68722073279714,-13.896336014298477
P114G,114,P,G,1.2387322117797048,2.57587,55.272564789991065,52.14477211796247,3.1277926720285976
P114H,114,P,H,0.8393828203874182,1.75312,39.23145665773012,39.14209115281501,0.08936550491510786
P114I,114,P,I,1.0160255062127428,1.787,46.51474530831099,39.812332439678286,6.702412868632706
P114L,114,P,L,1.1038817263104297,1.87039,50.26809651474531,41.37622877569258,8.891867739052728
G116A,116,G,A,1.7101851706842892,3.64416,70.33065236818588,64.83467381590707,5.495978552278814
G116H,116,G,H,1.216289036237546,3.4003,54.46827524575514,61.79624664879356,-7.3279714030384255
G116I,116,G,I,1.8935321301698456,3.87896,74.21805183199285,66.44325290437891,7.7747989276139435
G116K,116,G,K,1.2055666594238443,3.23339,54.289544235924936,59.7408400357462,-5.451295799821267
G116L,116,G,L,1.8232625878431428,1.31363,72.83288650580876,31.99285075960679,40.84003574620197
G116M,116,G,M,1.5591450531104722,2.15984,65.90705987488829,46.24664879356568,19.660411081322607
G116N,116,G,N,1.2542435182454066,2.14435,55.898123324396785,46.06791778373548,9.830205540661304
G116P,116,G,P,1.8469505884234647,6.34043,73.32439678284183,83.55674709562109,-10.23235031277926
G116Q,116,G,Q,1.167034201239278,3.13273,53.03842716711349,58.936550491510275,-5.898123324396785
G116R,116,G,R,1.4155234102808203,3.12245,61.751563896336016,58.75781948168007,2.993744414655943
G116S,116,G,S,0.6272034946960805,2.27481,30.786416443252907,47.899910634495086,-17.11349419124218
G116T,116,G,T,0.9754199673257986,3.92403,44.816800714924035,66.97944593386953,-22.162645218945492
G116V,116,G,V,2.0616532740925444,4.44427,77.4798927613941,71.53708668453976,5.942806076854339
G116W,116,G,W,1.4459643680649468,2.38429,62.60053619302949,49.73190348525469,12.8686327077748
G116Y,116,G,Y,1.4520760959490595,3.14917,62.73458445040214,59.204647006255584,3.5299374441465545
L120A,120,L,A,3.01176477913686,3.64683,93.7444146559428,64.87935656836461,28.86505808757819
L120C,120,L,C,2.131961982858734,3.61312,79.08847184986595,64.38784629133154,14.700625558534412
L120D,120,L,D,3.737093307333089,5.56907,98.5254691689008,79.80339588918677,18.722073279714024
L120E,120,L,E,3.3626738221246213,4.48,97.22966934763181,72.07327971403038,25.156389633601435
L120F,120,L,F,1.6479617829510274,1.53994,68.31992850759607,35.83556747095621,32.48436103663987
L120G,120,L,G,3.926264886168098,5.115,98.97229669347631,76.89901697944593,22.073279714030377
L120H,120,L,H,4.081313970177766,2.88982,99.19571045576407,55.719392314566576,43.476318141197495
L120I,120,L,I,1.7981081748626135,2.16532,72.11796246648794,46.33601429848079,25.781948168007148
L120K,120,L,K,3.506658795618969,3.8158,97.85522788203752,65.95174262734585,31.903485254691674
L120M,120,L,M,1.2995323151770457,0.435325,57.37265415549599,17.78373547810545,39.58891867739054
L120N,120,L,N,4.096074191839944,4.46021,99.24039320822162,71.80518319928507,27.43521000893655
L120P,120,L,P,3.0481594083120185,4.67601,93.96782841823055,73.81590705987489,20.151921358355665
A121C,121,A,C,0.4686227808591887,1.36364,24.486148346738158,32.975871313672926,-8.489722966934767
A121D,121,A,D,2.160078789596984,7.57697,79.75871313672923,86.99731903485255,-7.238605898123325
A121E,121,A,E,2.250484216651922,7.08978,82.08221626452189,85.96961572832886,-3.8873994638069718
A121F,121,A,F,2.468691655526738,9.18486,86.10366398570152,90.39320822162645,-4.289544235924936
A121G,121,A,G,1.5102550310335736,1.73039,64.38784629133154,38.56121537086685,25.826630920464694
A121H,121,A,H,2.8906404439076216,7.18891,92.67202859696158,86.05898123324397,6.613047363717612
A121I,121,A,I,1.3349185178508376,1.56351,58.57908847184986,36.14834673815907,22.430741733690787
A121K,121,A,K,2.2713422705703734,4.46426,82.52904378909741,71.84986595174263,10.679177837354786
A121L,121,A,L,2.282904465552882,0.369324,82.84182305630027,16.39857015192136,66.44325290437891
A121M,121,A,M,2.407821398777997,4.78432,84.80786416443253,74.97765862377122,9.83020554066131
A121N,121,A,N,2.200385332092447,2.74845,80.875781948168,53.976764968722065,26.899016979445932
A121P,121,A,P,3.3831860130834883,5.61022,97.40840035746203,80.11617515638963,17.292225201072398
A121Q,121,A,Q,2.341674725324828,7.87264,83.8248436103664,87.84629133154603,-4.0214477211796265
A121R,121,A,R,1.7529618228966424,7.62891,71.1349419124218,87.17605004468275,-16.04110813226096
A121S,121,A,S,0.6043015928870931,1.10629,30.071492403932083,29.2225201072386,0.8489722966934821
A121T,121,A,T,0.503903894276775,1.74404,25.737265415549597,38.91867739052726,-13.18141197497766
A121V,121,A,V,0.5075730393010507,0.174899,26.05004468275246,12.868632707774799,13.181411974977662
A121W,121,A,W,1.7994030482946035,8.91257,72.16264521894549,90.0804289544236,-17.91778373547811
A121Y,121,A,Y,2.141964799646221,15.2076,79.31188561215372,94.90616621983914,-15.59428060768542
H125R,125,H,R,1.6840376463759024,-0.481091,69.61572832886506,4.423592493297587,65.19213583556747
H125S,125,H,S,2.0049076360603206,1.15519,76.58623771224308,29.75871313672922,46.827524575513856
H125T,125,H,T,2.433866090445952,1.05232,85.656836461126,28.10545129579982,57.55138516532618
H125V,125,H,V,2.550293704728804,0.570515,87.75692582663092,20.509383378016086,67.24754244861484
H125W,125,H,W,1.0805824084599864,0.658115,49.32975871313673,21.84986595174263,27.479892761394098
H125Y,125,H,Y,1.6214356277781226,0.277796,67.6496872207328,14.700625558534405,52.949061662198396
S126T,126,S,T,1.095562645815555,1.10062,50.0,29.088471849865954,20.911528150134046
S126V,126,S,V,1.1725058214238535,0.775514,53.3065236818588,23.413762287756924,29.892761394101875
S126W,126,S,W,0.7200829035179015,0.645049,34.0035746201966,21.58176943699732,12.421805183199282
S126Y,126,S,Y,0.8339430709433232,0.884645,38.91867739052726,25.37980339588919,13.538873994638067
K127A,127,K,A,1.4212626837037352,2.44716,62.109025915996426,50.49151027703307,11.617515638963354
K127C,127,K,C,0.3965185004349273,0.989727,21.983914209115284,27.43521000893655,-5.451295799821267
K127D,127,K,D,3.091628398773109,4.14126,94.63806970509383,68.94548704200179,25.69258266309204
K127E,127,K,E,1.5869475369506751,2.93478,66.66666666666666,56.344950848972296,10.321715817694361
K127F,127,K,F,0.2975668806337078,-0.654342,17.917783735478103,3.4405719392314564,14.477211796246646
K127G,127,K,G,2.556022665506585,1.66452,87.89097408400357,37.712243074173365,50.17873100983021
K127H,127,K,H,0.6973646922735078,0.919155,33.10991957104557,25.871313672922252,7.238605898123321
K127I,127,K,I,0.2469498123939097,0.605894,15.773011617515639,21.0455764075067,-5.272564789991062
K127L,127,K,L,-0.8415953721207977,-1.30436,0.08936550491510277,1.519213583556747,-1.4298480786416443
K127M,127,K,M,0.0830109427587779,-0.352047,10.232350312779268,5.808757819481681,4.423592493297587
K127N,127,K,N,1.6487536981600983,1.48351,68.36461126005362,34.53976764968722,33.8248436103664
K127P,127,K,P,2.186063726930365,4.52063,80.38427167113494,72.34137622877569,8.042895442359253
K127Q,127,K,Q,1.1601784015042416,0.527565,52.68096514745309,19.749776586237715,32.93118856121537
K127R,127,K,R,0.2898873962415652,0.227706,17.560321715817693,13.985701519213583,3.5746201966041102
K127S,127,K,S,2.359739130929858,1.06831,84.22698838248436,28.507596067917785,55.719392314566576
K127T,127,K,T,1.079913153734146,1.0577,49.240393208221626,28.150134048257375,21.09025915996425
K127V,127,K,V,0.5544783004336418,0.935781,28.060768543342267,26.094727435210007,1.9660411081322593
K127W,127,K,W,-0.0081903392583756,0.290007,7.685433422698838,14.924039320822164,-7.238605898123326
K127Y,127,K,Y,0.5050316774992635,0.528662,25.915996425379806,19.883824843610366,6.03217158176944
G128A,128,G,A,1.2916030929106992,3.09681,57.059874888293116,58.4450402144772,-1.3851653261840866
G128C,128,G,C,1.4194110496853092,4.68771,62.06434316353887,73.94995531724754,-11.88561215370867
G128D,128,G,D,0.9602219373631344,3.28019,44.369973190348524,60.32171581769437,-15.951742627345844
G128E,128,G,E,0.9044333886870636,3.01598,42.26988382484361,57.596067917783735,-15.326184092940125
G128F,128,G,F,0.9756731881615024,3.4212,44.86148346738159,62.06434316353887,-17.202859696157283
G128H,128,G,H,1.0522545503737484,4.28095,48.39142091152815,70.10723860589813,-21.71581769436998
G128N,128,G,N,1.4010337656156004,4.37855,61.34941912421805,71.00089365504914,-9.651474530831088
G128P,128,G,P,2.3184292637742976,7.74292,83.467381590706,87.44414655942806,-3.9767649687220654
G128Q,128,G,Q,0.9795880495048428,3.43015,44.90616621983914,62.19839142091153,-17.292225201072384
G128R,128,G,R,1.0638318560903657,4.22585,48.74888293118856,69.74977658623772,-21.000893655049154
G128S,128,G,S,1.3087075900722849,4.44005,57.596067917783735,71.49240393208221,-13.896336014298477
G128T,128,G,T,1.774926813883713,5.15772,71.62645218945487,77.1224307417337,-5.495978552278828
G128V,128,G,V,1.844733644903675,6.72384,73.27971403038427,84.76318141197497,-11.4834673815907
G128W,128,G,W,1.043068395741881,4.74078,47.810545129579985,74.57551385165327,-26.764968722073284
G128Y,128,G,Y,1.0266820003457304,4.72802,47.14030384271671,74.48614834673816,-27.34584450402145
K130A,130,K,A,1.4179867334063383,1.09767,61.840929401251124,28.9544235924933,32.886505808757825
K130C,130,K,C,1.1289171185386735,1.19264,51.653261840929396,30.33958891867739,21.313672922252007
K130D,130,K,D,2.0886636629270217,3.63177,78.01608579088472,64.65594280607685,13.360142984807865
K130E,130,K,E,1.7024965837498434,1.76559,70.06255585344057,39.32082216264522,30.74173369079535
G132F,132,G,F,2.3410828139291984,19.8515,83.78016085790885,96.33601429848079,-12.555853440571937
G132H,132,G,H,3.5881938120584294,32.7952,98.1680071492404,98.74888293118856,-0.5808757819481656
G132I,132,G,I,2.0138769280442586,8.28223,76.80965147453082,88.82931188561216,-12.019660411081333
G132K,132,G,K,3.100314097456335,14.3475,94.72743521000893,94.23592493297586,0.49151027703307193
G132L,132,G,L,2.758132109890337,11.9268,90.88471849865952,93.02949061662198,-2.144772117962461
G132M,132,G,M,1.4391178386482772,8.72943,62.51117068811439,89.58891867739052,-27.077747989276133
G132N,132,G,N,3.9570364074487774,10.311,99.06166219839142,91.5549597855228,7.50670241286862
G132P,132,G,P,4.5183197172254825,4.33167,99.86595174262735,70.50938337801608,29.356568364611263
G132Q,132,G,Q,2.815320269222993,10.3418,91.64432529043789,91.64432529043789,0.0
G132R,132,G,R,2.4866874933452503,13.5548,86.41644325290437,93.78909740840035,-7.3726541554959795
G132S,132,G,S,2.2312951311044955,4.0471,81.59070598748883,68.09651474530831,13.49419124218052
G132T,132,G,T,2.4039282251605707,5.69469,84.71849865951742,80.60768543342269,4.110813226094734
G132V,132,G,V,1.3784231316466335,8.92003,60.09830205540661,90.12511170688114,-30.02680965147453
G132W,132,G,W,2.175396859225429,31.9044,80.02680965147452,98.704200178731,-18.677390527256478
G132Y,132,G,Y,2.3378477657772287,23.6924,83.69079535299375,97.31903485254692,-13.628239499553175
I133A,133,I,A,2.854041683573273,4.1565,92.18051831992851,69.0348525469169,23.145665773011615
I133C,133,I,C,1.3384291439828464,3.02511,58.71313672922251,57.68543342269884,1.0277033065236694
I133D,133,I,D,3.607632782685599,4.34972,98.30205540661304,70.64343163538874,27.6586237712243
I133E,133,I,E,2.873858941333264,5.22521,92.49329758713137,77.83735478105451,14.655942806076851
I133F,133,I,F,1.835242176838992,4.75066,73.05630026809652,74.70956210902592,-1.653261840929403
I133G,133,I,G,4.949188671842381,5.03875,100.0,76.36282394995531,23.637176050044687
I133H,133,I,H,2.779936277611023,8.85795,91.28686327077749,89.81233243967829,1.4745308310992016
I133K,133,I,K,2.5059258980176105,6.88063,86.99731903485255,85.34405719392315,1.653261840929403
I133L,133,I,L,0.4138560905538211,1.65296,22.743521000893654,37.44414655942806,-14.700625558534409
I133M,133,I,M,0.8290421812868729,-0.384001,38.6952636282395,5.585344057193923,33.10991957104558
I133N,133,I,N,3.2745560260098814,2.82621,96.38069705093834,54.91510277033065,41.46559428060769
I133P,133,I,P,2.674466407093807,7.5721,89.99106344950849,86.95263628239499,3.038427167113497
I133Q,133,I,Q,2.6103863733168757,3.82386,88.91867739052725,66.04110813226094,22.877569258266305
Y134A,134,Y,A,2.155561323562308,4.56667,79.66934763181412,72.8775692582663,6.791778373547814
Y134C,134,Y,C,2.4923621462169208,5.07161,86.63985701519213,76.72028596961573,9.919571045576404
Y134D,134,Y,D,3.133146849630201,10.644,94.90616621983914,91.9124218051832,2.9937444146559358
Y134E,134,Y,E,3.149720884810808,11.3134,95.17426273458445,92.53798033958893,2.6362823949955185
A135C,135,A,C,0.5847493697451781,-0.083368,29.2225201072386,8.847184986595174,20.375335120643427
A135D,135,A,D,0.8087748304344511,3.33216,37.57819481680072,60.723860589812325,-23.145665773011608
A135E,135,A,E,0.0071127944148281,8.14558,8.132260947274352,88.42716711349419,-80.29490616621985
A135F,135,A,F,0.3635163965615604,9.8457,20.464700625558535,91.15281501340483,-70.6881143878463
A135G,135,A,G,0.1244177887343607,0.868195,11.3047363717605,24.977658623771223,-13.672922252010723
A135H,135,A,H,0.4580632763887589,12.931,24.218051831992852,93.61036639857015,-69.3923145665773
A135I,135,A,I,-0.1791958210777511,2.8306,3.306523681858802,54.95978552278821,-51.65326184092941
A135K,135,A,K,1.3657883780262057,6.1017,59.60679177837355,82.61840929401251,-23.01161751563896
A135L,135,A,L,-0.507581364757666,1.83709,0.8489722966934763,40.75067024128686,-39.90169794459339
A135M,135,A,M,-0.2032817253654349,1.39673,2.7703306523681857,33.28865058087578,-30.518319928507594
A135N,135,A,N,0.6411063144503255,-2.1572,31.501340482573724,0.6255585344057194,30.875781948168004
A135P,135,A,P,1.2577460569765828,4.29009,56.12153708668453,70.19660411081323,-14.075067024128693
A135Q,135,A,Q,0.3004796966418558,4.33251,18.051831992850758,70.55406613047364,-52.502234137622885
A135R,135,A,R,1.472267872639528,7.61064,63.22609472743521,87.08668453976765,-23.860589812332435
A135S,135,A,S,0.4568726349622976,1.37371,24.084003574620198,33.15460232350313,-9.07059874888293
A135T,135,A,T,0.8146046562724586,2.07968,37.890974084003574,44.77211796246649,-6.881143878462915
A135V,135,A,V,-0.1985996621285533,1.85607,2.9043789097408403,41.152815013404826,-38.248436103663984
A135W,135,A,W,1.08646745911571,31.0534,49.64253798033959,98.43610366398569,-48.7935656836461
A135Y,135,A,Y,0.5158406654944118,11.8193,26.40750670241287,92.94012511170689,-66.53261840929402
D136K,136,D,K,3.065561907198621,10.5861,94.23592493297586,91.82305630026809,2.41286863270777
D136L,136,D,L,1.818190853494352,0.034022,72.609472743521,10.411081322609473,62.19839142091152
D136M,136,D,M,1.8673186192162687,1.6032,73.77122430741734,36.81858802502234,36.952636282395
D136N,136,D,N,0.2523248810669705,-0.953106,16.0857908847185,2.3681858802502234,13.717605004468275
D136P,136,D,P,2.1456610764256285,-1.96332,79.40125111706881,0.8489722966934763,78.55227882037534
D136Q,136,D,Q,1.7483635006688114,5.67581,71.0455764075067,80.47363717605005,-9.428060768543347
D136R,136,D,R,2.6535625849405915,18.9036,89.58891867739052,96.06791778373548,-6.478999106344958
D136S,136,D,S,0.0228140942449045,-3.32462,8.534405719392314,0.13404825737265416,8.40035746201966
D136T,136,D,T,0.9432411142764188,-2.5366,43.655049151027704,0.40214477211796246,43.25290437890974
D136V,136,D,V,0.7079066610202872,-2.70941,33.37801608579088,0.3127792672028597,33.065236818588026
D136W,136,D,W,1.8440874732636232,44.6811,73.19034852546918,99.8212689901698,-26.630920464700623
D136Y,136,D,Y,2.114798780351221,31.2833,78.64164432529044,98.5254691689008,-19.883824843610356
V137A,137,V,A,1.17646754389338,1.78317,53.440571939231454,39.72296693476318,13.717605004468275
V137C,137,V,C,0.0219097216517379,1.96164,8.40035746201966,43.118856121537085,-34.71849865951742
V137D,137,V,D,1.4045249600802354,5.13493,61.43878462913316,76.98838248436104,-15.54959785522788
V137E,137,V,E,1.6579601778718993,6.20349,68.81143878462913,83.06523681858803,-14.253798033958901
V137F,137,V,F,1.0119664437429905,12.9638,46.29133154602324,93.6550491510277,-47.36371760500446
V137G,137,V,G,2.049282957362497,3.61959,77.21179624664879,64.4325290437891,12.779267202859685
V137H,137,V,H,1.503271903246235,7.71744,64.11974977658623,87.39946380697052,-23.279714030384284
V137I,137,V,I,0.1598628688259909,0.97626,12.332439678284182,26.899016979445932,-14.56657730116175
V137K,137,V,K,1.9706148489879944,6.9625,76.13941018766755,85.79088471849866,-9.65147453083111
V137L,137,V,L,-0.1965864292486804,2.28536,2.949061662198391,48.12332439678284,-45.17426273458445
V137M,137,V,M,0.5885908138910289,0.814263,29.49061662198391,23.994638069705093,5.495978552278817
V137N,137,V,N,1.227528294536169,3.75693,54.78105451295799,65.72832886505809,-10.947274352100095
V137P,137,V,P,1.612973439904193,5.34363,67.33690795352993,78.55227882037534,-11.215370866845404
V137Q,137,V,Q,1.5097866244403086,1.62497,64.343163538874,36.99731903485255,27.345844504021443
V137S,137,V,S,1.2450750810351143,2.77121,55.540661304736375,54.37890974084003,1.1617515638963454
V137T,137,V,T,0.9973886949830332,0.988686,45.79982126899017,27.301161751563896,18.498659517426276
V137W,137,V,W,1.1379987464175332,19.9115,52.234137622877576,96.38069705093834,-44.14655942806076
V137Y,137,V,Y,1.1388872993551011,22.9406,52.27882037533512,97.14030384271672,-44.861483467381596
G138A,138,G,A,1.6824394525573514,6.09945,69.57104557640751,82.57372654155496,-13.002680965147448
G138C,138,G,C,0.7603858675787505,13.2144,35.34405719392314,93.7444146559428,-58.40035746201966
G138D,138,G,D,3.2070044789468746,28.5159,95.75513851653263,98.1680071492404,-2.41286863270777
G138E,138,G,E,3.237304043215888,27.7783,96.11260053619303,98.12332439678283,-2.010723860589806
G138F,138,G,F,1.5765053015063135,40.213,66.44325290437891,99.59785522788204,-33.15460232350313
G138M,138,G,M,2.316536231368861,22.4613,83.37801608579089,97.09562109025917,-13.717605004468282
G138N,138,G,N,3.024684335724832,20.1038,93.78909740840035,96.47006255585345,-2.6809651474530938
G138P,138,G,P,3.4938535066719925,13.777,97.76586237712243,93.87846291331546,3.8873994638069718
G138Q,138,G,Q,3.066756646129645,26.6925,94.28060768543342,97.98927613941018,-3.708668453976756
G138R,138,G,R,2.654087357305603,25.7091,89.67828418230563,97.76586237712243,-8.0875781948168
G138S,138,G,S,2.0649391894937588,9.23486,77.7479892761394,90.5272564789991,-12.7792672028597
G138T,138,G,T,2.6115157584706847,17.5908,88.96336014298481,95.71045576407506,-6.747095621090253
G138V,138,G,V,3.3054142726816345,20.2028,96.87220732797141,96.64879356568365,0.22341376228776255
G138W,138,G,W,0.3629862003945126,36.2963,20.42001787310098,99.24039320822162,-78.82037533512064
G138Y,138,G,Y,1.0677968060295009,31.7857,48.92761394101876,98.65951742627345,-49.73190348525469
N139A,139,N,A,0.4645466470200199,-0.051791,24.262734584450403,9.249329758713138,15.013404825737265
N139C,139,N,C,-0.2664314578807774,-0.137966,2.100089365504915,7.864164432529044,-5.764075067024129
N139D,139,N,D,0.2204663503591473,-0.007216,14.745308310991955,9.919571045576408,4.8257372654155475
N139E,139,N,E,0.1677966945236544,-0.344569,12.55585344057194,5.898123324396782,6.657730116175158
N139F,139,N,F,-0.2771535857509584,-1.10284,2.0554066130473636,1.7873100983020553,0.26809651474530827
N139G,139,N,G,0.8498544403831287,0.194119,39.946380697050934,13.226094727435209,26.720285969615723
N139H,139,N,H,-0.0754024953675193,-0.445892,5.451295799821269,4.825737265415549,0.6255585344057195
N139I,139,N,I,-0.6097032051599015,-0.800956,0.580875781948168,2.7703306523681857,-2.1894548704200174
N139K,139,N,K,-0.098119420386023,-1.05215,5.004468275245755,2.1447721179624666,2.8596961572832886
N139L,139,N,L,-0.0602916958322973,-0.919069,6.032171581769437,2.4128686327077746,3.6193029490616624
N139M,139,N,M,-0.0227782922042936,-1.03072,7.238605898123325,2.234137622877569,5.004468275245756
N139P,139,N,P,-0.494156614807256,0.124981,1.0277033065236818,12.064343163538874,-11.036639857015192
N139Q,139,N,Q,0.0507934114531507,-0.604208,9.428060768543341,3.6639857015192137,5.764075067024128
N139R,139,N,R,-0.284443401338172,-1.12976,1.9213583556747096,1.742627345844504,0.1787310098302055
N139S,139,N,S,-0.4961266617222143,-0.121918,0.9830205540661305,8.176943699731904,-7.1939231456657735
N139T,139,N,T,-0.3404857377402002,0.183049,1.4745308310991956,12.957998212689903,-11.483467381590707
N139V,139,N,V,-0.3004334343341774,-0.435799,1.8319928507596068,4.959785522788204,-3.127792672028597
N139W,139,N,W,0.0222063293289154,-1.43877,8.445040214477212,1.2511170688114388,7.193923145665773
N139Y,139,N,Y,-0.32615840936382,-0.744315,1.653261840929401,2.949061662198391,-1.29579982126899
K140Q,140,K,Q,0.449855580137589,0.58866,23.681858802502234,20.777479892761395,2.9043789097408386
K140R,140,K,R,0.20521298017258,-0.425202,14.030384271671133,5.093833780160858,8.936550491510275
K140S,140,K,S,0.5601927775976033,0.897701,28.28418230563003,25.603217158176943,2.6809651474530867
K140T,140,K,T,1.17197374119381,6.30983,53.26184092940125,83.42269883824844,-30.160857908847184
K140V,140,K,V,0.7064338468497636,2.68569,33.28865058087578,53.3065236818588,-20.017873100983017
K140W,140,K,W,0.3598564826381673,0.049841,20.241286863270776,10.67917783735478,9.562109025915996
K140Y,140,K,Y,0.1030962363307617,0.131514,10.63449508489723,12.28775692582663,-1.6532618409293995
T141A,141,T,A,1.9463652740818356,2.19716,75.42448614834673,46.7828418230563,28.64164432529043
T141C,141,T,C,0.8076897115028561,2.46671,37.533512064343164,50.848972296693475,-13.315460232350311
T141D,141,T,D,1.6024994916224644,8.25642,67.02412868632707,88.73994638069705,-21.715817694369974
T141E,141,T,E,2.239268140033941,9.06873,81.85880250223414,90.2591599642538,-8.400357462019656
T141F,141,T,F,2.4211554157251296,10.4902,85.12064343163539,91.77837354781055,-6.657730116175159
T141G,141,T,G,2.77355144732114,1.83271,91.15281501340483,40.61662198391421,50.536193029490626
T141H,141,T,H,2.687264646013199,4.60783,90.12511170688114,73.27971403038427,16.845397676496873
T141I,141,T,I,2.286322522652119,6.64446,82.88650580875782,84.45040214477211,-1.5638963360142952
T141K,141,T,K,2.6168605530812257,4.79779,89.14209115281501,75.15638963360144,13.985701519213578
T141L,141,T,L,2.2271710992771534,4.29444,81.54602323503127,70.24128686327077,11.304736371760498
T141M,141,T,M,1.9041685993386728,2.74992,74.44146559428061,54.11081322609472,20.330652368185895
T141N,141,T,N,1.7199857301642096,0.825577,70.55406613047364,24.396782841823057,46.15728328865059
T141P,141,T,P,3.17423431443329,5.74891,95.35299374441466,80.875781948168,14.477211796246664
T141Q,141,T,Q,2.1341938673075447,5.8245,79.17783735478106,81.1438784629133,-1.966041108132245
T141R,141,T,R,1.9515229066645168,16.861,75.60321715817693,95.48704200178732,-19.883824843610384
C142A,142,C,A,2.5244593473568577,3.27757,87.2207327971403,60.27703306523682,26.94369973190348
C142D,142,C,D,3.136908023262356,5.41128,94.99553172475424,79.13315460232351,15.862377122430729
C142E,142,C,E,3.1849819036261806,5.24793,95.48704200178732,77.88203753351206,17.605004468275254
C142F,142,C,F,2.244534707569121,3.38523,81.9928507596068,61.48346738159071,20.50938337801609
C142G,142,C,G,3.1417842386850907,3.62877,95.04021447721179,64.56657730116176,30.473637176050033
C142H,142,C,H,3.0897674780426456,2.77432,94.59338695263628,54.42359249329759,40.16979445933869
C142I,142,C,I,2.6296368099879874,2.96052,89.27613941018767,56.613047363717605,32.66309204647006
C142K,142,C,K,2.869774669346321,2.20874,92.40393208221627,46.8722073279714,45.53172475424487
C142L,142,C,L,2.4232576706175326,2.91212,85.2100089365505,55.987488829311886,29.22252010723861
C142M,142,C,M,2.11515750546667,1.34105,78.68632707774799,32.57372654155496,46.11260053619303
C142N,142,C,N,3.280358304398705,4.44774,96.47006255585345,71.58176943699732,24.888293118856126
C142P,142,C,P,3.5754005348750653,4.04129,98.07864164432529,67.96246648793566,30.11617515638963
C142Q,142,C,Q,2.947812068767629,2.63886,93.16353887399464,52.99374441465594,40.169794459338696
C142R,142,C,R,2.2261503652394325,0.026808,81.45665773011618,10.32171581769437,71.13494191242181
C142S,142,C,S,3.170959194617524,3.92002,95.26362823949955,66.93476318141197,28.328865058087587
C142T,142,C,T,3.4414772622612038,4.5449,97.67649687220732,72.609472743521,25.067024128686327
C142V,142,C,V,3.2437045418947457,5.67031,96.15728328865059,80.38427167113494,15.77301161751565
C142W,142,C,W,1.6298847478891805,4.07507,67.87310098302055,68.23056300268097,-0.35746201966041724
C142Y,142,C,Y,2.109984429814976,4.10932,78.46291331546024,68.63270777479893,9.83020554066131
A143C,143,A,C,0.3954648161802978,0.822018,21.805183199285075,24.307417336907953,-2.502234137622878
A143D,143,A,D,0.946315940836136,2.90771,43.744414655942805,55.85344057193923,-12.109025915996426
A143E,143,A,E,0.3835737229724325,2.30366,21.26899016979446,48.436103663985705,-27.167113494191245
A143F,143,A,F,0.2426498725869751,3.0255,15.728328865058089,57.73011617515639,-42.0017873100983
A143G,143,A,G,-0.2176609122152761,0.889089,2.636282394995532,25.46916890080429,-22.83288650580876
A143H,143,A,H,0.5981595408728791,3.78832,29.803395889186774,65.86237712243074,-36.05898123324397
A143I,143,A,I,0.8256678704281045,2.36114,38.51653261840929,49.32975871313673,-10.813226094727433
A143K,143,A,K,0.5991877509226954,-1.00139,29.892761394101875,2.323503127792672,27.569258266309202
A143L,143,A,L,0.7358828744328211,2.63368,34.584450402144775,52.85969615728329,-18.275245755138513
A143M,143,A,M,0.0285800477690986,1.47301,8.847184986595174,34.45040214477212,-25.603217158176946
A143N,143,A,N,0.6951830141327114,0.140855,32.975871313672926,12.421805183199284,20.554066130473643
A143P,143,A,P,0.9676679292293638,4.38328,44.638069705093834,71.0455764075067,-26.407506702412867
A143Q,143,A,Q,0.2610901267829543,0.873938,16.309204647006258,25.201072386058982,-8.891867739052724
A143R,143,A,R,0.5845082156371825,0.194046,29.177837354781055,13.181411974977658,15.996425379803396
A143S,143,A,S,0.4052882583568213,0.878607,22.430741733690795,25.290437890974083,-2.859696157283288
A143T,143,A,T,0.9466283315602224,4.7924,43.78909740840036,75.06702412868633,-31.27792672028597
A143V,143,A,V,0.9070407198511616,0.610741,42.403932082216265,21.134941912421805,21.26899016979446
A143W,143,A,W,0.2023798964457618,6.04748,13.80697050938338,82.21626452189454,-68.40929401251117
A143Y,143,A,Y,0.2659108386610174,3.56545,16.44325290437891,63.85165326184094,-47.40840035746203
G144A,144,G,A,1.5004667133366698,3.06223,64.03038427167114,58.221626452189454,5.808757819481684
G144C,144,G,C,1.2428100181618391,3.49427,55.49597855227882,62.913315460232354,-7.417336907953533
G144D,144,G,D,1.4818464270698393,2.97797,63.49419124218052,57.059874888293116,6.434316353887404
G144E,144,G,E,1.2470528573050197,3.63352,55.630026809651476,64.70062555853441,-9.070598748882936
G144F,144,G,F,0.8983409768835108,2.59814,41.733690795353,52.502234137622885,-10.768543342269886
G144H,144,G,H,0.9976072453818312,3.45994,45.84450402144772,62.377122430741736,-16.532618409294017
G144I,144,G,I,1.2314007916975018,4.78122,55.0491510277033,74.93297587131367,-19.88382484361037
G144K,144,G,K,1.11989898950795,3.43142,51.34048257372654,62.24307417336908,-10.902591599642541
G144L,144,G,L,0.910892903963026,2.93523,42.53798033958892,56.38963360142984,-13.851653261840923
G144M,144,G,M,0.8318836189888733,3.12595,38.82931188561216,58.84718498659517,-20.01787310098301
G144S,144,G,S,1.4088430989436445,3.38449,61.61751563896336,61.43878462913316,0.17873100983020151
G144T,144,G,T,1.3670161823523923,4.03767,59.651474530831095,67.91778373547811,-8.266309204647015
G144V,144,G,V,1.274462166291919,4.27997,56.344950848972296,70.06255585344057,-13.717605004468275
G144W,144,G,W,1.0722808337123246,2.25398,48.972296693476316,47.67649687220733,1.2957998212689859
G144Y,144,G,Y,0.964010540864012,2.87243,44.59338695263628,55.58534405719392,-10.991957104557642
G147A,147,G,A,0.0549439428117301,8.03946,9.472743521000893,88.20375335120644,-78.73100983020555
G147C,147,G,C,2.204518110019874,16.5922,81.05451295799821,95.39767649687221,-14.343163538873995
G147D,147,G,D,3.1460214639761914,26.1612,95.08489722966935,97.81054512957998,-2.7256478999106264
G147E,147,G,E,3.209745972270177,25.6959,95.84450402144772,97.72117962466488,-1.8766756032171656
G147F,147,G,F,2.5137666286355285,54.2143,87.1313672922252,99.95531724754245,-12.823949955317246
G147H,147,G,H,2.876780602090847,34.9207,92.53798033958893,99.15102770330653,-6.613047363717598
G147I,147,G,I,2.4138929838934438,33.4001,84.98659517426273,98.92761394101876,-13.94101876675603
G147K,147,G,K,3.277374968981167,27.7185,96.4253798033959,98.07864164432529,-1.6532618409293889
G147L,147,G,L,3.1621031687397143,33.5378,95.218945487042,98.97229669347631,-3.753351206434303
G147M,147,G,M,2.512531904144894,19.5103,87.08668453976765,96.20196604110814,-9.11528150134049
G147N,147,G,N,3.2864499678525694,26.2942,96.55942806076855,97.85522788203752,-1.2957998212689716
G147P,147,G,P,2.771659673002996,15.5547,91.10813226094727,95.08489722966935,-3.9767649687220796
G147Q,147,G,Q,3.075439268053831,33.8398,94.41465594280608,99.01697944593387,-4.602323503127792
G147R,147,G,R,2.7332041210255547,26.8606,90.66130473637176,98.03395889186774,-7.3726541554959795
G147S,147,G,S,1.7093733145279053,14.1442,70.24128686327077,94.14655942806077,-23.905272564789996
S148V,148,S,V,1.4780594720273286,2.17993,63.40482573726541,46.60411081322609,16.80071492403932
S148W,148,S,W,2.425216154798796,16.8619,85.34405719392315,95.53172475424486,-10.187667560321714
S148Y,148,S,Y,2.2535682770360954,12.274,82.21626452189454,93.38695263628239,-11.170688114387843
G150A,150,G,A,0.7036350700142314,3.68719,33.24396782841823,65.23681858802503,-31.992850759606803
G150C,150,G,C,0.5606269469991013,2.26614,28.328865058087576,47.810545129579985,-19.48168007149241
G150D,150,G,D,1.1310578577511854,3.23789,51.87667560321716,59.83020554066131,-7.953529937444152
G150E,150,G,E,0.4801048696001371,3.14013,24.888293118856122,59.115281501340476,-34.22698838248435
G150F,150,G,F,0.848855217887397,1.30035,39.76764968722073,31.680071492403933,8.0875781948168
G150H,150,G,H,0.4908678220181212,2.5578,25.201072386058982,51.921358355674705,-26.720285969615723
G150I,150,G,I,0.7104291088247119,3.69572,33.51206434316354,65.28150134048258,-31.76943699731904
G150K,150,G,K,0.3047264548349396,3.13533,18.275245755138517,59.02591599642538,-40.75067024128687
G150L,150,G,L,0.3845962174814648,1.95919,21.35835567470956,42.98480786416443,-21.62645218945487
G150M,150,G,M,0.4381712201733321,2.23137,23.369079535299374,47.22966934763181,-23.86058981233244
G150N,150,G,N,0.5441862755641411,2.42878,27.569258266309205,50.312779267202856,-22.74352100089365
G150P,150,G,P,0.8850112928893495,7.04664,41.19749776586238,85.88025022341377,-44.68275245755139
G150Q,150,G,Q,0.3319449697366204,1.76705,19.07953529937444,39.454870420017876,-20.375335120643435
G150R,150,G,R,0.5009531984574375,1.53598,25.603217158176943,35.61215370866845,-10.008936550491509
G150S,150,G,S,0.9037469767163928,3.58208,42.135835567470956,64.03038427167114,-21.894548704200183
G150T,150,G,T,1.2815322142623538,4.57166,56.70241286863271,72.96693476318141,-16.2645218945487
G150V,150,G,V,1.0427941820722524,3.37725,47.76586237712243,61.3941018766756,-13.628239499553167
G150W,150,G,W,1.0459254330159935,3.10575,47.899910634495086,58.57908847184986,-10.679177837354771
G150Y,150,G,Y,0.6770721665502196,2.80157,32.39499553172475,54.60232350312779,-22.20732797140304
D153A,153,D,A,0.1723609605847982,0.375263,12.823949955317248,16.577301161751564,-3.7533512064343153
D153C,153,D,C,0.3357654305561902,1.74344,19.302949061662197,38.8739946380697,-19.571045576407506
D153E,153,D,E,-0.1173415275242382,-0.864331,4.5129579982126895,2.5915996425379806,1.921358355674709
D153F,153,D,F,-0.0393229501477441,0.817159,6.6577301161751565,24.128686327077748,-17.470956210902592
D153G,153,D,G,0.5468983315037522,2.16396,27.837354781054515,46.29133154602324,-18.453976764968722
D153H,153,D,H,0.7273982231035698,1.81531,34.316353887399465,40.3485254691689,-6.032171581769433
D153I,153,D,I,-0.152122127141964,1.1041,3.6639857015192137,29.1331546023235,-25.469168900804288
D153K,153,D,K,0.3873776998114693,1.46238,21.67113494191242,34.18230563002681,-12.51117068811439
D153L,153,D,L,-0.0828009701395104,0.265962,5.361930294906166,14.56657730116175,-9.204647006255584
D153M,153,D,M,0.2847051296526502,0.230028,17.426273458445042,14.030384271671133,3.3958891867739087
D153N,153,D,N,0.4409002998217301,2.06413,23.458445040214475,44.50402144772118,-21.045576407506704
D153P,153,D,P,0.4656197568183941,1.09114,24.352100089365507,28.775692582663094,-4.423592493297587
D153Q,153,D,Q,0.2187587469769414,0.98405,14.5218945487042,27.033065236818587,-12.511170688114387
D153R,153,D,R,0.2750062849945943,0.954997,16.934763181411974,26.541554959785525,-9.606791778373552
D153S,153,D,S,0.2044470842326296,1.76647,13.985701519213583,39.365504915102775,-25.37980339588919
D153T,153,D,T,0.5352571586234974,0.49881,27.16711349419124,19.124218051831992,8.04289544235925
D153V,153,D,V,-0.0442028202759487,1.58123,6.523681858802502,36.50580875781948,-29.98212689901698
D153W,153,D,W,0.0423786285762085,2.24313,9.294012511170688,47.45308310991957,-38.15907059874888
D153Y,153,D,Y,-0.0450155299705587,1.72759,6.434316353887399,38.47184986595174,-32.03753351206434
D155A,155,D,A,1.847168136650088,3.3391,73.36907953529938,60.90259159964254,12.466487935656836
D155C,155,D,C,1.2748946001361847,2.83263,56.434316353887404,55.0491510277033,1.3851653261841008
D155E,155,D,E,1.8209258058072773,4.93417,72.6988382484361,75.87131367292224,-3.1724754244861373
D155F,155,D,F,1.9938681006249188,4.41196,76.49687220732797,71.17962466487936,5.317247542448612
D155G,155,D,G,3.0053639515418538,4.96501,93.6550491510277,76.13941018766755,17.515638963360146
D155H,155,D,H,1.1158131707159489,6.78817,51.117068811438784,84.94191242180518,-33.8248436103664
D155I,155,D,I,1.7608734924852072,2.68819,71.35835567470956,53.39588918677391,17.96246648793565
D155K,155,D,K,3.287566554165425,9.26528,96.6041108132261,90.66130473637176,5.942806076854339
D155L,155,D,L,2.273264477385876,2.31641,82.61840929401251,48.614834673815906,34.0035746201966
A156C,156,A,C,1.6734862255363936,2.46529,69.0348525469169,50.80428954423593,18.230563002680967
G163A,163,G,A,0.7229967853618096,3.97606,34.13762287756926,67.33690795352993,-33.199285075960674
G163C,163,G,C,0.8434239014334018,4.0073,39.54423592493298,67.5603217158177,-28.016085790884716
G163D,163,G,D,1.1016539201780906,4.98336,50.22341376228776,76.31814119749777,-26.094727435210004
G163E,163,G,E,0.5497621202282174,4.13148,27.882037533512065,68.8561215370867,-40.97408400357463
G163F,163,G,F,0.3098613636456043,4.04354,18.40929401251117,68.0071492403932,-49.597855227882036
G163H,163,G,H,0.5186346957507398,4.68452,26.49687220732797,73.86058981233245,-47.36371760500448
G163I,163,G,I,0.1076287582232364,4.54929,10.902591599642538,72.6988382484361,-61.79624664879357
G163K,163,G,K,0.4985627414915732,3.32782,25.558534405719392,60.63449508489723,-35.07596067917784
G163L,163,G,L,0.1668873513887474,4.36988,12.466487935656836,70.86684539767649,-58.40035746201965
G163M,163,G,M,0.2691937546247038,2.44943,16.75603217158177,50.53619302949062,-33.780160857908854
G163N,163,G,N,0.9626822291875582,4.24637,44.50402144772118,69.83914209115282,-25.335120643431644
G163P,163,G,P,1.0744051957337843,9.12717,49.01697944593387,90.3485254691689,-41.331546023235035
G163Q,163,G,Q,0.2476648838002642,3.89657,15.862377122430743,66.66666666666666,-50.804289544235914
G163R,163,G,R,0.4034981999723501,3.51293,22.34137622877569,63.181411974977664,-40.84003574620198
G163S,163,G,S,1.1926896485626095,5.0577,53.93208221626452,76.54155495978551,-22.609472743520996
G163T,163,G,T,0.3871108137708507,6.31564,21.62645218945487,83.51206434316354,-61.88561215370868
G163V,163,G,V,0.3735600161530428,6.95809,20.68811438784629,85.74620196604111,-65.05808757819483
G163W,163,G,W,0.5356110464811706,3.73723,27.256478999106342,65.59428060768543,-38.33780160857909
G163Y,163,G,Y,0.3984149676251714,3.97705,22.117962466487935,67.38159070598749,-45.26362823949955
V164A,164,V,A,1.5983777083926545,2.71698,66.89008042895442,53.66398570151921,13.22609472743521
V164C,164,V,C,0.7138310902425196,2.69651,33.690795352993746,53.529937444146555,-19.83914209115281
V164D,164,V,D,2.58544141629029,5.07074,88.3378016085791,76.67560321715817,11.66219839142093
V164E,164,V,E,2.008457129802365,5.73333,76.63092046470062,80.7864164432529,-4.155495978552281
V164F,164,V,F,1.952573770373342,9.20984,75.73726541554959,90.437890974084,-14.700625558534412
L167D,167,L,D,3.647213352400488,5.5449,98.48078641644325,79.66934763181412,18.811438784629132
L167E,167,L,E,3.082839878322894,5.39806,94.50402144772117,78.9544235924933,15.549597855227873
L167F,167,L,F,1.5042175314490516,8.75294,64.20911528150134,89.67828418230563,-25.46916890080429
L167G,167,L,G,4.464045497869014,5.60156,99.8212689901698,80.02680965147452,19.794459338695276
L167H,167,L,H,3.298524345394219,4.29893,96.7828418230563,70.28596961572833,26.496872207327968
L167I,167,L,I,1.5046306443538822,1.29814,64.25379803395889,31.590705987488832,32.663092046470055
L167K,167,L,K,2.953580226530578,6.71371,93.25290437890973,84.71849865951742,8.53440571939231
L167M,167,L,M,1.3688568328529367,0.823836,59.696157283288656,24.352100089365507,35.34405719392315
L167N,167,L,N,3.231834717548723,4.16001,96.02323503127793,69.07953529937444,26.943699731903493
L167P,167,L,P,3.54903077026167,8.24947,97.98927613941018,88.6952636282395,9.294012511170678
L167Q,167,L,Q,3.00636221530568,4.27013,93.69973190348524,69.92850759606792,23.771224307417327
L167R,167,L,R,3.2063742142213094,8.89863,95.71045576407506,89.90169794459338,5.808757819481684
L167S,167,L,S,3.336562229450584,5.25267,97.00625558534406,78.01608579088472,18.990169794459348
L167T,167,L,T,2.5980012177992866,2.95155,88.6952636282395,56.5236818588025,32.171581769437005
L167V,167,L,V,0.7757299536261879,0.60104,36.193029490616624,21.00089365504915,15.192135835567473
L167W,167,L,W,2.1341007414615225,16.1528,79.13315460232351,95.26362823949955,-16.13047363717604
L167Y,167,L,Y,2.3596234628846875,13.9976,84.1823056300268,94.05719392314566,-9.874888293118858
K168A,168,K,A,0.8352009647046964,2.04271,39.00804289544236,44.32529043789097,-5.317247542448612
K168C,168,K,C,0.5346373565904664,1.32074,27.122430741733687,32.0822162645219,-4.959785522788209
K168D,168,K,D,1.3709475471829922,4.50923,59.83020554066131,72.20732797140303,-12.377122430741721
K168E,168,K,E,1.3379435505192785,3.87731,58.668453976764965,66.39857015192135,-7.7301161751563825
K168F,168,K,F,-0.396230246825979,-0.620547,1.2957998212689903,3.6193029490616624,-2.323503127792672
K168G,168,K,G,1.692743861027327,2.34333,69.74977658623772,49.10634495084897,20.643431635388744
K168H,168,K,H,0.7755694805877945,0.09558,36.14834673815907,11.394101876675604,24.754244861483464
K168I,168,K,I,-0.5760150053836209,-0.589709,0.6255585344057194,3.8873994638069704,-3.261840929401251
K168L,168,K,L,-0.1938989451066612,-1.03363,3.038427167113494,2.189454870420018,0.8489722966934763
K168M,168,K,M,-0.1197823259577667,-0.518053,4.468275245755138,4.20017873100983,0.2680965147453085
K168N,168,K,N,1.1193629837671646,2.41702,51.29579982126899,50.22341376228776,1.0723860589812304
K168P,168,K,P,2.2092979502199186,4.10788,81.09919571045576,68.58802502234138,12.511170688114376
K168Q,168,K,Q,0.9584899279202956,0.922909,44.23592493297587,25.960679177837353,18.275245755138517
K168R,168,K,R,0.2361756289665739,-1.42405,15.415549597855227,1.3404825737265416,14.075067024128685
K168S,168,K,S,0.9188184513691212,2.38052,42.761394101876675,49.597855227882036,-6.836461126005361
K168T,168,K,T,0.765479943139737,1.12439,35.656836461126005,29.40125111706881,6.255585344057195
K168V,168,K,V,-0.0412738258187239,0.204383,6.568364611260054,13.53887399463807,-6.970509383378016
K168W,168,K,W,0.1816496647815483,0.362934,13.136729222520108,16.264521894548704,-3.127792672028596
K168Y,168,K,Y,0.1336350429520681,-1.09654,11.706881143878462,1.8319928507596068,9.874888293118856
F169A,169,F,A,3.235103776677471,4.44857,96.06791778373548,71.62645218945487,24.441465594280615
F169C,169,F,C,1.6278429199938305,3.93801,67.7390527256479,67.02412868632707,0.7149240393208203
F169D,169,F,D,2.537856573592301,6.42515,87.39946380697052,83.8248436103664,3.5746201966041156
F169E,169,F,E,2.459404043075137,6.61874,85.88025022341377,84.27167113494191,1.6085790884718563
F169G,169,F,G,4.441126359903299,6.62204,99.77658623771224,84.31635388739946,15.46023235031278
F169H,169,F,H,2.063099702535668,2.30846,77.61394101876675,48.57015192135836,29.043789097408393
F169I,169,F,I,2.1829243159038807,4.70435,80.33958891867739,74.26273458445041,6.076854334226979
F169K,169,F,K,2.6357182914589194,3.59606,89.36550491510276,64.25379803395889,25.111706881143874
F169L,169,F,L,1.2543819410501726,1.18606,55.94280607685433,30.205540661304735,25.737265415549597
F169M,169,F,M,0.6932474326825547,-0.31359,32.93118856121537,6.166219839142091,26.76496872207328
F169N,169,F,N,2.593188991016286,3.55919,88.47184986595174,63.76228775692583,24.70956210902591
F169P,169,F,P,3.082210917986892,9.44503,94.45933869526363,90.79535299374442,3.663985701519209
F169Q,169,F,Q,2.044008174601367,4.84345,77.1224307417337,75.33512064343164,1.7873100983020578
F169R,169,F,R,2.062360808122325,6.08855,77.52457551385166,82.4396782841823,-4.915102770330648
F169S,169,F,S,2.6333345533911707,5.83415,89.32082216264521,81.23324396782841,8.0875781948168
F169T,169,F,T,2.381733033999956,4.42287,84.49508489722966,71.26899016979445,13.22609472743521
F169V,169,F,V,1.9382416401051417,5.49925,75.24575513851653,79.49061662198392,-4.244861483467389
F169W,169,F,W,0.7646774080106811,8.44214,35.5674709562109,89.2314566577301,-53.66398570151921
F169Y,169,F,Y,0.2509952910191684,1.98029,15.996425379803394,43.476318141197495,-27.4798927613941
D170K,170,D,K,1.0935199471126869,-0.125398,49.955317247542446,8.087578194816802,41.867739052725646
D170L,170,D,L,0.767803348097809,1.97333,35.746201966041106,43.25290437890974,-7.506702412868634
D170M,170,D,M,0.796967782454609,-1.75798,36.99731903485255,1.0723860589812333,35.92493297587132
D170N,170,D,N,0.7197454012512895,0.531743,33.9142091152815,19.973190348525467,13.941018766756034
D170P,170,D,P,1.9027615455043063,3.40853,74.30741733690796,61.93029490616622,12.377122430741743
D170Q,170,D,Q,1.0596740943132013,-0.342915,48.65951742627346,5.9428060768543345,42.71671134941913
D170R,170,D,R,0.8442850155222131,-1.47737,39.63360142984808,1.2064343163538873,38.42716711349419
D170S,170,D,S,0.3971490595293959,-0.041654,22.028596961572834,9.472743521000893,12.55585344057194
D170T,170,D,T,0.8318743604271764,2.75999,38.7846291331546,54.33422698838248,-15.54959785522788
D170V,170,D,V,0.641788322921838,2.96873,31.590705987488832,56.74709562109026,-25.156389633601428
D170W,170,D,W,1.0233894521623867,4.42953,46.9615728328865,71.4030384271671,-24.4414655942806
D170Y,170,D,Y,0.9232956387117928,3.01488,42.940125111706884,57.55138516532619,-14.611260053619304
G171A,171,G,A,0.515135012232223,0.342435,26.31814119749777,15.683646112600535,10.634495084897235
G171C,171,G,C,0.2253378893339087,1.53637,14.924039320822164,35.656836461126005,-20.73279714030384
G171D,171,G,D,3.205470011585698,13.1175,95.66577301161752,93.69973190348524,1.9660411081322735
G171E,171,G,E,2.7094447925760474,18.6581,90.30384271671134,95.97855227882037,-5.6747095621090295
G171F,171,G,F,1.3850984377002884,39.3343,60.545129579982124,99.46380697050938,-38.91867739052726
G171H,171,G,H,2.1137320571130345,20.2032,78.55227882037534,96.69347631814121,-18.141197497765873
G171I,171,G,I,1.7119216599399305,7.16868,70.42001787310099,86.01429848078642,-15.594280607685434
G171K,171,G,K,2.240815771400366,24.6176,81.94816800714923,97.54244861483468,-15.594280607685448
G171L,171,G,L,2.0962453219484014,13.9174,78.15013404825737,94.01251117068811,-15.862377122430743
G171M,171,G,M,1.7693796571472789,6.3046,71.53708668453976,83.37801608579089,-11.840929401251131
G171N,171,G,N,2.482111839795362,5.26879,86.28239499553172,78.23949955317248,8.042895442359239
G171P,171,G,P,2.343845548529833,6.3101,83.86952636282395,83.467381590706,0.40214477211794986
G171Q,171,G,Q,2.4242199930016004,14.7701,85.29937444146559,94.59338695263628,-9.294012511170692
G171R,171,G,R,1.811332363075156,16.5143,72.5201072386059,95.3083109919571,-22.788203753351198
G171S,171,G,S,2.03267698605437,2.82352,77.07774798927613,54.8704200178731,22.207327971403032
G171T,171,G,T,1.8914417387678777,4.03461,74.12868632707776,67.828418230563,6.300268096514756
G171V,171,G,V,1.6892719419928026,3.36595,69.70509383378017,61.2153708668454,8.489722966934771
G171W,171,G,W,1.0262416670225842,44.5829,47.09562109025916,99.77658623771224,-52.68096514745308
G171Y,171,G,Y,1.3414822640990225,39.5396,58.89186773905273,99.50848972296693,-40.6166219839142
D175A,175,D,A,0.5588795646303634,0.118333,28.19481680071492,11.93029490616622,16.2645218945487
D175C,175,D,C,-0.0335115752329129,3.46784,6.970509383378016,62.51117068811439,-55.540661304736375
D175E,175,D,E,0.4804757427106509,-0.094696,24.932975871313673,8.623771224307418,16.309204647006254
D175F,175,D,F,0.2200643335387379,-0.123148,14.700625558534405,8.132260947274352,6.568364611260053
D175G,175,D,G,0.6102494430411286,1.5411,30.384271671134943,35.88025022341376,-5.495978552278817
D175H,175,D,H,0.6572463282702669,0.121512,31.99285075960679,12.019660411081324,19.973190348525463
D175I,175,D,I,0.3589233146849361,0.026697,20.151921358355672,10.277033065236818,9.874888293118854
D175K,175,D,K,0.7115514777708688,1.51808,33.55674709562109,35.16532618409294,-1.6085790884718492
S176A,176,S,A,0.7261846792718867,1.50829,34.226988382484365,35.031277926720286,-0.804289544235921
S176C,176,S,C,0.6052526045212406,1.8475,30.160857908847184,41.01876675603217,-10.857908847184987
S176D,176,S,D,0.8982801521725081,1.06805,41.689008042895445,28.46291331546023,13.226094727435214
S176E,176,S,E,1.0274665654244102,1.43153,47.18498659517426,33.847184986595174,13.337801608579085
S176F,176,S,F,1.0199833135102137,0.94215,46.7828418230563,26.273458445040216,20.509383378016086
S176G,176,S,G,1.1444817446758009,2.09747,52.41286863270778,45.17426273458445,7.238605898123325
S176H,176,S,H,0.8017788294099416,0.147101,37.31009830205541,12.55585344057194,24.754244861483468
S176I,176,S,I,1.233481148266432,1.49288,55.093833780160864,34.673815907059875,20.42001787310099
S176K,176,S,K,0.6400723981413835,2.70241,31.36729222520107,53.57462019660411,-22.20732797140304
S176L,176,S,L,1.0116966364886453,1.48676,46.24664879356568,34.62913315460233,11.617515638963354
S176M,176,S,M,0.8948568954461843,0.577397,41.55495978552279,20.59874888293119,20.9562109025916
S176N,176,S,N,0.5936214039718426,1.22405,29.75871313672922,30.741733690795353,-0.9830205540661332
S176P,176,S,P,1.6193634591450004,4.54573,67.5603217158177,72.65415549597856,-5.093833780160864
S176Q,176,S,Q,0.9411492501583694,1.56618,43.52100089365505,36.193029490616624,7.3279714030384255
S176R,176,S,R,0.6480725970610726,2.37866,31.769436997319033,49.508489722966935,-17.739052725647902
S176T,176,S,T,0.5455508612523734,1.80167,27.70330652368186,40.169794459338696,-12.466487935656836
L177A,177,L,A,1.3044475802751754,2.00128,57.506702412868634,43.69973190348526,13.806970509383376
L177C,177,L,C,0.9176493788759376,2.45301,42.71671134941912,50.62555853440573,-7.908847184986605
L177D,177,L,D,1.4308484581058718,2.32841,62.33243967828418,48.882931188561216,13.449508489722966
E178A,178,E,A,0.0921390514594637,1.44144,10.366398570151922,33.958891867739055,-23.592493297587133
E178C,178,E,C,-0.008287250187778,1.68236,7.640750670241286,37.93565683646112,-30.294906166219835
E178D,178,E,D,0.2191175681048508,0.879712,14.6112600536193,25.335120643431637,-10.723860589812336
E178F,178,E,F,-0.0763897139801857,0.407586,5.4066130473637175,17.292225201072387,-11.88561215370867
E178G,178,E,G,0.4036047651773777,1.93463,22.386058981233244,42.58266309204647,-20.196604110813222
E178H,178,E,H,0.2030375670499108,0.947221,13.85165326184093,26.31814119749777,-12.46648793565684
E178I,178,E,I,-0.1065135802528546,0.407078,4.6916890080428955,17.247542448614837,-12.55585344057194
E178K,178,E,K,-0.5135815750700855,1.18277,0.8042895442359249,30.160857908847184,-29.35656836461126
A181Y,181,A,Y,0.0769732860729154,6.40691,10.05361930294906,83.7354781054513,-73.68185880250225
G183A,183,G,A,1.1923684254646083,1.79177,53.88739946380697,39.99106344950849,13.896336014298484
G183C,183,G,C,0.5914870255718764,2.50934,29.57998212689902,51.385165326184094,-21.805183199285075
G183D,183,G,D,1.64132358358954,6.95483,68.23056300268097,85.70151921358355,-17.470956210902585
G183E,183,G,E,1.554423735735557,10.6389,65.63896336014298,91.86773905272565,-26.228775692582673
G183F,183,G,F,0.1043491737533021,7.68885,10.67917783735478,87.31009830205541,-76.63092046470062
G183H,183,G,H,1.4904086592149113,9.96102,63.76228775692583,91.24218051831993,-27.479892761394098
G183I,183,G,I,1.5756600950122348,10.3091,66.39857015192135,91.51027703306524,-25.11170688114389
G183K,183,G,K,1.513936710682782,9.83349,64.4325290437891,91.10813226094727,-26.67560321715817
G183L,183,G,L,1.048643061704274,4.64469,48.078641644325295,73.59249329758714,-25.513851653261845
G183M,183,G,M,0.6319431984499675,6.55569,30.920464700625562,84.1823056300268,-53.261840929401245
G183N,183,G,N,1.5706891486238663,9.28817,66.2645218945487,90.70598748882931,-24.441465594280615
G183P,183,G,P,2.3279613885590424,7.64077,83.60142984807865,87.2207327971403,-3.619302949061648
G183Q,183,G,Q,1.3312852896206064,6.48441,58.400357462019656,84.04825737265415,-25.647899910634493
G183R,183,G,R,1.0844943396684708,8.72558,49.55317247542448,89.54423592493298,-39.991063449508495
G183S,183,G,S,1.559217065715807,4.95852,65.95174262734585,76.0053619302949,-10.053619302949045
G183T,183,G,T,2.1896316772731823,5.92488,80.47363717605005,81.68007149240393,-1.206434316353878
K185A,185,K,A,1.1173630897523146,1.14529,51.16175156389634,29.57998212689902,21.58176943699732
K185C,185,K,C,0.950080626499204,0.441047,43.87846291331546,17.873100983020553,26.005361930294907
K185D,185,K,D,2.578833038824278,2.93743,88.24843610366399,56.434316353887404,31.814119749776587
K185E,185,K,E,1.2011881419656083,0.912253,54.20017873100983,25.692582663092047,28.50759606791778
K185F,185,K,F,0.991726293733917,1.16324,45.48704200178731,29.848078641644328,15.63896336014298
K185G,185,K,G,2.176920878417764,2.34182,80.20554066130474,49.01697944593387,31.188561215370868
K185H,185,K,H,1.4320656119811324,1.71961,62.42180518319928,38.20375335120643,24.218051831992852
K185I,185,K,I,-0.1035442132854702,-0.194583,4.781054512957998,7.41733690795353,-2.636282394995532
K185L,185,K,L,1.2205911820998834,1.74289,54.64700625558534,38.82931188561216,15.817694369973182
K185M,185,K,M,0.1600317684956209,-0.702377,12.377122430741734,3.172475424486149,9.204647006255584
K185N,185,K,N,2.2011108828430843,2.1197,80.92046470062556,45.66577301161752,35.25469168900804
K185P,185,K,P,1.7186962600864335,5.05073,70.50938337801608,76.49687220732797,-5.987488829311886
K185Q,185,K,Q,0.8980089791820518,0.76422,41.64432529043789,23.324396782841823,18.319928507596067
K185R,185,K,R,0.2313365942616696,0.800155,15.281501340482572,23.81590705987489,-8.534405719392316
M187N,187,M,N,2.6291851366545065,3.24937,89.2314566577301,59.87488829311886,29.35656836461125
M187P,187,M,P,3.064190261717736,7.47312,94.19124218051832,86.72922252010724,7.462019660411073
M187Q,187,M,Q,2.148944079958586,2.91653,79.49061662198392,56.03217158176944,23.458445040214478
M187R,187,M,R,3.059630201159895,5.68541,94.10187667560321,80.56300268096514,13.538873994638067
M187S,187,M,S,2.752077391014813,5.21911,90.79535299374442,77.70330652368186,13.092046470062556
M187T,187,M,T,1.7997402754454352,3.69809,72.20732797140303,65.37086684539769,6.8364611260053465
M187V,187,M,V,1.9613926442892875,3.56723,76.0053619302949,63.896336014298484,12.109025915996412
M187W,187,M,W,2.7551708528881016,6.2908,90.84003574620196,83.24396782841823,7.596067917783728
M187Y,187,M,Y,2.659121742978087,5.38755,89.81233243967829,78.90974084003575,10.902591599642534
A190C,190,A,C,0.8331984653440253,0.452756,38.8739946380697,18.230563002680967,20.643431635388737
A190D,190,A,D,1.9603171372952088,1.87545,75.9159964253798,41.46559428060769,34.45040214477211
A190E,190,A,E,1.114184047506188,0.868598,50.98302055406613,25.022341376228773,25.960679177837356
A190F,190,A,F,0.9415140571311914,0.537096,43.61036639857015,20.06255585344057,23.54781054512958
A190G,190,A,G,1.470513757763935,1.66178,63.1367292225201,37.622877569258264,25.51385165326184
A190H,190,A,H,1.2513703956801043,3.23615,55.76407506702413,59.78552278820375,-4.021447721179619
A190I,190,A,I,1.7819709044324616,1.57805,71.71581769436997,36.41644325290438,35.299374441465595
A190K,190,A,K,2.221177694204362,1.11198,81.36729222520107,29.356568364611256,52.01072386058981
A190L,190,A,L,1.7124988825123653,1.37297,70.46470062555854,33.10991957104557,37.35478105451296
A190M,190,A,M,1.2982618412502,0.202346,57.327971403038426,13.494191242180516,43.83378016085791
A190N,190,A,N,1.49612673866451,2.31821,63.94101876675603,48.65951742627346,15.28150134048257
A190P,190,A,P,3.619552821197944,5.78972,98.3467381590706,81.05451295799821,17.292225201072384
A190Q,190,A,Q,1.3330313281869115,0.439403,58.4450402144772,17.828418230563003,40.6166219839142
A190R,190,A,R,1.8019280830385,4.46604,72.29669347631814,71.89454870420018,0.40214477211796407
A190S,190,A,S,0.5048040151935534,0.565483,25.871313672922252,20.464700625558535,5.406613047363717
A190T,190,A,T,2.187559956631024,2.41575,80.42895442359249,50.1787310098302,30.250223413762285
A190V,190,A,V,1.368859881410396,0.220201,59.7408400357462,13.89633601429848,45.84450402144772
A190W,190,A,W,0.9367219136362512,3.48243,43.43163538873995,62.645218945487045,-19.213583556747096
A190Y,190,A,Y,0.88921293568955,3.36853,41.420911528150135,61.304736371760505,-19.88382484361037
G195C,195,G,C,1.0553868979913006,3.26137,48.525469168900806,59.919571045576404,-11.394101876675599
G195D,195,G,D,1.2215641962770007,3.99121,54.6916890080429,67.47095621090259,-12.779267202859685
G195E,195,G,E,0.8351062206266064,4.03713,38.96336014298481,67.87310098302055,-28.909740840035738
G195F,195,G,F,0.7553144935792316,4.10261,35.16532618409294,68.49865951742628,-33.333333333333336
G195H,195,G,H,0.6359012105159699,3.28825,31.27792672028597,60.36639857015192,-29.088471849865954
G195I,195,G,I,1.5581739190209982,4.9274,65.8176943699732,75.8266309204647,-10.008936550491498
G195K,195,G,K,0.6332753277306573,1.86217,31.054512957998213,41.24218051831993,-10.187667560321714
G195L,195,G,L,0.815810427732115,3.22421,37.980339588918675,59.60679177837355,-21.626452189454874
G195M,195,G,M,0.7941769973041809,3.48737,36.952636282395,62.73458445040214,-25.78194816800714
G195N,195,G,N,1.0920191399208712,2.67845,49.82126899016979,53.2171581769437,-3.395889186773907
G195P,195,G,P,1.5556224581071325,8.04052,65.72832886505809,88.24843610366399,-22.520107238605902
G195Q,195,G,Q,0.8518836312543251,2.86208,40.03574620196604,55.40661304736372,-15.370866845397678
G195R,195,G,R,0.6410192949475907,2.16557,31.456657730116177,46.38069705093834,-14.92403932082216
G195S,195,G,S,1.4929739861405489,4.01137,63.896336014298484,67.6496872207328,-3.753351206434317
G195T,195,G,T,1.8747596238419355,3.20464,74.03932082216265,59.47274352100089,14.566577301161757
G195V,195,G,V,1.6732435023829606,5.19841,68.99016979445935,77.61394101876675,-8.623771224307404
G195W,195,G,W,0.8863446279810043,3.63401,41.28686327077748,64.74530831099196,-23.458445040214478
G195Y,195,G,Y,0.7938681004748815,3.62635,36.907953529937444,64.5218945487042,-27.613941018766752
R196I,196,R,I,2.180161545092176,0.23579,80.29490616621983,14.119749776586238,66.1751563896336
R196K,196,R,K,1.5516459403221108,-0.812807,65.59428060768543,2.7256478999106344,62.8686327077748
R196L,196,R,L,2.8409430285453987,2.05657,91.95710455764075,44.41465594280608,47.54244861483467
R196M,196,R,M,2.278481041998409,1.63337,82.66309204647007,37.08668453976765,45.57640750670242
R196N,196,R,N,2.4233606364676565,1.16397,85.25469168900804,29.892761394101875,55.361930294906166
R196P,196,R,P,3.3771534524183155,2.63447,97.36371760500447,52.904378909740835,44.45933869526363
R196Q,196,R,Q,1.8717688556936585,1.41508,73.94995531724754,33.55674709562109,40.39320822162645
R196S,196,R,S,1.521638913988169,1.8291,64.70062555853441,40.437890974084,24.262734584450413
R196T,196,R,T,2.2675201843476107,1.01852,82.4396782841823,27.569258266309205,54.8704200178731
R196V,196,R,V,1.7570176195767333,0.401899,71.2243074173369,17.202859696157283,54.02144772117962
R196W,196,R,W,0.3773356118144316,1.03061,20.8668453976765,27.79267202859696,-6.9258266309204615
R196Y,196,R,Y,1.0510755185940468,-0.62855,48.30205540661305,3.5746201966041107,44.72743521000894
Y200A,200,Y,A,3.0701647449324603,3.73497,94.36997319034852,65.46023235031278,28.909740840035738
Y200C,200,Y,C,1.6442565707926151,2.89454,68.27524575513851,55.80875781948168,12.466487935656836
Y200D,200,Y,D,2.408765836092711,4.45886,84.85254691689008,71.71581769436997,13.136729222520103
Y200E,200,Y,E,2.1052393509442515,4.3573,78.28418230563003,70.68811438784628,7.596067917783742
Y200F,200,Y,F,-0.0157938390318744,-0.515891,7.327971403038427,4.244861483467382,3.0831099195710454
Y200G,200,Y,G,4.114791363818149,4.95881,99.32975871313673,76.05004468275246,23.27971403038427
Y200H,200,Y,H,1.489733828099603,3.67598,63.67292225201072,65.10277033065238,-1.4298480786416548
Y200I,200,Y,I,1.3944882198855553,1.84511,61.12600536193029,40.92940125111707,20.19660411081322
Y200K,200,Y,K,2.1227517679047128,4.06744,78.82037533512064,68.14119749776586,10.679177837354786
Y200L,200,Y,L,0.6044834029047433,0.318058,30.116175156389634,15.281501340482572,14.834673815907061
Y200M,200,Y,M,1.0027434265606967,0.206484,45.97855227882037,13.58355674709562,32.39499553172475
Y200N,200,Y,N,2.1623862728955987,3.56173,79.89276139410187,63.806970509383376,16.08579088471849
Y200T,200,Y,T,1.9159414094367344,3.38853,74.75424486148347,61.52815013404825,13.226094727435218
Y200V,200,Y,V,1.4019282580933166,2.84321,61.3941018766756,55.18319928507596,6.210902591599641
Y200W,200,Y,W,0.9069337511131976,8.1074,42.35924932975871,88.3378016085791,-45.97855227882039
S201A,201,S,A,-0.3026258146655373,-0.416713,1.7873100983020553,5.138516532618409,-3.351206434316354
S201C,201,S,C,0.4951956456939503,0.209072,25.424486148346737,13.762287756925826,11.662198391420912
S201H,201,S,H,0.5333178814131653,0.352164,27.07774798927614,16.04110813226095,11.036639857015192
S201I,201,S,I,0.3192605033142243,-0.470406,18.67739052725648,4.557640750670242,14.11974977658624
S201K,201,S,K,0.6823161504630592,-2.05611,32.52904378909741,0.7149240393208222,31.814119749776584
S201L,201,S,L,-0.0692295518972282,-2.65252,5.808757819481681,0.3574620196604111,5.45129579982127
S201M,201,S,M,-0.1114288159314719,-2.24695,4.647006255585344,0.49151027703306527,4.155495978552279
S201N,201,S,N,0.9810101671888805,-0.858887,44.995531724754244,2.636282394995532,42.35924932975871
S201P,201,S,P,2.1071420569976413,1.4715,78.32886505808759,34.405719392314566,43.92314566577302
S201Q,201,S,Q,0.5274989732950387,-0.59631,26.899016979445932,3.798033958891868,23.100983020554064
S201R,201,S,R,0.6571189671375001,1.80537,31.948168007149242,40.21447721179624,-8.266309204647001
S201T,201,S,T,0.5361355920938199,1.9769,27.301161751563896,43.297587131367294,-15.996425379803398
S201V,201,S,V,0.2780211208908201,0.65072,17.158176943699733,21.715817694369974,-4.557640750670242
S201W,201,S,W,-0.2808709280354728,6.04907,2.0107238605898123,82.2609472743521,-80.2502234137623
S201Y,201,S,Y,-0.1651030540312338,1.59207,3.5299374441465594,36.550491510277034,-33.02055406613047
C202W,202,C,W,2.4949145248505924,33.1298,86.68453976764968,98.83824843610365,-12.153708668453973
C202Y,202,C,Y,2.2867997442467023,38.7482,82.93118856121538,99.32975871313673,-16.398570151921348
P205Y,205,P,Y,1.680663249809892,14.1635,69.43699731903486,94.19124218051832,-24.754244861483457
M208A,208,M,A,1.048660086241555,1.54905,48.12332439678284,36.014298480786415,12.109025915996426
M208C,208,M,C,-0.0693117405829426,1.93282,5.7640750670241285,42.493297587131366,-36.729222520107236
M208D,208,M,D,0.5993197367984309,5.58154,29.93744414655943,79.93744414655943,-50.0
M208E,208,M,E,0.4688365901070681,2.46126,24.53083109919571,50.71492403932082,-26.18409294012511
M208F,208,M,F,0.3462684310462191,12.3095,19.61572832886506,93.43163538873995,-73.81590705987489
M208G,208,M,G,2.032262151821952,2.78288,77.03306523681859,54.46827524575514,22.56478999106345
M208H,208,M,H,1.0157658794564617,2.14987,46.470062555853445,46.11260053619303,0.35746201966041724
M208I,208,M,I,0.6901610019173123,2.22534,32.79714030384272,47.18498659517426,-14.387846291331542
M208K,208,M,K,1.3246103216530705,2.49353,58.0875781948168,51.07238605898124,7.015192135835562
M208L,208,M,L,0.22263511835833,0.386011,14.87935656836461,16.75603217158177,-1.8766756032171585
P210A,210,P,A,0.7615319551061496,1.73285,35.388739946380696,38.65058087578195,-3.2618409294012523
P210C,210,P,C,1.009909401474894,2.60279,46.15728328865058,52.63628239499554,-6.478999106344958
P210D,210,P,D,0.7795610844236317,2.28089,36.50580875781948,48.03395889186774,-11.52815013404826
P210E,210,P,E,0.4768489804560091,1.91973,24.709562109025914,42.22520107238606,-17.515638963360143
P210F,210,P,F,0.635695269347036,1.5001,31.233243967828418,34.763181411974976,-3.529937444146558
P210G,210,P,G,0.99252558229875,1.88809,45.57640750670242,41.8230563002681,3.753351206434317
P210H,210,P,H,0.5764379730693884,1.21192,28.9544235924933,30.6076854334227,-1.6532618409293995
P210I,210,P,I,0.8249686238546342,1.96501,38.42716711349419,43.16353887399464,-4.736371760500447
P210K,210,P,K,0.455851482844109,1.53754,24.039320822162647,35.70151921358355,-11.662198391420905
P210L,210,P,L,0.7739732872160529,1.80079,35.96961572832886,40.12511170688114,-4.155495978552281
P210M,210,P,M,0.5454372995447736,-2.01039,27.658623771224306,0.7596067917783735,26.899016979445932
P210N,210,P,N,0.7775168064916297,1.50209,36.32707774798928,34.89722966934763,1.4298480786416476
P210Q,210,P,Q,0.3990516038893806,1.87682,22.162645218945485,41.510277033065236,-19.34763181411975
P210R,210,P,R,0.3458032542172339,1.60181,19.571045576407506,36.72922252010724,-17.158176943699736
P210S,210,P,S,0.7619038026412502,2.48187,35.43342269883824,50.98302055406613,-15.549597855227887
P210T,210,P,T,1.3966105967596956,3.39457,61.260053619302944,61.66219839142091,-0.40214477211796407
P210V,210,P,V,1.4159394569879156,1.40517,61.79624664879356,33.37801608579088,28.41823056300268
P210W,210,P,W,0.5860179885750116,1.35049,29.356568364611256,32.79714030384272,-3.440571939231461
P210Y,210,P,Y,0.5726576927684044,1.50535,28.73100983020554,34.98659517426274,-6.255585344057199
Q212K,212,Q,K,0.0405690395252516,-0.506844,9.249329758713138,4.289544235924933,4.959785522788205
Q212L,212,Q,L,0.3510828739066238,-0.134077,19.70509383378016,7.953529937444147,11.751563896336014
Q212M,212,Q,M,-0.0119288321037195,-0.732673,7.506702412868632,3.0831099195710454,4.423592493297587
Q212N,212,Q,N,0.9230074338368373,0.052813,42.89544235924933,10.857908847184987,32.03753351206434
Q212P,212,Q,P,2.3855199374514275,5.57649,84.53976764968722,79.89276139410187,4.647006255585353
Q212R,212,Q,R,0.0035995910874046,-0.257546,7.819481680071492,6.8364611260053625,0.9830205540661296
Q212S,212,Q,S,0.278300530114131,-0.107496,17.202859696157283,8.445040214477212,8.757819481680071
Q212T,212,Q,T,0.2113083379878386,0.49558,14.119749776586238,18.945487042001787,-4.825737265415549
Q212V,212,Q,V,0.0922403930032165,0.709625,10.411081322609473,22.56478999106345,-12.153708668453977
Q212W,212,Q,W,0.4536618522379242,0.561193,23.949955317247543,20.42001787310098,3.5299374441465616
Q212Y,212,Q,Y,0.6268696289475385,-0.184154,30.6970509383378,7.506702412868632,23.19034852546917
P214A,214,P,A,1.9472550339505088,3.15403,75.46916890080428,59.24932975871313,16.219839142091146
P214C,214,P,C,1.602700820763013,4.52406,67.06881143878462,72.4307417336908,-5.361930294906173
P214D,214,P,D,2.9749839952806343,7.83035,93.4763181411975,87.66756032171583,5.80875781948167
P214E,214,P,E,2.526794774588732,12.1921,87.26541554959786,93.2975871313673,-6.032171581769433
P214F,214,P,F,2.195437771196521,34.3117,80.74173369079534,99.06166219839142,-18.319928507596074
P214G,214,P,G,2.79613736616817,5.21069,91.46559428060769,77.65862377122431,13.806970509383376
P214H,214,P,H,2.833213565827011,17.5669,91.9124218051832,95.66577301161752,-3.753351206434317
P214I,214,P,I,1.5300882062545866,4.47784,64.92403932082216,71.93923145665772,-7.015192135835562
P214K,214,P,K,2.721431771916187,11.4912,90.3485254691689,92.71671134941913,-2.3681858802502234
P214L,214,P,L,1.837595364415617,4.45915,73.10098302055407,71.76050044682752,1.3404825737265469
P214M,214,P,M,1.8519076839617672,4.13725,73.54781054512958,68.90080428954424,4.647006255585339
P214N,214,P,N,2.179415252059092,3.36423,80.25022341376228,61.17068811438785,19.079535299374434
P214Q,214,P,Q,2.280258536358576,10.2727,82.70777479892762,91.46559428060769,-8.757819481680073
P214R,214,P,R,2.4254939345569806,11.5959,85.3887399463807,92.80607685433424,-7.4173369079535405
P214S,214,P,S,2.4675116186973223,5.30898,86.05898123324397,78.46291331546024,7.596067917783728
P214T,214,P,T,1.72789101425305,3.88023,70.86684539767649,66.48793565683646,4.3789097408400295
P214V,214,P,V,0.8732541564720989,3.77427,40.70598748882931,65.8176943699732,-25.11170688114389
P214W,214,P,W,1.9551519047807584,3.55596,75.78194816800715,63.71760500446828,12.064343163538865
Y216Q,216,Y,Q,2.68653687952247,4.63728,90.0804289544236,73.41376228775692,16.66666666666667
Y216R,216,Y,R,2.3477929080954083,6.14941,83.95889186773906,82.79714030384272,1.1617515638963312
Y216S,216,Y,S,2.030982956906035,6.06483,76.98838248436104,82.3503127792672,-5.361930294906159
Y216T,216,Y,T,2.8979989032018847,4.47983,92.71671134941913,72.02859696157283,20.688114387846298
Y216V,216,Y,V,2.6061105101036053,3.33684,88.8739946380697,60.85790884718498,28.016085790884723
Y216W,216,Y,W,0.2659254148048642,0.442393,16.487935656836463,17.962466487935657,-1.4745308310991945
T217S,217,T,S,0.0657575159175819,0.069403,9.69615728328865,11.081322609472743,-1.385165326184092
T217V,217,T,V,-0.1396352112929388,-0.100683,4.066130473637176,8.534405719392314,-4.468275245755138
T217W,217,T,W,-0.6965240412184968,-0.39431,0.22341376228775692,5.451295799821269,-5.2278820375335116
T217Y,217,T,Y,-0.3695744079151058,0.087024,1.3404825737265416,11.3047363717605,-9.964253798033958
E218I,218,E,I,0.2122921749610359,0.297579,14.209115281501342,15.102770330652367,-0.8936550491510253
E218K,218,E,K,1.133090942735833,0.100841,51.966041108132266,11.57283288650581,40.39320822162646
E218L,218,E,L,0.1275251127348479,-0.903848,11.528150134048257,2.5022341376228776,9.025915996425379
E218M,218,E,M,0.3134975303490953,-1.43335,18.498659517426276,1.2957998212689903,17.202859696157287
E218N,218,E,N,1.12943971029318,1.3465,51.742627345844504,32.66309204647006,19.07953529937444
E218P,218,E,P,1.278786503926878,1.83227,56.56836461126006,40.57193923145665,15.996425379803405
E218Q,218,E,Q,0.6493293442740695,0.501345,31.85880250223414,19.258266309204647,12.600536193029495
E218R,218,E,R,0.9333972951646966,0.496317,43.297587131367294,18.990169794459337,24.307417336907957
E218S,218,E,S,0.307055471662139,1.64677,18.319928507596067,37.26541554959786,-18.945487042001794
E218T,218,E,T,0.340789632915188,0.863933,19.3923145665773,24.798927613941018,-5.406613047363717
E218V,218,E,V,0.1506245965588545,0.669316,12.019660411081324,22.073279714030384,-10.05361930294906
E218W,218,E,W,0.8010047093580481,0.378319,37.13136729222521,16.71134941912422,20.42001787310099
E218Y,218,E,Y,0.8089217189711834,0.964351,37.622877569258264,26.675603217158177,10.947274352100088
R220A,220,R,A,1.2183766132444485,0.629284,54.557640750670245,21.31367292225201,33.243967828418235
R220C,220,R,C,1.2270423395103094,0.613125,54.73637176050045,21.179624664879356,33.55674709562109
R220D,220,R,D,1.958551017377043,2.0014,75.87131367292224,43.744414655942805,32.126899016979436
R220E,220,R,E,1.986149552133612,0.985074,76.36282394995531,27.07774798927614,49.28507596067917
R220F,220,R,F,0.7478231773344257,0.396315,34.852546916890084,17.06881143878463,17.783735478105456
R220G,220,R,G,1.544763692079349,1.95614,65.32618409294012,42.940125111706884,22.38605898123324
R220H,220,R,H,0.8248571189696098,2.12506,38.38248436103664,45.79982126899017,-7.417336907953533
R220I,220,R,I,1.526449769241399,0.133061,64.83467381590707,12.332439678284182,52.502234137622885
R220K,220,R,K,0.4258607182918074,0.524955,23.056300268096514,19.70509383378016,3.351206434316353
R220L,220,R,L,1.2495731625196471,-0.598827,55.719392314566576,3.753351206434316,51.96604110813226
R220M,220,R,M,1.0423812152133642,0.111682,47.72117962466488,11.796246648793565,35.924932975871315
R220N,220,R,N,1.804244890874446,1.19335,72.4307417336908,30.384271671134943,42.046470062555855
R220P,220,R,P,1.2361412121945297,4.84398,55.18319928507596,75.37980339588918,-20.196604110813226
R220Q,220,R,Q,1.4182293798214425,-0.270097,61.97497765862378,6.6577301161751565,55.31724754244862
R220S,220,R,S,1.1285195672514508,0.186735,51.60857908847185,13.047363717605004,38.56121537086685
R220T,220,R,T,1.5555368057220031,1.04885,65.68364611260054,28.060768543342267,37.62287756925828
R220V,220,R,V,1.4976412368065308,1.90716,63.98570151921358,42.135835567470956,21.849865951742622
R220W,220,R,W,0.6899072348021987,1.56841,32.75245755138517,36.23771224307417,-3.4852546916890006
R220Y,220,R,Y,0.8011425879160622,1.33305,37.17605004468275,32.30563002680965,4.870420017873101
Q221A,221,Q,A,0.3072987793722563,0.198861,18.36461126005362,13.449508489722966,4.915102770330655
Q221C,221,Q,C,0.0898330979040166,1.09743,10.32171581769437,28.909740840035745,-18.588025022341377
Q221D,221,Q,D,0.5148740395778175,0.918899,26.273458445040216,25.78194816800715,0.4915102770330648
Q221E,221,Q,E,0.2008812840388303,0.265521,13.717605004468275,14.47721179624665,-0.7596067917783742
Q221F,221,Q,F,-0.1410313842417864,0.555373,3.9767649687220734,20.241286863270776,-16.264521894548704
Q221G,221,Q,G,0.985103369663438,0.372497,45.26362823949955,16.487935656836463,28.77569258266309
Q221H,221,Q,H,0.2572061587320764,0.652127,16.219839142091153,21.805183199285075,-5.585344057193922
Q221I,221,Q,I,0.3951125528998943,0.413966,21.760500446827525,17.515638963360143,4.244861483467382
Y222A,222,Y,A,1.613339367648864,2.72118,67.38159070598749,53.70866845397676,13.672922252010729
Y222C,222,Y,C,0.8167555116116821,2.18261,38.069705093833775,46.64879356568365,-8.579088471849872
Y222D,222,Y,D,2.6937150649174875,3.9111,90.16979445933869,66.80071492403931,23.369079535299377
Y222E,222,Y,E,2.57847166986255,3.58207,88.20375335120644,63.98570151921358,24.218051831992867
Y222F,222,Y,F,0.0941538408423922,0.100942,10.455764075067025,11.617515638963361,-1.1617515638963365
Y222G,222,Y,G,2.5592656126874105,3.22196,87.98033958891868,59.562109025916,28.41823056300268
Y222H,222,Y,H,1.3723009646336084,0.579623,59.919571045576404,20.64343163538874,39.27613941018767
Y222I,222,Y,I,2.4271110345257365,3.49733,85.5674709562109,63.00268096514745,22.56478999106345
Y222K,222,Y,K,2.079276308660088,2.32368,77.92672028596962,48.83824843610366,29.08847184986596
Y222L,222,Y,L,2.125302404926821,-0.147299,78.8650580875782,7.819481680071492,71.04557640750672
Y222M,222,Y,M,1.832317938056125,0.253547,72.96693476318141,14.253798033958892,58.71313672922252
Y222N,222,Y,N,1.8557601003734203,2.38026,73.59249329758714,49.55317247542448,24.039320822162658
Y222P,222,Y,P,2.983352394070591,4.97577,93.5656836461126,76.22877569258266,17.336907953529945
Y222Q,222,Y,Q,2.411716618439561,2.75281,84.94191242180518,54.20017873100983,30.741733690795357
Y222R,222,Y,R,1.6782445348720534,2.2213,69.3029490616622,47.14030384271671,22.162645218945492
Y222S,222,Y,S,1.1904044938785705,3.05798,53.84271671134941,58.0875781948168,-4.244861483467389
Y222T,222,Y,T,2.2731482279357973,1.89823,82.57372654155496,42.0017873100983,40.57193923145666
Y222V,222,Y,V,2.19537659708678,1.89956,80.6970509383378,42.046470062555855,38.65058087578194
Y222W,222,Y,W,0.3525119162579719,0.347104,19.794459338695265,15.907059874888294,3.8873994638069718
C223A,223,C,A,2.53331263669287,3.42969,87.35478105451296,62.15370866845398,25.201072386058975
C223D,223,C,D,3.094338036950271,9.96681,94.68275245755139,91.28686327077749,3.3958891867739
C223E,223,C,E,3.25524475485652,12.0145,96.24664879356568,93.11885612153709,3.1277926720285905
C223F,223,C,F,2.847324111637759,15.041,92.04647006255585,94.77211796246648,-2.7256478999106264
C223G,223,C,G,3.873030256670999,4.36561,98.79356568364611,70.82216264521894,27.97140303842717
C223H,223,C,H,3.406031928573718,14.9297,97.45308310991958,94.68275245755139,2.7703306523681874
C223I,223,C,I,2.636270077789094,8.07324,89.41018766756032,88.29311885612154,1.1170688114387843
C223K,223,C,K,3.790055345666531,15.2908,98.704200178731,94.9508489722967,3.753351206434303
C223L,223,C,L,2.91198288574871,7.82099,92.85075960679178,87.62287756925826,5.227882037533519
C223M,223,C,M,2.6773929752141465,9.76869,90.03574620196603,91.06344950848973,-1.0277033065236907
C223N,223,C,N,3.5700158137934204,8.70756,98.03395889186774,89.49955317247542,8.534405719392325
C223P,223,C,P,4.433629708053122,9.23061,99.73190348525469,90.48257372654156,9.249329758713131
C223Q,223,C,Q,3.365308966118247,10.3173,97.27435210008937,91.59964253798034,5.6747095621090295
C223R,223,C,R,3.291214520885977,24.8121,96.69347631814121,97.58713136729223,-0.8936550491510218
C223S,223,C,S,3.067935202936473,3.49139,94.32529043789097,62.82394995531725,31.501340482573724
C223T,223,C,T,3.5915870777978025,6.01999,98.21268990169794,81.9928507596068,16.219839142091146
C223V,223,C,V,3.3576996955816285,6.3405,97.18498659517427,83.60142984807865,13.583556747095614
C223W,223,C,W,2.759153866198408,39.2174,90.92940125111707,99.41912421805183,-8.489722966934764
C223Y,223,C,Y,3.2458737362390893,20.9627,96.20196604110814,96.87220732797141,-0.6702412868632734
H225A,225,H,A,0.4763180739545691,1.66391,24.664879356568363,37.66756032171582,-13.002680965147455
H225C,225,H,C,0.2190051309229786,1.80721,14.56657730116175,40.2591599642538,-25.692582663092047
H225D,225,H,D,0.3303365062561375,4.21514,18.990169794459337,69.57104557640751,-50.58087578194818
H225E,225,H,E,-0.1449232331527803,3.40984,3.842716711349419,61.97497765862378,-58.13226094727436
H225F,225,H,F,-0.051817639068402,-0.579863,6.344950848972298,3.932082216264522,2.4128686327077755
H225G,225,H,G,1.9513284721048112,2.26294,75.55853440571939,47.72117962466488,27.837354781054508
H225I,225,H,I,-1.1207054650113772,2.95011,0.044682752457551385,56.47899910634495,-56.4343163538874
H225K,225,H,K,0.7158423666814594,2.44026,33.78016085790885,50.35746201966042,-16.57730116175157
H225L,225,H,L,-0.5557238398793717,0.528407,0.6702412868632708,19.839142091152816,-19.168900804289546
H225M,225,H,M,-0.6993310419504838,-1.0704,0.17873100983020554,2.0107238605898123,-1.8319928507596068
H225N,225,H,N,0.4648477106951652,1.6562,24.307417336907953,37.533512064343164,-13.22609472743521
H225P,225,H,P,0.9130978946544106,2.81598,42.62734584450402,54.78105451295799,-12.153708668453973
H225Q,225,H,Q,-0.1491353053068577,2.13287,3.753351206434316,45.93386952636283,-42.18051831992851
H225R,225,H,R,0.5069898558192864,6.08901,25.960679177837353,82.48436103663985,-56.523681858802505
H225S,225,H,S,-0.1775955243046954,1.94314,3.395889186773905,42.80607685433423,-39.41018766756032
H225T,225,H,T,0.1459787663457883,2.46044,11.840929401251117,50.67024128686327,-38.82931188561216
H225V,225,H,V,-0.2815263549500664,3.07865,1.966041108132261,58.35567470956211,-56.38963360142985
H225W,225,H,W,0.1593340150769038,7.00475,12.28775692582663,85.8355674709562,-73.54781054512958
H225Y,225,H,Y,0.1143809174608533,2.74447,11.036639857015192,53.84271671134941,-42.80607685433422
N228A,228,N,A,1.4874313243976236,0.827377,63.53887399463807,24.486148346738158,39.052725647899905
N228C,228,N,C,0.565235240309292,0.608161,28.46291331546023,21.090259159964255,7.372654155495976
N228D,228,N,D,1.0174224292102387,0.50368,46.60411081322609,19.302949061662197,27.301161751563896
N228E,228,N,E,1.2137183208149032,1.98381,54.42359249329759,43.5656836461126,10.857908847184987
N228F,228,N,F,0.5457602217758981,8.91097,27.74798927613941,89.99106344950849,-62.24307417336908
N228G,228,N,G,1.9245240690423475,1.9814,75.02234137622878,43.52100089365505,31.50134048257373
N228H,228,N,H,1.108991850491438,4.1003,50.53619302949062,68.45397676496873,-17.91778373547811
N228I,228,N,I,-0.0336484676004152,0.173482,6.925826630920465,12.823949955317248,-5.898123324396783
N228K,228,N,K,1.9234943724336455,0.987652,74.88829311885613,27.256478999106342,47.631814119749784
N228L,228,N,L,0.4662986272581004,-1.95254,24.441465594280608,0.8936550491510277,23.54781054512958
N228T,228,N,T,1.1740244544159055,1.30176,53.39588918677391,31.724754244861487,21.67113494191242
N228V,228,N,V,0.7650756647811449,-1.20289,35.61215370866845,1.6085790884718498,34.0035746201966
N228W,228,N,W,0.7672474318729439,5.84209,35.70151921358355,81.27792672028596,-45.57640750670241
N228Y,228,N,Y,0.23205589968144,4.72302,15.326184092940126,74.44146559428061,-59.11528150134049
A230C,230,A,C,0.18033628684611,0.394386,13.092046470062558,16.979445933869528,-3.88739946380697
K240Q,240,K,Q,0.0376993042882438,0.374828,9.070598748882931,16.532618409294013,-7.462019660411082
K240R,240,K,R,0.3356962072308628,1.33383,19.258266309204647,32.39499553172475,-13.136729222520106
K240S,240,K,S,0.1149150737314758,0.866679,11.081322609472743,24.932975871313673,-13.85165326184093
K240T,240,K,T,0.0264084796989603,1.72623,8.713136729222521,38.38248436103664,-29.66934763181412
K240V,240,K,V,-0.0716479284968947,1.54331,5.630026809651475,35.924932975871315,-30.29490616621984
K240W,240,K,W,0.5193833474946739,4.69044,26.541554959785525,74.03932082216265,-47.49776586237712
K240Y,240,K,Y,0.7577598255578829,5.85633,35.299374441465595,81.32260947274352,-46.02323503127793
L243P,243,L,P,2.7601394730773143,7.55949,90.97408400357462,86.8632707774799,4.11081322609472
L243Q,243,L,Q,1.7093969504474646,3.46146,70.28596961572833,62.42180518319928,7.864164432529051
L243R,243,L,R,1.7260478310853162,4.37471,70.77747989276139,70.91152815013405,-0.1340482573726547
L243S,243,L,S,1.654165023180713,4.01912,68.54334226988382,67.7390527256479,0.8042895442359281
L243T,243,L,T,1.3719989201796692,2.97943,59.87488829311886,57.149240393208224,2.7256478999106335
L243V,243,L,V,0.5302693008942061,1.71798,26.988382484361033,38.15907059874888,-11.17068811438785
L243W,243,L,W,1.0227258860788382,8.61049,46.91689008042895,89.32082216264521,-42.403932082216265
L243Y,243,L,Y,1.2361431884239376,6.88319,55.22788203753352,85.3887399463807,-30.160857908847177
T246A,246,T,A,0.2268696765317373,0.343071,15.102770330652367,15.81769436997319,-0.714924039320822
T246C,246,T,C,0.3026948114833681,0.448363,18.230563002680967,18.096514745308312,0.1340482573726547
T246D,246,T,D,0.839637757050998,2.75688,39.32082216264522,54.289544235924936,-14.968722073279714
T246E,246,T,E,0.92023274677611,1.69054,42.80607685433423,37.980339588918675,4.825737265415555
T246F,246,T,F,-0.429448819633232,-4.18211,1.161751563896336,0.044682752457551385,1.1170688114387846
T246G,246,T,G,1.356292096442725,2.01255,59.24932975871313,43.96782841823057,15.281501340482563
T246H,246,T,H,0.950116578615849,-0.916302,43.92314566577301,2.4575513851653263,41.46559428060769
T246I,246,T,I,0.2687581289529588,-2.85065,16.71134941912422,0.2680965147453083,16.44325290437891
T246K,246,T,K,1.9133480187416705,0.459416,74.62019660411082,18.40929401251117,56.21090259159965
T246L,246,T,L,0.7526730175669233,-1.80399,35.031277926720286,1.0277033065236818,34.0035746201966
T246M,246,T,M,-0.0519788537068184,-3.45695,6.3002680965147455,0.08936550491510277,6.210902591599643
T246N,246,T,N,0.6271575264767201,0.146207,30.741733690795353,12.511170688114387,18.230563002680967
T246P,246,T,P,3.1870092589865564,4.68758,95.57640750670241,73.90527256479,21.671134941912413
T246Q,246,T,Q,1.1662759193794094,0.341738,52.99374441465594,15.594280607685434,37.39946380697051
T246R,246,T,R,1.764825883625809,-0.067764,71.49240393208221,9.070598748882931,62.42180518319928
F248H,248,F,H,0.2123393087665686,0.42593,14.253798033958892,17.694369973190348,-3.4405719392314555
F248I,248,F,I,0.2513742903764594,0.323237,16.04110813226095,15.415549597855227,0.6255585344057213
F248K,248,F,K,-0.2594698085299873,-0.329433,2.189454870420018,6.032171581769437,-3.842716711349419
F248L,248,F,L,-0.0735905121368658,-0.086432,5.585344057193923,8.802502234137624,-3.217158176943701
F248M,248,F,M,0.1942087458002165,-0.23054,13.58355674709562,6.925826630920465,6.657730116175156
F248N,248,F,N,0.1688708638448562,0.407689,12.645218945487041,17.336907953529938,-4.691689008042896
F248P,248,F,P,1.1656405539003984,2.56724,52.904378909740835,52.05540661304736,0.848972296693475
F248Q,248,F,Q,0.0201662551598163,-0.321726,8.35567470956211,6.076854334226988,2.278820375335121
F248R,248,F,R,-0.1801875701356007,-0.478224,3.2171581769436997,4.468275245755138,-1.2511170688114386
F248S,248,F,S,-0.3281234744191972,0.523921,1.6085790884718498,19.66041108132261,-18.05183199285076
F248T,248,F,T,0.3791834475328786,0.788332,21.00089365504915,23.681858802502234,-2.680965147453083
F248V,248,F,V,0.2154337486494673,0.888488,14.343163538873997,25.424486148346737,-11.08132260947274
F248W,248,F,W,0.1884294751484581,-0.089393,13.404825737265416,8.713136729222521,4.691689008042895
F248Y,248,F,Y,0.0299327673053363,0.007042,8.891867739052724,10.05361930294906,-1.1617515638963365
E251A,251,E,A,0.0646154842738899,0.075217,9.606791778373548,11.215370866845397,-1.6085790884718492
E251C,251,E,C,-0.0126985287021391,0.256335,7.462019660411082,14.343163538873997,-6.881143878462915
E251D,251,E,D,-0.0683769603304371,0.126817,5.853440571939231,12.153708668453977,-6.3002680965147455
E251F,251,E,F,0.0706541158124288,0.020893,9.874888293118858,10.098302055406613,-0.22341376228775545
E251G,251,E,G,0.0393734152994716,0.476571,9.115281501340483,18.498659517426276,-9.383378016085793
E251H,251,E,H,0.2474416635970597,0.866653,15.81769436997319,24.888293118856122,-9.070598748882933
E251K,251,E,K,0.0658284997912368,-0.899018,9.740840035746203,2.546916890080429,7.193923145665774
V256G,256,V,G,1.8014686991076807,2.49732,72.2520107238606,51.117068811438784,21.13494191242181
V256H,256,V,H,0.2812869230829465,2.56324,17.381590705987488,52.01072386058981,-34.62913315460233
V256I,256,V,I,-0.3346078597555986,-0.210287,1.519213583556747,7.1939231456657735,-5.674709562109026
V256K,256,V,K,0.4294273809214997,1.20983,23.14566577301162,30.563002680965145,-7.417336907953526
V256L,256,V,L,1.092544326962598,0.593231,49.9106344950849,20.91152815013405,28.99910634495085
V256M,256,V,M,0.2693941825498813,0.236096,16.80071492403932,14.164432529043788,2.636282394995531
V256N,256,V,N,1.1087176536548364,0.964413,50.49151027703307,26.720285969615727,23.771224307417345
V256P,256,V,P,0.8746894062425459,0.93183,40.75067024128686,26.05004468275246,14.700625558534401
V256Q,256,V,Q,0.523095401918553,1.34064,26.675603217158177,32.52904378909741,-5.853440571939231
V256R,256,V,R,0.9080377436330318,1.15735,42.44861483467381,29.803395889186774,12.645218945487038
V256S,256,V,S,0.7348958339757189,2.04097,34.45040214477212,44.280607685433424,-9.830205540661304
V256T,256,V,T,1.0543695165818543,1.83694,48.48078641644326,40.70598748882931,7.774798927613951
V256W,256,V,W,-0.0902290370896112,0.583632,5.093833780160858,20.68811438784629,-15.594280607685434
V256Y,256,V,Y,-0.1801407190136822,0.289052,3.261840929401251,14.87935656836461,-11.61751563896336
G258A,258,G,A,1.3577049196398276,2.10325,59.29401251117069,45.26362823949955,14.030384271671139
G258C,258,G,C,1.456982873395681,2.20499,62.86863270777479,46.82752457551385,16.041108132260945
G258I,258,G,I,2.2535587020668832,2.87187,82.171581769437,55.540661304736375,26.630920464700623
G258K,258,G,K,1.3932013955843308,2.52969,60.90259159964254,51.742627345844504,9.159964253798037
G258L,258,G,L,1.6352677410921956,3.01282,68.05183199285077,57.46201966041108,10.589812332439685
G258M,258,G,M,1.3954897215946953,1.78336,61.17068811438785,39.76764968722073,21.403038427167118
G258N,258,G,N,2.5007560649731766,2.98499,86.8632707774799,57.28328865058088,29.57998212689902
G258P,258,G,P,4.06947218922821,8.37424,99.15102770330653,88.96336014298481,10.187667560321714
G258Q,258,G,Q,1.9421475757515576,1.77163,75.33512064343164,39.63360142984808,35.70151921358356
G258R,258,G,R,0.92494338524107,1.75616,43.029490616621985,39.23145665773012,3.798033958891864
G258S,258,G,S,1.6809923921981225,2.55484,69.4816800714924,51.87667560321716,17.605004468275247
G258T,258,G,T,2.092012853697348,3.27697,78.10545129579982,60.23235031277927,17.873100983020556
G258V,258,G,V,2.2688413906601856,5.87921,82.48436103663985,81.41197497765862,1.0723860589812375
G258W,258,G,W,0.89981822841132,3.22942,41.8230563002681,59.651474530831095,-17.828418230562995
G258Y,258,G,Y,0.6742892060449943,3.98052,32.30563002680965,67.42627345844504,-35.120643431635386
P259A,259,P,A,1.2276951002815,2.10594,54.825737265415555,45.352993744414654,9.4727435210009
G260A,260,G,A,1.844197403168473,3.40018,73.23503127792672,61.751563896336016,11.483467381590707
G260C,260,G,C,0.8011622801866342,2.44255,37.26541554959786,50.402144772117964,-13.136729222520103
G260D,260,G,D,1.939437051856835,5.51671,75.29043789097408,79.62466487935657,-4.334226988382497
G260E,260,G,E,1.7625479525403376,4.1546,71.4030384271671,68.99016979445935,2.412868632707756
G260F,260,G,F,0.4883681993159133,3.11437,25.067024128686327,58.62377122430742,-33.55674709562109
G260H,260,G,H,0.7765292347476498,2.39109,36.23771224307417,49.9106344950849,-13.672922252010729
G260I,260,G,I,1.6149220810250384,5.41987,67.42627345844504,79.22252010723861,-11.79624664879357
G260K,260,G,K,1.8710015781590656,3.59447,73.86058981233245,64.1644325290438,9.696157283288656
G260L,260,G,L,1.870755369176468,2.60973,73.81590705987489,52.72564789991063,21.090259159964255
G260M,260,G,M,1.3863386716273258,3.06219,60.63449508489723,58.17694369973191,2.457551385165324
G260N,260,G,N,1.8107289050849973,3.51873,72.47542448614834,63.27077747989276,9.204647006255584
G260P,260,G,P,3.423716498561699,6.04696,97.54244861483468,82.171581769437,15.370866845397686
G260Q,260,G,Q,1.7964069073710192,3.16046,71.98391420911528,59.29401251117069,12.689901697944592
G260R,260,G,R,1.3652430993603568,3.40729,59.562109025916,61.88561215370867,-2.3235031277926694
G260S,260,G,S,1.6294337809808015,4.2134,67.828418230563,69.52636282394995,-1.69794459338695
G260T,260,G,T,1.8489046091743584,5.39941,73.45844504021449,79.0437890974084,-5.585344057193922
G260V,260,G,V,1.8514704431887268,5.63063,73.50312779267203,80.20554066130474,-6.702412868632706
G260W,260,G,W,0.6286886374095937,4.90479,30.831099195710454,75.6478999106345,-44.81680071492404
G260Y,260,G,Y,0.3208509250790498,4.56049,18.72207327971403,72.83288650580876,-54.11081322609473
G261A,261,G,A,0.6740703745367919,0.736922,32.2609472743521,22.966934763181413,9.294012511170685
G261C,261,G,C,0.9624405386822196,1.55493,44.459338695263625,36.05898123324397,8.400357462019656
G261D,261,G,D,2.591738223124834,4.04509,88.42716711349419,68.05183199285077,20.375335120643427
G261E,261,G,E,2.459741611919608,4.66166,85.92493297587131,73.68185880250223,12.24307417336908
G261F,261,G,F,0.8429121558398073,2.06676,39.41018766756032,44.548704200178726,-5.138516532618404
G261H,261,G,H,0.9558900490739174,24.015,44.10187667560322,97.40840035746203,-53.306523681858806
G261I,261,G,I,1.7281171746716577,5.32487,70.91152815013405,78.50759606791779,-7.596067917783742
G261K,261,G,K,1.8597792546269585,1.8462,73.63717605004469,40.97408400357462,32.66309204647007
G261L,261,G,L,1.685242452143071,2.80668,69.66041108132261,54.6916890080429,14.968722073279707
G261M,261,G,M,1.656631299861483,7.05292,68.67739052725648,85.92493297587131,-17.247542448614837
G261N,261,G,N,1.9235825605768493,1.67206,74.93297587131367,37.75692582663092,37.17605004468275
G261P,261,G,P,2.490282081623967,5.90288,86.59517426273459,81.63538873994638,4.959785522788209
G261V,261,G,V,1.379177541234563,6.42779,60.23235031277927,83.86952636282395,-23.63717605004468
G261W,261,G,W,0.6413958720822501,1.65417,31.546023235031278,37.48882931188561,-5.942806076854332
G261Y,261,G,Y,0.713531117976852,5.09994,33.64611260053619,76.85433422698839,-43.20822162645219
N263L,263,N,L,1.3788057616730562,1.5241,60.14298480786417,35.34405719392314,24.798927613941025
N263M,263,N,M,1.0330958361162013,0.208213,47.31903485254691,13.628239499553171,33.690795352993746
N263P,263,N,P,2.2458585329658143,0.043419,82.03753351206434,10.63449508489723,71.40303842716712
N263Q,263,N,Q,0.930945425507308,0.975569,43.208221626452186,26.85433422698838,16.353887399463805
N263R,263,N,R,1.47773491127666,2.25116,63.360142984807865,47.58713136729222,15.773011617515643
N263S,263,N,S,1.9814319489592107,1.17169,76.31814119749777,29.93744414655943,46.38069705093834
N263T,263,N,T,1.5351325229887964,1.82987,65.05808757819482,40.48257372654155,24.575513851653263
N263V,263,N,V,1.5588403386175378,0.388824,65.86237712243074,16.845397676496873,49.01697944593387
N263W,263,N,W,1.4082860714829124,9.37631,61.572832886505815,90.75067024128687,-29.177837354781055
N263Y,263,N,Y,1.177452933683181,-0.321628,53.48525469168901,6.1215370866845396,47.36371760500447
D264V,264,D,V,0.2113347790217495,-0.197997,14.164432529043788,7.372654155495978,6.79177837354781
D264W,264,D,W,-0.2469352573491182,0.947559,2.278820375335121,26.362823949955317,-24.084003574620198
D264Y,264,D,Y,-0.164426346121362,-1.15313,3.5746201966041107,1.6979445933869526,1.876675603217158
D266A,266,D,A,-0.2069258712499066,0.910193,2.7256478999106344,25.647899910634496,-22.922252010723863
D266C,266,D,C,0.2675546988541358,1.43796,16.577301161751564,33.9142091152815,-17.336907953529938
D266E,266,D,E,1.163014169030994,4.64226,52.81501340482574,73.54781054512958,-20.732797140303838
D266F,266,D,F,0.588188452787789,4.57411,29.445933869526364,73.01161751563896,-43.565683646112596
D266G,266,D,G,0.9524686197066138,-1.2975,43.96782841823057,1.5638963360142983,42.40393208221627
D266H,266,D,H,0.6548369925973246,1.52007,31.903485254691688,35.210008936550494,-3.306523681858806
D266I,266,D,I,0.8688229074459445,3.62925,40.52725647899911,64.6112600536193,-24.084003574620198
D266K,266,D,K,1.2066638525438578,3.91761,54.33422698838248,66.89008042895442,-12.555853440571937
D266L,266,D,L,0.9585972470880608,0.30077,44.280607685433424,15.14745308310992,29.133154602323504
D266M,266,D,M,0.7560374662564912,0.000468,35.210008936550494,9.964253798033958,25.245755138516536
D266N,266,D,N,0.4799761564299531,0.831641,24.84361036639857,24.53083109919571,0.31277926720285976
D266P,266,D,P,1.9239099627189928,6.91391,74.97765862377122,85.4781054512958,-10.500446827524584
D266Q,266,D,Q,1.059804884560991,5.17252,48.704200178731014,77.34584450402144,-28.64164432529043
D266R,266,D,R,0.929918593486994,4.2226,43.16353887399464,69.70509383378017,-26.54155495978553
D266S,266,D,S,0.5217845510117319,1.5236,26.586237712243072,35.299374441465595,-8.713136729222523
D266T,266,D,T,1.002302671690254,2.03972,45.93386952636283,44.23592493297587,1.697944593386957
D266V,266,D,V,0.9910771192739524,2.08102,45.44235924932976,44.816800714924035,0.6255585344057266
D266W,266,D,W,0.585016060245488,6.0523,29.267202859696155,82.30563002680965,-53.0384271671135
D266Y,266,D,Y,0.6332136307380991,1.34811,31.009830205540663,32.707774798927616,-1.6979445933869535
L268A,268,L,A,2.355324787197598,3.48752,84.09294012511171,62.7792672028597,21.31367292225201
L268C,268,L,C,1.3306759876397607,3.17945,58.35567470956211,59.383378016085786,-1.0277033065236765
L268D,268,L,D,2.5435598544803493,5.0452,87.57819481680072,76.40750670241286,11.170688114387858
L268E,268,L,E,2.190373474785841,5.47799,80.56300268096514,79.44593386952636,1.1170688114387843
L268F,268,L,F,1.9611165336508567,4.67365,75.96067917783735,73.77122430741734,2.1894548704200076
L268G,268,L,G,3.3156657359881234,4.91673,96.91689008042896,75.73726541554959,21.17962466487937
L268H,268,L,H,2.8451130587529128,3.36905,92.00178731009831,61.34941912421805,30.652368185880256
L268I,268,L,I,1.310682694727066,0.818553,57.68543342269884,24.173369079535302,33.512064343163544
L268K,268,L,K,2.6131149071412545,3.74336,89.0527256478999,65.68364611260054,23.369079535299363
L268M,268,L,M,0.8823307100053936,0.069473,41.10813226094727,11.126005361930295,29.982126899016976
L268N,268,L,N,2.53983016334638,4.52797,87.48882931188561,72.47542448614834,15.013404825737268
L268P,268,L,P,2.3278158409244587,3.5402,83.55674709562109,63.53887399463807,20.017873100983024
L268Q,268,L,Q,2.201933373262682,3.90107,81.00983020554065,66.71134941912422,14.298480786416434
L268R,268,L,R,2.54927044175092,4.78623,87.71224307417337,75.02234137622878,12.689901697944592
L268S,268,L,S,2.396966348434371,4.81977,84.62913315460231,75.24575513851653,9.383378016085786
L268T,268,L,T,1.6410561690749816,3.52044,68.18588025022342,63.31546023235032,4.870420017873101
L268V,268,L,V,1.3580332554633845,1.50257,59.33869526362824,34.941912421805185,24.396782841823054
L268W,268,L,W,2.267103362029381,11.535,82.39499553172476,92.76139410187668,-10.366398570151915
L268Y,268,L,Y,2.520203962630331,4.61159,87.17605004468275,73.32439678284183,13.851653261840923
V269A,269,V,A,2.0133610810943607,2.40033,76.76496872207328,50.04468275245755,26.72028596961573
V269C,269,V,C,1.052022233038702,1.78075,48.346738159070604,39.67828418230563,8.668453976764972
V269D,269,V,D,2.0541807111166737,6.64677,77.34584450402144,84.49508489722966,-7.149240393208217
V269E,269,V,E,1.8199010847647592,8.84789,72.65415549597856,89.76764968722073,-17.113494191242168
V269F,269,V,F,1.4101451591858625,12.5037,61.70688114387847,93.4763181411975,-31.769436997319026
I270E,270,I,E,2.3697604691529803,5.37724,84.40571939231457,78.73100983020555,5.674709562109015
I270F,270,I,F,1.5833564694323392,11.3123,66.62198391420911,92.49329758713137,-25.871313672922255
I270G,270,I,G,2.781850953646377,5.08145,91.33154602323503,76.80965147453082,14.52189454870421
I270H,270,I,H,2.848166215061983,9.95914,92.0911528150134,91.19749776586238,0.8936550491510218
I270K,270,I,K,2.415433613086081,5.60865,85.03127792672028,80.07149240393208,4.959785522788195
I270L,270,I,L,1.286139646005615,0.108728,56.92582663092046,11.706881143878462,45.218945487042
I270M,270,I,M,1.5200330916061928,-0.027752,64.65594280607685,9.606791778373548,55.0491510277033
I270N,270,I,N,2.4257012031563305,3.61308,85.43342269883824,64.343163538874,21.090259159964248
I270P,270,I,P,1.9144337783683325,2.07654,74.66487935656836,44.727435210008935,29.93744414655943
I270Q,270,I,Q,2.368701812539764,4.26142,84.36103663985702,69.88382484361037,14.47721179624665
I270R,270,I,R,2.25810100587711,8.69027,82.2609472743521,89.45487042001787,-7.193923145665764
I270S,270,I,S,2.5022526222053,4.54141,86.95263628239499,72.56478999106345,14.387846291331542
I270T,270,I,T,2.30762141676776,2.97708,83.24396782841823,57.01519213583557,26.228775692582666
I270V,270,I,V,0.9630378720918662,0.982456,44.548704200178726,26.988382484361033,17.560321715817693
I270W,270,I,W,2.3125583410856163,14.3842,83.28865058087578,94.36997319034852,-11.081322609472736
I270Y,270,I,Y,2.086128287083711,19.8261,77.97140303842717,96.29133154602324,-18.319928507596074
G271A,271,G,A,0.321761970891505,3.27463,18.811438784629132,60.14298480786417,-41.331546023235035
G271C,271,G,C,0.8467726689845024,5.93946,39.72296693476318,81.76943699731903,-42.046470062555855
G271D,271,G,D,1.0998409085389982,11.0063,50.134048257372655,92.18051831992851,-42.046470062555855
G271E,271,G,E,1.7608274959924517,15.013,71.31367292225201,94.72743521000893,-23.413762287756924
G271F,271,G,F,1.1362459961574498,36.4323,52.14477211796247,99.28507596067918,-47.14030384271671
G271H,271,G,H,1.543203776848274,23.099,65.28150134048258,97.18498659517427,-31.903485254691688
G271I,271,G,I,2.2384166623602564,10.7484,81.81411974977658,92.04647006255585,-10.232350312779275
G271K,271,G,K,2.4353717164153488,13.8277,85.70151921358355,93.96782841823055,-8.266309204647001
G271L,271,G,L,2.5006342976686664,16.7146,86.81858802502234,95.44235924932975,-8.623771224307418
G271M,271,G,M,1.757127302843359,10.6661,71.26899016979445,91.95710455764075,-20.688114387846298
G271N,271,G,N,1.0862015048543876,8.24823,49.597855227882036,88.65058087578194,-39.052725647899905
G271P,271,G,P,2.53843731943536,8.90037,87.44414655942806,89.94638069705094,-2.502234137622878
G271Q,271,G,Q,1.708309015294893,11.7315,70.15192135835568,92.85075960679178,-22.698838248436104
G271R,271,G,R,2.102032555717397,20.1097,78.19481680071493,96.51474530831099,-18.31992850759606
G271S,271,G,S,2.1443322423606883,6.81303,79.35656836461126,85.07596067917784,-5.719392314566576
G271T,271,G,T,3.0398479966769365,10.3676,93.923145665773,91.68900804289544,2.2341376228775687
G271V,271,G,V,2.4482893807963624,8.26529,85.79088471849866,88.7846291331546,-2.9937444146559358
N272A,272,N,A,0.8782434182711171,2.3685,40.88471849865952,49.41912421805183,-8.53440571939231
N272C,272,N,C,0.6917145083485221,1.73435,32.88650580875782,38.73994638069705,-5.853440571939231
N272D,272,N,D,0.375246741691449,5.63471,20.732797140303845,80.25022341376228,-59.51742627345844
N272E,272,N,E,1.0287398079926946,8.892,47.22966934763181,89.85701519213583,-42.62734584450402
N272F,272,N,F,1.3403771401455573,14.5087,58.80250223413762,94.50402144772117,-35.70151921358355
N272G,272,N,G,1.0071542382129697,1.30928,46.02323503127793,31.85880250223414,14.164432529043786
N272H,272,N,H,0.8914784026270149,14.448,41.46559428060769,94.45933869526363,-52.993744414655936
N272I,272,N,I,0.4030620413819074,5.15915,22.29669347631814,77.16711349419124,-54.8704200178731
N272K,272,N,K,1.387850897681954,1.93615,60.723860589812325,42.62734584450402,18.096514745308305
N272L,272,N,L,0.6478310598445713,3.01815,31.724754244861487,57.64075067024129,-25.915996425379802
N272M,272,N,M,0.7788550727567816,2.47459,36.46112600536193,50.89365504915103,-14.432529043789096
N272P,272,N,P,0.7155148611298056,5.68118,33.73547810545129,80.5183199285076,-46.7828418230563
N272Q,272,N,Q,0.5122545664807417,5.27363,26.228775692582662,78.28418230563003,-52.05540661304737
N272R,272,N,R,1.301916266618792,6.34774,57.46201966041108,83.6461126005362,-26.18409294012512
N272S,272,N,S,0.5722707308165141,1.85104,28.686327077747993,41.063449508489725,-12.377122430741732
N272T,272,N,T,0.6989962528625587,2.93303,33.199285075960674,56.30026809651475,-23.100983020554075
N272V,272,N,V,1.252262076231696,3.53538,55.85344057193923,63.44950848972297,-7.596067917783742
N272W,272,N,W,1.404596570843976,33.3493,61.48346738159071,98.88293118856122,-37.39946380697051
N272Y,272,N,Y,1.3752009009653758,19.5277,59.964253798033965,96.24664879356568,-36.28239499553172
F273A,273,F,A,-0.0375983373801228,3.6858,6.79177837354781,65.19213583556747,-58.400357462019656
F273C,273,F,C,-0.1849740578688442,2.74855,3.1277926720285967,54.02144772117963,-50.89365504915103
F273D,273,F,D,0.3514851712274274,3.1179,19.749776586237715,58.668453976764965,-38.91867739052725
F273E,273,F,E,0.4409111812878164,2.97362,23.50312779267203,56.83646112600537,-33.33333333333334
F273G,273,F,G,0.2410289705626898,4.20828,15.638963360142984,69.43699731903486,-53.79803395889188
F273H,273,F,H,0.1557024804115702,3.21261,12.153708668453977,59.51742627345844,-47.36371760500447
F273I,273,F,I,0.4309231499855734,3.65447,23.19034852546917,64.92403932082216,-41.73369079535299
F273K,273,F,K,0.1193958010419297,3.01315,11.126005361930295,57.506702412868634,-46.38069705093834
F273L,273,F,L,0.5044688230015931,2.00882,25.826630920464698,43.87846291331546,-18.05183199285076
F273M,273,F,M,0.9030404100087432,0.291835,42.0911528150134,14.968722073279714,27.122430741733687
F273N,273,F,N,0.3813035718829268,3.73518,21.179624664879356,65.50491510277034,-44.325290437890985
F273P,273,F,P,-0.6148267082442246,5.79828,0.5361930294906166,81.09919571045576,-80.56300268096514
F273Q,273,F,Q,0.5177546310613533,3.49277,26.452189454870418,62.86863270777479,-36.41644325290437
F273R,273,F,R,0.132979570747746,1.59256,11.662198391420912,36.59517426273459,-24.932975871313676
F273S,273,F,S,-0.7814573840662004,4.64647,0.13404825737265416,73.63717605004469,-73.50312779267203
F273T,273,F,T,-0.200318835786214,1.80867,2.8596961572832886,40.303842716711344,-37.444146559428056
F273V,273,F,V,-0.0584761527293863,2.54909,6.1215370866845396,51.83199285075961,-45.71045576407507
F273W,273,F,W,-0.0168577041853594,1.36182,7.283288650580875,32.93118856121537,-25.647899910634496
F273Y,273,F,Y,0.0232849470763308,1.08928,8.579088471849866,28.73100983020554,-20.151921358355672
G274D,274,G,D,0.8783298016835772,11.0671,40.92940125111707,92.31456657730116,-51.385165326184094
G274E,274,G,E,0.4737909621536107,14.3762,24.620196604110813,94.32529043789097,-69.70509383378015
G274F,274,G,F,0.0808021665725895,17.4954,10.098302055406613,95.57640750670241,-85.47810545129579
G274H,274,G,H,0.5383860413568974,24.0183,27.390527256478997,97.45308310991958,-70.06255585344059
G274I,274,G,I,0.3811167568759708,17.7126,21.134941912421805,95.75513851653263,-74.62019660411082
G274K,274,G,K,0.2683801936674044,15.1589,16.621983914209114,94.86148346738159,-78.23949955317248
G274L,274,G,L,0.3963502477768207,7.87236,21.93923145665773,87.80160857908848,-65.86237712243076
G274M,274,G,M,0.2806023284168839,14.0655,17.336907953529938,94.10187667560321,-76.76496872207326
G274N,274,G,N,0.2587804183464126,3.26767,16.264521894548704,60.05361930294906,-43.78909740840035
G274P,274,G,P,1.6574115469804565,14.7804,68.72207327971404,94.63806970509383,-25.915996425379788
G274Q,274,G,Q,0.2933341647875507,10.4246,17.828418230563003,91.733690795353,-73.90527256479
G274R,274,G,R,0.1048265696354544,11.7432,10.723860589812332,92.89544235924933,-82.171581769437
G274S,274,G,S,0.3599792060265411,8.20776,20.33065236818588,88.6058981233244,-68.27524575513851
G274T,274,G,T,0.8145444096142498,19.0912,37.84629133154602,96.15728328865059,-58.31099195710457
G274V,274,G,V,0.2940672419742733,21.3022,17.873100983020553,96.96157283288652,-79.08847184986597
G274W,274,G,W,0.2032113447669296,26.5906,13.89633601429848,97.94459338695263,-84.04825737265415
G274Y,274,G,Y,0.3214415851258812,20.1386,18.766756032171582,96.55942806076855,-77.79267202859697
S276H,276,S,H,0.7248948966784953,6.94942,34.18230563002681,85.656836461126,-51.474530831099194
S276I,276,S,I,0.8367963300494793,7.26082,39.097408400357466,86.14834673815906,-47.0509383378016
S276K,276,S,K,1.0151347226727008,6.75788,46.38069705093834,84.80786416443253,-38.42716711349419
S276L,276,S,L,0.8504953069529814,12.0909,39.99106344950849,93.25290437890973,-53.261840929401245
S276M,276,S,M,0.993075318602122,6.29281,45.62109025915996,83.33333333333334,-37.71224307417338
S276N,276,S,N,0.148999326822658,2.58617,11.885612153708669,52.36818588025023,-40.48257372654156
S276P,276,S,P,1.3343826991955023,7.61563,58.489722966934764,87.1313672922252,-28.641644325290443
S276Q,276,S,Q,0.6108339371091499,8.18421,30.42895442359249,88.56121537086685,-58.13226094727436
S276R,276,S,R,1.034104532471089,7.90206,47.36371760500447,87.89097408400357,-40.52725647899911
S276T,276,S,T,0.2996418793550134,6.68613,18.007149240393208,84.58445040214477,-66.57730116175156
S276V,276,S,V,1.0820261433902685,5.11714,49.41912421805183,76.94369973190348,-27.52457551385165
S276W,276,S,W,1.135335206074421,10.7748,52.05540661304736,92.0911528150134,-40.03574620196604
S276Y,276,S,Y,1.01837396017528,6.79725,46.693476318141194,84.98659517426273,-38.29311885612154
N278A,278,N,A,-0.0359324594914571,0.342179,6.8364611260053625,15.638963360142984,-8.802502234137622
N278C,278,N,C,-0.1304185661356648,1.01736,4.244861483467382,27.52457551385165,-23.27971403038427
N278D,278,N,D,-0.622129214731869,-0.271223,0.49151027703306527,6.613047363717604,-6.121537086684539
N278E,278,N,E,-0.1951235011362798,-1.66173,2.993744414655943,1.1170688114387846,1.8766756032171583
N278F,278,N,F,-0.1668229456189531,1.28957,3.485254691689008,31.36729222520107,-27.88203753351206
N278G,278,N,G,0.8976376065349078,1.43153,41.599642537980344,33.847184986595174,7.75245755138517
N278H,278,N,H,0.4063558194597325,0.930087,22.475424486148345,26.005361930294907,-3.5299374441465616
N278I,278,N,I,0.0400760465508921,0.458281,9.204647006255586,18.36461126005362,-9.159964253798035
N278K,278,N,K,1.2750000210989236,0.096724,56.5236818588025,11.483467381590707,45.04021447721179
N278L,278,N,L,0.4222592149594078,-0.651888,23.011617515638964,3.485254691689008,19.526362823949956
N278M,278,N,M,0.0680151002479641,-1.90727,9.830205540661305,0.938337801608579,8.891867739052726
W287F,287,W,F,1.2389240096908682,3.59517,55.31724754244861,64.20911528150134,-8.891867739052728
W287G,287,W,G,3.899089032880163,7.37255,98.88293118856122,86.41644325290437,12.466487935656843
W287H,287,W,H,2.252235991751986,4.42572,82.12689901697945,71.31367292225201,10.81322609472744
W287I,287,W,I,2.426755634041965,5.40103,85.52278820375335,79.08847184986595,6.434316353887397
W287K,287,W,K,2.6954071605300167,2.29617,90.21447721179625,48.257372654155496,41.957104557640754
W287L,287,W,L,2.4189136137212355,4.71163,85.07596067917784,74.30741733690796,10.76854334226988
W287M,287,W,M,1.6384027304326396,2.97934,68.14119749776586,57.10455764075068,11.036639857015182
W287N,287,W,N,2.482987146801021,5.47553,86.32707774798928,79.40125111706881,6.925826630920469
W287P,287,W,P,3.8454254581655936,8.37257,98.74888293118856,88.91867739052725,9.83020554066131
W287Q,287,W,Q,2.744124872726444,5.08135,90.75067024128687,76.76496872207328,13.985701519213592
W287R,287,W,R,2.1265935490587258,4.69935,78.90974084003575,74.0840035746202,4.825737265415555
W287S,287,W,S,1.6536482819328586,6.28706,68.49865951742628,83.19928507596069,-14.700625558534412
W287T,287,W,T,2.331769565069912,4.98,83.6461126005362,76.2734584450402,7.372654155495994
W287V,287,W,V,2.72435730989055,5.22165,90.437890974084,77.79267202859697,12.64521894548703
W287Y,287,W,Y,1.1077222008893477,2.68156,50.402144772117964,53.26184092940125,-2.859696157283288
I289A,289,I,A,3.059720170003064,2.92142,94.14655942806077,56.07685433422699,38.06970509383378
I289C,289,I,C,1.6653473542625576,2.83168,68.8561215370867,55.004468275245756,13.851653261840937
I289D,289,I,D,2.925714100042105,6.12491,93.07417336907953,82.66309204647007,10.411081322609462
I289E,289,I,E,2.198117992180343,5.72637,80.83109919571045,80.6970509383378,0.1340482573726547
I289F,289,I,F,1.5594288098838467,5.92973,65.9964253798034,81.72475424486149,-15.728328865058089
I289G,289,I,G,4.202667493456738,4.88366,99.46380697050938,75.55853440571939,23.905272564789996
I289H,289,I,H,2.9507275190491185,8.17976,93.20822162645219,88.5165326184093,4.691689008042886
I289K,289,I,K,2.6180931236736336,6.85595,89.18677390527256,85.2100089365505,3.9767649687220654
I289L,289,I,L,0.6210681242421333,0.262428,30.6076854334227,14.432529043789097,16.1751563896336
I289M,289,I,M,0.1258415935094953,0.050758,11.438784629133155,10.768543342269883,0.6702412868632717
I289N,289,I,N,2.819456309847583,3.85021,91.733690795353,66.2645218945487,25.469168900804306
I289P,289,I,P,2.6626751367239305,6.40714,89.90169794459338,83.78016085790885,6.121537086684526
I289Q,289,I,Q,2.0663456295869267,2.5964,77.79267202859697,52.457551385165324,25.335120643431644
I289R,289,I,R,2.5934764247671804,7.3594,88.5165326184093,86.32707774798928,2.189454870420022
I289S,289,I,S,3.0578818764646525,3.31549,94.05719392314566,60.50044682752458,33.556747095621084
I289T,289,I,T,1.7118767666441428,1.89769,70.37533512064343,41.86773905272565,28.507596067917774
I289V,289,I,V,0.6026333209266387,0.478671,30.02680965147453,18.543342269883826,11.483467381590703
I289W,289,I,W,1.96985308232342,15.1567,76.09472743521,94.81680071492404,-18.72207327971404
I289Y,289,I,Y,2.0209911664999445,11.0607,76.89901697944593,92.26988382484362,-15.370866845397686
P293Y,293,P,Y,1.6791124207005206,12.9301,69.39231456657731,93.5656836461126,-24.17336907953529
L294P,294,L,P,3.1709967898836684,5.45491,95.3083109919571,79.35656836461126,15.951742627345837
L294Q,294,L,Q,2.9744091941807937,3.39416,93.43163538873995,61.61751563896336,31.814119749776587
L294R,294,L,R,2.77943557492026,2.95614,91.24218051831993,56.56836461126006,34.67381590705987
L294S,294,L,S,3.294885142831648,4.87869,96.73815907059875,75.51385165326184,21.224307417336917
L294T,294,L,T,2.971027893136233,4.75228,93.34226988382484,74.75424486148347,18.58802502234137
L294V,294,L,V,1.8777304175021452,2.65095,74.0840035746202,53.1277926720286,20.9562109025916
L294W,294,L,W,0.6366775510004881,4.36277,31.322609472743522,70.73279714030384,-39.41018766756032
L294Y,294,L,Y,1.3775917247770515,3.36837,60.00893655049151,61.260053619302944,-1.251117068811432
F295A,295,F,A,2.595123728432546,3.97,88.65058087578194,67.29222520107238,21.358355674709557
F295C,295,F,C,1.2352578193598092,3.26168,55.13851653261841,59.964253798033965,-4.825737265415555
F295D,295,F,D,2.4963569063744573,4.64113,86.72922252010724,73.50312779267203,13.22609472743521
F295E,295,F,E,2.1151630677329365,4.84494,78.73100983020555,75.42448614834673,3.3065236818588204
F295G,295,F,G,2.909090722370429,4.74122,92.80607685433424,74.62019660411082,18.18588025022342
F295H,295,F,H,1.324842666352419,3.08875,58.13226094727435,58.400357462019656,-0.2680965147453094
F295I,295,F,I,0.5773112853624217,1.53287,28.99910634495085,35.4781054512958,-6.478999106344947
S297A,297,S,A,0.3842854411764162,0.571487,21.31367292225201,20.554066130473636,0.7596067917783742
S297C,297,S,C,0.6574542318544553,1.42525,32.03753351206434,33.73547810545129,-1.69794459338695
S297D,297,S,D,1.6372013427705532,9.07063,68.09651474530831,90.30384271671134,-22.207327971403032
S297E,297,S,E,1.3459678891705316,18.0096,59.02591599642538,95.79982126899017,-36.77390527256479
S297F,297,S,F,1.356064050587859,20.0685,59.204647006255584,96.4253798033959,-37.220732797140315
S297G,297,S,G,1.13275480427342,2.21423,51.921358355674705,46.9615728328865,4.959785522788202
S297H,297,S,H,1.7543899334628243,18.3162,71.17962466487936,95.84450402144772,-24.664879356568363
S297I,297,S,I,1.2493203663635717,8.14013,55.67470956210903,88.38248436103665,-32.707774798927616
S297K,297,S,K,1.9033300465585163,10.7081,74.39678284182307,92.00178731009831,-17.60500446827524
S297L,297,S,L,1.1255177238772784,12.2206,51.42984807864165,93.34226988382484,-41.91242180518319
S297M,297,S,M,1.1284016274251245,6.77534,51.5638963360143,84.89722966934762,-33.33333333333332
S297N,297,S,N,1.80350743602948,8.41452,72.38605898123325,89.14209115281501,-16.756032171581765
S297P,297,S,P,2.615388886424927,5.89424,89.09740840035745,81.59070598748883,7.50670241286862
S297Q,297,S,Q,1.516177313757657,13.7972,64.47721179624665,93.923145665773,-29.445933869526357
S297R,297,S,R,1.5963673308274098,16.5892,66.80071492403931,95.35299374441466,-28.55227882037535
S297T,297,S,T,0.9037856028269222,4.19756,42.22520107238606,69.39231456657731,-27.167113494191256
S297V,297,S,V,1.0097138676026007,3.06078,46.11260053619303,58.13226094727435,-12.019660411081318
S297W,297,S,W,1.2176551036300614,31.739,54.512957998212684,98.6148346738159,-44.10187667560322
S297Y,297,S,Y,1.2126431576530796,23.8616,54.37890974084003,97.36371760500447,-42.98480786416444
L300A,300,L,A,2.43022169404334,2.48576,85.61215370866846,51.027703306523684,34.584450402144775
L300C,300,L,C,1.6981233580190749,2.98477,69.97319034852548,57.23860589812333,12.734584450402146
L300D,300,L,D,3.2219803633030524,5.51462,95.93386952636283,79.57998212689901,16.353887399463815
L300E,300,L,E,2.802194371096236,5.25247,91.51027703306524,77.97140303842717,13.538873994638067
L300F,300,L,F,1.393382363157046,4.43558,60.991957104557635,71.44772117962466,-10.45576407506703
L300G,300,L,G,3.1242376005936703,3.84336,94.81680071492404,66.21983914209115,28.596961572832896
L300H,300,L,H,3.133250365193509,6.94432,94.9508489722967,85.5674709562109,9.3833780160858
L300I,300,L,I,1.0482785594197437,1.15495,47.98927613941019,29.714030384271673,18.275245755138513
L300K,300,L,K,2.2365955606163914,3.84252,81.76943699731903,66.1751563896336,15.594280607685434
L300M,300,L,M,1.034816691229611,0.026241,47.40840035746202,10.232350312779268,37.17605004468275
L300N,300,L,N,3.425819001747638,4.07057,97.58713136729223,68.18588025022342,29.40125111706881
R301C,301,R,C,2.1766979189215303,3.68196,80.11617515638963,65.14745308310992,14.968722073279707
R301D,301,R,D,2.345959966410041,5.73643,83.91420911528151,80.83109919571045,3.083109919571058
R301E,301,R,E,2.113261372073101,5.50179,78.50759606791779,79.53529937444146,-1.0277033065236765
R301F,301,R,F,2.744100390977904,4.88995,90.70598748882931,75.60321715817693,15.102770330652376
R301G,301,R,G,1.2706596815915765,5.17727,56.25558534405719,77.390527256479,-21.134941912421816
R301H,301,R,H,1.3792775953279155,4.3125,60.27703306523682,70.37533512064343,-10.098302055406606
R301I,301,R,I,2.854809311247301,3.45535,92.22520107238606,62.33243967828418,29.892761394101875
R301K,301,R,K,1.7962641632297658,3.29445,71.93923145665772,60.41108132260947,11.528150134048254
R301L,301,R,L,2.8842939112969788,2.59257,92.62734584450402,52.41286863270778,40.21447721179624
R301M,301,R,M,2.2803568988072764,2.57461,82.75245755138516,52.10008936550492,30.652368185880242
R301N,301,R,N,2.18987934378085,5.04699,80.5183199285076,76.45218945487042,4.066130473637173
R301P,301,R,P,2.2138005295596312,5.98859,81.27792672028596,81.94816800714923,-0.6702412868632734
R301Q,301,R,Q,2.213162004952256,3.76349,81.23324396782841,65.77301161751564,15.46023235031278
R301S,301,R,S,1.1095906357274288,4.01706,50.580875781948166,67.69436997319035,-17.113494191242182
R301T,301,R,T,2.157598601475505,2.24057,79.71403038427167,47.36371760500447,32.3503127792672
R301V,301,R,V,2.5017271463433333,5.36616,86.90795352993744,78.68632707774799,8.221626452189454
R301W,301,R,W,1.9518672208960504,4.61864,75.6478999106345,73.36907953529938,2.2788203753351155
R301Y,301,R,Y,2.064084712572896,3.74106,77.65862377122431,65.63896336014298,12.019660411081333
H302A,302,H,A,0.3565169095877135,0.375748,20.01787310098302,16.621983914209114,3.395889186773907
H302C,302,H,C,0.1696236324990582,0.330902,12.734584450402146,15.504915102770331,-2.7703306523681857
H302D,302,H,D,0.7209524368142338,0.484163,34.09294012511171,18.67739052725648,15.415549597855229
H302E,302,H,E,0.5596436831036479,0.435138,28.239499553172475,17.7390527256479,10.500446827524577
H302F,302,H,F,0.0040205682694639,-0.37511,7.908847184986595,5.674709562109026,2.2341376228775687
H302G,302,H,G,0.5387006007173161,1.97936,27.43521000893655,43.43163538873995,-15.996425379803398
H302I,302,H,I,-0.1235400370526055,0.338427,4.378909740840036,15.549597855227882,-11.170688114387847
H302K,302,H,K,-0.1398967944803494,-0.260731,4.021447721179625,6.79177837354781,-2.7703306523681857
H302L,302,H,L,-0.0227920629037872,0.441953,7.1939231456657735,17.917783735478103,-10.723860589812329
H302M,302,H,M,0.2260257016286845,-0.249067,14.968722073279714,6.881143878462913,8.087578194816802
H302N,302,H,N,0.9015934538993824,-0.093381,42.046470062555855,8.668453976764969,33.37801608579089
H302P,302,H,P,0.5890673483419878,4.12233,29.535299374441465,68.81143878462913,-39.27613941018767
H302Q,302,H,Q,0.3861821760821398,0.150047,21.447721179624665,12.600536193029491,8.847184986595174
H302R,302,H,R,-0.3585407579185133,0.168725,1.3851653261840928,12.734584450402146,-11.349419124218052
H302S,302,H,S,0.290880345373285,0.208882,17.605004468275247,13.672922252010725,3.932082216264522
I303A,303,I,A,2.315875792459964,2.26421,83.33333333333334,47.76586237712243,35.56747095621091
I303C,303,I,C,0.7340542999876828,1.83794,34.405719392314566,40.795352993744416,-6.38963360142985
I303D,303,I,D,2.76664911089974,4.22099,91.01876675603218,69.66041108132261,21.35835567470957
I303E,303,I,E,2.470374312223933,4.71565,86.14834673815906,74.3521000893655,11.796246648793556
I303F,303,I,F,1.6976079879851045,4.63925,69.92850759606792,73.45844504021449,-3.5299374441465687
S304A,304,S,A,0.96987819964209,0.776285,44.727435210008935,23.458445040214475,21.26899016979446
S304C,304,S,C,0.5104133606341285,1.21422,26.13941018766756,30.652368185880253,-4.512957998212691
S304D,304,S,D,0.4146465806342209,-3.01669,22.78820375335121,0.22341376228775692,22.564789991063453
S304E,304,S,E,0.6808461319299283,-1.84109,32.48436103663986,0.9830205540661305,31.50134048257373
S304F,304,S,F,0.8432881031707257,0.705853,39.49955317247543,22.475424486148345,17.024128686327085
S304G,304,S,G,1.0387669719296029,0.500199,47.542448614834676,19.213583556747096,28.32886505808758
P305A,305,P,A,0.1854018132584889,1.26036,13.270777479892763,31.009830205540663,-17.739052725647902
P305C,305,P,C,0.5441949077052155,2.02436,27.61394101876676,44.05719392314567,-16.44325290437891
P305D,305,P,D,-0.0832217185860531,0.138937,5.317247542448615,12.377122430741734,-7.059874888293119
P305E,305,P,E,0.030021092626979,0.180261,8.936550491510276,12.913315460232349,-3.9767649687220725
P305F,305,P,F,0.4839285902923362,1.32582,24.977658623771223,32.12689901697944,-7.1492403932082205
P305G,305,P,G,0.93551499695497,1.7513,43.386952636282395,39.05272564789991,4.334226988382483
P305H,305,P,H,0.375839566851021,1.94863,20.777479892761395,42.850759606791776,-22.07327971403038
P305I,305,P,I,0.3857345767402451,1.06698,21.403038427167115,28.37354781054513,-6.970509383378015
P305K,305,P,K,0.2060005322490281,1.31062,14.075067024128687,31.903485254691688,-17.828418230563003
P305L,305,P,L,0.3412598096250951,1.7877,19.43699731903485,39.85701519213583,-20.42001787310098
P305M,305,P,M,0.4657567060311133,-0.462229,24.396782841823057,4.647006255585344,19.749776586237715
P305N,305,P,N,0.1554062191160794,2.03,12.064343163538874,44.14655942806077,-32.0822162645219
P305Q,305,P,Q,0.1613744748040159,1.20876,12.421805183199284,30.518319928507598,-18.096514745308312
P305R,305,P,R,0.2669606723253817,1.57966,16.532618409294013,36.46112600536193,-19.92850759606792
P305S,305,P,S,-0.1430296072727664,1.79042,3.932082216264522,39.946380697050934,-36.01429848078641
P305T,305,P,T,0.4019260536668472,1.7332,22.20732797140304,38.6952636282395,-16.487935656836463
P305V,305,P,V,0.633065234029477,1.63922,30.96514745308311,37.17605004468275,-6.210902591599645
P305W,305,P,W,0.230681958394501,1.24067,15.236818588025022,30.875781948168008,-15.638963360142986
K308A,308,K,A,1.052787719252212,1.38578,48.436103663985705,33.24396782841823,15.192135835567477
K308C,308,K,C,1.2284661668495689,1.68109,54.8704200178731,37.801608579088466,17.068811438784635
K308D,308,K,D,2.5867604500832684,3.35146,88.38248436103665,61.036639857015196,27.34584450402145
K308E,308,K,E,1.352190709678365,1.92976,59.115281501340476,42.403932082216265,16.71134941912421
K308F,308,K,F,0.9623606165166504,3.39155,44.41465594280608,61.572832886505815,-17.158176943699736
K308G,308,K,G,2.863609384564581,2.28492,92.35924932975871,48.078641644325295,44.28060768543342
K308H,308,K,H,1.4498576118574735,2.64424,62.645218945487045,53.08310991957105,9.562109025915994
K308I,308,K,I,0.4428569503816518,-0.052659,23.59249329758713,9.159964253798034,14.432529043789096
K308L,308,K,L,0.8458116671476397,-0.154791,39.67828418230563,7.640750670241286,32.03753351206434
K308M,308,K,M,0.3192441417804103,-0.025825,18.63270777479893,9.651474530831099,8.981233243967832
K308N,308,K,N,2.6039621488203566,2.58202,88.7846291331546,52.27882037533512,36.50580875781947
K308P,308,K,P,2.64283691026186,6.52484,89.49955317247542,84.13762287756926,5.361930294906159
A309L,309,A,L,0.2775593779160913,-0.264459,17.06881143878463,6.747095621090258,10.32171581769437
A309M,309,A,M,0.2927988600734212,-0.00993,17.7390527256479,9.874888293118858,7.864164432529041
A309N,309,A,N,0.3955088336728001,-0.08065,21.84986595174263,8.891867739052724,12.957998212689905
A309P,309,A,P,1.3858225377216185,2.87418,60.58981233243968,55.630026809651476,4.959785522788202
A309Q,309,A,Q,0.2200374820115033,-0.201695,14.655942806076855,7.283288650580875,7.3726541554959795
A309R,309,A,R,0.0252796923657346,-0.401737,8.668453976764969,5.272564789991064,3.395889186773905
A309S,309,A,S,0.4175977632270992,-0.098983,22.92225201072386,8.579088471849866,14.343163538873993
A309T,309,A,T,0.5331490798791525,0.489514,27.033065236818587,18.811438784629132,8.221626452189454
A309V,309,A,V,0.5916386714479582,0.362516,29.624664879356565,16.175156389633603,13.449508489722962
A309W,309,A,W,0.1776611884824294,-0.225395,12.957998212689903,7.015192135835567,5.942806076854336
A309Y,309,A,Y,0.575549984072198,0.042623,28.775692582663094,10.545129579982127,18.230563002680967
Q312W,312,Q,W,0.8152978830988779,10.9339,37.93565683646112,92.13583556747096,-54.20017873100984
Q312Y,312,Q,Y,1.1207051653527091,9.25134,51.385165326184094,90.61662198391421,-39.23145665773012
D315V,315,D,V,0.9037714681074216,0.117993,42.18051831992851,11.885612153708669,30.29490616621984
D315W,315,D,W,0.278690384681116,-0.411508,17.292225201072387,5.227882037533512,12.064343163538876
D315Y,315,D,Y,0.19086269222296,-0.666579,13.449508489722966,3.351206434316354,10.098302055406613
A318C,318,A,C,0.7629842556882155,0.629967,35.52278820375335,21.35835567470956,14.16443252904379
A318D,318,A,D,0.3290934493633174,0.7383,18.900804289544233,23.011617515638964,-4.110813226094731
A318E,318,A,E,0.1688370016984692,0.375929,12.600536193029491,16.666666666666664,-4.066130473637173
A318F,318,A,F,0.762411253983823,-0.153189,35.4781054512958,7.774798927613941,27.703306523681857
A318G,318,A,G,0.7974851654708549,0.759703,37.0420017873101,23.235031277926723,13.806970509383376
A318H,318,A,H,0.5354451993245889,0.496639,27.211796246648795,19.034852546916888,8.176943699731908
A318I,318,A,I,0.511660625934112,0.494382,26.184092940125115,18.900804289544233,7.283288650580882
A318K,318,A,K,-0.0010689176015671,-0.28811,7.7301161751563905,6.523681858802502,1.2064343163538886
A318L,318,A,L,0.4510522937685483,-0.304058,23.86058981233244,6.3002680965147455,17.560321715817693
A318M,318,A,M,0.5273076133042228,0.318672,26.80965147453083,15.326184092940126,11.483467381590705
A318N,318,A,N,0.2775874773804522,0.065644,17.113494191242182,11.036639857015192,6.07685433422699
A318P,318,A,P,1.5175032100588552,4.6049,64.56657730116176,73.23503127792672,-8.668453976764965
A318Q,318,A,Q,0.302485985777407,-0.153662,18.141197497765862,7.685433422698838,10.455764075067023
A318R,318,A,R,0.0016953295640779,-0.466342,7.774798927613941,4.602323503127793,3.172475424486148
A318S,318,A,S,0.2212147433863236,0.026226,14.83467381590706,10.187667560321715,4.647006255585344
A318T,318,A,T,0.8031162414293259,1.50025,37.39946380697051,34.80786416443253,2.591599642537979
A318V,318,A,V,0.94510408886236,0.256305,43.69973190348526,14.298480786416443,29.401251117068817
A318W,318,A,W,0.3683523554495678,-0.844951,20.64343163538874,2.680965147453083,17.962466487935657
A318Y,318,A,Y,0.6439904294843544,-0.0406,31.680071492403933,9.517426273458444,22.16264521894549
Q321A,321,Q,A,1.9784636464201744,3.07666,76.18409294012511,58.31099195710456,17.87310098302055
Q321C,321,Q,C,1.4569438290190797,2.89144,62.82394995531725,55.76407506702413,7.059874888293116
Q321D,321,Q,D,1.5888086657286251,3.58485,66.71134941912422,64.07506702412869,2.6362823949955327
Q321E,321,Q,E,1.066123912991776,3.27558,48.882931188561216,60.187667560321714,-11.304736371760498
Q321F,321,Q,F,2.0524676902393577,5.73137,77.3011617515639,80.74173369079534,-3.4405719392314467
Q321G,321,Q,G,2.134357925620473,2.84752,79.22252010723861,55.31724754244861,23.905272564789996
Q321H,321,Q,H,1.0355353306896296,2.93267,47.49776586237712,56.25558534405719,-8.757819481680066
Q321I,321,Q,I,1.257908733718539,2.02492,56.166219839142094,44.10187667560322,12.064343163538872
Q321K,321,Q,K,1.426084043524695,0.533445,62.15370866845398,20.01787310098302,42.13583556747096
Q321L,321,Q,L,1.532244787787764,0.346713,65.01340482573727,15.862377122430743,49.151027703306525
Q321M,321,Q,M,1.3386668127991508,0.821045,58.75781948168007,24.262734584450403,34.495084897229674
Q321N,321,Q,N,1.3820669705160762,2.44469,60.50044682752458,50.44682752457551,10.053619302949066
Q321P,321,Q,P,2.594510213661977,7.94878,88.56121537086685,87.93565683646113,0.6255585344057124
Q321R,321,Q,R,0.8996453378349193,1.76681,41.778373547810546,39.41018766756032,2.3681858802502234
Q321S,321,Q,S,1.3818452994845547,3.49851,60.45576407506702,63.04736371760501,-2.591599642537986
Q321T,321,Q,T,1.082944399332529,2.84286,49.508489722966935,55.13851653261841,-5.630026809651476
Q321V,321,Q,V,1.1140478330612538,2.07531,50.93833780160858,44.68275245755138,6.255585344057202
Q321W,321,Q,W,1.16172782969293,2.82157,52.72564789991063,54.825737265415555,-2.100089365504921
Q321Y,321,Q,Y,2.066942166491664,5.28304,77.83735478105451,78.37354781054513,-0.5361930294906188
D322A,322,D,A,1.5669558218933008,2.08867,66.1751563896336,44.995531724754244,21.179624664879356
D322C,322,D,C,1.0651084176827776,1.96091,48.793565683646115,43.07417336907953,5.7193923145665835
D322E,322,D,E,1.8649858962024348,2.75203,73.68185880250223,54.15549597855228,19.526362823949952
D322F,322,D,F,1.7093007594234424,6.62284,70.19660411081323,84.36103663985702,-14.164432529043793
D322G,322,D,G,2.767168052222444,3.51052,91.06344950848973,63.1367292225201,27.926720285969623
D322H,322,D,H,1.1294559949575342,8.93576,51.78731009830205,90.16979445933869,-38.38248436103664
D322I,322,D,I,2.595039026808108,0.648913,88.6058981233244,21.67113494191242,66.93476318141197
D322K,322,D,K,3.270133401257958,2.11502,96.33601429848079,45.57640750670242,50.759606791778374
D322L,322,D,L,2.825266537176035,3.3477,91.82305630026809,60.991957104557635,30.831099195710458
D322M,322,D,M,2.16782359626809,-1.34384,79.93744414655943,1.4745308310991956,78.46291331546023
D322N,322,D,N,0.8168871230697131,1.93408,38.11438784629133,42.53798033958892,-4.4235924932975905
D322P,322,D,P,3.183191562452093,8.73871,95.44235924932975,89.63360142984807,5.808757819481684
D322Q,322,D,Q,2.1602008114790183,2.08259,79.80339588918677,44.86148346738159,34.941912421805185
D322R,322,D,R,2.729222825815441,1.92559,90.57193923145665,42.31456657730116,48.257372654155496
D322S,322,D,S,1.3794960089863038,2.46417,60.32171581769437,50.75960679177838,9.562109025915987
D322T,322,D,T,2.366219414001514,1.29534,84.31635388739946,31.546023235031278,52.77033065236818
D322V,322,D,V,2.5695773042352177,0.631744,88.15907059874888,21.403038427167115,66.75603217158177
D322W,322,D,W,0.4509959533861433,8.38257,23.81590705987489,89.00804289544236,-65.19213583556747
G325A,325,G,A,0.3777055769143996,2.50696,20.91152815013405,51.29579982126899,-30.384271671134943
G325C,325,G,C,0.4981182398228074,2.58552,25.513851653261842,52.32350312779267,-26.809651474530828
G325D,325,G,D,2.2937350547688857,7.44407,83.10991957104558,86.68453976764968,-3.5746201966041014
G325K,325,G,K,1.4185886757126678,11.2127,62.019660411081325,92.35924932975871,-30.339588918677386
G325L,325,G,L,1.187013739442116,7.77192,53.70866845397676,87.57819481680072,-33.869526362823954
G325M,325,G,M,1.0470531899699818,7.86585,47.94459338695264,87.75692582663092,-39.81233243967828
G325N,325,G,N,1.6543865692513104,5.26016,68.58802502234138,78.15013404825737,-9.562109025915987
G325P,325,G,P,2.234708156886448,11.054,81.72475424486149,92.22520107238606,-10.50044682752457
G325Q,325,G,Q,1.3453357334863745,8.96468,58.98123324396782,90.21447721179625,-31.23324396782843
G325R,325,G,R,1.1711863540924805,11.3053,53.1277926720286,92.44861483467382,-39.32082216264522
G325S,325,G,S,1.1109770467508522,4.52353,50.71492403932082,72.38605898123325,-21.671134941912428
G325T,325,G,T,1.5699054872788885,7.19055,66.21983914209115,86.10366398570152,-19.88382484361037
G325V,325,G,V,1.549305086436785,5.75212,65.41554959785523,80.92046470062556,-15.504915102770326
G325W,325,G,W,0.8605944246610621,18.4031,40.3485254691689,95.88918677390528,-55.54066130473638
G325Y,325,G,Y,0.5274646872455219,21.7898,26.85433422698838,97.05093833780161,-70.19660411081323
Q327A,327,Q,A,1.5234139186328708,0.989008,64.74530831099196,27.34584450402145,37.39946380697051
Q327C,327,Q,C,1.074897066531159,0.397403,49.10634495084897,17.113494191242182,31.99285075960679
Q327D,327,Q,D,2.060390611998548,4.19009,77.43521000893655,69.3029490616622,8.132260947274347
Q327E,327,Q,E,0.7920278067483828,0.78007,36.72922252010724,23.59249329758713,13.136729222520113
Q327F,327,Q,F,1.9521967924972845,7.40086,75.69258266309204,86.50580875781948,-10.81322609472744
Q327G,327,Q,G,2.5309104553494297,2.16777,87.31009830205541,46.42537980339589,40.88471849865952
Q327H,327,Q,H,1.392506630147867,5.22136,60.85790884718498,77.7479892761394,-16.890080428954427
Q327I,327,Q,I,1.9060205909550132,1.4587,74.48614834673816,34.13762287756926,40.348525469168905
Q327K,327,Q,K,1.7980778489617346,0.096623,72.07327971403038,11.438784629133155,60.634495084897225
Q327L,327,Q,L,2.2652887469960743,0.707414,82.3503127792672,22.5201072386059,59.8302055406613
Q327M,327,Q,M,0.0121050419422905,-1.06997,8.266309204647007,2.0554066130473636,6.210902591599643
Q327N,327,Q,N,1.7841153093790716,2.00946,71.76050044682752,43.92314566577301,27.837354781054508
Q327P,327,Q,P,1.0484805724603636,-0.519033,48.03395889186774,4.1554959785522785,43.87846291331546
Q327R,327,Q,R,1.1928448305302577,0.292637,53.976764968722065,15.013404825737265,38.9633601429848
Q327S,327,Q,S,1.561437273911921,0.816864,66.04110813226094,24.084003574620198,41.95710455764075
Q327T,327,Q,T,1.6564623931482876,1.88228,68.63270777479893,41.64432529043789,26.98838248436104
Q327V,327,Q,V,1.2979898614098029,0.35957,57.28328865058088,16.13047363717605,41.15281501340483
Q327W,327,Q,W,1.6289843485422038,6.80509,67.78373547810546,85.03127792672028,-17.247542448614823
Q327Y,327,Q,Y,1.915304798847324,8.61444,74.70956210902592,89.36550491510276,-14.655942806076837
G328A,328,G,A,-0.1218581836927337,5.5676,4.423592493297587,79.71403038427167,-75.29043789097408
G328C,328,G,C,0.7739422678027088,12.0545,35.924932975871315,93.16353887399464,-57.238605898123325
G328D,328,G,D,3.0394497363723367,23.1395,93.87846291331546,97.22966934763181,-3.351206434316353
G328E,328,G,E,3.438004621037209,29.3695,97.63181411974978,98.39142091152814,-0.7596067917783671
G328F,328,G,F,2.2013189653840484,43.6673,80.9651474530831,99.68722073279714,-18.72207327971404
G328H,328,G,H,3.186296035617512,35.6236,95.53172475424486,99.19571045576407,-3.663985701519209
G328I,328,G,I,2.701927918468591,28.6405,90.2591599642538,98.21268990169794,-7.953529937444145
G328K,328,G,K,3.1489954016664803,31.6306,95.1295799821269,98.57015192135835,-3.4405719392314467
G328Q,328,G,Q,3.226504835217279,26.3588,95.97855227882037,97.89991063449509,-1.9213583556747125
G328R,328,G,R,2.3561385618275783,32.8289,84.13762287756926,98.79356568364611,-14.655942806076851
G328S,328,G,S,1.4686916943619714,11.2876,63.04736371760501,92.40393208221627,-29.356568364611263
G328T,328,G,T,2.9820072016508874,18.6859,93.52100089365504,96.02323503127793,-2.5022341376228923
G328V,328,G,V,2.8180090955604755,20.3969,91.68900804289544,96.73815907059875,-5.049151027703317
G328W,328,G,W,0.2622636178843017,68.7298,16.353887399463808,100.0,-83.64611260053618
G328Y,328,G,Y,2.176880954739248,43.5061,80.16085790884718,99.64253798033958,-19.481680071492406
Y329A,329,Y,A,1.822302970163752,3.49488,72.78820375335121,62.9579982126899,9.83020554066131
Y329C,329,Y,C,1.3408587641157403,3.27283,58.84718498659517,60.09830205540661,-1.2511170688114461
Y329D,329,Y,D,2.162304352062272,5.67458,79.84807864164432,80.42895442359249,-0.5808757819481656
Y329E,329,Y,E,2.2811108806801124,4.09636,82.79714030384272,68.36461126005362,14.432529043789103
Y329F,329,Y,F,1.1102252154053078,1.11096,50.67024128686327,29.267202859696155,21.403038427167118
Y329G,329,Y,G,2.9024315900189066,4.1054,92.76139410187668,68.54334226988382,24.218051831992852
Y329H,329,Y,H,1.36434656168229,3.475,59.51742627345844,62.55585344057194,-3.038427167113497
Y329I,329,Y,I,1.341926323997426,4.74077,58.936550491510275,74.53083109919572,-15.594280607685448
Y329K,329,Y,K,1.6956927464714748,3.18223,69.88382484361037,59.42806076854335,10.455764075067023
Y329L,329,Y,L,1.3230062461673493,2.84427,57.9982126899017,55.22788203753352,2.7703306523681803
Y329M,329,Y,M,1.5964827707014528,2.17633,66.84539767649687,46.51474530831099,20.33065236818588
Y329N,329,Y,N,1.987489965028832,4.08167,76.40750670241286,68.31992850759607,8.087578194816786
Y329P,329,Y,P,2.5632007241871717,6.03033,88.02502234137623,82.03753351206434,5.987488829311886
R332A,332,R,A,0.5070766173614524,1.75422,26.005361930294907,39.18677390527257,-13.18141197497766
R332C,332,R,C,-0.2269346159485463,1.42405,2.5022341376228776,33.690795352993746,-31.188561215370868
R332D,332,R,D,0.995245893584559,1.30522,45.75513851653262,31.814119749776587,13.94101876675603
R332E,332,R,E,0.7546788033297878,0.683395,35.120643431635386,22.29669347631814,12.823949955317246
R332F,332,R,F,-0.4985175676817044,0.108497,0.938337801608579,11.662198391420912,-10.723860589812332
R332G,332,R,G,0.8431134807457386,2.58072,39.454870420017876,52.234137622877576,-12.7792672028597
R332H,332,R,H,0.5401498551931696,0.788644,27.479892761394105,23.726541554959784,3.7533512064343206
G334A,334,G,A,0.1026972999613663,2.10498,10.589812332439678,45.30831099195711,-34.71849865951743
G334C,334,G,C,-0.0277966655018819,2.52878,7.149240393208221,51.69794459338696,-44.54870420017873
G334D,334,G,D,-0.1697540088519433,1.46358,3.4405719392314564,34.27167113494191,-30.831099195710454
G334E,334,G,E,-0.5526767040381927,1.50074,0.7149240393208222,34.852546916890084,-34.137622877569264
G334F,334,G,F,-0.2373137139440497,1.23258,2.3681858802502234,30.786416443252907,-28.418230563002684
G334H,334,G,H,0.0821200896562429,3.57263,10.187667560321715,63.94101876675603,-53.75335120643432
G334I,334,G,I,0.1271639817128766,2.21106,11.483467381590707,46.91689008042895,-35.43342269883824
G334K,334,G,K,0.2296822803584754,1.72524,15.14745308310992,38.29311885612154,-23.14566577301162
G334L,334,G,L,0.2928351577883838,2.80243,17.78373547810545,54.64700625558534,-36.86327077747989
G334M,334,G,M,0.1755449051543019,1.46296,12.868632707774799,34.226988382484365,-21.358355674709564
G334N,334,G,N,0.3145354803445753,1.88496,18.543342269883826,41.778373547810546,-23.23503127792672
G334P,334,G,P,1.3184711858756246,5.17106,57.81948168007149,77.3011617515639,-19.481680071492406
G334Q,334,G,Q,-0.0395274555002159,2.15439,6.613047363717604,46.201966041108136,-39.58891867739053
G334W,334,G,W,-0.1323482178637508,2.21924,4.20017873100983,47.00625558534406,-42.80607685433423
G334Y,334,G,Y,-0.2208865092145312,2.09521,2.5915996425379806,45.1295799821269,-42.53798033958892
N336L,336,N,L,-0.2259260798674066,-0.309986,2.546916890080429,6.210902591599642,-3.663985701519213
N336M,336,N,M,-0.2136665450195344,0.219517,2.680965147453083,13.85165326184093,-11.170688114387847
N336P,336,N,P,1.147004256525392,3.86328,52.502234137622885,66.3538873994638,-13.851653261840916
N336Q,336,N,Q,0.0046710619063403,0.198326,8.04289544235925,13.360142984807863,-5.317247542448614
N336R,336,N,R,0.1220034507108924,-1.18812,11.215370866845397,1.653261840929401,9.562109025915996
N336S,336,N,S,-0.0563048947355394,1.08879,6.166219839142091,28.686327077747993,-22.520107238605902
N336T,336,N,T,1.2521712394752968,4.4289,55.80875781948168,71.35835567470956,-15.54959785522788
N336V,336,N,V,0.5934698941203275,2.75302,29.714030384271673,54.244861483467375,-24.5308310991957
N336W,336,N,W,-0.0606680084656523,0.038852,5.987488829311886,10.455764075067025,-4.468275245755139
N336Y,336,N,Y,-0.3030051049023706,0.0405,1.742627345844504,10.500446827524575,-8.757819481680071
W340A,340,W,A,2.8825923415219084,5.41649,92.58266309204647,79.17783735478106,13.404825737265412
W340C,340,W,C,1.7640954929500057,5.58455,71.44772117962466,79.98212689901698,-8.53440571939231
W340D,340,W,D,2.7248343674732864,8.65901,90.48257372654156,89.41018766756032,1.0723860589812375
W340E,340,W,E,3.408355963137766,8.14705,97.49776586237712,88.47184986595174,9.025915996425383
W340F,340,W,F,1.0798224541942998,2.09424,49.19571045576407,45.084897229669345,4.110813226094727
W340G,340,W,G,4.400740967451315,7.60088,99.68722073279714,87.0420017873101,12.645218945487045
W340H,340,W,H,1.5403758724505412,2.72533,65.19213583556747,53.75335120643432,11.438784629133153
W340I,340,W,I,2.8617102722266705,5.07002,92.31456657730116,76.63092046470062,15.683646112600542
W340K,340,W,K,2.472748744898418,4.93865,86.19302949061662,75.9159964253798,10.277033065236822
W340L,340,W,L,2.783265329239239,2.79172,91.37622877569258,54.557640750670245,36.818588025022336
W340M,340,W,M,2.339346733162291,3.53697,83.7354781054513,63.49419124218052,20.241286863270787
W340N,340,W,N,2.5845942960531723,6.19799,88.29311885612154,83.02055406613047,5.2725647899910655
W340P,340,W,P,3.600953301690334,5.97563,98.25737265415549,81.85880250223414,16.398570151921348
W340Q,340,W,Q,2.809137104176704,5.34684,91.5549597855228,78.5969615728329,12.957998212689901
W340R,340,W,R,2.1977548866232026,3.04192,80.7864164432529,58.04289544235925,22.74352100089365
W340S,340,W,S,2.485453162274485,5.861,86.37176050044683,81.36729222520107,5.004468275245756
W340T,340,W,T,3.2146898588865898,6.69187,95.88918677390528,84.67381590705988,11.215370866845404
W340V,340,W,V,2.9676673228322783,4.30094,93.2975871313673,70.33065236818588,22.966934763181413
W340Y,340,W,Y,0.8542334569179183,1.06062,40.169794459338696,28.19481680071492,11.974977658623775
G346A,346,G,A,0.8856802604304654,1.10588,41.24218051831993,29.177837354781055,12.064343163538872
G346C,346,G,C,0.6687658157136248,2.05084,32.171581769437,44.369973190348524,-12.198391420911527
G346D,346,G,D,0.2268371911741014,1.0325,15.058087578194817,27.837354781054515,-12.779267202859698
G346E,346,G,E,0.2987575922031404,1.09207,17.962466487935657,28.820375335120644,-10.857908847184987
G346F,346,G,F,0.3595571222665857,1.7969,20.196604110813226,40.03574620196604,-19.839142091152816
G346H,346,G,H,0.1106502765215128,1.99478,10.94727435210009,43.655049151027704,-32.707774798927616
G346I,346,G,I,1.1176246413516713,3.62086,51.206434316353885,64.47721179624665,-13.270777479892764
G346K,346,G,K,0.1870684381519959,0.919104,13.360142984807863,25.826630920464698,-12.466487935656835
G346L,346,G,L,0.3599185919640549,2.24719,20.285969615728327,47.542448614834676,-27.25647899910635
G346M,346,G,M,0.2913610273971553,3.32674,17.649687220732797,60.58981233243968,-42.94012511170688
G346N,346,G,N,-0.0707607324020951,1.68198,5.674709562109026,37.84629133154602,-32.171581769437
G346P,346,G,P,2.0176369138550605,4.70131,76.85433422698839,74.1733690795353,2.6809651474530796
G346Q,346,G,Q,0.1674000147064086,1.93746,12.511170688114387,42.71671134941912,-30.205540661304735
G346R,346,G,R,0.2920189546435471,1.45592,17.694369973190348,34.09294012511171,-16.398570151921362
G346S,346,G,S,0.8011617085943961,1.41251,37.22073279714031,33.42269883824844,3.798033958891871
G346T,346,G,T,1.4781308449664383,4.55471,63.44950848972297,72.78820375335121,-9.338695263628239
G346V,346,G,V,1.5353067733571966,4.76066,65.10277033065238,74.84361036639856,-9.740840035746189
G346W,346,G,W,0.6081617571876133,1.69653,30.205540661304735,38.02502234137623,-7.819481680071494
A348C,348,A,C,0.4125313820478237,0.547408,22.698838248436104,20.151921358355672,2.546916890080432
A348D,348,A,D,1.0504284005456943,3.03436,48.21268990169795,57.81948168007149,-9.606791778373541
A348E,348,A,E,0.5777893159709281,1.46536,29.0437890974084,34.316353887399465,-5.2725647899910655
A348F,348,A,F,0.2724312320243245,-0.331719,16.890080428954423,5.987488829311886,10.902591599642538
A348G,348,A,G,1.3790405644805508,1.04751,60.187667560321714,28.01608579088472,32.171581769437
A348H,348,A,H,0.9063367546529674,-0.048098,42.31456657730116,9.428060768543341,32.88650580875782
A348I,348,A,I,-0.0860840761017066,0.342716,5.227882037533512,15.728328865058089,-10.500446827524577
A348K,348,A,K,0.034327119338517,-0.132413,8.981233243967829,7.998212689901697,0.9830205540661314
A348L,348,A,L,0.2420713889641597,0.391006,15.683646112600535,16.890080428954423,-1.2064343163538886
A348M,348,A,M,-0.0745363313329829,-0.442952,5.540661304736371,4.870420017873101,0.6702412868632699
W349A,349,W,A,2.7215329404322035,3.73521,90.39320822162645,65.54959785522789,24.843610366398565
W349C,349,W,C,1.2792706969283487,3.33263,56.613047363717605,60.768543342269886,-4.155495978552281
W349D,349,W,D,2.8119034374423286,6.39615,91.59964253798034,83.69079535299375,7.908847184986598
W349E,349,W,E,2.9249645860741613,5.38441,92.94012511170689,78.8650580875782,14.075067024128685
I354E,354,I,E,1.5574760573419617,5.15744,65.77301161751564,77.07774798927613,-11.304736371760498
I354F,354,I,F,-0.6364765776935161,10.022,0.40214477211796246,91.37622877569258,-90.97408400357462
I354G,354,I,G,3.4956852498323268,5.37736,97.81054512957998,78.7756925826631,19.03485254691688
I354H,354,I,H,0.0243252435546919,6.85971,8.623771224307418,85.25469168900804,-76.63092046470062
I354K,354,I,K,1.246856673455999,3.59145,55.58534405719392,64.11974977658623,-8.53440571939231
I354L,354,I,L,-0.4566746458762266,0.648335,1.1170688114387846,21.62645218945487,-20.509383378016086
I354M,354,I,M,-0.6327902853652662,1.35436,0.44682752457551383,32.84182305630027,-32.39499553172476
I354N,354,I,N,1.5798652475187256,4.0039,66.57730116175156,67.51563896336015,-0.9383378016085828
I354P,354,I,P,1.5767604784743794,4.8259,66.48793565683646,75.29043789097408,-8.80250223413762
I354Q,354,I,Q,1.1878905763255163,4.39202,53.75335120643432,71.09025915996425,-17.33690795352993
I354R,354,I,R,0.56956059781737,4.5096,28.507596067917785,72.2520107238606,-43.744414655942805
I354S,354,I,S,1.0824883431669552,4.37794,49.46380697050938,70.9562109025916,-21.492403932082212
I354T,354,I,T,0.4020524312156674,2.66459,22.25201072386059,53.172475424486144,-30.920464700625555
I354V,354,I,V,-0.2011142711713931,1.2737,2.8150134048257374,31.188561215370868,-28.37354781054513
I354W,354,I,W,-0.4796467219794796,18.6513,1.0723860589812333,95.93386952636283,-94.86148346738159
I354Y,354,I,Y,-0.3052654283237799,13.6611,1.6979445933869526,93.8337801608579,-92.13583556747095
N355A,355,N,A,2.0496369379542068,1.86989,77.25647899910635,41.331546023235035,35.924932975871315
N355C,355,N,C,0.1783484381176851,3.01112,13.002680965147453,57.37265415549599,-44.36997319034853
N355D,355,N,D,0.489594828501058,1.17599,25.11170688114388,30.071492403932083,-4.959785522788202
N355E,355,N,E,1.4879987165738089,1.42175,63.58355674709563,33.64611260053619,29.937444146559436
N355F,355,N,F,-0.0747009821310559,8.41112,5.495978552278821,89.09740840035745,-83.60142984807862
N355G,355,N,G,3.1298842933047872,3.96961,94.86148346738159,67.24754244861484,27.613941018766752
N355H,355,N,H,1.184633632129886,5.26577,53.66398570151921,78.19481680071493,-24.530831099195723
N355I,355,N,I,2.732227958032274,5.16036,90.61662198391421,77.21179624664879,13.404825737265426
N355K,355,N,K,1.9282387213071024,4.39978,75.11170688114387,71.1349419124218,3.9767649687220796
Q357W,357,Q,W,0.5552004808850096,0.714877,28.10545129579982,22.698838248436104,5.406613047363717
Q357Y,357,Q,Y,0.4117479170419575,-0.050403,22.654155495978554,9.294012511170688,13.360142984807865
I359A,359,I,A,0.5557581340888021,1.64721,28.150134048257375,37.31009830205541,-9.159964253798034
I359C,359,I,C,-0.2528588522919139,1.02109,2.234137622877569,27.658623771224306,-25.424486148346737
I359D,359,I,D,0.2784019666349921,3.55176,17.247542448614837,63.67292225201072,-46.425379803395884
I359E,359,I,E,0.3622079257597035,2.52718,20.37533512064343,51.653261840929396,-31.277926720285965
G360E,360,G,E,1.3609538027754873,4.3635,59.42806076854335,70.77747989276139,-11.349419124218045
G360F,360,G,F,1.129685868757044,4.09707,51.83199285075961,68.40929401251117,-16.577301161751556
G360H,360,G,H,1.304765803833387,7.64362,57.55138516532619,87.26541554959786,-29.714030384271673
G360I,360,G,I,1.6241771052975391,6.09462,67.69436997319035,82.52904378909741,-14.834673815907067
G360K,360,G,K,1.2920154634989265,4.27995,57.10455764075068,70.01787310098302,-12.913315460232347
G360L,360,G,L,1.381669148489949,5.76716,60.41108132260947,80.9651474530831,-20.554066130473636
G360M,360,G,M,1.1260089050232984,3.91397,51.474530831099194,66.84539767649687,-15.370866845397678
G360N,360,G,N,1.5645983175186398,6.29203,66.08579088471849,83.28865058087578,-17.20285969615729
G360P,360,G,P,1.7694805307376142,11.3245,71.58176943699732,92.58266309204647,-21.000893655049154
G360Q,360,G,Q,1.3218268491296066,5.19398,57.953529937444145,77.4798927613941,-19.526362823949952
G360R,360,G,R,1.1716740374226682,5.38092,53.172475424486144,78.82037533512064,-25.6478999106345
G360S,360,G,S,1.3305531815217695,3.89349,58.31099195710456,66.62198391420911,-8.310991957104548
G360T,360,G,T,1.8328288107448352,7.42004,73.01161751563896,86.63985701519213,-13.628239499553175
G360V,360,G,V,1.9488957066876929,4.91935,75.51385165326184,75.78194816800715,-0.2680965147453094
G360W,360,G,W,1.274932393200434,6.47649,56.47899910634495,83.95889186773906,-27.479892761394105
G360Y,360,G,Y,1.2843597688246604,4.10971,56.79177837354781,68.67739052725648,-11.88561215370867
G361A,361,G,A,1.0805081980501885,1.53832,49.28507596067917,35.746201966041106,13.538873994638067
G361C,361,G,C,0.6338347131994145,0.913082,31.099195710455763,25.737265415549597,5.361930294906166
G361D,361,G,D,1.2576802062549073,2.35346,56.07685433422699,49.240393208221626,6.836461126005361
G361E,361,G,E,0.9558191985827365,2.11446,44.05719392314567,45.53172475424486,-1.4745308310991945
G361F,361,G,F,0.221208763016781,0.168896,14.78999106344951,12.779267202859696,2.0107238605898132
G361H,361,G,H,0.7071712430022147,2.32243,33.33333333333333,48.793565683646115,-15.460232350312786
G361I,361,G,I,1.0818981698930454,4.31383,49.37444146559428,70.42001787310099,-21.045576407506708
G361K,361,G,K,0.8222076105620321,1.52944,38.248436103663984,35.388739946380696,2.859696157283288
G361L,361,G,L,1.1082844698615473,0.919336,50.44682752457551,25.915996425379806,24.530831099195705
G361M,361,G,M,0.616113773711132,1.03343,30.473637176050044,27.882037533512065,2.591599642537979
G361N,361,G,N,1.3606204308401264,1.26815,59.383378016085786,31.143878462913317,28.239499553172468
G361P,361,G,P,0.4099356610382925,0.820307,22.609472743521,24.218051831992852,-1.6085790884718527
G361Q,361,G,Q,0.8121973032857858,1.24267,37.75692582663092,30.920464700625562,6.836461126005357
G361R,361,G,R,0.6185806134919164,-0.60122,30.563002680965145,3.708668453976765,26.854334226988378
G361S,361,G,S,1.1127212344151942,1.55817,50.848972296693475,36.103663985701516,14.745308310991959
G361T,361,G,T,1.4701359445763569,6.2191,63.092046470062556,83.10991957104558,-20.017873100983024
G361V,361,G,V,1.2853834192719336,4.27211,56.881143878462915,69.97319034852548,-13.092046470062563
G361W,361,G,W,0.3864840370154129,0.599752,21.537086684539766,20.9562109025916,0.5808757819481656
G361Y,361,G,Y,0.2755662819789357,2.49999,16.979445933869528,51.16175156389634,-34.18230563002681
S364H,364,S,H,0.358626887098589,0.358698,20.10723860589812,16.0857908847185,4.021447721179623
S364I,364,S,I,-0.0319218921571944,0.776417,7.059874888293119,23.50312779267203,-16.44325290437891
S364K,364,S,K,0.7204203692169369,0.156762,34.048257372654156,12.645218945487041,21.403038427167115
S364L,364,S,L,-0.3968575109853685,-0.223734,1.2511170688114388,7.059874888293119,-5.80875781948168
S364M,364,S,M,-0.0529350816367475,-0.378647,6.210902591599642,5.630026809651475,0.5808757819481674
S364N,364,S,N,0.5859687941923388,0.401785,29.31188561215371,17.158176943699733,12.153708668453977
S364P,364,S,P,0.6355184168929144,-2.07955,31.188561215370868,0.6702412868632708,30.518319928507598
S364Q,364,S,Q,0.2894112922139866,0.508246,17.515638963360143,19.43699731903485,-1.921358355674709
S364R,364,S,R,0.6958064178322486,-0.7363,33.02055406613047,2.993744414655943,30.02680965147453
S364T,364,S,T,-0.0447532723181206,0.085734,6.4789991063449515,11.26005361930295,-4.781054512957998
S364V,364,S,V,-0.18899402521976,0.141717,3.0831099195710454,12.466487935656836,-9.383378016085791
S364W,364,S,W,0.0634784037419303,1.02921,9.562109025915996,27.74798927613941,-18.185880250223413
S364Y,364,S,Y,-0.0631301188079791,0.972651,5.9428060768543345,26.80965147453083,-20.866845397676496
A368L,368,A,L,-0.1023032371499247,-0.557925,4.825737265415549,3.9767649687220734,0.8489722966934758
A368M,368,A,M,-0.0666958058172526,-0.013887,5.898123324396782,9.785522788203753,-3.887399463806971
A368N,368,A,N,0.1491878581986939,-0.049892,11.93029490616622,9.33869526362824,2.591599642537979
A368P,368,A,P,-0.1629121222567284,-1.39347,3.6193029490616624,1.3851653261840928,2.2341376228775696
A368Q,368,A,Q,0.0119159438448695,-0.678464,8.221626452189454,3.306523681858802,4.915102770330652
A368R,368,A,R,0.1914785244285733,-0.272515,13.494191242180516,6.568364611260054,6.925826630920462
A368S,368,A,S,0.1059783369994475,0.45297,10.813226094727435,18.275245755138517,-7.462019660411082
A368T,368,A,T,0.2181119492956359,0.059821,14.432529043789097,10.902591599642538,3.52993744414656
A368V,368,A,V,0.197654652499988,-0.200378,13.672922252010725,7.327971403038427,6.344950848972298
A368W,368,A,W,-0.2312883832048736,-0.459162,2.4128686327077746,4.6916890080428955,-2.278820375335121
A368Y,368,A,Y,-0.1260486890662656,-0.430239,4.289544235924933,5.0491510277033065,-0.7596067917783733
A370C,370,A,C,0.0813619827660416,0.629117,10.142984807864163,21.26899016979446,-11.126005361930297
A370D,370,A,D,0.2362985310585033,1.59486,15.460232350312781,36.68453976764969,-21.22430741733691
A370E,370,A,E,0.1953114855211403,0.130347,13.628239499553171,12.243074173369079,1.385165326184092
A370F,370,A,F,-0.2272494184680812,0.870402,2.4575513851653263,25.11170688114388,-22.654155495978554
A370G,370,A,G,1.0349896882620109,0.940812,47.45308310991957,26.228775692582662,21.224307417336906
A370H,370,A,H,-0.0083642239941922,1.72832,7.596067917783736,38.51653261840929,-30.92046470062556
A370I,370,A,I,0.406985384209478,0.797622,22.5201072386059,23.771224307417338,-1.251117068811439
A370K,370,A,K,0.2351321532270377,-0.171065,15.370866845397677,7.551385165326184,7.819481680071493
A370L,370,A,L,0.3643442428720208,-0.011438,20.554066130473636,9.830205540661305,10.72386058981233
A370M,370,A,M,0.0630614493883728,0.964564,9.517426273458444,26.764968722073277,-17.247542448614833
S371A,371,S,A,-0.0131400712197661,0.508484,7.41733690795353,19.481680071492406,-12.064343163538876
S371C,371,S,C,0.1869306697951572,0.234948,13.315460232350313,14.075067024128687,-0.7596067917783742
S371D,371,S,D,0.0064967945795932,0.763045,8.087578194816802,23.279714030384273,-15.192135835567472
S371E,371,S,E,0.0764431275382357,0.050402,9.964253798033958,10.723860589812332,-0.7596067917783742
S371F,371,S,F,0.397793099783482,-0.119714,22.073279714030384,8.221626452189454,13.85165326184093
S371G,371,S,G,0.6967688369355186,0.869555,33.065236818588026,25.067024128686327,7.998212689901699
G373A,373,G,A,1.9357487635488608,6.49989,75.20107238605898,84.09294012511171,-8.891867739052728
G373C,373,G,C,1.3783302498531744,11.3974,60.05361930294906,92.62734584450402,-32.57372654155496
G373D,373,G,D,2.542345562162992,15.3848,87.53351206434317,95.04021447721179,-7.50670241286862
G373E,373,G,E,2.4894163375864182,21.4244,86.50580875781948,97.00625558534406,-10.500446827524584
G373F,373,G,F,1.1155603196612678,34.7686,51.07238605898124,99.10634495084896,-48.03395889186773
G373H,373,G,H,1.6943607390164404,23.4248,69.83914209115282,97.27435210008937,-27.43521000893655
G373I,373,G,I,1.7212893095046784,28.8126,70.64343163538874,98.25737265415549,-27.613941018766752
G373K,373,G,K,2.318130605738871,20.7317,83.42269883824844,96.82752457551386,-13.404825737265426
G373L,373,G,L,1.6162431386614795,24.9311,67.51563896336015,97.63181411974978,-30.11617515638963
G373R,373,G,R,1.5999814144011744,24.0526,66.93476318141197,97.49776586237712,-30.563002680965155
G373S,373,G,S,1.8924225315158447,9.73992,74.1733690795353,91.01876675603218,-16.845397676496873
G373T,373,G,T,2.6501317826972066,11.8669,89.54423592493298,92.98480786416444,-3.440571939231461
G373V,373,G,V,2.3250975431577143,20.7074,83.51206434316354,96.7828418230563,-13.270777479892757
G373W,373,G,W,0.6755227902048396,43.9917,32.350312779267206,99.73190348525469,-67.38159070598749
G373Y,373,G,Y,0.8373397741610749,31.0646,39.14209115281501,98.48078641644325,-59.33869526362824
G375A,375,G,A,0.6083987886506965,3.10213,30.25022341376229,58.489722966934764,-28.239499553172475
G375C,375,G,C,0.4274982240403513,2.68905,23.100983020554068,53.440571939231454,-30.339588918677386
G375D,375,G,D,1.315419562799151,3.63618,57.73011617515639,64.7899910634495,-7.059874888293116
G375E,375,G,E,0.8814152932220275,2.62437,41.063449508489725,52.770330652368195,-11.70688114387847
G375F,375,G,F,0.5077431413373131,3.43296,26.094727435210007,62.287756925826635,-36.193029490616624
G375H,375,G,H,0.6305094067469738,4.97161,30.875781948168008,76.18409294012511,-45.3083109919571
G375I,375,G,I,0.8534106584469235,3.67205,40.08042895442359,65.05808757819482,-24.977658623771227
G375K,375,G,K,0.8729674417949459,3.03838,40.66130473637176,57.9088471849866,-17.247542448614837
G375L,375,G,L,0.8494122286710702,1.41499,39.85701519213583,33.51206434316354,6.344950848972296
G375M,375,G,M,0.6426007319501832,2.92206,31.63538873994638,56.12153708668453,-24.486148346738155
G375N,375,G,N,0.8868397385448699,3.52728,41.331546023235035,63.360142984807865,-22.02859696157283
G375P,375,G,P,1.674919762770245,6.19024,69.07953529937444,82.97587131367293,-13.896336014298484
G375Q,375,G,Q,0.6902613585897629,2.12213,32.84182305630027,45.71045576407507,-12.8686327077748
G375R,375,G,R,0.7766821465995384,2.17982,36.282394995531725,46.559428060768546,-10.277033065236822
G375Y,375,G,Y,0.4792935253913462,2.97537,24.798927613941018,56.97050938337802,-32.171581769437005
Q386A,386,Q,A,0.9215379815494312,0.527775,42.850759606791776,19.794459338695265,23.05630026809651
Q386C,386,Q,C,0.2489291949592061,-0.057334,15.907059874888294,9.115281501340483,6.79177837354781
Q386D,386,Q,D,1.6575320237632152,3.90889,68.76675603217159,66.75603217158177,2.0107238605898203
Q386E,386,Q,E,0.4972752535413062,1.32782,25.46916890080429,32.171581769437,-6.702412868632706
Q386F,386,Q,F,1.5734772995992607,2.52374,66.3538873994638,51.5638963360143,14.789991063449499
Q386G,386,Q,G,2.41040544612833,2.68683,84.89722966934762,53.35120643431635,31.54602323503127
Q386H,386,Q,H,1.5268638424718195,3.50215,64.87935656836461,63.092046470062556,1.7873100983020578
Q386I,386,Q,I,0.9005261943115164,0.317259,41.86773905272565,15.236818588025022,26.63092046470063
Q386K,386,Q,K,0.925281952024472,0.977847,43.07417336907953,26.943699731903486,16.130473637176046
Q386L,386,Q,L,1.1900040014249,0.558829,53.798033958891864,20.33065236818588,33.46738159070598
Q386M,386,Q,M,0.3807553357884892,-0.432338,21.0455764075067,5.004468275245755,16.041108132260945
Q386N,386,Q,N,1.4623883766848758,2.3876,62.9579982126899,49.865951742627345,13.092046470062556
Q386P,386,Q,P,2.212448374756448,2.10767,81.18856121537087,45.44235924932976,35.746201966041106
Q386R,386,Q,R,0.3861872880777969,0.711686,21.492403932082215,22.609472743521,-1.1170688114387843
Q386S,386,Q,S,0.5995505900660153,1.41545,29.982126899016983,33.60142984807864,-3.6193029490616553
Q386T,386,Q,T,0.6694938474142648,-0.049471,32.21626452189455,9.383378016085791,22.83288650580876
Q386V,386,Q,V,0.5220631187570973,-0.029502,26.630920464700626,9.562109025915996,17.06881143878463
L387C,387,L,C,1.5307606751726388,3.334,64.96872207327972,60.81322609472743,4.155495978552288
L387D,387,L,D,2.54425003988118,4.69989,87.62287756925826,74.12868632707776,13.494191242180506
L387E,387,L,E,1.7230434783687858,4.90515,70.68811438784628,75.69258266309204,-5.004468275245756
L387F,387,L,F,0.94148604578479,0.420182,43.5656836461126,17.605004468275247,25.960679177837356
L387G,387,L,G,3.5306205274461413,4.96368,97.94459338695263,76.09472743521,21.84986595174263
L387H,387,L,H,1.565122355281373,1.86635,66.13047363717605,41.28686327077748,24.843610366398572
L387I,387,L,I,0.4369089870130298,0.588873,23.279714030384273,20.822162645218945,2.4575513851653277
L387K,387,L,K,1.6044077623931845,0.065632,67.11349419124218,10.991957104557642,56.12153708668454
L387M,387,L,M,1.1833907842375055,0.98925,53.61930294906166,27.390527256478997,26.228775692582666
L387N,387,L,N,2.552164584374113,3.42295,87.80160857908848,62.109025915996426,25.692582663092054
L387P,387,L,P,2.0915589090798843,5.94092,78.06076854334228,81.81411974977658,-3.753351206434303
L387Q,387,L,Q,1.4499763256828873,2.26838,62.68990169794459,47.85522788203753,14.83467381590706
L387R,387,L,R,1.3799728334902408,2.29924,60.36639857015192,48.39142091152815,11.974977658623772
L387S,387,L,S,3.0519943695170784,4.66188,94.01251117068811,73.7265415549598,20.28596961572832
L387T,387,L,T,2.552312847063757,3.13476,87.84629133154603,58.98123324396782,28.865058087578205
L387V,387,L,V,0.7538644341315974,1.41423,35.07596067917784,33.46738159070598,1.6085790884718563
L387W,387,L,W,1.0769258429277546,2.60622,49.15102770330652,52.68096514745309,-3.5299374441465687
L387Y,387,L,Y,0.9531009187322046,1.95288,44.012511170688114,42.89544235924933,1.1170688114387843
L388A,388,L,A,2.17025460889318,3.46316,79.98212689901698,62.466487935656836,17.51563896336014
L388C,388,L,C,1.6079130797244676,2.74369,67.20285969615728,53.798033958891864,13.404825737265412
L388D,388,L,D,2.8563092391041907,6.07432,92.26988382484362,82.39499553172476,9.874888293118858
L388E,388,L,E,2.5560572589081114,5.2565,87.93565683646113,78.10545129579982,9.83020554066131
L388F,388,L,F,1.3935937595982988,1.89775,61.036639857015196,41.9124218051832,19.124218051831996
L388G,388,L,G,3.921405864715821,5.15373,98.92761394101876,77.03306523681859,21.894548704200176
L388H,388,L,H,2.3552516719941434,2.74475,84.04825737265415,53.88739946380697,30.160857908847177
L388I,388,L,I,1.3625441873386184,2.5021,59.47274352100089,51.206434316353885,8.266309204647008
L388K,388,L,K,2.109871883095002,1.33012,78.41823056300268,32.21626452189455,46.20196604110813
L388M,388,L,M,1.1353490201425067,1.06425,52.10008936550492,28.328865058087576,23.771224307417345
L388N,388,L,N,3.265626273868817,4.11515,96.29133154602324,68.72207327971404,27.569258266309205
L388P,388,L,P,3.449814116276998,6.17012,97.72117962466488,82.93118856121538,14.789991063449506
L388Q,388,L,Q,2.6613687973504803,2.56088,89.85701519213583,51.966041108132266,37.89097408400357
L388R,388,L,R,2.2901230262098378,1.06401,83.06523681858803,28.28418230563003,54.78105451295801
L388S,388,L,S,2.563868091751072,4.79753,88.06970509383379,75.11170688114387,12.957998212689915
L388T,388,L,T,2.4898887935036256,3.95731,86.55049151027703,67.15817694369973,19.392314566577298
L388V,388,L,V,1.6508738759031276,2.24569,68.45397676496873,47.49776586237712,20.956210902591607
L388W,388,L,W,1.8733287967136212,6.14445,73.9946380697051,82.75245755138516,-8.757819481680059
L388Y,388,L,Y,1.542297542932457,1.45526,65.23681858802503,34.048257372654156,31.188561215370875
V390R,390,V,R,0.0980646049313641,0.096895,10.545129579982127,11.528150134048257,-0.9830205540661296
V390S,390,V,S,0.3682732419334193,0.370996,20.59874888293119,16.44325290437891,4.155495978552281
V390T,390,V,T,0.5516603146475024,0.196496,27.971403038427166,13.315460232350313,14.655942806076853
V390W,390,V,W,0.0374148424133422,-0.021801,9.025915996425379,9.69615728328865,-0.6702412868632717
V390Y,390,V,Y,-0.1153236392868787,-0.079133,4.557640750670242,8.936550491510276,-4.378909740840035
L394A,394,L,A,2.0114761214062606,2.13219,76.72028596961573,45.88918677390527,30.831099195710458
L394C,394,L,C,0.5519137575666101,2.28954,28.01608579088472,48.21268990169795,-20.19660411081323
L394D,394,L,D,1.9805172604735808,2.74645,76.22877569258266,53.93208221626452,22.29669347631814
G395A,395,G,A,2.045479537934948,2.45204,77.16711349419124,50.580875781948166,26.586237712243076
G395C,395,G,C,1.2958436496319108,3.1306,57.19392314566577,58.89186773905273,-1.697944593386957
G395D,395,G,D,1.6200990819036134,1.70925,67.60500446827524,38.069705093833775,29.535299374441465
G395E,395,G,E,1.9232671660272864,2.2766,74.84361036639856,47.94459338695264,26.899016979445925
G395F,395,G,F,1.6936842421820462,2.50827,69.79445933869526,51.34048257372654,18.453976764968722
G395H,395,G,H,1.903091056111596,1.72548,74.3521000893655,38.337801608579085,36.01429848078642
G395I,395,G,I,2.153975054479874,3.69647,79.62466487935657,65.32618409294012,14.298480786416448
G395K,395,G,K,2.076048640754509,2.42195,77.88203753351206,50.26809651474531,27.613941018766752
G395L,395,G,L,2.0645506157835345,2.69453,77.70330652368186,53.48525469168901,24.218051831992852
G395M,395,G,M,1.7935240274949469,1.62987,71.89454870420018,37.0420017873101,34.85254691689008
G395N,395,G,N,1.7274761677844148,2.24198,70.82216264521894,47.40840035746202,23.413762287756917
G395P,395,G,P,2.9232686595146826,6.16772,92.89544235924933,82.88650580875782,10.008936550491512
G395Q,395,G,Q,1.964874873624914,2.90967,76.05004468275246,55.898123324396785,20.151921358355672
G395R,395,G,R,1.7247581455148644,2.98156,70.73279714030384,57.19392314566577,13.538873994638074
G395S,395,G,S,1.934085555927177,3.13583,75.15638963360144,59.07059874888293,16.085790884718506
G395T,395,G,T,2.3657371364602207,2.396,84.27167113494191,50.0,34.27167113494191
G395V,395,G,V,2.28752259319948,1.88299,83.02055406613047,41.733690795353,41.286863270777474
G395W,395,G,W,1.4748777147586942,2.06349,63.27077747989276,44.459338695263625,18.811438784629132
G395Y,395,G,Y,1.7419108555409426,2.35985,71.00089365504914,49.28507596067917,21.715817694369967
F396H,396,F,H,0.8438134866935375,0.986718,39.58891867739053,27.211796246648795,12.377122430741736
F396I,396,F,I,0.3956411438779998,0.195591,21.89454870420018,13.270777479892763,8.623771224307417
F396K,396,F,K,0.5758169765964606,0.481666,28.820375335120644,18.63270777479893,10.187667560321714
F396L,396,F,L,0.0478921948452195,0.446773,9.33869526362824,18.051831992850758,-8.713136729222517
F396M,396,F,M,0.666894510524006,0.365153,32.12689901697944,16.353887399463808,15.773011617515635
F396N,396,F,N,1.092100472972185,1.24606,49.865951742627345,30.96514745308311,18.900804289544237
F396P,396,F,P,0.8768972127096936,0.754382,40.84003574620196,23.19034852546917,17.649687220732794
F396Q,396,F,Q,1.2706859043545529,1.01991,56.30026809651475,27.61394101876676,28.68632707774799
F396R,396,F,R,0.218737539516496,0.848415,14.47721179624665,24.664879356568363,-10.187667560321714
F396S,396,F,S,0.8235771762622139,1.63747,38.337801608579085,37.13136729222521,1.206434316353878
F396T,396,F,T,0.5465102174025905,-0.125532,27.79267202859696,8.04289544235925,19.74977658623771
F396V,396,F,V,0.2530499032570184,1.57111,16.13047363717605,36.32707774798928,-20.19660411081323
F396W,396,F,W,0.4576559368908667,-0.112662,24.128686327077748,8.35567470956211,15.773011617515639
F396Y,396,F,Y,0.1923413859807048,0.043127,13.53887399463807,10.589812332439678,2.9490616621983925
E398T,398,E,T,-0.0331011197885421,0.72635,7.015192135835567,22.83288650580876,-15.817694369973193
E398V,398,E,V,-0.1386593515378128,0.670781,4.110813226094727,22.117962466487935,-18.007149240393208
E398W,398,E,W,0.0672884958370394,0.342789,9.785522788203753,15.773011617515639,-5.987488829311886
E398Y,398,E,Y,-0.1147685887278067,0.074034,4.602323503127793,11.170688114387845,-6.568364611260052
P409A,409,P,A,0.712647461967828,3.32879,33.60142984807864,60.67917783735478,-27.07774798927614
P409C,409,P,C,0.7569557091592095,3.54141,35.25469168900804,63.58355674709563,-28.328865058087587
P409D,409,P,D,1.2921543223621823,7.56955,57.149240393208224,86.90795352993744,-29.75871313672922
P409E,409,P,E,0.9894473018363936,7.99166,45.352993744414654,88.02502234137623,-42.672028596961574
P409F,409,P,F,1.1410216769650756,24.9341,52.32350312779267,97.67649687220732,-45.352993744414654
P409G,409,P,G,1.3194868244225413,5.2992,57.864164432529044,78.41823056300268,-20.554066130473636
P409H,409,P,H,1.1071879509502562,14.4125,50.35746201966042,94.41465594280608,-44.05719392314566
P409I,409,P,I,1.0182001707168864,5.1953,46.64879356568365,77.52457551385166,-30.87578194816801
P409K,409,P,K,1.23003213254572,7.55258,55.004468275245756,86.81858802502234,-31.81411974977658
P409L,409,P,L,1.1425339616710397,5.88594,52.36818588025023,81.50134048257372,-29.133154602323494
P409M,409,P,M,0.993469968632113,6.81841,45.66577301161752,85.16532618409293,-39.499553172475416
P409N,409,P,N,1.0223359245526775,5.25272,46.8722073279714,78.06076854334228,-31.188561215370875
P409Q,409,P,Q,0.991932802052466,9.65698,45.53172475424486,90.84003574620196,-45.3083109919571
P409R,409,P,R,0.8033709786515527,8.02517,37.44414655942806,88.11438784629134,-50.67024128686327
P409S,409,P,S,0.6093605786494157,4.18372,30.33958891867739,69.25826630920466,-38.918677390527264
G411F,411,G,F,1.3353906888377896,8.42663,58.62377122430742,89.18677390527256,-30.56300268096514
G411H,411,G,H,2.1038137204296987,14.3482,78.23949955317248,94.28060768543342,-16.041108132260945
G411I,411,G,I,0.8490196095202615,8.0361,39.812332439678286,88.15907059874888,-48.3467381590706
G411K,411,G,K,2.6540861133313145,6.03742,89.63360142984807,82.08221626452189,7.551385165326181
G411L,411,G,L,-0.6784744115258817,-0.732914,0.2680965147453083,3.038427167113494,-2.7703306523681857
G411M,411,G,M,0.3759627124386241,9.24643,20.822162645218945,90.57193923145665,-69.74977658623772
G411N,411,G,N,1.7510636787723155,0.673079,71.09025915996425,22.162645218945485,48.92761394101876
G411P,411,G,P,3.9610083887167473,11.9732,99.10634495084896,93.07417336907953,6.032171581769433
G411Q,411,G,Q,1.1797705639929077,2.51519,53.57462019660411,51.42984807864165,2.144772117962461
G411R,411,G,R,1.1948888263827593,8.91118,54.02144772117963,90.03574620196603,-36.01429848078641
G411S,411,G,S,0.708580707187355,-0.016352,33.42269883824844,9.740840035746203,23.681858802502234
G411T,411,G,T,1.5494783581454117,9.72454,65.50491510277034,90.97408400357462,-25.469168900804277
G411V,411,G,V,1.705767419755299,9.69342,70.10723860589813,90.92940125111707,-20.82216264521894
G411W,411,G,W,1.3499416854311512,17.5427,59.07059874888293,95.62109025915997,-36.55049151027704
G411Y,411,G,Y,1.201387503341924,12.8199,54.244861483467375,93.52100089365504,-39.27613941018767
V413A,413,V,A,0.9581452902050872,2.15126,44.19124218051832,46.15728328865058,-1.9660411081322593
V413C,413,V,C,0.8316370639599127,1.48394,38.73994638069705,34.584450402144775,4.155495978552274
V413D,413,V,D,1.5794662078627713,2.00357,66.532618409294,43.78909740840036,22.743521000893644
V413E,413,V,E,1.2569551399817809,3.34735,56.03217158176944,60.94727435210009,-4.915102770330648
V413F,413,V,F,1.3285797973640303,1.93733,58.266309204647,42.672028596961574,15.594280607685427
V413G,413,V,G,3.3542946898306405,3.93989,97.14030384271672,67.06881143878462,30.071492403932098
V413H,413,V,H,1.3932584485697397,1.75078,60.94727435210009,39.00804289544236,21.93923145665773
V413I,413,V,I,0.3005911998911321,-0.087392,18.096514745308312,8.757819481680071,9.33869526362824
V413K,413,V,K,1.2879532059220706,0.816809,57.01519213583557,24.039320822162647,32.975871313672926
V413L,413,V,L,0.4519999721155226,-0.153391,23.905272564789993,7.7301161751563905,16.175156389633603
V413M,413,V,M,0.9013073615887558,0.93641,42.0017873100983,26.13941018766756,15.86237712243074
V413N,413,V,N,1.53667242892114,1.64369,65.14745308310992,37.22073279714031,27.926720285969616
V413P,413,V,P,1.871482740036553,5.57103,73.90527256479,79.84807864164432,-5.942806076854325
V413Q,413,V,Q,1.015391677272143,2.38747,46.42537980339589,49.82126899016979,-3.3958891867739
V413R,413,V,R,1.2748017875673403,3.35999,56.38963360142984,61.08132260947274,-4.6916890080429
V413S,413,V,S,1.3230320497989745,3.48398,58.04289544235925,62.68990169794459,-4.647006255585339
V413T,413,V,T,1.0406276242593635,1.96995,47.58713136729222,43.208221626452186,4.378909740840037
V413W,413,V,W,1.0135593134712195,4.95812,46.33601429848079,75.96067917783735,-29.62466487935656
V413Y,413,V,Y,1.392147057161755,2.02116,60.81322609472743,44.012511170688114,16.80071492403932
L414C,414,L,C,2.149863210257474,3.65835,79.53529937444146,64.96872207327972,14.566577301161743
L414D,414,L,D,4.272934234701849,6.61329,99.50848972296693,84.22698838248436,15.281501340482563
L414E,414,L,E,3.3440220445895315,6.13336,97.09562109025917,82.70777479892762,14.387846291331556
L414F,414,L,F,0.774824960335148,3.82711,36.014298480786415,66.08579088471849,-30.071492403932076
L414G,414,L,G,4.6454253462290405,6.47844,99.91063449508489,84.0035746201966,15.90705987488829
L414H,414,L,H,3.633243981817577,2.86612,98.43610366398569,55.45129579982127,42.984807864164424
L414I,414,L,I,1.9087023580211169,4.00884,74.53083109919572,67.60500446827524,6.925826630920483
L414K,414,L,K,3.369311072709825,2.64068,97.31903485254692,53.03842716711349,44.28060768543343
L414M,414,L,M,0.7358232061571149,-0.106106,34.53976764968722,8.489722966934764,26.050044682752457
L414N,414,L,N,4.1444993990733066,4.57868,99.41912421805183,73.05630026809652,26.362823949955313
L414P,414,L,P,4.105951313477005,7.41769,99.28507596067918,86.59517426273459,12.689901697944592
L414Q,414,L,Q,3.121005830107185,2.92795,94.77211796246648,56.21090259159964,38.56121537086684
L414R,414,L,R,3.3395301847226726,8.39282,97.05093833780161,89.0527256478999,7.998212689901706
L414S,414,L,S,3.7636866740701898,5.88423,98.65951742627345,81.45665773011618,17.202859696157276
L414T,414,L,T,3.1766432800226068,4.32643,95.39767649687221,70.46470062555854,24.932975871313673
L414V,414,L,V,1.327698959732705,2.19601,58.221626452189454,46.73815907059875,11.483467381590707
L414W,414,L,W,2.422250099091705,10.2475,85.16532618409293,91.42091152815014,-6.255585344057209
L414Y,414,L,Y,1.8472772982342027,5.7194,73.41376228775692,80.65236818588025,-7.238605898123325
L415A,415,L,A,2.4604028824628887,4.41304,85.96961572832886,71.2243074173369,14.745308310991959
E418A,418,E,A,0.3270865941246669,0.725804,18.856121537086683,22.78820375335121,-3.9320822162645257
E418C,418,E,C,0.0222962161312842,-0.719295,8.489722966934764,3.1277926720285967,5.361930294906167
E418D,418,E,D,-0.4185004797613363,0.650818,1.2064343163538873,21.760500446827525,-20.554066130473636
E418F,418,E,F,-0.0886535299183854,-0.118838,5.138516532618409,8.266309204647007,-3.1277926720285976
E418G,418,E,G,1.0869750503722395,1.08729,49.73190348525469,28.64164432529044,21.09025915996425
E418H,418,E,H,0.2500075433842496,0.282463,15.951742627345844,14.78999106344951,1.1617515638963347
E418I,418,E,I,-0.6765250910924713,-1.09119,0.3127792672028597,1.9213583556747096,-1.6085790884718498
E418K,418,E,K,0.0497397166743485,-0.295577,9.383378016085791,6.344950848972298,3.0384271671134933
E418L,418,E,L,-0.092511805086245,-1.55017,5.0491510277033065,1.161751563896336,3.8873994638069704
E418M,418,E,M,0.0105321650845217,-0.659635,8.176943699731904,3.395889186773905,4.781054512957999
E418N,418,E,N,-0.0309735445256743,-0.213461,7.104557640750671,7.149240393208221,-0.04468275245755038
E418P,418,E,P,2.927022350559273,3.00022,93.11885612153709,57.327971403038426,35.79088471849867
E418Q,418,E,Q,0.0285310461172539,-0.291041,8.802502234137624,6.4789991063449515,2.323503127792672
E418R,418,E,R,-0.1518497980064579,-0.754139,3.708668453976765,2.8596961572832886,0.8489722966934763
E418S,418,E,S,0.0765155695157175,0.460709,10.00893655049151,18.453976764968722,-8.445040214477212
E418T,418,E,T,-0.1813576132080296,0.164143,3.172475424486149,12.689901697944595,-9.517426273458447
E418V,418,E,V,-0.6651155101022893,-0.071199,0.3574620196604111,9.025915996425379,-8.668453976764967
E418W,418,E,W,0.0715981392958268,0.395612,9.919571045576408,17.024128686327078,-7.10455764075067
E418Y,418,E,Y,-0.1063527035246775,0.714557,4.736371760500447,22.654155495978554,-17.917783735478107
M423A,423,M,A,0.4417046312545912,1.73644,23.54781054512958,38.7846291331546,-15.236818588025024
M423C,423,M,C,0.3448625639768661,2.92405,19.526362823949956,56.166219839142094,-36.639857015192135
M423D,423,M,D,0.6353492199508676,1.31479,31.143878462913317,32.03753351206434,-0.8936550491510253
M423E,423,M,E,0.5719817273195541,0.485521,28.64164432529044,18.72207327971403,9.919571045576408
M423F,423,M,F,0.1327780925406742,1.87417,11.617515638963361,41.420911528150135,-29.803395889186774
M423G,423,M,G,0.3829389003415689,1.17252,21.224307417336906,30.02680965147453,-8.802502234137624
M423H,423,M,H,0.4174174206169214,0.393925,22.87756925826631,16.934763181411974,5.942806076854335
M423I,423,M,I,0.1689637927597438,1.87891,12.689901697944595,41.55495978552279,-28.865058087578195
M423K,423,M,K,0.331685764183198,0.218766,19.034852546916888,13.80697050938338,5.227882037533508
M423L,423,M,L,0.125376572377909,0.445378,11.394101876675604,18.007149240393208,-6.6130473637176035
M423N,423,M,N,1.0416398590946596,0.120626,47.67649687220733,11.974977658623772,35.70151921358356
M423P,423,M,P,0.4947485803655443,1.19095,25.335120643431637,30.29490616621984,-4.959785522788202
M423Q,423,M,Q,0.2873794937507174,2.09287,17.470956210902592,45.0402144772118,-27.569258266309205
M423R,423,M,R,-0.1477832677631364,0.557815,3.798033958891868,20.285969615728327,-16.48793565683646
M423S,423,M,S,0.1845749202344249,0.529181,13.181411974977658,19.928507596067917,-6.747095621090258
M423T,423,M,T,0.5652047793859959,1.39898,28.418230563002684,33.33333333333333,-4.915102770330645
M423V,423,M,V,0.3540669421318033,2.1704,19.839142091152816,46.470062555853445,-26.63092046470063
M423W,423,M,W,-0.0529035098888145,-0.394575,6.255585344057193,5.4066130473637175,0.8489722966934758
M423Y,423,M,Y,0.00432247898101,-0.266402,7.998212689901697,6.702412868632708,1.2957998212689894
