mutation,position,ddg
L32I,32,3.75473
L32H,32,-0.050321
L32G,32,1.31353
L32F,32,0.525067
L32A,32,1.119
L32C,32,1.7731
L32D,32,3.77391
L32E,32,1.92462
L32K,32,1.37436
L32M,32,-0.300097
L32N,32,1.31777
L32L,32,
L32S,32,2.95028
L32R,32,0.532381
L32Q,32,1.02986
L32P,32,11.8973
L32T,32,7.80421
L32V,32,4.18167
L32W,32,0.184327
L32Y,32,0.938809
D33E,33,0.328801
D33D,33,
D33C,33,0.841379
D33A,33,0.964564
D33F,33,0.327758
D33G,33,0.144486
D33H,33,0.797327
D33I,33,1.49513
D33L,33,1.27493
D33N,33,0.663901
D33M,33,0.356981
D33K,33,0.79367
D33P,33,-0.472865
D33Q,33,0.896343
D33R,33,1.08452
D33S,33,0.857444
D33Y,33,0.307143
D33W,33,0.276547
D33V,33,1.09484
D33T,33,2.06947
N34Y,34,3.50718
N34W,34,1.48759
N34V,34,1.4952
N34T,34,2.12347
N34F,34,1.13766
N34G,34,2.38093
N34H,34,2.87342
N34I,34,-0.259483
N34S,34,1.994
N34R,34,1.5181
N34Q,34,2.26237
N34P,34,4.4466
N34L,34,1.61369
N34N,34,
N34M,34,-0.619138
N34K,34,1.20495
N34A,34,2.23618
N34C,34,1.45295
N34D,34,1.52577
N34E,34,2.24212
G35F,35,2.34189
G35G,35,
G35H,35,3.82264
G35I,35,4.75719
G35A,35,2.29806
G35C,35,2.32994
G35D,35,1.97752
G35E,35,2.19341
G35P,35,5.69412
G35Q,35,2.17305
G35R,35,1.97907
G35S,35,2.2791
G35L,35,2.52303
G35N,35,2.11466
G35M,35,2.12767
G35K,35,2.52569
G35Y,35,2.31931
G35W,35,3.89116
G35V,35,4.59119
G35T,35,2.50588
L36E,36,0.758095
L36D,36,0.67579
L36C,36,0.723114
L36A,36,1.90125
L36K,36,0.147052
L36M,36,0.168389
L36N,36,2.40713
L36L,36,
L36T,36,1.6586
L36V,36,1.83474
L36W,36,2.86199
L36Y,36,2.09889
L36F,36,1.75797
L36G,36,2.06153
L36H,36,3.29788
L36I,36,1.69867
L36P,36,3.47909
L36Q,36,0.765997
L36R,36,1.53843
L36S,36,1.28793
A37L,37,4.66248
A37N,37,3.32591
A37M,37,1.33147
A37K,37,4.76178
A37I,37,4.21656
A37H,37,13.4219
A37G,37,-0.283137
A37F,37,13.7797
A37T,37,1.7303
A37V,37,1.52866
A37W,37,32.8473
A37Y,37,24.8225
A37S,37,0.408393
A37R,37,7.24195
A37Q,37,6.80182
A37P,37,2.08743
A37A,37,
A37C,37,0.59211
A37D,37,3.55519
A37E,37,7.40581
R38L,38,-0.052613
R38N,38,0.897058
R38M,38,-0.496732
R38K,38,-0.399964
R38F,38,0.052266
R38G,38,0.71658
R38H,38,0.950512
R38I,38,0.364453
R38E,38,0.11332
R38D,38,0.499024
R38C,38,1.135
R38A,38,0.553419
R38P,38,0.128275
R38Q,38,0.660196
R38R,38,
R38S,38,0.936763
R38Y,38,0.325843
R38W,38,0.049485
R38V,38,0.869734
R38T,38,0.547121
T39P,39,1.36563
T39Q,39,0.032783
T39R,39,-0.395513
T39S,39,0.850771
T39T,39,
T39V,39,0.248386
T39W,39,0.487208
T39Y,39,-0.135553
T39K,39,-0.521183
T39M,39,-1.05415
T39N,39,0.635321
T39L,39,-0.370768
T39E,39,1.54076
T39D,39,2.43407
T39C,39,0.731122
T39A,39,1.07644
T39F,39,-0.029766
T39G,39,1.72625
T39H,39,0.986399
T39I,39,0.663878
P40A,40,2.5837
P40C,40,4.53082
P40D,40,10.3829
P40E,40,8.28035
P40Y,40,28.6322
P40W,40,35.9932
P40V,40,5.26369
P40T,40,4.48763
P40K,40,10.7581
P40M,40,8.70025
P40N,40,7.82656
P40L,40,10.2502
P40F,40,25.0949
P40G,40,4.62242
P40H,40,20.6414
P40I,40,9.69688
P40P,40,
P40Q,40,11.4391
P40R,40,19.7728
P40S,40,3.80672
T41P,41,-3.07113
T41Q,41,1.82999
T41R,41,1.93266
T41S,41,1.33585
T41Y,41,11.4374
T41W,41,8.32591
T41V,41,-1.01002
T41T,41,
T41A,41,-0.385358
T41C,41,0.786344
T41D,41,1.19525
T41E,41,1.26697
T41K,41,0.183993
T41M,41,-2.18475
T41N,41,0.743486
T41L,41,2.28762
T41I,41,-2.25904
T41H,41,7.76734
T41G,41,1.75198
T41F,41,6.04241
M42T,42,3.71271
M42V,42,2.62371
M42W,42,2.46721
M42Y,42,9.40987
M42A,42,3.44823
M42C,42,3.16246
M42D,42,6.24871
M42E,42,5.1737
M42K,42,1.74954
M42M,42,
M42N,42,4.41323
M42L,42,1.20059
M42P,42,3.93846
M42Q,42,2.56898
M42R,42,2.46344
M42S,42,4.19787
M42F,42,5.99009
M42G,42,5.20733
M42H,42,2.12735
M42I,42,3.14418
G43T,43,20.1855
G43V,43,29.0022
G43W,43,49.5988
G43Y,43,38.904
G43S,43,15.2975
G43R,43,21.1756
G43Q,43,15.705
G43P,43,15.948
G43K,43,40.1855
G43M,43,10.0182
G43N,43,14.524
G43L,43,16.0072
G43F,43,33.5165
G43G,43,
G43H,43,49.4859
G43I,43,29.2886
G43A,43,8.75916
G43C,43,9.57519
G43D,43,15.9433
G43E,43,20.5931
W44K,44,3.25027
W44M,44,1.97429
W44N,44,5.45938
W44L,44,1.64671
W44P,44,7.13581
W44Q,44,4.86734
W44R,44,6.87476
W44S,44,5.8876
W44A,44,4.96331
W44C,44,4.69344
W44D,44,8.15463
W44E,44,7.08806
W44F,44,1.66642
W44G,44,5.93739
W44H,44,5.85996
W44I,44,3.06799
W44Y,44,1.85478
W44W,44,
W44V,44,4.77155
W44T,44,4.45011
L45E,45,3.87815
L45D,45,5.01948
L45C,45,1.89461
L45A,45,1.37028
L45S,45,2.15466
L45R,45,-0.844504
L45Q,45,1.63434
L45P,45,5.63615
L45T,45,1.87641
L45V,45,-0.199515
L45W,45,5.61366
L45Y,45,8.04504
L45K,45,0.571556
L45M,45,-0.127936
L45N,45,0.858077
L45L,45,
L45F,45,5.62784
L45G,45,3.16373
L45H,45,5.69632
L45I,45,0.211169
H46T,46,-1.96705
H46V,46,-0.635684
H46W,46,19.0452
H46Y,46,7.53444
H46A,46,-0.450464
H46C,46,-0.249553
H46D,46,3.43603
H46E,46,3.7418
H46P,46,-0.522193
H46Q,46,3.00119
H46R,46,7.34439
H46S,46,2.36634
H46I,46,1.20156
H46H,46,
H46G,46,0.344443
H46F,46,8.94436
H46L,46,1.75355
H46N,46,-0.952709
H46M,46,-2.30533
H46K,46,-0.779548
W47E,47,4.34797
W47D,47,4.60202
W47C,47,2.10705
W47A,47,1.34455
W47I,47,3.88726
W47H,47,1.10016
W47G,47,2.07281
W47F,47,-0.346819
W47P,47,2.34125
W47Q,47,1.4739
W47R,47,-0.512603
W47S,47,2.72307
W47Y,47,0.264084
W47W,47,
W47V,47,4.55121
W47T,47,3.80474
W47L,47,1.29517
W47N,47,3.03922
W47M,47,0.680607
W47K,47,0.407696
E48Y,48,6.55834
E48W,48,15.2246
E48V,48,-3.02473
E48T,48,-2.06514
E48S,48,-1.87902
E48R,48,1.61964
E48Q,48,-2.30919
E48P,48,-2.61802
E48I,48,-5.35854
E48H,48,-2.77382
E48G,48,-1.77077
E48F,48,-0.022262
E48E,48,
E48D,48,1.1501
E48C,48,-3.31857
E48A,48,-2.76293
E48L,48,-3.56571
E48N,48,-4.11912
E48M,48,-4.81778
E48K,48,-1.75361
R49A,49,1.86017
R49C,49,1.76714
R49D,49,5.16645
R49E,49,5.34853
R49T,49,3.54882
R49V,49,0.354858
R49W,49,2.05542
R49Y,49,-0.014557
R49S,49,2.3047
R49R,49,
R49Q,49,1.77504
R49P,49,4.89894
R49K,49,0.890638
R49M,49,-0.813692
R49N,49,2.29244
R49L,49,0.929155
R49I,49,0.095109
R49H,49,0.991191
R49G,49,3.0124
R49F,49,0.208978
F50K,50,2.29382
F50M,50,1.1642
F50N,50,3.73781
F50L,50,0.717389
F50T,50,4.54965
F50V,50,4.20846
F50W,50,1.65392
F50Y,50,0.283014
F50P,50,7.44899
F50Q,50,3.09515
F50R,50,4.89725
F50S,50,3.66174
F50I,50,4.54116
F50H,50,3.16541
F50G,50,4.35229
F50F,50,
F50A,50,3.40453
F50C,50,3.53055
F50D,50,4.52829
F50E,50,4.98833
M51Y,51,1.17651
M51W,51,1.81428
M51V,51,2.02766
M51T,51,2.22412
M51S,51,0.862207
M51R,51,1.2138
M51Q,51,1.1883
M51P,51,4.47086
M51E,51,2.46367
M51D,51,2.40838
M51C,51,0.834576
M51A,51,1.73599
M51K,51,0.555998
M51M,51,
M51N,51,2.96815
M51L,51,0.435505
M51I,51,1.89766
M51H,51,1.63196
M51G,51,-0.014088
M51F,51,0.324129
C52T,52,6.55252
C52V,52,5.11444
C52W,52,5.36179
C52Y,52,5.33208
C52A,52,5.38987
C52C,52,
C52D,52,6.13218
C52E,52,5.90298
C52P,52,4.76618
C52Q,52,5.11684
C52R,52,4.55893
C52S,52,5.69978
C52K,52,4.9724
C52M,52,2.83773
C52N,52,5.33831
C52L,52,3.52027
C52I,52,7.76124
C52H,52,4.34998
C52G,52,4.57056
C52F,52,4.93833
N53F,53,0.838424
N53G,53,0.728404
N53H,53,0.932741
N53I,53,0.856605
N53Y,53,0.432466
N53W,53,0.625548
N53V,53,1.20673
N53T,53,0.789085
N53P,53,4.39725
N53Q,53,0.724765
N53R,53,0.736096
N53S,53,1.72609
N53A,53,1.57975
N53C,53,0.31664
N53D,53,1.58958
N53E,53,1.76015
N53K,53,0.820208
N53M,53,-0.16109
N53N,53,
N53L,53,-0.124091
L54P,54,1.71778
L54Q,54,0.803827
L54R,54,0.884155
L54S,54,1.47344
L54F,54,1.56924
L54G,54,1.52081
L54H,54,2.03686
L54I,54,1.13557
L54A,54,1.90267
L54C,54,1.4711
L54D,54,1.33953
L54E,54,1.14679
L54K,54,0.812344
L54M,54,0.061953
L54N,54,1.28991
L54L,54,
L54T,54,1.17271
L54V,54,1.54361
L54W,54,1.30651
L54Y,54,1.48487
D55I,55,0.702192
D55H,55,0.448948
D55G,55,0.743249
D55F,55,0.32001
D55T,55,2.0871
D55V,55,0.949939
D55W,55,0.865523
D55Y,55,0.448219
D55P,55,1.14664
D55Q,55,0.585593
D55R,55,0.735863
D55S,55,0.658732
D55L,55,0.329625
D55N,55,0.507102
D55M,55,0.560608
D55K,55,0.386655
D55A,55,0.198504
D55C,55,1.18774
D55D,55,
D55E,55,1.0679
C56P,56,2.6792
C56Q,56,3.3082
C56R,56,3.27571
C56S,56,2.42741
C56T,56,3.10842
C56V,56,2.46348
C56W,56,2.89582
C56Y,56,2.58933
C56K,56,2.50661
C56M,56,1.45094
C56N,56,3.33031
C56L,56,2.70302
C56F,56,2.48921
C56G,56,2.8818
C56H,56,2.39422
C56I,56,2.50136
C56E,56,3.47694
C56D,56,3.99154
C56C,56,
C56A,56,2.98246
Q57I,57,0.116698
Q57H,57,0.512083
Q57G,57,-0.121335
Q57F,57,0.282981
Q57E,57,0.175236
Q57D,57,0.381005
Q57C,57,1.25576
Q57A,57,0.124228
Q57S,57,-0.417605
Q57R,57,0.491524
Q57Q,57,
Q57P,57,-0.175398
Q57L,57,0.0401
Q57N,57,0.731916
Q57M,57,0.924662
Q57K,57,-0.199435
Q57Y,57,0.069578
Q57W,57,0.129845
Q57V,57,0.250192
Q57T,57,-1.25869
E58K,58,-0.62073
E58M,58,0.652466
E58N,58,-0.160401
E58L,58,0.534519
E58P,58,0.007675
E58Q,58,-0.63436
E58R,58,-0.263345
E58S,58,-0.287121
E58A,58,0.137308
E58C,58,0.437551
E58D,58,
E58E,58,
E58F,58,0.383014
E58G,58,0.286136
E58H,58,0.505355
E58I,58,0.456692
E58T,58,1.57879
E58V,58,0.781424
E58W,58,0.683032
E58Y,58,0.397126
E59S,59,-0.083757
E59R,59,-0.787631
E59Q,59,-0.188208
E59P,59,3.81191
E59K,59,-0.798729
E59M,59,-1.24781
E59N,59,0.387403
E59L,59,0.371529
E59T,59,0.406504
E59V,59,1.08937
E59W,59,-0.026635
E59Y,59,0.157634
E59F,59,-0.860252
E59G,59,0.246714
E59H,59,0.834165
E59I,59,0.770136
E59A,59,0.634485
E59C,59,0.394432
E59D,59,1.33692
E59E,59,
P60T,60,2.11321
P60V,60,1.32977
P60W,60,1.59846
P60Y,60,2.05662
P60A,60,1.53949
P60C,60,2.32458
P60D,60,1.98477
P60E,60,1.89577
P60L,60,1.92019
P60N,60,2.18772
P60M,60,0.877641
P60K,60,1.59637
P60I,60,2.11506
P60H,60,1.22804
P60G,60,1.96015
P60F,60,1.60345
P60S,60,1.78432
P60R,60,1.3931
P60Q,60,1.50591
P60P,60,
D61R,61,0.111915
D61S,61,0.25542
D61K,61,0.198903
D61M,61,0.661406
D61I,61,-0.044722
D61H,61,0.344683
D61G,61,1.24521
D61F,61,0.281015
D61D,61,
D61E,61,0.675398
D61P,61,1.78529
D61Q,61,-0.622487
D61V,61,0.482498
D61T,61,1.17723
D61L,61,0.018864
D61N,61,0.119608
D61C,61,0.227964
D61A,61,1.12209
D61Y,61,-0.35731
D61W,61,-0.590659
S62I,62,-1.31572
S62H,62,0.643301
S62Q,62,0.246709
S62P,62,1.08639
S62F,62,-0.594058
S62G,62,0.059865
S62W,62,0.595414
S62Y,62,-0.079061
S62A,62,0.613665
S62C,62,1.11151
S62D,62,0.876354
S62E,62,0.012469
S62S,62,
S62R,62,0.045297
S62N,62,0.341845
S62L,62,-0.748668
S62V,62,-0.149731
S62T,62,0.874016
S62K,62,-0.611789
S62M,62,-0.476849
C63S,63,2.05276
C63R,63,8.39103
C63E,63,7.66206
C63D,63,5.55386
C63V,63,1.85539
C63T,63,2.92668
C63Q,63,5.48492
C63P,63,3.3037
C63H,63,12.1096
C63I,63,4.46833
C63A,63,1.72003
C63C,63,
C63M,63,2.60993
C63K,63,5.00304
C63L,63,6.78328
C63N,63,2.74558
C63G,63,2.4907
C63F,63,6.96488
C63Y,63,4.85562
C63W,63,14.9966
I64D,64,3.70649
I64E,64,4.73214
I64F,64,12.9763
I64G,64,3.3058
I64Y,64,18.0909
I64W,64,30.964
I64V,64,0.873313
I64T,64,2.56787
I64H,64,9.29478
I64I,64,
I64P,64,5.35771
I64Q,64,5.44644
I64S,64,3.30204
I64R,64,17.5459
I64C,64,2.18755
I64A,64,2.49704
I64M,64,0.962912
I64K,64,10.6939
I64L,64,1.93795
I64N,64,1.55059
S65F,65,9.67827
S65G,65,1.28354
S65C,65,0.12754
S65A,65,0.590417
S65E,65,3.17455
S65D,65,1.38206
S65H,65,0.267853
S65I,65,1.19178
S65P,65,4.87565
S65Q,65,0.715004
S65R,65,0.314221
S65S,65,
S65T,65,-0.174523
S65V,65,0.369251
S65W,65,10.0361
S65Y,65,11.1735
S65K,65,0.615276
S65M,65,0.42238
S65L,65,3.34929
S65N,65,3.51091
E66N,66,1.12053
E66L,66,-0.930055
E66P,66,5.26005
E66Q,66,0.885218
E66R,66,2.73316
E66S,66,2.70881
E66Y,66,1.38716
E66W,66,1.79137
E66A,66,0.629811
E66C,66,1.93191
E66M,66,-1.34743
E66K,66,4.14152
E66V,66,-1.10058
E66T,66,2.62294
E66F,66,0.613846
E66G,66,2.23746
E66H,66,0.402397
E66I,66,-0.168573
E66E,66,
E66D,66,3.18052
K67C,67,0.799365
K67A,67,0.089282
K67E,67,0.074299
K67D,67,0.048296
K67M,67,-0.104541
K67K,67,
K67L,67,-0.338751
K67N,67,0.584588
K67V,67,1.2633
K67T,67,0.511757
K67S,67,0.583021
K67R,67,0.129702
K67I,67,-0.091672
K67H,67,0.986935
K67F,67,-0.000743
K67G,67,0.711652
K67Q,67,0.150956
K67P,67,-0.460392
K67Y,67,0.040698
K67W,67,-0.0694
L68E,68,4.46308
L68D,68,4.48915
L68L,68,
L68N,68,2.70928
L68I,68,1.9182
L68H,68,7.90511
L68F,68,7.8456
L68G,68,3.17723
L68A,68,3.01246
L68C,68,3.14519
L68M,68,0.385328
L68K,68,4.38583
L68Y,68,11.2562
L68W,68,12.299
L68V,68,2.91655
L68T,68,1.86238
L68S,68,2.9767
L68R,68,8.38831
L68Q,68,2.48793
L68P,68,2.40622
F69G,69,5.64062
F69F,69,
F69E,69,5.06578
F69D,69,5.98578
F69C,69,3.83959
F69A,69,4.22597
F69H,69,3.02757
F69I,69,1.07734
F69W,69,5.89016
F69Y,69,1.20878
F69Q,69,4.15994
F69P,69,4.84868
F69L,69,0.505453
F69N,69,4.2556
F69M,69,0.926495
F69K,69,3.33824
F69S,69,4.39892
F69R,69,8.41158
F69T,69,4.36278
F69V,69,3.82356
M70L,70,1.23708
M70N,70,2.91079
M70M,70,
M70K,70,0.678993
M70Y,70,-0.306881
M70W,70,0.307595
M70V,70,0.635898
M70T,70,3.26631
M70S,70,1.88222
M70R,70,1.27408
M70Q,70,1.07971
M70P,70,4.70245
M70A,70,1.60296
M70E,70,1.79711
M70D,70,3.06892
M70C,70,2.39579
M70I,70,0.350547
M70H,70,0.779148
M70G,70,2.97382
M70F,70,-1.37016
E71Y,71,-0.298937
E71W,71,0.095018
E71V,71,0.509906
E71T,71,1.1717
E71E,71,
E71D,71,0.660387
E71C,71,1.04683
E71A,71,0.27763
E71Q,71,-0.118767
E71P,71,4.17438
E71S,71,1.11173
E71R,71,0.522412
E71L,71,-0.521694
E71N,71,0.450682
E71M,71,-0.373731
E71K,71,-0.075168
E71I,71,-0.685628
E71H,71,1.0615
E71G,71,1.64968
E71F,71,-0.230011
M72K,72,4.1285
M72M,72,
M72N,72,3.42109
M72L,72,1.63414
M72S,72,3.83523
M72R,72,6.15865
M72G,72,4.9519
M72F,72,4.88571
M72I,72,0.088856
M72H,72,5.0453
M72C,72,3.53492
M72A,72,3.11901
M72Y,72,6.23334
M72W,72,7.72093
M72V,72,0.663889
M72T,72,3.12719
M72Q,72,3.20236
M72P,72,5.18691
M72D,72,6.26332
M72E,72,5.16843
A73W,73,9.94946
A73Y,73,14.2076
A73T,73,1.72116
A73V,73,-0.57879
A73R,73,10.1568
A73S,73,2.36961
A73F,73,11.5112
A73G,73,1.86343
A73E,73,10.1059
A73D,73,8.28967
A73P,73,7.31254
A73Q,73,2.28053
A73K,73,4.68224
A73I,73,0.350205
A73H,73,10.0013
A73N,73,4.51191
A73M,73,0.202551
A73L,73,4.48936
A73A,73,
A73C,73,0.342763
E74D,74,0.705648
E74E,74,
E74F,74,-0.457822
E74G,74,0.997048
E74M,74,-0.537452
E74K,74,-0.374197
E74T,74,1.56164
E74V,74,1.22952
E74R,74,0.253141
E74S,74,0.781203
E74P,74,4.4589
E74Q,74,-0.387307
E74H,74,1.08275
E74I,74,-0.410466
E74N,74,0.732593
E74L,74,0.389576
E74Y,74,-0.118937
E74W,74,-0.23389
E74C,74,0.467772
E74A,74,0.092886
L75P,75,3.81664
L75Q,75,1.39244
L75E,75,2.17182
L75D,75,3.25329
L75Y,75,0.669639
L75W,75,1.38691
L75H,75,1.14949
L75I,75,0.393833
L75N,75,1.49761
L75L,75,
L75S,75,1.89404
L75R,75,0.474748
L75G,75,2.69043
L75F,75,0.797385
L75C,75,1.75963
L75A,75,1.09066
L75V,75,0.542595
L75T,75,1.89065
L75K,75,1.00846
L75M,75,0.914719
M76V,76,1.37051
M76T,76,2.65299
M76S,76,4.45302
M76R,76,7.08444
M76L,76,-0.184617
M76N,76,4.08136
M76Y,76,10.8958
M76W,76,15.9869
M76Q,76,2.74277
M76A,76,3.02882
M76C,76,3.08983
M76P,76,7.68641
M76K,76,3.20171
M76M,76,
M76D,76,5.58176
M76E,76,4.9624
M76H,76,3.54216
M76I,76,0.232433
M76G,76,4.61378
M76F,76,5.26578
V77I,77,-0.749629
V77H,77,1.59485
V77R,77,-0.435734
V77S,77,1.39635
V77D,77,2.07425
V77E,77,1.49599
V77G,77,1.2852
V77F,77,1.0249
V77L,77,0.362837
V77N,77,1.31139
V77C,77,0.951197
V77A,77,0.455148
V77V,77,
V77T,77,1.84891
V77Y,77,0.985299
V77W,77,1.34253
V77K,77,0.414988
V77M,77,0.422142
V77Q,77,0.497165
V77P,77,4.57155
S78I,78,-0.264928
S78H,78,-0.351761
S78F,78,-0.931739
S78G,78,0.77811
S78K,78,-0.62931
S78M,78,-1.55782
S78L,78,-0.932144
S78N,78,-0.578243
S78D,78,0.526541
S78E,78,-0.034977
S78C,78,-0.268268
S78A,78,-0.037357
S78P,78,2.58445
S78Q,78,-0.744042
S78R,78,-1.11132
S78S,78,
S78T,78,0.122073
S78V,78,-0.472753
S78W,78,-0.788163
S78Y,78,-0.805293
E79P,79,4.07855
E79Q,79,-0.97243
E79R,79,-1.3697
E79S,79,0.694904
E79E,79,
E79D,79,0.364825
E79C,79,-0.152957
E79A,79,-0.307555
E79L,79,-0.302185
E79N,79,0.097075
E79M,79,-1.01402
E79K,79,-0.485994
E79Y,79,-0.387759
E79W,79,-0.119591
E79V,79,1.33622
E79T,79,2.07486
E79I,79,0.770833
E79H,79,-0.12789
E79G,79,0.170845
E79F,79,-1.03891
G80A,80,3.41377
G80C,80,4.28771
G80D,80,3.60581
G80E,80,4.54993
G80K,80,4.80181
G80M,80,2.96717
G80N,80,4.59832
G80L,80,4.16699
G80F,80,4.22007
G80G,80,
G80H,80,3.54255
G80I,80,5.14088
G80T,80,2.3836
G80V,80,5.64189
G80W,80,5.19711
G80Y,80,5.39912
G80P,80,7.98303
G80Q,80,4.518
G80R,80,3.23274
G80S,80,4.18053
W81T,81,5.58712
W81V,81,3.642
W81W,81,
W81Y,81,1.52876
W81A,81,4.2583
W81C,81,4.77385
W81D,81,4.49438
W81E,81,4.11405
W81L,81,2.10682
W81N,81,4.54507
W81M,81,1.77788
W81K,81,5.25139
W81P,81,5.45779
W81Q,81,4.22296
W81R,81,4.57332
W81S,81,6.03526
W81F,81,1.66497
W81G,81,6.1803
W81H,81,3.6734
W81I,81,3.4595
K82A,82,0.679089
K82C,82,1.28779
K82D,82,2.54535
K82E,82,1.76915
K82T,82,1.09786
K82V,82,0.73507
K82W,82,1.22166
K82Y,82,0.522488
K82P,82,6.23347
K82Q,82,0.685856
K82R,82,-1.09268
K82S,82,1.99053
K82L,82,-0.454805
K82N,82,1.97761
K82M,82,-0.595551
K82K,82,
K82F,82,0.186888
K82G,82,1.84359
K82H,82,2.11664
K82I,82,0.11121
D83Y,83,-0.246095
D83W,83,-0.452682
D83V,83,-0.001347
D83T,83,0.129665
D83S,83,-0.295065
D83R,83,-1.42432
D83Q,83,-0.553785
D83P,83,-0.993406
D83F,83,-0.618155
D83G,83,0.486638
D83H,83,0.090431
D83I,83,-0.01066
D83K,83,-0.264112
D83M,83,-0.496323
D83N,83,0.389491
D83L,83,-0.320722
D83A,83,-0.42763
D83C,83,0.26917
D83D,83,
D83E,83,-0.280971
A84I,84,0.220157
A84H,84,17.1784
A84G,84,1.28538
A84F,84,12.9843
A84T,84,0.963921
A84V,84,1.28074
A84W,84,10.1178
A84Y,84,9.90763
A84A,84,
A84C,84,1.20342
A84D,84,3.00585
A84E,84,1.71025
A84K,84,-0.519728
A84M,84,1.39989
A84N,84,4.30148
A84L,84,4.64099
A84P,84,3.03897
A84Q,84,2.35616
A84R,84,1.14295
A84S,84,0.730155
G85L,85,3.31576
G85N,85,3.03734
G85M,85,7.39961
G85K,85,2.13643
G85S,85,3.36366
G85R,85,4.02474
G85Q,85,4.47939
G85P,85,7.35936
G85I,85,5.83125
G85H,85,2.87158
G85G,85,
G85F,85,2.74987
G85A,85,3.40598
G85C,85,4.48355
G85D,85,5.56806
G85E,85,4.74628
G85Y,85,2.51186
G85W,85,2.21445
G85V,85,5.39585
G85T,85,6.43863
Y86K,86,3.7954
Y86M,86,2.22431
Y86N,86,5.48398
Y86L,86,2.96062
Y86E,86,7.76877
Y86D,86,7.31458
Y86C,86,5.3214
Y86A,86,5.91001
Y86P,86,7.03284
Y86Q,86,6.66661
Y86R,86,6.63582
Y86S,86,6.46771
Y86I,86,3.45097
Y86H,86,3.42577
Y86G,86,6.55773
Y86F,86,0.856694
Y86Y,86,
Y86W,86,5.27481
Y86V,86,6.15237
Y86T,86,6.7666
E87Y,87,3.94499
E87W,87,1.76142
E87V,87,0.191551
E87T,87,0.126373
E87F,87,-0.776651
E87G,87,0.491143
E87H,87,0.434156
E87I,87,0.25442
E87E,87,
E87D,87,1.26013
E87C,87,-0.179581
E87A,87,0.667977
E87K,87,-0.942071
E87M,87,-0.730017
E87N,87,-0.466512
E87L,87,-1.10193
E87S,87,0.35911
E87R,87,-1.03683
E87Q,87,-0.832907
E87P,87,4.20925
Y88T,88,4.65579
Y88V,88,2.63243
Y88W,88,0.950095
Y88Y,88,
Y88S,88,4.63332
Y88R,88,4.25643
Y88Q,88,4.39004
Y88P,88,6.89503
Y88L,88,0.265936
Y88N,88,4.20974
Y88M,88,0.826588
Y88K,88,2.25371
Y88F,88,-0.452079
Y88G,88,4.86278
Y88H,88,2.22055
Y88I,88,0.848166
Y88A,88,4.48365
Y88C,88,3.95993
Y88D,88,5.61049
Y88E,88,5.43514
L89F,89,9.35899
L89G,89,6.00401
L89H,89,5.10504
L89I,89,1.91865
L89K,89,6.5538
L89M,89,0.225322
L89N,89,4.10308
L89L,89,
L89P,89,6.33306
L89Q,89,4.48552
L89R,89,10.1369
L89S,89,5.4631
L89T,89,3.29279
L89V,89,1.15073
L89W,89,16.2774
L89Y,89,14.2202
L89A,89,3.81417
L89C,89,3.56759
L89D,89,5.193
L89E,89,5.39273
C90R,90,1.34937
C90S,90,1.8325
C90V,90,-1.36775
C90T,90,0.476121
C90Y,90,7.78198
C90W,90,12.7886
C90M,90,-0.476484
C90K,90,1.29585
C90E,90,3.67475
C90D,90,3.23055
C90Q,90,2.56465
C90P,90,8.09717
C90C,90,
C90A,90,0.51054
C90G,90,1.96223
C90F,90,6.41741
C90I,90,-1.23727
C90H,90,6.26191
C90L,90,-0.80368
C90N,90,1.24317
I91T,91,2.5099
I91V,91,1.3777
I91G,91,5.44525
I91F,91,5.8569
I91H,91,6.45814
I91I,91,
I91C,91,2.58185
I91A,91,3.98452
I91E,91,4.37367
I91D,91,4.73989
I91R,91,8.645
I91S,91,4.41804
I91P,91,2.11076
I91Q,91,2.51546
I91W,91,5.63603
I91Y,91,13.0418
I91L,91,0.08176
I91N,91,4.15456
I91M,91,-0.180291
I91K,91,3.86434
D92E,92,1.47941
D92D,92,
D92H,92,0.310572
D92I,92,1.71217
D92F,92,-2.13265
D92G,92,-0.799504
D92Y,92,-0.681906
D92W,92,2.14386
D92V,92,2.18269
D92T,92,1.38127
D92M,92,-1.79922
D92K,92,-1.08537
D92P,92,2.02334
D92Q,92,-0.688953
D92L,92,4.36662
D92N,92,-1.03901
D92R,92,-0.186211
D92S,92,0.565691
D92C,92,0.105615
D92A,92,-1.06019
D93P,93,3.74725
D93Q,93,4.54489
D93R,93,1.89223
D93S,93,1.52269
D93C,93,0.994235
D93A,93,-1.12721
D93Y,93,20.8786
D93W,93,21.5846
D93K,93,5.79407
D93M,93,3.23667
D93E,93,8.12667
D93D,93,
D93I,93,3.58073
D93H,93,12.3107
D93G,93,0.937968
D93F,93,19.0848
D93L,93,3.59743
D93N,93,1.30476
D93V,93,-1.08297
D93T,93,1.14879
C94S,94,5.93139
C94R,94,5.86778
C94Q,94,9.85888
C94P,94,12.2244
C94M,94,2.98393
C94K,94,6.44399
C94C,94,
C94A,94,4.41679
C94Y,94,7.07705
C94W,94,11.8359
C94V,94,6.86207
C94T,94,7.2248
C94L,94,5.25289
C94N,94,6.06841
C94I,94,7.92183
C94H,94,8.37852
C94D,94,8.53476
C94E,94,8.01575
C94G,94,1.80291
C94F,94,7.07261
W95N,95,7.36822
W95L,95,8.47398
W95K,95,7.76526
W95M,95,1.82803
W95W,95,
W95Y,95,2.30541
W95D,95,8.40541
W95E,95,7.61747
W95F,95,3.10491
W95G,95,7.40345
W95R,95,6.68862
W95S,95,6.94836
W95H,95,4.8056
W95I,95,4.7216
W95T,95,7.85642
W95V,95,5.24957
W95Q,95,7.35939
W95P,95,6.81526
W95A,95,6.00803
W95C,95,5.28884
M96D,96,6.40278
M96E,96,4.48563
M96A,96,3.36182
M96C,96,3.4068
M96S,96,3.67502
M96R,96,2.39713
M96Q,96,2.81923
M96P,96,2.14093
M96Y,96,14.0154
M96W,96,10.813
M96N,96,3.14158
M96L,96,4.20857
M96V,96,3.06606
M96T,96,2.2677
M96K,96,1.84775
M96M,96,
M96G,96,5.05285
M96F,96,12.0773
M96I,96,0.14928
M96H,96,3.62616
A97Y,97,0.522168
A97W,97,3.41409
A97V,97,1.58079
A97T,97,3.67313
A97Q,97,0.465271
A97P,97,3.90181
A97L,97,0.121221
A97N,97,1.58405
A97R,97,0.151784
A97S,97,0.367049
A97F,97,1.72688
A97G,97,1.0353
A97H,97,1.16043
A97I,97,0.48444
A97K,97,-0.320918
A97M,97,-0.528374
A97E,97,0.110458
A97D,97,0.996529
A97C,97,0.995212
A97A,97,
P98E,98,0.881105
P98D,98,1.34262
P98C,98,2.10347
P98A,98,1.43886
P98Y,98,0.96255
P98W,98,0.493408
P98V,98,0.412583
P98T,98,1.92862
P98I,98,1.2513
P98H,98,0.466098
P98G,98,1.53534
P98F,98,1.10092
P98S,98,1.43008
P98R,98,1.36735
P98Q,98,1.33246
P98P,98,
P98K,98,0.872317
P98M,98,1.89808
P98N,98,1.57631
P98L,98,0.278034
Q99L,99,0.231776
Q99N,99,0.726773
Q99M,99,-0.284806
Q99K,99,-0.202046
Q99A,99,0.43293
Q99C,99,0.547407
Q99D,99,0.671267
Q99E,99,0.197842
Q99F,99,-0.094037
Q99G,99,0.451522
Q99H,99,0.262011
Q99I,99,0.26886
Q99T,99,1.67497
Q99V,99,2.50662
Q99W,99,-0.426538
Q99Y,99,-0.077061
Q99P,99,1.2493
Q99Q,99,
Q99R,99,-0.090819
Q99S,99,0.135705
R100A,100,6.18127
R100C,100,6.66028
R100D,100,7.47423
R100E,100,6.24536
R100F,100,6.05346
R100G,100,6.51188
R100H,100,4.27725
R100I,100,5.26754
R100L,100,4.64235
R100N,100,6.63934
R100M,100,-1.7367
R100K,100,4.38861
R100S,100,6.1218
R100R,100,
R100Q,100,5.89681
R100P,100,5.59448
R100Y,100,4.53201
R100W,100,5.43154
R100V,100,3.86147
R100T,100,2.78028
D101F,101,2.05492
D101G,101,0.561448
D101H,101,2.24615
D101I,101,1.96061
D101K,101,0.986348
D101M,101,-0.109678
D101N,101,0.268065
D101L,101,1.3331
D101P,101,2.08376
D101Q,101,1.73054
D101R,101,1.5161
D101S,101,0.836068
D101T,101,4.07628
D101V,101,1.53426
D101W,101,2.97378
D101Y,101,1.91861
D101C,101,1.57125
D101A,101,1.98529
D101D,101,
D101E,101,2.8865
S102V,102,0.452661
S102T,102,-0.128179
S102H,102,-0.123958
S102I,102,-0.319803
S102K,102,-0.282519
S102M,102,-0.036082
S102C,102,0.064865
S102A,102,-0.144887
S102L,102,0.100578
S102N,102,-0.161311
S102W,102,0.057612
S102Y,102,-0.242844
S102S,102,
S102R,102,-0.652916
S102Q,102,-0.297655
S102P,102,0.038148
S102F,102,-0.256501
S102G,102,0.236203
S102D,102,0.395073
S102E,102,0.278108
E103Y,103,-0.623554
E103W,103,-0.042224
E103V,103,1.88021
E103T,103,0.851807
E103G,103,0.022379
E103F,103,-0.393209
E103N,103,-0.494638
E103L,103,-0.471369
E103H,103,0.591436
E103I,103,0.507378
E103E,103,
E103D,103,-0.167928
E103A,103,-0.219292
E103C,103,0.223608
E103K,103,-0.415892
E103M,103,-0.19236
E103S,103,-2.19845
E103R,103,-0.68735
E103Q,103,-0.795395
E103P,103,0.693635
G104T,104,4.68846
G104V,104,12.0673
G104W,104,2.9611
G104Y,104,2.62459
G104G,104,
G104F,104,2.29833
G104D,104,1.3049
G104E,104,1.53349
G104K,104,2.23752
G104M,104,2.70623
G104N,104,2.51734
G104L,104,1.20559
G104C,104,2.21991
G104A,104,2.601
G104R,104,2.32154
G104S,104,2.37794
G104I,104,3.73088
G104H,104,7.99281
G104P,104,6.91984
G104Q,104,1.74424
R105A,105,1.36113
R105C,105,1.34935
R105D,105,3.16949
R105E,105,1.53138
R105R,105,
R105S,105,0.87468
R105M,105,0.259179
R105K,105,0.293032
R105I,105,0.412183
R105H,105,1.72025
R105P,105,2.8327
R105Q,105,0.740097
R105N,105,0.618539
R105L,105,0.479276
R105V,105,1.29002
R105T,105,2.38613
R105Y,105,0.633163
R105W,105,0.804987
R105G,105,0.955531
R105F,105,-0.292067
L106A,106,3.12251
L106C,106,2.8775
L106H,106,2.80998
L106I,106,0.351292
L106K,106,1.03715
L106M,106,-0.543579
L106D,106,5.19128
L106E,106,3.81468
L106F,106,2.4017
L106G,106,4.1697
L106T,106,3.04106
L106V,106,1.1412
L106R,106,5.76808
L106S,106,4.11649
L106Y,106,9.67807
L106W,106,7.71546
L106P,106,0.001255
L106Q,106,2.6005
L106N,106,3.39691
L106L,106,
Q107E,107,0.736806
Q107D,107,1.08497
Q107C,107,0.521825
Q107A,107,0.686179
Q107S,107,0.706603
Q107R,107,0.037111
Q107V,107,0.430046
Q107T,107,0.037665
Q107K,107,-0.472151
Q107M,107,-0.201664
Q107L,107,1.08997
Q107N,107,0.743541
Q107H,107,0.856469
Q107I,107,0.483562
Q107W,107,-0.334037
Q107Y,107,-0.387571
Q107P,107,0.779764
Q107Q,107,
Q107F,107,-0.068092
Q107G,107,1.32648
A108P,108,-2.01374
A108Q,108,0.44383
A108R,108,1.46116
A108S,108,1.16009
A108Y,108,-1.07579
A108W,108,-0.440492
A108V,108,-0.006783
A108T,108,1.34161
A108K,108,1.75953
A108M,108,3.81267
A108N,108,1.22764
A108L,108,5.6098
A108F,108,4.30657
A108G,108,1.34677
A108H,108,3.26636
A108I,108,1.68401
A108A,108,
A108C,108,0.216054
A108D,108,0.732856
A108E,108,1.06152
D109K,109,3.14287
D109M,109,1.51244
D109N,109,1.76833
D109L,109,1.78787
D109E,109,-0.206598
D109D,109,
D109C,109,2.30755
D109A,109,1.94281
D109I,109,3.54512
D109H,109,0.28248
D109G,109,3.67113
D109F,109,-0.294551
D109S,109,3.51591
D109R,109,2.84684
D109Q,109,2.35127
D109P,109,4.19471
D109Y,109,2.57648
D109W,109,3.31304
D109V,109,1.88261
D109T,109,2.97361
P110Y,110,1.26708
P110W,110,1.38152
P110V,110,1.68207
P110T,110,2.23972
P110A,110,1.60928
P110C,110,2.13873
P110D,110,1.18163
P110E,110,1.09394
P110F,110,1.29965
P110G,110,1.84188
P110H,110,2.00582
P110I,110,1.92381
P110S,110,2.10876
P110R,110,1.61711
P110Q,110,1.54887
P110P,110,
P110L,110,2.34684
P110N,110,1.44294
P110M,110,1.60916
P110K,110,1.64915
Q111A,111,0.488753
Q111C,111,0.916502
Q111D,111,0.861584
Q111E,111,0.549857
Q111T,111,-0.107865
Q111V,111,0.295464
Q111W,111,-0.004279
Q111Y,111,-0.207666
Q111S,111,0.517473
Q111R,111,-0.192049
Q111Q,111,
Q111P,111,1.04968
Q111L,111,-0.25167
Q111N,111,0.739261
Q111M,111,0.075544
Q111K,111,0.067248
Q111I,111,0.411659
Q111H,111,0.666641
Q111G,111,0.833231
Q111F,111,-0.478115
R112A,112,3.90532
R112C,112,4.40093
R112D,112,6.5467
R112E,112,6.15275
R112T,112,5.927
R112V,112,2.3108
R112W,112,3.82014
R112Y,112,2.94776
R112K,112,2.00045
R112M,112,0.732485
R112N,112,4.24407
R112L,112,2.59541
R112F,112,2.88879
R112G,112,4.20103
R112H,112,3.0434
R112I,112,3.81862
R112P,112,4.41741
R112Q,112,3.64716
R112R,112,
R112S,112,3.31102
F113P,113,9.07145
F113Q,113,4.70142
F113R,113,6.60155
F113S,113,6.0358
F113K,113,5.28442
F113M,113,1.5077
F113N,113,5.57399
F113L,113,1.84543
F113A,113,5.25192
F113C,113,5.18139
F113D,113,6.9107
F113E,113,6.43887
F113F,113,
F113G,113,5.80918
F113H,113,3.12593
F113I,113,2.68845
F113T,113,5.11335
F113V,113,3.44268
F113W,113,1.03609
F113Y,113,2.03681
P114E,114,2.63587
P114D,114,2.78951
P114C,114,2.478
P114A,114,2.12281
P114F,114,2.38424
P114G,114,2.57587
P114H,114,1.75312
P114I,114,1.787
P114T,114,2.14483
P114V,114,2.32438
P114W,114,2.59459
P114Y,114,2.49838
P114P,114,
P114Q,114,2.26072
P114R,114,1.39959
P114S,114,1.01309
P114L,114,1.87039
P114N,114,1.92967
P114M,114,1.77076
P114K,114,1.85164
H115E,115,1.03855
H115D,115,1.30097
H115C,115,0.75642
H115A,115,0.520807
H115I,115,0.113101
H115H,115,
H115G,115,1.41636
H115F,115,-0.237167
H115T,115,0.293437
H115V,115,0.133628
H115W,115,0.673981
H115Y,115,0.026688
H115L,115,0.097525
H115N,115,-0.048266
H115M,115,0.310472
H115K,115,0.328285
H115P,115,1.1336
H115Q,115,-0.216721
H115R,115,-0.320732
H115S,115,-0.037951
G116E,116,2.49077
G116D,116,0.686198
G116C,116,3.46073
G116A,116,3.64416
G116L,116,1.31363
G116N,116,2.14435
G116M,116,2.15984
G116K,116,3.23339
G116S,116,2.27481
G116R,116,3.12245
G116Q,116,3.13273
G116P,116,6.34043
G116F,116,3.16596
G116G,116,
G116H,116,3.4003
G116I,116,3.87896
G116T,116,3.92403
G116V,116,4.44427
G116W,116,2.38429
G116Y,116,3.14917
I117S,117,4.80681
I117R,117,6.00578
I117Q,117,3.44801
I117P,117,2.34305
I117A,117,4.01085
I117C,117,3.55079
I117D,117,5.81501
I117E,117,4.8357
I117L,117,-0.123454
I117N,117,4.05862
I117M,117,0.110643
I117K,117,4.64393
I117Y,117,6.76128
I117W,117,12.4849
I117V,117,1.40515
I117T,117,3.61852
I117F,117,1.44828
I117G,117,5.0587
I117H,117,5.95621
I117I,117,
R118S,118,1.53592
R118R,118,
R118Q,118,0.694697
R118P,118,0.813336
R118L,118,1.01361
R118N,118,0.479429
R118M,118,0.1974
R118K,118,0.037404
R118T,118,0.73969
R118V,118,0.678572
R118W,118,0.340371
R118Y,118,-0.873832
R118A,118,2.29026
R118C,118,1.7403
R118D,118,1.15136
R118E,118,1.57766
R118F,118,-0.091319
R118G,118,1.84184
R118H,118,1.01451
R118I,118,0.908567
Q119K,119,-0.307904
Q119M,119,-0.753805
Q119N,119,0.036914
Q119L,119,-0.466627
Q119E,119,0.201887
Q119D,119,0.606033
Q119C,119,1.06306
Q119A,119,0.468239
Q119I,119,-0.018229
Q119H,119,-0.063465
Q119G,119,0.974454
Q119F,119,-0.547579
Q119Y,119,-0.688192
Q119W,119,-1.15357
Q119V,119,0.48227
Q119T,119,0.841527
Q119S,119,0.786352
Q119R,119,-0.228384
Q119Q,119,
Q119P,119,-0.015307
L120F,120,1.53994
L120G,120,5.115
L120H,120,2.88982
L120I,120,2.16532
L120T,120,3.84516
L120V,120,2.02442
L120W,120,4.89149
L120Y,120,5.35667
L120P,120,4.67601
L120Q,120,2.71156
L120R,120,6.4982
L120S,120,3.68745
L120A,120,3.64683
L120C,120,3.61312
L120D,120,5.56907
L120E,120,4.48
L120K,120,3.8158
L120M,120,0.435325
L120N,120,4.46021
L120L,120,
A121Y,121,15.2076
A121W,121,8.91257
A121V,121,0.174899
A121T,121,1.74404
A121F,121,9.18486
A121G,121,1.73039
A121H,121,7.18891
A121I,121,1.56351
A121K,121,4.46426
A121M,121,4.78432
A121N,121,2.74845
A121L,121,0.369324
A121S,121,1.10629
A121R,121,7.62891
A121Q,121,7.87264
A121P,121,5.61022
A121A,121,
A121C,121,1.36364
A121D,121,7.57697
A121E,121,7.08978
N122L,122,-1.35968
N122N,122,
N122M,122,-0.272737
N122K,122,-0.746259
N122T,122,0.81466
N122V,122,-0.699657
N122W,122,-0.198305
N122Y,122,-0.107115
N122S,122,-0.523532
N122R,122,-0.74126
N122Q,122,-0.35245
N122P,122,3.15166
N122I,122,-1.12513
N122H,122,-0.035106
N122G,122,0.148056
N122F,122,-0.659901
N122E,122,-0.723648
N122D,122,-0.109727
N122C,122,0.504606
N122A,122,-0.730455
Y123A,123,2.77978
Y123C,123,2.25105
Y123D,123,3.64171
Y123E,123,2.78568
Y123Y,123,
Y123W,123,0.469941
Y123V,123,1.65296
Y123T,123,2.59166
Y123L,123,0.309796
Y123N,123,1.91694
Y123M,123,0.719965
Y123K,123,1.0335
Y123F,123,-0.281825
Y123G,123,3.0918
Y123H,123,3.15865
Y123I,123,0.344101
Y123P,123,4.00484
Y123Q,123,1.65356
Y123R,123,0.860086
Y123S,123,1.82684
V124T,124,2.62993
V124V,124,
V124W,124,3.19767
V124Y,124,1.26668
V124P,124,6.34035
V124Q,124,4.80038
V124R,124,7.77759
V124S,124,3.16523
V124L,124,-0.549832
V124N,124,2.90155
V124M,124,-0.802042
V124K,124,6.80621
V124A,124,2.41554
V124C,124,2.45278
V124D,124,5.18682
V124E,124,6.12607
V124I,124,-1.07164
V124H,124,2.73408
V124G,124,5.07586
V124F,124,5.59008
H125E,125,1.64864
H125D,125,2.13489
H125C,125,1.61318
H125A,125,0.993867
H125T,125,1.05232
H125V,125,0.570515
H125W,125,0.658115
H125Y,125,0.277796
H125S,125,1.15519
H125R,125,-0.481091
H125Q,125,0.68347
H125P,125,4.24466
H125F,125,-0.073988
H125G,125,1.30865
H125H,125,
H125I,125,1.32222
H125L,125,0.115461
H125N,125,0.847563
H125M,125,-0.255585
H125K,125,-0.219444
S126K,126,0.297248
S126M,126,-0.051099
S126N,126,0.891229
S126L,126,0.420737
S126I,126,1.61089
S126H,126,0.903205
S126G,126,0.653707
S126F,126,0.466181
S126E,126,2.0001
S126D,126,2.56881
S126C,126,0.925281
S126A,126,1.57713
S126T,126,1.10062
S126V,126,0.775514
S126W,126,0.645049
S126Y,126,0.884645
S126P,126,3.58604
S126Q,126,0.938273
S126R,126,-0.907057
S126S,126,
K127S,127,1.06831
K127R,127,0.227706
K127Q,127,0.527565
K127P,127,4.52063
K127Y,127,0.528662
K127W,127,0.290007
K127V,127,0.935781
K127T,127,1.0577
K127A,127,2.44716
K127C,127,0.989727
K127D,127,4.14126
K127E,127,2.93478
K127K,127,
K127M,127,-0.352047
K127N,127,1.48351
K127L,127,-1.30436
K127F,127,-0.654342
K127G,127,1.66452
K127H,127,0.919155
K127I,127,0.605894
G128F,128,3.4212
G128G,128,
G128H,128,4.28095
G128I,128,5.89906
G128P,128,7.74292
G128Q,128,3.43015
G128R,128,4.22585
G128S,128,4.44005
G128L,128,4.63878
G128N,128,4.37855
G128M,128,4.57831
G128K,128,2.93399
G128E,128,3.01598
G128D,128,3.28019
G128C,128,4.68771
G128A,128,3.09681
G128Y,128,4.72802
G128W,128,4.74078
G128V,128,6.72384
G128T,128,5.15772
L129L,129,
L129N,129,3.13912
L129M,129,0.302975
L129K,129,3.97623
L129F,129,4.32413
L129G,129,4.49427
L129H,129,2.21874
L129I,129,2.47683
L129E,129,6.1201
L129D,129,6.25094
L129C,129,3.1992
L129A,129,3.23694
L129Y,129,6.56302
L129W,129,18.1824
L129V,129,3.50134
L129T,129,5.89884
L129P,129,7.75615
L129Q,129,2.72978
L129R,129,11.0132
L129S,129,3.64334
K130S,130,2.37638
K130R,130,-0.74803
K130Q,130,0.348679
K130P,130,4.52429
K130E,130,1.76559
K130D,130,3.63177
K130C,130,1.19264
K130A,130,1.09767
K130Y,130,-0.199675
K130W,130,0.380919
K130V,130,1.60968
K130T,130,1.34797
K130I,130,2.99034
K130H,130,0.34913
K130G,130,2.37092
K130F,130,-0.506893
K130L,130,-0.582801
K130N,130,1.39767
K130M,130,0.209187
K130K,130,
L131A,131,4.3908
L131C,131,3.77058
L131D,131,6.18803
L131E,131,5.45637
L131K,131,4.66268
L131M,131,0.128748
L131N,131,3.36182
L131L,131,
L131Y,131,7.394
L131W,131,8.79212
L131V,131,2.0778
L131T,131,3.90815
L131P,131,4.6865
L131Q,131,3.21125
L131R,131,5.53958
L131S,131,5.59634
L131F,131,3.51648
L131G,131,6.43952
L131H,131,3.73016
L131I,131,0.341698
G132T,132,5.69469
G132V,132,8.92003
G132W,132,31.9044
G132Y,132,23.6924
G132F,132,19.8515
G132G,132,
G132H,132,32.7952
G132I,132,8.28223
G132E,132,8.85752
G132D,132,9.59755
G132C,132,4.80333
G132A,132,2.66874
G132L,132,11.9268
G132N,132,10.311
G132M,132,8.72943
G132K,132,14.3475
G132S,132,4.0471
G132R,132,13.5548
G132Q,132,10.3418
G132P,132,4.33167
I133K,133,6.88063
I133M,133,-0.384001
I133N,133,2.82621
I133L,133,1.65296
I133F,133,4.75066
I133G,133,5.03875
I133H,133,8.85795
I133I,133,
I133A,133,4.1565
I133C,133,3.02511
I133D,133,4.34972
I133E,133,5.22521
I133S,133,4.31783
I133R,133,12.6869
I133Q,133,3.82386
I133P,133,7.5721
I133T,133,2.77145
I133V,133,1.82115
I133W,133,12.2691
I133Y,133,8.37416
Y134F,134,2.81496
Y134G,134,4.85384
Y134H,134,1.94804
Y134I,134,4.91813
Y134E,134,11.3134
Y134D,134,10.644
Y134C,134,5.07161
Y134A,134,4.56667
Y134S,134,4.761
Y134R,134,2.16889
Y134Q,134,4.43414
Y134P,134,8.77443
Y134K,134,1.38407
Y134M,134,-1.27568
Y134N,134,5.30205
Y134L,134,1.76276
Y134Y,134,
Y134W,134,6.86424
Y134V,134,3.31937
Y134T,134,3.01502
A135S,135,1.37371
A135R,135,7.61064
A135Q,135,4.33251
A135P,135,4.29009
A135T,135,2.07968
A135V,135,1.85607
A135W,135,31.0534
A135Y,135,11.8193
A135E,135,8.14558
A135D,135,3.33216
A135C,135,-0.083368
A135A,135,
A135L,135,1.83709
A135N,135,-2.1572
A135M,135,1.39673
A135K,135,6.1017
A135I,135,2.8306
A135H,135,12.931
A135G,135,0.868195
A135F,135,9.8457
D136A,136,-3.77503
D136C,136,-3.84745
D136D,136,
D136E,136,6.20607
D136P,136,-1.96332
D136Q,136,5.67581
D136R,136,18.9036
D136S,136,-3.32462
D136K,136,10.5861
D136M,136,1.6032
D136N,136,-0.953106
D136L,136,0.034022
D136T,136,-2.5366
D136V,136,-2.70941
D136W,136,44.6811
D136Y,136,31.2833
D136F,136,26.723
D136G,136,-2.3017
D136H,136,12.2412
D136I,136,0.783966
V137Y,137,22.9406
V137W,137,19.9115
V137V,137,
V137T,137,0.988686
V137A,137,1.78317
V137C,137,1.96164
V137D,137,5.13493
V137E,137,6.20349
V137F,137,12.9638
V137G,137,3.61959
V137H,137,7.71744
V137I,137,0.97626
V137K,137,6.9625
V137M,137,0.814263
V137N,137,3.75693
V137L,137,2.28536
V137S,137,2.77121
V137R,137,
V137Q,137,1.62497
V137P,137,5.34363
G138A,138,6.09945
G138C,138,13.2144
G138D,138,28.5159
G138E,138,27.7783
G138P,138,13.777
G138Q,138,26.6925
G138R,138,25.7091
G138S,138,9.23486
G138F,138,40.213
G138G,138,
G138H,138,41.8379
G138I,138,25.7024
G138K,138,23.6897
G138M,138,22.4613
G138N,138,20.1038
G138L,138,23.913
G138Y,138,31.7857
G138W,138,36.2963
G138V,138,20.2028
G138T,138,17.5908
N139F,139,-1.10284
N139G,139,0.194119
N139H,139,-0.445892
N139I,139,-0.800956
N139E,139,-0.344569
N139D,139,-0.007216
N139C,139,-0.137966
N139A,139,-0.051791
N139T,139,0.183049
N139V,139,-0.435799
N139W,139,-1.43877
N139Y,139,-0.744315
N139S,139,-0.121918
N139R,139,-1.12976
N139Q,139,-0.604208
N139P,139,0.124981
N139K,139,-1.05215
N139M,139,-1.03072
N139N,139,
N139L,139,-0.919069
K140Y,140,0.131514
K140W,140,0.049841
K140V,140,2.68569
K140T,140,6.30983
K140I,140,3.48306
K140H,140,0.406526
K140G,140,1.53262
K140F,140,0.583632
K140E,140,1.69496
K140D,140,2.88154
K140C,140,1.21515
K140A,140,1.50195
K140K,140,
K140M,140,0.749701
K140N,140,1.07653
K140L,140,0.716182
K140P,140,3.90268
K140Q,140,0.58866
K140R,140,-0.425202
K140S,140,0.897701
T141A,141,2.19716
T141C,141,2.46671
T141D,141,8.25642
T141E,141,9.06873
T141L,141,4.29444
T141N,141,0.825577
T141M,141,2.74992
T141K,141,4.79779
T141P,141,5.74891
T141Q,141,5.8245
T141R,141,16.861
T141S,141,0.714657
T141T,141,
T141V,141,4.41017
T141W,141,12.871
T141Y,141,9.238
T141I,141,6.64446
T141H,141,4.60783
T141G,141,1.83271
T141F,141,10.4902
C142Y,142,4.10932
C142W,142,4.07507
C142V,142,5.67031
C142T,142,4.5449
C142E,142,5.24793
C142D,142,5.41128
C142C,142,
C142A,142,3.27757
C142I,142,2.96052
C142H,142,2.77432
C142G,142,3.62877
C142F,142,3.38523
C142K,142,2.20874
C142M,142,1.34105
C142N,142,4.44774
C142L,142,2.91212
C142P,142,4.04129
C142Q,142,2.63886
C142R,142,0.026808
C142S,142,3.92002
A143K,143,-1.00139
A143M,143,1.47301
A143N,143,0.140855
A143L,143,2.63368
A143C,143,0.822018
A143A,143,
A143D,143,2.90771
A143E,143,2.30366
A143F,143,3.0255
A143G,143,0.889089
A143S,143,0.878607
A143R,143,0.194046
A143Q,143,0.873938
A143P,143,4.38328
A143W,143,6.04748
A143Y,143,3.56545
A143V,143,0.610741
A143T,143,4.7924
A143H,143,3.78832
A143I,143,2.36114
G144S,144,3.38449
G144R,144,2.66811
G144K,144,3.43142
G144M,144,3.12595
G144I,144,4.78122
G144H,144,3.45994
G144Q,144,2.96651
G144P,144,7.15236
G144Y,144,2.87243
G144W,144,2.25398
G144L,144,2.93523
G144N,144,3.27384
G144D,144,2.97797
G144E,144,3.63352
G144G,144,
G144F,144,2.59814
G144A,144,3.06223
G144C,144,3.49427
G144V,144,4.27997
G144T,144,4.03767
F145V,145,3.17351
F145T,145,2.95331
F145Y,145,0.537391
F145W,145,0.89999
F145L,145,1.07156
F145N,145,2.01169
F145I,145,4.14927
F145H,145,2.27153
F145D,145,4.31042
F145E,145,3.56283
F145A,145,2.59253
F145C,145,2.93531
F145M,145,0.701471
F145K,145,1.98636
F145P,145,3.51292
F145Q,145,2.10183
F145F,145,
F145G,145,2.84856
F145R,145,1.62521
F145S,145,2.94841
P146Y,146,3.01125
P146W,146,2.92171
P146V,146,2.1365
P146T,146,2.95122
P146S,146,2.55443
P146R,146,3.66256
P146Q,146,2.56967
P146P,146,
P146F,146,3.49513
P146G,146,3.55375
P146I,146,0.697834
P146H,146,9.55956
P146L,146,1.16395
P146N,146,2.40334
P146M,146,0.739198
P146K,146,2.73589
P146A,146,2.38751
P146C,146,3.10349
P146D,146,2.86783
P146E,146,2.29727
G147T,147,25.5077
G147V,147,26.0485
G147W,147,70.2673
G147Y,147,60.0624
G147M,147,19.5103
G147K,147,27.7185
G147I,147,33.4001
G147H,147,34.9207
G147G,147,
G147F,147,54.2143
G147E,147,25.6959
G147D,147,26.1612
G147C,147,16.5922
G147A,147,8.03946
G147S,147,14.1442
G147R,147,26.8606
G147Q,147,33.8398
G147P,147,15.5547
G147L,147,33.5378
G147N,147,26.2942
S148M,148,2.08527
S148K,148,4.14174
S148P,148,3.0002
S148Q,148,5.7663
S148V,148,2.17993
S148T,148,1.77462
S148S,148,
S148R,148,11.8263
S148N,148,1.19901
S148L,148,1.4311
S148Y,148,12.274
S148W,148,16.8619
S148F,148,5.98611
S148G,148,1.44971
S148H,148,8.93456
S148I,148,2.15083
S148D,148,4.57498
S148E,148,6.26114
S148A,148,0.228788
S148C,148,0.365725
F149M,149,-0.263174
F149K,149,-0.321235
F149D,149,1.2227
F149E,149,0.985658
F149Y,149,0.372856
F149W,149,0.675678
F149L,149,0.26422
F149N,149,1.09271
F149S,149,0.837998
F149R,149,0.957234
F149Q,149,1.64423
F149P,149,6.89021
F149F,149,
F149G,149,1.81242
F149H,149,0.675101
F149I,149,0.383337
F149V,149,1.86773
F149T,149,1.50813
F149C,149,1.81153
F149A,149,0.982827
G150C,150,2.26614
G150A,150,3.68719
G150G,150,
G150F,150,1.30035
G150R,150,1.53598
G150S,150,3.58208
G150E,150,3.14013
G150D,150,3.23789
G150V,150,3.37725
G150T,150,4.57166
G150Y,150,2.80157
G150W,150,3.10575
G150Q,150,1.76705
G150P,150,7.04664
G150H,150,2.5578
G150I,150,3.69572
G150K,150,3.13533
G150M,150,2.23137
G150N,150,2.42878
G150L,150,1.95919
Y151I,151,0.450658
Y151H,151,-0.113245
Y151Q,151,1.05731
Y151P,151,6.15763
Y151D,151,0.553606
Y151E,151,1.52098
Y151C,151,1.26123
Y151A,151,0.814697
Y151W,151,-0.402628
Y151Y,151,
Y151V,151,4.43068
Y151T,151,0.843259
Y151G,151,1.36297
Y151F,151,-0.404086
Y151L,151,1.00885
Y151N,151,1.45494
Y151R,151,0.990247
Y151S,151,1.5542
Y151K,151,0.852273
Y151M,151,-0.740337
Y152V,152,1.80631
Y152T,152,2.84195
Y152Y,152,
Y152W,152,1.48792
Y152F,152,0.464602
Y152G,152,4.71405
Y152H,152,3.1866
Y152I,152,2.34409
Y152S,152,4.9522
Y152R,152,2.98676
Y152C,152,4.37298
Y152A,152,3.1691
Y152E,152,2.01406
Y152D,152,4.25325
Y152Q,152,2.9993
Y152P,152,1.84649
Y152L,152,1.51002
Y152N,152,4.71619
Y152M,152,0.5097
Y152K,152,3.27982
D153N,153,2.06413
D153L,153,0.265962
D153K,153,1.46238
D153M,153,0.230028
D153T,153,0.49881
D153V,153,1.58123
D153W,153,2.24313
D153Y,153,1.72759
D153R,153,0.954997
D153S,153,1.76647
D153G,153,2.16396
D153F,153,0.817159
D153I,153,1.1041
D153H,153,1.81531
D153Q,153,0.98405
D153P,153,1.09114
D153C,153,1.74344
D153A,153,0.375263
D153E,153,-0.864331
D153D,153,
I154L,154,-0.64091
I154N,154,0.78656
I154G,154,1.88546
I154F,154,0.604766
I154S,154,1.67531
I154R,154,-0.66436
I154Q,154,0.388921
I154P,154,0.587735
I154D,154,1.11371
I154E,154,0.342893
I154V,154,0.960513
I154T,154,0.818791
I154C,154,1.23689
I154A,154,0.899035
I154K,154,0.88155
I154M,154,0.095893
I154H,154,1.52681
I154I,154,
I154Y,154,0.803251
I154W,154,0.848741
D155P,155,9.84526
D155Q,155,6.64085
D155K,155,9.26528
D155M,155,-3.0803
D155G,155,4.96501
D155F,155,4.41196
D155E,155,4.93417
D155D,155,
D155A,155,3.3391
D155C,155,2.83263
D155N,155,4.1049
D155L,155,2.31641
D155R,155,7.73876
D155S,155,4.58874
D155I,155,2.68819
D155H,155,6.78817
D155V,155,3.43888
D155T,155,2.90008
D155Y,155,5.74886
D155W,155,13.3989
A156V,156,4.81356
A156T,156,2.4016
A156E,156,10.9095
A156D,156,9.38976
A156W,156,24.404
A156Y,156,38.8974
A156G,156,1.69379
A156F,156,12.9097
A156A,156,
A156C,156,2.46529
A156K,156,16.1494
A156M,156,3.6613
A156P,156,6.05465
A156Q,156,9.59976
A156N,156,8.85739
A156L,156,9.17593
A156S,156,0.851802
A156R,156,7.49255
A156H,156,14.5636
A156I,156,5.56975
Q157A,157,0.255199
Q157C,157,0.728798
Q157D,157,0.921748
Q157E,157,0.306677
Q157F,157,-0.579434
Q157G,157,1.17893
Q157H,157,0.079634
Q157I,157,-0.549333
Q157S,157,0.259397
Q157R,157,-0.256733
Q157Q,157,
Q157P,157,3.7405
Q157L,157,-0.724762
Q157N,157,0.840918
Q157M,157,-0.990705
Q157K,157,-0.335284
Q157T,157,1.24587
Q157V,157,0.42631
Q157W,157,-0.0573
Q157Y,157,0.378984
T158Y,158,2.19136
T158W,158,10.4034
T158V,158,0.566218
T158T,158,
T158E,158,0.934534
T158D,158,2.17184
T158C,158,0.825687
T158A,158,0.999549
T158K,158,2.1748
T158M,158,-1.64209
T158N,158,1.15666
T158L,158,-1.3629
T158P,158,6.38918
T158Q,158,0.194703
T158R,158,2.56739
T158S,158,0.988033
T158I,158,-2.0615
T158H,158,6.08004
T158G,158,1.21003
T158F,158,1.86916
F159L,159,1.15186
F159N,159,5.59131
F159M,159,0.931104
F159K,159,3.7112
F159P,159,8.83772
F159Q,159,4.75937
F159R,159,3.2937
F159S,159,5.10604
F159E,159,6.28519
F159D,159,6.98098
F159C,159,4.55786
F159A,159,4.77558
F159T,159,5.48155
F159V,159,6.21827
F159W,159,3.2351
F159Y,159,0.901507
F159I,159,2.77206
F159H,159,3.88893
F159G,159,6.01456
F159F,159,
A160E,160,2.19358
A160D,160,3.05483
A160C,160,0.762283
A160A,160,
A160I,160,5.0115
A160H,160,3.18584
A160G,160,1.33697
A160F,160,0.232078
A160K,160,0.084154
A160M,160,2.1374
A160N,160,1.84674
A160L,160,1.17563
A160Y,160,0.628536
A160W,160,2.0226
A160V,160,3.01552
A160T,160,2.43927
A160P,160,6.55131
A160Q,160,0.894215
A160R,160,0.137767
A160S,160,0.962937
D161K,161,-0.756722
D161M,161,-1.80974
D161N,161,0.205263
D161L,161,-0.748265
D161S,161,-0.676813
D161R,161,-0.730763
D161Q,161,-0.365914
D161P,161,6.13227
D161A,161,-0.623016
D161C,161,-0.62391
D161D,161,
D161E,161,-0.439552
D161Y,161,-0.413773
D161W,161,-0.287551
D161V,161,0.608428
D161T,161,1.22106
D161I,161,-1.14558
D161H,161,0.453926
D161G,161,-0.056827
D161F,161,-0.609338
W162L,162,1.97751
W162N,162,3.71532
W162M,162,0.617095
W162K,162,3.12461
W162S,162,4.73407
W162R,162,2.9326
W162Q,162,4.16189
W162P,162,7.55878
W162Y,162,2.4663
W162W,162,
W162V,162,3.63661
W162T,162,4.82103
W162F,162,2.0175
W162G,162,4.69549
W162H,162,2.52773
W162I,162,3.92363
W162E,162,3.70361
W162D,162,5.64317
W162C,162,4.23226
W162A,162,3.46356
G163I,163,4.54929
G163H,163,4.68452
G163G,163,
G163F,163,4.04354
G163T,163,6.31564
G163V,163,6.95809
G163W,163,3.73723
G163Y,163,3.97705
G163K,163,3.32782
G163M,163,2.44943
G163N,163,4.24637
G163L,163,4.36988
G163E,163,4.13148
G163D,163,4.98336
G163C,163,4.0073
G163A,163,3.97606
G163P,163,9.12717
G163Q,163,3.89657
G163R,163,3.51293
G163S,163,5.0577
V164F,164,9.20984
V164G,164,4.97842
V164H,164,5.14967
V164I,164,-0.001598
V164A,164,2.71698
V164C,164,2.69651
V164D,164,5.07074
V164E,164,5.73333
V164Y,164,13.0028
V164W,164,13.9987
V164V,164,
V164T,164,2.42264
V164S,164,3.66039
V164R,164,13.8224
V164Q,164,4.17255
V164P,164,8.55442
V164K,164,7.41044
V164M,164,-1.31871
V164N,164,2.51409
V164L,164,0.458378
D165K,165,1.96941
D165M,165,0.761024
D165N,165,2.41462
D165L,165,1.28166
D165A,165,1.96114
D165C,165,1.82414
D165D,165,
D165E,165,1.32449
D165F,165,2.21307
D165G,165,2.12995
D165H,165,2.05109
D165I,165,2.53571
D165T,165,2.34709
D165V,165,1.21256
D165W,165,2.32405
D165Y,165,1.66661
D165P,165,3.87696
D165Q,165,1.58869
D165R,165,2.26662
D165S,165,2.21095
L166A,166,3.47854
L166C,166,2.94766
L166D,166,5.59795
L166E,166,4.16559
L166F,166,2.07566
L166G,166,4.83835
L166H,166,4.24038
L166I,166,2.09688
L166P,166,12.4932
L166Q,166,2.33806
L166R,166,2.14515
L166S,166,3.86143
L166K,166,3.14397
L166M,166,-0.223721
L166N,166,5.5862
L166L,166,
L166Y,166,4.16615
L166W,166,8.83381
L166V,166,3.20831
L166T,166,4.51336
L167A,167,4.10419
L167C,167,3.20522
L167D,167,5.5449
L167E,167,5.39806
L167Y,167,13.9976
L167W,167,16.1528
L167V,167,0.60104
L167T,167,2.95155
L167I,167,1.29814
L167H,167,4.29893
L167G,167,5.60156
L167F,167,8.75294
L167P,167,8.24947
L167Q,167,4.27013
L167R,167,8.89863
L167S,167,5.25267
L167L,167,
L167N,167,4.16001
L167M,167,0.823836
L167K,167,6.71371
K168P,168,4.10788
K168Q,168,0.922909
K168R,168,-1.42405
K168S,168,2.38052
K168L,168,-1.03363
K168N,168,2.41702
K168M,168,-0.518053
K168K,168,
K168F,168,-0.620547
K168G,168,2.34333
K168H,168,0.09558
K168I,168,-0.589709
K168E,168,3.87731
K168D,168,4.50923
K168C,168,1.32074
K168A,168,2.04271
K168Y,168,-1.09654
K168W,168,0.362934
K168V,168,0.204383
K168T,168,1.12439
F169K,169,3.59606
F169M,169,-0.31359
F169N,169,3.55919
F169L,169,1.18606
F169S,169,5.83415
F169R,169,6.08855
F169Q,169,4.84345
F169P,169,9.44503
F169A,169,4.44857
F169C,169,3.93801
F169D,169,6.42515
F169E,169,6.61874
F169Y,169,1.98029
F169W,169,8.44214
F169V,169,5.49925
F169T,169,4.42287
F169I,169,4.70435
F169H,169,2.30846
F169G,169,6.62204
F169F,169,
D170I,170,4.55808
D170H,170,4.2873
D170G,170,0.935521
D170F,170,3.59156
D170K,170,-0.125398
D170M,170,-1.75798
D170N,170,0.531743
D170L,170,1.97333
D170A,170,-0.036004
D170C,170,-0.638601
D170D,170,
D170E,170,4.31611
D170T,170,2.75999
D170V,170,2.96873
D170W,170,4.42953
D170Y,170,3.01488
D170P,170,3.40853
D170Q,170,-0.342915
D170R,170,-1.47737
D170S,170,-0.041654
G171I,171,7.16868
G171H,171,20.2032
G171G,171,
G171F,171,39.3343
G171E,171,18.6581
G171D,171,13.1175
G171C,171,1.53637
G171A,171,0.342435
G171Y,171,39.5396
G171W,171,44.5829
G171V,171,3.36595
G171T,171,4.03461
G171S,171,2.82352
G171R,171,16.5143
G171Q,171,14.7701
G171P,171,6.3101
G171L,171,13.9174
G171N,171,5.26879
G171M,171,6.3046
G171K,171,24.6176
C172A,172,3.10118
C172C,172,
C172D,172,5.18679
C172E,172,3.51288
C172F,172,2.69364
C172G,172,3.87478
C172H,172,5.83715
C172I,172,3.66136
C172T,172,4.60561
C172V,172,8.18526
C172W,172,4.83803
C172Y,172,2.81646
C172L,172,5.54441
C172N,172,4.26874
C172M,172,2.65997
C172K,172,2.2978
C172S,172,3.19079
C172R,172,2.55435
C172Q,172,2.87106
C172P,172,4.09013
Y173L,173,0.170563
Y173N,173,-0.120015
Y173M,173,0.02096
Y173K,173,-0.233663
Y173I,173,1.68851
Y173H,173,0.716037
Y173G,173,0.557969
Y173F,173,0.005031
Y173P,173,3.44564
Y173Q,173,0.243722
Y173R,173,-0.696309
Y173S,173,-0.08808
Y173A,173,0.888642
Y173C,173,0.834454
Y173D,173,1.09043
Y173E,173,0.47274
Y173Y,173,
Y173W,173,0.272274
Y173V,173,2.91843
Y173T,173,1.81444
C174Y,174,4.25973
C174W,174,7.76491
C174V,174,-1.17787
C174T,174,0.85494
C174P,174,5.04927
C174Q,174,2.18958
C174R,174,2.41138
C174S,174,1.68266
C174L,174,0.464561
C174N,174,1.91286
C174M,174,-1.22706
C174K,174,0.799652
C174I,174,-1.05786
C174H,174,1.16273
C174G,174,3.56396
C174F,174,2.16405
C174E,174,3.1638
C174D,174,2.558
C174C,174,
C174A,174,0.699314
D175A,175,0.118333
D175C,175,3.46784
D175D,175,
D175E,175,-0.094696
D175K,175,1.51808
D175M,175,1.0599
D175N,175,0.208957
D175L,175,-0.068679
D175F,175,-0.123148
D175G,175,1.5411
D175H,175,0.121512
D175I,175,0.026697
D175S,175,0.006605
D175R,175,3.33825
D175Q,175,3.10433
D175P,175,-0.438566
D175Y,175,0.137464
D175W,175,0.241375
D175V,175,-0.298108
D175T,175,1.90395
S176Y,176,1.40993
S176W,176,2.11989
S176V,176,-0.400539
S176T,176,1.80167
S176S,176,
S176R,176,2.37866
S176Q,176,1.56618
S176P,176,4.54573
S176E,176,1.43153
S176D,176,1.06805
S176C,176,1.8475
S176A,176,1.50829
S176F,176,0.94215
S176G,176,2.09747
S176H,176,0.147101
S176I,176,1.49288
S176L,176,1.48676
S176N,176,1.22405
S176M,176,0.577397
S176K,176,2.70241
L177K,177,1.68358
L177M,177,-0.075368
L177N,177,3.00441
L177L,177,
L177S,177,2.98352
L177R,177,2.18013
L177Q,177,1.91116
L177P,177,-0.039301
L177Y,177,1.79466
L177W,177,2.05063
L177V,177,1.24432
L177T,177,2.34154
L177A,177,2.00128
L177C,177,2.45301
L177D,177,2.32841
L177E,177,1.34087
L177I,177,0.534692
L177H,177,2.82879
L177G,177,2.95982
L177F,177,2.29193
E178L,178,1.39589
E178N,178,2.03252
E178M,178,-0.231229
E178K,178,1.18277
E178S,178,0.612654
E178R,178,1.30368
E178Q,178,1.37619
E178P,178,1.11743
E178E,178,
E178D,178,0.879712
E178C,178,1.68236
E178A,178,1.44144
E178I,178,0.407078
E178H,178,0.947221
E178G,178,1.93463
E178F,178,0.407586
E178T,178,0.704143
E178V,178,0.781149
E178W,178,1.78535
E178Y,178,1.76768
N179E,179,0.216388
N179D,179,-0.431652
N179C,179,1.07078
N179A,179,-0.656467
N179K,179,0.227981
N179M,179,-0.81034
N179N,179,
N179L,179,-1.26788
N179P,179,-0.394061
N179Q,179,0.500859
N179R,179,0.157613
N179S,179,0.120347
N179I,179,-0.643693
N179H,179,0.226563
N179G,179,1.1443
N179F,179,-0.910518
N179T,179,-0.652358
N179V,179,0.572978
N179W,179,-0.36004
N179Y,179,-0.779968
L180I,180,0.628321
L180H,180,5.23646
L180G,180,4.11106
L180F,180,4.93141
L180L,180,
L180N,180,3.99812
L180M,180,-0.166092
L180K,180,1.74281
L180Y,180,11.3171
L180W,180,8.24694
L180V,180,1.93911
L180T,180,2.60576
L180A,180,2.34904
L180C,180,2.67846
L180D,180,5.0977
L180E,180,4.57975
L180S,180,4.40132
L180R,180,1.86934
L180Q,180,2.64467
L180P,180,7.65374
A181A,181,
A181C,181,0.507609
A181D,181,0.410393
A181E,181,-0.184193
A181F,181,0.338992
A181G,181,0.443152
A181H,181,0.784274
A181I,181,-0.412162
A181S,181,0.488439
A181R,181,0.342085
A181Q,181,-0.265575
A181P,181,2.13225
A181L,181,-0.004857
A181N,181,1.66615
A181M,181,0.59734
A181K,181,-1.21504
A181T,181,1.27804
A181V,181,-0.859439
A181W,181,1.59246
A181Y,181,6.40691
D182I,182,-0.525458
D182H,182,-0.177916
D182G,182,0.616571
D182F,182,-0.353995
D182K,182,-0.70172
D182M,182,-1.052
D182N,182,-0.053942
D182L,182,-0.758861
D182E,182,-0.274792
D182D,182,
D182C,182,0.532037
D182A,182,-0.170984
D182P,182,1.42137
D182Q,182,-0.413828
D182R,182,-0.604586
D182S,182,-0.270371
D182Y,182,-1.39108
D182W,182,-1.02409
D182V,182,-0.170879
D182T,182,0.13873
G183F,183,7.68885
G183G,183,
G183H,183,9.96102
G183I,183,10.3091
G183S,183,4.95852
G183R,183,8.72558
G183Q,183,6.48441
G183P,183,7.64077
G183L,183,4.64469
G183N,183,9.28817
G183M,183,6.55569
G183K,183,9.83349
G183E,183,10.6389
G183D,183,6.95483
G183C,183,2.50934
G183A,183,1.79177
G183Y,183,13.7146
G183W,183,13.919
G183V,183,11.2066
G183T,183,5.92488
Y184L,184,-0.244167
Y184N,184,2.6256
Y184M,184,0.769356
Y184K,184,3.20785
Y184Y,184,
Y184W,184,9.98362
Y184V,184,2.13562
Y184T,184,3.32209
Y184A,184,3.4605
Y184C,184,3.63243
Y184D,184,5.94856
Y184E,184,5.80557
Y184F,184,0.404526
Y184G,184,5.7967
Y184H,184,1.93973
Y184I,184,1.36863
Y184S,184,5.45136
Y184R,184,5.10859
Y184Q,184,4.18941
Y184P,184,5.37003
K185A,185,1.14529
K185C,185,0.441047
K185D,185,2.93743
K185E,185,0.912253
K185I,185,-0.194583
K185H,185,1.71961
K185G,185,2.34182
K185F,185,1.16324
K185S,185,1.73716
K185R,185,0.800155
K185Q,185,0.76422
K185P,185,5.05073
K185K,185,
K185M,185,-0.702377
K185N,185,2.1197
K185L,185,1.74289
K185Y,185,3.10411
K185W,185,6.51047
K185V,185,-0.054665
K185T,185,1.44808
H186P,186,6.46723
H186Q,186,-0.81725
H186R,186,-0.349715
H186S,186,1.02445
H186T,186,-0.178239
H186V,186,1.38072
H186W,186,-0.010259
H186Y,186,-0.855107
H186F,186,-0.470914
H186G,186,1.39084
H186H,186,
H186I,186,0.153725
H186E,186,-0.587443
H186D,186,0.148535
H186C,186,0.602611
H186A,186,0.397327
H186K,186,-0.038654
H186M,186,-0.585875
H186N,186,0.102947
H186L,186,-0.641557
M187K,187,3.24035
M187M,187,
M187N,187,3.24937
M187L,187,0.11429
M187F,187,2.71264
M187G,187,5.09002
M187H,187,3.12653
M187I,187,4.66674
M187A,187,3.33053
M187C,187,3.80108
M187D,187,5.46906
M187E,187,5.36252
M187S,187,5.21911
M187R,187,5.68541
M187Q,187,2.91653
M187P,187,7.47312
M187T,187,3.69809
M187V,187,3.56723
M187W,187,6.2908
M187Y,187,5.38755
S188A,188,-0.872743
S188C,188,-0.145253
S188D,188,2.20398
S188E,188,2.37002
S188I,188,5.84838
S188H,188,1.54615
S188G,188,0.71637
S188F,188,3.23388
S188T,188,1.12382
S188V,188,-0.336119
S188W,188,1.87945
S188Y,188,0.01392
S188P,188,8.71656
S188Q,188,3.14944
S188R,188,3.55085
S188S,188,
S188K,188,1.06104
S188M,188,-1.35266
S188N,188,0.929585
S188L,188,2.83485
L189F,189,0.806364
L189G,189,1.94211
L189H,189,1.10118
L189I,189,1.35486
L189K,189,0.649565
L189M,189,-0.05693
L189N,189,0.872399
L189L,189,
L189P,189,3.39293
L189Q,189,1.03665
L189R,189,1.19109
L189S,189,1.46995
L189Y,189,0.285154
L189W,189,0.093478
L189V,189,1.43353
L189T,189,1.06305
L189E,189,1.00488
L189D,189,1.47071
L189C,189,1.45712
L189A,189,1.14668
A190A,190,
A190C,190,0.452756
A190D,190,1.87545
A190E,190,0.868598
A190F,190,0.537096
A190G,190,1.66178
A190H,190,3.23615
A190I,190,1.57805
A190L,190,1.37297
A190N,190,2.31821
A190M,190,0.202346
A190K,190,1.11198
A190S,190,0.565483
A190R,190,4.46604
A190Q,190,0.439403
A190P,190,5.78972
A190Y,190,3.36853
A190W,190,3.48243
A190V,190,0.220201
A190T,190,2.41575
L191K,191,4.3121
L191M,191,0.306095
L191N,191,2.75752
L191L,191,
L191F,191,2.58627
L191G,191,4.82631
L191H,191,2.70101
L191I,191,0.741246
L191E,191,4.69163
L191D,191,5.31907
L191C,191,3.42753
L191A,191,3.6748
L191Y,191,4.35138
L191W,191,8.34366
L191V,191,1.77413
L191T,191,2.47196
L191P,191,7.24294
L191Q,191,3.62208
L191R,191,8.09992
L191S,191,4.48822
N192Y,192,0.014514
N192W,192,-0.317709
N192V,192,0.091914
N192T,192,0.576127
N192E,192,-0.209029
N192D,192,0.413007
N192C,192,0.56729
N192A,192,-0.410401
N192S,192,-0.04671
N192R,192,0.023099
N192Q,192,-0.21937
N192P,192,1.78425
N192L,192,-0.916792
N192N,192,
N192M,192,-2.01576
N192K,192,-0.654565
N192F,192,-0.824395
N192G,192,0.661748
N192H,192,0.547809
N192I,192,-1.237
R193P,193,2.67371
R193Q,193,0.793459
R193R,193,
R193S,193,0.372343
R193F,193,-0.048863
R193G,193,1.66467
R193H,193,0.518843
R193I,193,1.42985
R193A,193,0.743675
R193C,193,1.07071
R193D,193,1.96014
R193E,193,1.19305
R193T,193,1.0257
R193V,193,0.932088
R193W,193,1.26868
R193Y,193,1.42366
R193L,193,0.138854
R193N,193,1.64242
R193M,193,-0.035146
R193K,193,0.884161
T194E,194,6.03352
T194D,194,5.7575
T194C,194,0.980819
T194A,194,1.18923
T194S,194,1.50439
T194R,194,1.54732
T194Q,194,1.09205
T194P,194,4.0864
T194T,194,
T194V,194,2.08499
T194W,194,12.2855
T194Y,194,11.9959
T194F,194,9.64166
T194G,194,2.63845
T194H,194,15.1887
T194I,194,0.76496
T194L,194,2.58148
T194N,194,2.54345
T194M,194,1.92212
T194K,194,5.22055
G195P,195,8.04052
G195Q,195,2.86208
G195R,195,2.16557
G195S,195,4.01137
G195T,195,3.20464
G195V,195,5.19841
G195W,195,3.63401
G195Y,195,3.62635
G195E,195,4.03713
G195D,195,3.99121
G195C,195,3.26137
G195A,195,3.0411
G195I,195,4.9274
G195H,195,3.28825
G195G,195,
G195F,195,4.10261
G195L,195,3.22421
G195N,195,2.67845
G195M,195,3.48737
G195K,195,1.86217
R196A,196,1.00715
R196C,196,2.24802
R196D,196,3.11303
R196E,196,2.3398
R196S,196,1.8291
R196R,196,
R196Q,196,1.41508
R196P,196,2.63447
R196L,196,2.05657
R196N,196,1.16397
R196M,196,1.63337
R196K,196,-0.812807
R196F,196,0.739072
R196G,196,2.75545
R196H,196,1.21018
R196I,196,0.23579
R196Y,196,-0.62855
R196W,196,1.03061
R196V,196,0.401899
R196T,196,1.01852
S197A,197,-0.194784
S197C,197,-0.422521
S197D,197,-0.496843
S197E,197,-0.523964
S197T,197,-0.244242
S197V,197,0.002387
S197W,197,-0.371018
S197Y,197,-0.259514
S197L,197,-1.20432
S197N,197,-0.749402
S197M,197,-0.692678
S197K,197,-2.17363
S197F,197,-0.424613
S197G,197,-0.072155
S197H,197,-0.150065
S197I,197,1.04713
S197P,197,-0.937448
S197Q,197,-0.706253
S197R,197,-0.781785
S197S,197,
I198S,198,3.55767
I198R,198,3.16425
I198Q,198,2.14886
I198P,198,4.83754
I198E,198,5.21631
I198D,198,5.46475
I198C,198,2.7517
I198A,198,3.91632
I198F,198,7.45924
I198G,198,5.77053
I198H,198,6.13174
I198I,198,
I198T,198,1.91421
I198V,198,0.568497
I198W,198,14.8679
I198Y,198,11.0955
I198L,198,1.14748
I198N,198,4.18671
I198M,198,0.861029
I198K,198,2.82257
V199A,199,2.1162
V199C,199,2.13601
V199D,199,1.91993
V199E,199,2.06994
V199F,199,1.91949
V199G,199,3.99138
V199H,199,1.93735
V199I,199,0.127868
V199L,199,0.710548
V199N,199,2.29166
V199M,199,0.034277
V199K,199,3.4061
V199P,199,2.25569
V199Q,199,1.7459
V199R,199,5.46042
V199S,199,3.87157
V199T,199,2.31264
V199V,199,
V199W,199,6.93526
V199Y,199,2.36026
Y200A,200,3.73497
Y200C,200,2.89454
Y200D,200,4.45886
Y200E,200,4.3573
Y200F,200,-0.515891
Y200G,200,4.95881
Y200H,200,3.67598
Y200I,200,1.84511
Y200P,200,6.89876
Y200Q,200,4.23006
Y200R,200,4.8882
Y200S,200,4.44504
Y200K,200,4.06744
Y200M,200,0.206484
Y200N,200,3.56173
Y200L,200,0.318058
Y200T,200,3.38853
Y200V,200,2.84321
Y200W,200,8.1074
Y200Y,200,
S201I,201,-0.470406
S201H,201,0.352164
S201G,201,0.49676
S201F,201,-2.22004
S201P,201,1.4715
S201Q,201,-0.59631
S201R,201,1.80537
S201S,201,
S201E,201,1.91217
S201D,201,2.33185
S201C,201,0.209072
S201A,201,-0.416713
S201K,201,-2.05611
S201M,201,-2.24695
S201N,201,-0.858887
S201L,201,-2.65252
S201T,201,1.9769
S201V,201,0.65072
S201W,201,6.04907
S201Y,201,1.59207
C202S,202,3.2846
C202R,202,17.7813
C202Q,202,10.9303
C202P,202,10.9387
C202A,202,3.81561
C202C,202,
C202D,202,9.95011
C202E,202,11.5782
C202F,202,29.3397
C202G,202,4.3748
C202H,202,18.9995
C202I,202,8.80032
C202T,202,6.37495
C202V,202,4.81082
C202W,202,33.1298
C202Y,202,38.7482
C202L,202,9.69716
C202N,202,8.739
C202M,202,8.01534
C202K,202,13.6359
E203T,203,-3.77512
E203V,203,-2.90218
E203W,203,2.13868
E203Y,203,-1.78626
E203K,203,-3.109
E203M,203,-3.57771
E203N,203,-0.989442
E203L,203,-3.25486
E203S,203,-2.67275
E203R,203,-4.01442
E203Q,203,-1.59937
E203P,203,-2.4914
E203I,203,-1.99298
E203H,203,-1.38778
E203G,203,-1.63524
E203F,203,-1.84568
E203E,203,
E203D,203,0.054297
E203C,203,-2.13733
E203A,203,-2.35807
W204T,204,4.84967
W204V,204,4.75652
W204W,204,
W204Y,204,1.00986
W204C,204,3.96502
W204A,204,3.7739
W204D,204,5.66492
W204K,204,3.18836
W204L,204,1.72917
W204N,204,4.99613
W204M,204,1.50586
W204P,204,9.82832
W204S,204,5.60604
W204R,204,3.29218
W204Q,204,4.17439
W204E,204,4.89117
W204F,204,0.810296
W204G,204,4.99302
W204H,204,3.7427
W204I,204,2.88832
P205S,205,4.29106
P205R,205,23.5804
P205Q,205,14.2908
P205P,205,
P205F,205,18.9408
P205G,205,3.82466
P205H,205,15.0553
P205I,205,4.41219
P205A,205,2.48346
P205C,205,5.14993
P205D,205,8.83321
P205E,205,8.74726
P205Y,205,14.1635
P205W,205,20.7167
P205V,205,4.01973
P205T,205,3.88814
P205K,205,7.89444
P205M,205,5.53332
P205N,205,8.10223
P205L,205,6.64315
L206K,206,0.851867
L206M,206,0.160379
L206N,206,0.700999
L206L,206,
L206T,206,1.30278
L206V,206,3.12251
L206W,206,-0.053852
L206Y,206,-0.48399
L206S,206,2.19404
L206Q,206,1.59232
L206P,206,6.83124
L206R,206,-0.446733
L206E,206,2.65645
L206D,206,3.54422
L206C,206,1.79882
L206A,206,1.27906
L206I,206,3.31613
L206H,206,1.03256
L206G,206,2.54061
L206F,206,-0.211552
Y207P,207,3.4582
Y207Q,207,0.739452
Y207R,207,-0.24427
Y207S,207,3.15699
Y207L,207,1.06911
Y207N,207,2.18804
Y207M,207,1.28153
Y207K,207,1.38051
Y207I,207,1.79173
Y207H,207,1.92872
Y207G,207,2.97012
Y207F,207,0.237989
Y207E,207,3.12985
Y207D,207,3.6204
Y207C,207,0.817891
Y207A,207,2.34423
Y207T,207,2.17957
Y207V,207,1.60876
Y207W,207,2.26316
Y207Y,207,
M208F,208,12.3095
M208G,208,2.78288
M208H,208,2.14987
M208I,208,2.22534
M208E,208,2.46126
M208D,208,5.58154
M208C,208,1.93282
M208A,208,1.54905
M208K,208,2.49353
M208M,208,
M208N,208,2.07665
M208L,208,0.386011
M208P,208,6.75308
M208Q,208,2.63254
M208R,208,1.7158
M208S,208,2.0396
M208T,208,1.28746
M208V,208,1.11554
M208W,208,0.874825
M208Y,208,-0.240642
W209A,209,2.62177
W209C,209,3.76235
W209D,209,3.63117
W209E,209,2.64361
W209Y,209,0.329869
W209W,209,
W209V,209,2.52336
W209T,209,1.90887
W209L,209,-0.310609
W209N,209,0.721795
W209M,209,-0.204433
W209K,209,2.90097
W209S,209,2.70078
W209R,209,3.05287
W209Q,209,2.9269
W209P,209,9.7523
W209I,209,2.38727
W209H,209,2.54872
W209G,209,4.41839
W209F,209,1.35037
P210L,210,1.80079
P210N,210,1.50209
P210M,210,-2.01039
P210K,210,1.53754
P210I,210,1.96501
P210H,210,1.21192
P210G,210,1.88809
P210F,210,1.5001
P210P,210,
P210Q,210,1.87682
P210R,210,1.60181
P210S,210,2.48187
P210T,210,3.39457
P210V,210,1.40517
P210W,210,1.35049
P210Y,210,1.50535
P210A,210,1.73285
P210C,210,2.60279
P210D,210,2.28089
P210E,210,1.91973
F211E,211,0.569304
F211D,211,0.690259
F211C,211,1.95259
F211A,211,1.02361
F211I,211,0.101363
F211H,211,0.606328
F211G,211,1.83727
F211F,211,
F211Y,211,0.09703
F211W,211,-0.138624
F211V,211,0.336641
F211T,211,1.20737
F211S,211,1.379
F211R,211,-0.017872
F211Q,211,0.31352
F211P,211,1.2723
F211L,211,0.303167
F211N,211,0.684653
F211M,211,0.876786
F211K,211,-0.062224
Q212K,212,-0.506844
Q212M,212,-0.732673
Q212N,212,0.052813
Q212L,212,-0.134077
Q212P,212,5.57649
Q212Q,212,
Q212R,212,-0.257546
Q212S,212,-0.107496
Q212E,212,-0.296841
Q212D,212,0.25571
Q212C,212,0.646222
Q212A,212,0.77936
Q212F,212,-0.176744
Q212G,212,1.16696
Q212H,212,1.13398
Q212I,212,0.024545
Q212Y,212,-0.184154
Q212W,212,0.561193
Q212V,212,0.709625
Q212T,212,0.49558
K213T,213,0.382041
K213V,213,0.605326
K213W,213,0.319126
K213Y,213,-0.269847
K213F,213,-0.367631
K213G,213,1.17065
K213H,213,0.471831
K213I,213,0.513444
K213A,213,0.703197
K213C,213,0.707415
K213D,213,0.50601
K213E,213,0.14609
K213K,213,
K213M,213,0.004581
K213N,213,0.047555
K213L,213,-0.130862
K213P,213,-1.25047
K213Q,213,0.341447
K213R,213,0.567921
K213S,213,0.885478
P214S,214,5.30898
P214R,214,11.5959
P214Q,214,10.2727
P214P,214,
P214I,214,4.47784
P214H,214,17.5669
P214G,214,5.21069
P214F,214,34.3117
P214K,214,11.4912
P214M,214,4.13725
P214N,214,3.36423
P214L,214,4.45915
P214A,214,3.15403
P214C,214,4.52406
P214D,214,7.83035
P214E,214,12.1921
P214Y,214,7.93264
P214W,214,3.55596
P214V,214,3.77427
P214T,214,3.88023
N215F,215,0.781154
N215G,215,1.653
N215H,215,2.04105
N215I,215,1.6902
N215Y,215,1.3486
N215W,215,1.33281
N215V,215,1.67581
N215T,215,1.21026
N215S,215,1.92414
N215R,215,2.54398
N215Q,215,1.97849
N215P,215,1.99162
N215K,215,1.82403
N215M,215,0.437383
N215N,215,
N215L,215,1.35888
N215E,215,-0.669825
N215D,215,-2.95839
N215C,215,1.54144
N215A,215,1.83109
Y216I,216,3.45193
Y216H,216,2.73111
Y216G,216,6.6649
Y216F,216,-0.30017
Y216T,216,4.47983
Y216V,216,3.33684
Y216W,216,0.442393
Y216Y,216,
Y216K,216,5.53178
Y216M,216,0.972722
Y216N,216,4.82541
Y216L,216,1.31298
Y216P,216,1.68163
Y216Q,216,4.63728
Y216R,216,6.14941
Y216S,216,6.06483
Y216E,216,3.6045
Y216D,216,5.0327
Y216C,216,4.97982
Y216A,216,4.39442
T217P,217,-1.84727
T217Q,217,-0.052656
T217R,217,0.479881
T217S,217,0.069403
T217Y,217,0.087024
T217W,217,-0.39431
T217V,217,-0.100683
T217T,217,
T217A,217,-0.009841
T217C,217,0.943254
T217D,217,-0.732611
T217E,217,-1.29947
T217I,217,0.051647
T217H,217,0.020513
T217G,217,0.87087
T217F,217,-0.251747
T217L,217,-0.377225
T217N,217,0.061773
T217M,217,-0.623632
T217K,217,0.255068
E218L,218,-0.903848
E218N,218,1.3465
E218M,218,-1.43335
E218K,218,0.100841
E218Y,218,0.964351
E218W,218,0.378319
E218V,218,0.669316
E218T,218,0.863933
E218E,218,
E218D,218,0.592166
E218C,218,1.19422
E218A,218,0.472792
E218I,218,0.297579
E218H,218,0.888405
E218G,218,1.6491
E218F,218,0.007129
E218S,218,1.64677
E218R,218,0.496317
E218Q,218,0.501345
E218P,218,1.83227
I219F,219,2.66992
I219G,219,5.03995
I219H,219,3.3573
I219I,219,
I219K,219,4.0019
I219M,219,0.289733
I219N,219,4.17893
I219L,219,0.497853
I219P,219,6.00689
I219Q,219,4.35356
I219R,219,6.77012
I219S,219,3.98338
I219A,219,2.96715
I219C,219,3.39108
I219D,219,4.77904
I219E,219,4.41851
I219T,219,2.23596
I219V,219,1.15449
I219W,219,9.37359
I219Y,219,4.14174
R220T,220,1.04885
R220V,220,1.90716
R220W,220,1.56841
R220Y,220,1.33305
R220A,220,0.629284
R220C,220,0.613125
R220D,220,2.0014
R220E,220,0.985074
R220P,220,4.84398
R220Q,220,-0.270097
R220R,220,
R220S,220,0.186735
R220F,220,0.396315
R220G,220,1.95614
R220H,220,2.12506
R220I,220,0.133061
R220K,220,0.524955
R220M,220,0.111682
R220N,220,1.19335
R220L,220,-0.598827
Q221P,221,3.38342
Q221Q,221,
Q221R,221,0.488844
Q221S,221,0.549272
Q221K,221,0.264035
Q221M,221,0.090617
Q221N,221,0.079149
Q221L,221,0.500684
Q221Y,221,0.609063
Q221W,221,0.20451
Q221V,221,0.589568
Q221T,221,0.196643
Q221A,221,0.198861
Q221C,221,1.09743
Q221D,221,0.918899
Q221E,221,0.265521
Q221I,221,0.413966
Q221H,221,0.652127
Q221G,221,0.372497
Q221F,221,0.555373
Y222A,222,2.72118
Y222C,222,2.18261
Y222D,222,3.9111
Y222E,222,3.58207
Y222I,222,3.49733
Y222H,222,0.579623
Y222G,222,3.22196
Y222F,222,0.100942
Y222K,222,2.32368
Y222M,222,0.253547
Y222N,222,2.38026
Y222L,222,-0.147299
Y222P,222,4.97577
Y222Q,222,2.75281
Y222R,222,2.2213
Y222S,222,3.05798
Y222T,222,1.89823
Y222V,222,1.89956
Y222W,222,0.347104
Y222Y,222,
C223L,223,7.82099
C223N,223,8.70756
C223M,223,9.76869
C223K,223,15.2908
C223I,223,8.07324
C223H,223,14.9297
C223G,223,4.36561
C223F,223,15.041
C223P,223,9.23061
C223V,223,6.3405
C223W,223,39.2174
C223Y,223,20.9627
C223C,223,
C223D,223,9.96681
C223E,223,12.0145
C223T,223,6.01999
C223Q,223,10.3173
C223R,223,24.8121
C223S,223,3.49139
C223A,223,3.42969
N224T,224,5.10677
N224V,224,1.95106
N224W,224,9.86339
N224Y,224,5.64053
N224K,224,4.00928
N224M,224,1.88752
N224N,224,
N224L,224,1.10996
N224S,224,0.971142
N224R,224,8.70259
N224Q,224,3.01375
N224P,224,5.33393
N224I,224,2.93371
N224H,224,1.89713
N224G,224,3.11756
N224F,224,1.65217
N224E,224,1.94854
N224D,224,0.767783
N224C,224,0.951182
N224A,224,3.54677
H225L,225,0.528407
H225N,225,1.6562
H225M,225,-1.0704
H225K,225,2.44026
H225I,225,2.95011
H225H,225,
H225G,225,2.26294
H225F,225,-0.579863
H225T,225,2.46044
H225V,225,3.07865
H225W,225,7.00475
H225Y,225,2.74447
H225A,225,1.66391
H225C,225,1.80721
H225D,225,4.21514
H225E,225,3.40984
H225P,225,2.81598
H225Q,225,2.13287
H225R,225,6.08901
H225S,225,1.94314
W226Y,226,2.08215
W226W,226,
W226V,226,3.36021
W226T,226,4.12516
W226I,226,1.79661
W226H,226,2.72821
W226G,226,5.67839
W226F,226,1.13324
W226E,226,5.05747
W226D,226,5.47758
W226C,226,4.67422
W226A,226,4.15204
W226S,226,4.27657
W226R,226,6.9885
W226Q,226,5.67226
W226P,226,5.49756
W226L,226,3.75904
W226N,226,4.51419
W226M,226,2.04317
W226K,226,5.6821
R227L,227,2.42091
R227N,227,3.13932
R227M,227,2.46657
R227K,227,2.06807
R227E,227,8.56419
R227D,227,7.74293
R227C,227,2.05298
R227A,227,1.87198
R227Y,227,2.8367
R227W,227,5.18337
R227V,227,3.39292
R227T,227,1.30807
R227S,227,1.55786
R227R,227,
R227Q,227,3.59501
R227P,227,4.43237
R227I,227,1.76652
R227H,227,2.79702
R227G,227,2.70527
R227F,227,1.73003
N228F,228,8.91097
N228G,228,1.9814
N228H,228,4.1003
N228I,228,0.173482
N228L,228,-1.95254
N228N,228,
N228M,228,-0.940877
N228K,228,0.987652
N228T,228,1.30176
N228V,228,-1.20289
N228W,228,5.84209
N228Y,228,4.72302
N228P,228,-0.125585
N228Q,228,1.77799
N228R,228,1.47164
N228S,228,0.907087
N228E,228,1.98381
N228D,228,0.50368
N228C,228,0.608161
N228A,228,0.827377
F229P,229,3.57294
F229Q,229,3.5202
F229R,229,2.60893
F229S,229,3.40058
F229T,229,2.18262
F229V,229,1.64354
F229W,229,3.40817
F229Y,229,0.604027
F229L,229,0.964019
F229N,229,2.43005
F229M,229,0.899184
F229K,229,2.38018
F229I,229,1.06623
F229H,229,1.31809
F229G,229,3.81175
F229F,229,
F229E,229,3.9891
F229D,229,3.86963
F229C,229,2.69845
F229A,229,3.20462
A230P,230,-1.86304
A230Q,230,0.038604
A230R,230,-0.336425
A230S,230,0.427899
A230L,230,-0.340268
A230N,230,0.532422
A230M,230,-0.692281
A230K,230,-0.693577
A230I,230,-0.474655
A230H,230,-0.28747
A230G,230,0.986243
A230F,230,-0.56221
A230E,230,-0.167923
A230D,230,0.186013
A230C,230,0.394386
A230A,230,
A230T,230,0.939818
A230V,230,0.225695
A230W,230,-0.836274
A230Y,230,-0.572378
D231T,231,-1.18477
D231V,231,-0.686851
D231W,231,-1.36731
D231Y,231,-1.83717
D231L,231,-1.97032
D231N,231,-1.74578
D231M,231,-0.27919
D231K,231,-1.84267
D231P,231,-2.10045
D231Q,231,-2.04657
D231R,231,-2.0335
D231S,231,-1.08982
D231E,231,-0.648485
D231D,231,
D231C,231,-1.15928
D231A,231,-0.981712
D231F,231,-1.39163
D231G,231,-0.431382
D231H,231,-2.07689
D231I,231,-1.95027
I232E,232,7.10446
I232D,232,6.71219
I232C,232,2.48303
I232A,232,2.96063
I232Y,232,12.871
I232W,232,15.7339
I232V,232,1.3557
I232T,232,2.58731
I232S,232,3.11889
I232R,232,8.6335
I232Q,232,4.46925
I232P,232,7.83764
I232F,232,4.22315
I232G,232,4.19042
I232H,232,6.81212
I232I,232,
I232K,232,4.20382
I232M,232,-0.005521
I232N,232,3.56337
I232L,232,0.233426
D233W,233,-0.114246
D233Y,233,-1.00504
D233T,233,-0.271159
D233V,233,0.136693
D233P,233,-0.054643
D233Q,233,-1.45575
D233R,233,-0.178015
D233S,233,-1.24544
D233D,233,
D233E,233,0.328746
D233H,233,-1.44919
D233I,233,-0.793551
D233L,233,-0.713921
D233N,233,-1.84532
D233A,233,0.667786
D233C,233,-0.83988
D233M,233,-2.30924
D233K,233,-1.02858
D233F,233,-0.969873
D233G,233,0.083529
D234S,234,-0.21616
D234R,234,10.1458
D234W,234,14.1179
D234Y,234,9.90445
D234L,234,-1.1278
D234N,234,-1.53796
D234T,234,0.335786
D234V,234,0.145302
D234M,234,0.437866
D234K,234,2.2146
D234H,234,1.7277
D234I,234,3.1407
D234G,234,1.41456
D234F,234,4.69851
D234D,234,
D234E,234,4.6484
D234P,234,0.257083
D234Q,234,3.13232
D234C,234,0.371383
D234A,234,0.776186
S235V,235,0.99949
S235T,235,1.19464
S235C,235,1.73373
S235A,235,2.05284
S235Q,235,-0.326937
S235P,235,9.40534
S235G,235,2.06422
S235F,235,1.06095
S235Y,235,2.05489
S235W,235,2.57882
S235M,235,0.562829
S235K,235,3.04046
S235I,235,3.2053
S235H,235,2.05327
S235L,235,1.9141
S235N,235,1.34897
S235E,235,1.00991
S235D,235,0.54259
S235R,235,4.58176
S235S,235,
W236A,236,4.71916
W236C,236,4.99486
W236H,236,4.44279
W236I,236,2.6534
W236N,236,4.7093
W236L,236,3.16177
W236M,236,2.11024
W236K,236,5.39397
W236D,236,4.80402
W236E,236,4.26407
W236V,236,3.31024
W236T,236,5.20271
W236W,236,
W236Y,236,2.84333
W236R,236,5.4276
W236S,236,5.58616
W236Q,236,5.11475
W236P,236,2.2834
W236F,236,2.72569
W236G,236,5.68859
K237C,237,0.53095
K237A,237,-0.148598
K237H,237,0.428894
K237I,237,-0.439756
K237F,237,-0.027951
K237G,237,0.350846
K237N,237,0.577389
K237L,237,-0.781721
K237P,237,-2.09076
K237Q,237,0.189004
K237W,237,0.147795
K237Y,237,0.08474
K237S,237,0.311747
K237R,237,0.141552
K237K,237,
K237M,237,-0.769108
K237D,237,-0.07067
K237E,237,-0.30723
K237V,237,0.343817
K237T,237,-0.248303
S238S,238,
S238R,238,-0.197651
S238G,238,0.581321
S238F,238,0.742439
S238I,238,4.18878
S238H,238,5.88343
S238M,238,2.39413
S238K,238,1.75539
S238E,238,2.88632
S238D,238,4.43545
S238C,238,1.67158
S238A,238,-0.768488
S238V,238,1.43251
S238T,238,2.19267
S238Y,238,5.49901
S238W,238,4.9038
S238L,238,-1.57918
S238N,238,4.53623
S238Q,238,1.57638
S238P,238,1.17361
I239W,239,13.5185
I239Y,239,9.02564
I239P,239,5.52728
I239Q,239,2.4921
I239V,239,1.32953
I239T,239,3.56589
I239H,239,3.32025
I239I,239,
I239C,239,3.23683
I239A,239,3.08592
I239F,239,3.51274
I239G,239,4.76482
I239E,239,5.6542
I239D,239,5.70273
I239S,239,4.94946
I239R,239,8.49573
I239M,239,0.073249
I239K,239,3.85523
I239L,239,-0.303612
I239N,239,3.86698
K240S,240,0.866679
K240R,240,1.33383
K240K,240,
K240M,240,-0.69047
K240P,240,4.70563
K240Q,240,0.374828
K240W,240,4.69044
K240Y,240,5.85633
K240T,240,1.72623
K240V,240,1.54331
K240I,240,1.05133
K240H,240,3.69744
K240N,240,1.21908
K240L,240,1.24057
K240D,240,1.79414
K240E,240,2.00932
K240F,240,2.34262
K240G,240,1.59262
K240C,240,0.613879
K240A,240,0.166291
S241S,241,
S241R,241,-0.348334
S241N,241,0.14992
S241L,241,-1.71437
S241E,241,-0.304632
S241D,241,0.243026
S241C,241,-0.166371
S241A,241,-0.393966
S241K,241,-0.164139
S241M,241,-1.30188
S241G,241,1.05722
S241F,241,-0.526954
S241I,241,-0.109137
S241H,241,-0.025872
S241Q,241,-0.351973
S241P,241,3.28372
S241V,241,-0.402817
S241T,241,-0.046438
S241Y,241,-0.26848
S241W,241,-0.684351
I242F,242,4.11314
I242G,242,3.30224
I242H,242,1.51798
I242I,242,
I242K,242,3.62543
I242M,242,0.229074
I242P,242,3.69402
I242Q,242,2.49186
I242R,242,3.40571
I242S,242,2.79348
I242N,242,2.74795
I242L,242,0.249088
I242V,242,1.05774
I242T,242,1.31354
I242Y,242,2.68739
I242W,242,3.31893
I242D,242,4.91916
I242E,242,4.15208
I242C,242,2.45326
I242A,242,1.96235
L243W,243,8.61049
L243Y,243,6.88319
L243T,243,2.97943
L243V,243,1.71798
L243G,243,4.84972
L243F,243,5.52972
L243E,243,5.17867
L243D,243,5.89615
L243M,243,0.454465
L243K,243,4.65764
L243I,243,0.619147
L243H,243,2.98349
L243Q,243,3.46146
L243P,243,7.55949
L243L,243,
L243N,243,2.98474
L243C,243,3.51092
L243A,243,3.27061
L243S,243,4.01912
L243R,243,4.37471
D244R,244,-0.204434
D244S,244,0.291266
D244Q,244,-0.612979
D244P,244,4.25476
D244A,244,0.14316
D244C,244,0.286786
D244F,244,0.093854
D244G,244,1.61663
D244T,244,0.789399
D244V,244,0.103351
D244Y,244,0.912889
D244W,244,1.12538
D244E,244,0.53129
D244D,244,
D244H,244,0.619194
D244I,244,1.53895
D244L,244,0.115668
D244N,244,-0.967869
D244M,244,-0.542615
D244K,244,0.760186
W245K,245,2.80111
W245M,245,0.688565
W245T,245,2.02635
W245V,245,1.79802
W245C,245,3.8523
W245A,245,3.11154
W245S,245,3.23848
W245R,245,2.9205
W245W,245,
W245Y,245,0.589488
W245E,245,3.63178
W245D,245,3.80681
W245Q,245,2.49714
W245P,245,6.3567
W245H,245,1.11624
W245I,245,2.86961
W245G,245,4.68226
W245F,245,0.328551
W245L,245,0.956023
W245N,245,3.44072
T246R,246,-0.067764
T246S,246,0.612439
T246D,246,2.75688
T246E,246,1.69054
T246W,246,-2.99585
T246Y,246,-1.82346
T246P,246,4.68758
T246Q,246,0.341738
T246G,246,2.01255
T246F,246,-4.18211
T246I,246,-2.85065
T246H,246,-0.916302
T246L,246,-1.80399
T246N,246,0.146207
T246T,246,
T246V,246,-1.25898
T246A,246,0.343071
T246C,246,0.448363
T246K,246,0.459416
T246M,246,-3.45695
S247N,247,2.84261
S247L,247,-1.59081
S247P,247,6.28814
S247Q,247,1.21193
S247R,247,-0.415453
S247S,247,
S247T,247,2.54013
S247V,247,0.650684
S247C,247,-0.979404
S247A,247,-0.768891
S247I,247,-0.267827
S247H,247,8.16649
S247W,247,3.17959
S247Y,247,1.3396
S247E,247,2.46119
S247D,247,4.32827
S247F,247,-0.124329
S247G,247,0.283711
S247K,247,-1.8643
S247M,247,-2.17291
F248Q,248,-0.321726
F248P,248,2.56724
F248L,248,-0.086432
F248N,248,0.407689
F248C,248,0.751332
F248A,248,0.01869
F248W,248,-0.089393
F248Y,248,0.007042
F248V,248,0.888488
F248T,248,0.788332
F248R,248,-0.478224
F248S,248,0.523921
F248H,248,0.42593
F248I,248,0.323237
F248K,248,-0.329433
F248M,248,-0.23054
F248G,248,0.823598
F248F,248,
F248E,248,0.3995
F248D,248,0.992077
N249K,249,-0.377575
N249M,249,0.84191
N249N,249,
N249L,249,0.102062
N249P,249,4.68759
N249Q,249,1.444
N249Y,249,0.779663
N249W,249,0.586665
N249H,249,-0.891184
N249I,249,0.21303
N249E,249,2.63892
N249D,249,2.14041
N249T,249,-0.058607
N249V,249,-0.313275
N249R,249,1.54292
N249S,249,1.73207
N249F,249,-0.281911
N249G,249,1.8008
N249C,249,1.58148
N249A,249,1.78574
Q250R,250,-0.20008
Q250S,250,0.356274
Q250T,250,1.00539
Q250V,250,-0.761678
Q250F,250,-0.431383
Q250G,250,1.51403
Q250H,250,-0.220979
Q250I,250,1.02695
Q250N,250,0.722076
Q250L,250,1.22256
Q250K,250,-0.438515
Q250M,250,-0.731586
Q250P,250,2.07959
Q250Q,250,
Q250W,250,0.363895
Q250Y,250,0.156901
Q250A,250,0.377027
Q250C,250,0.437987
Q250D,250,2.71952
Q250E,250,1.42137
E251L,251,0.176835
E251N,251,0.158277
E251P,251,-0.834003
E251Q,251,0.036784
E251M,251,0.235895
E251K,251,-0.899018
E251I,251,0.081045
E251H,251,0.866653
E251R,251,-0.767469
E251S,251,0.264415
E251E,251,
E251D,251,0.126817
E251T,251,0.529075
E251V,251,0.638069
E251F,251,0.020893
E251G,251,0.476571
E251C,251,0.256335
E251A,251,0.075217
E251W,251,-0.161474
E251Y,251,0.145844
R252Y,252,1.32375
R252W,252,1.12127
R252M,252,-1.95147
R252K,252,0.671951
R252A,252,0.9257
R252C,252,1.27944
R252D,252,1.27639
R252E,252,0.945853
R252F,252,0.450261
R252G,252,1.92349
R252N,252,1.5877
R252L,252,-0.629118
R252S,252,0.110696
R252R,252,
R252T,252,1.0067
R252V,252,-0.07829
R252H,252,1.17394
R252I,252,-0.477301
R252P,252,3.04154
R252Q,252,0.999606
I253W,253,4.52726
I253Y,253,8.56214
I253H,253,3.18484
I253I,253,
I253K,253,2.17601
I253M,253,-0.152909
I253N,253,3.60971
I253L,253,-0.270339
I253V,253,0.536994
I253T,253,2.39799
I253E,253,4.12896
I253D,253,5.05408
I253R,253,4.88096
I253S,253,3.29077
I253Q,253,3.741
I253P,253,4.74397
I253F,253,4.12562
I253G,253,4.45781
I253A,253,3.31801
I253C,253,2.14733
V254E,254,1.78461
V254D,254,2.9662
V254C,254,0.976005
V254A,254,0.993834
V254T,254,1.52942
V254V,254,
V254S,254,1.53898
V254R,254,1.18387
V254P,254,4.01398
V254Q,254,0.917989
V254Y,254,1.02775
V254W,254,1.70327
V254I,254,-0.873925
V254H,254,1.37218
V254G,254,2.5261
V254F,254,1.50709
V254N,254,2.15514
V254L,254,0.643371
V254M,254,-1.30935
V254K,254,1.24897
D255K,255,-0.113428
D255M,255,0.613291
D255S,255,0.203838
D255R,255,0.074778
D255Q,255,0.154015
D255P,255,-0.187275
D255I,255,-0.086864
D255H,255,-0.042704
D255N,255,0.156617
D255L,255,-0.118704
D255G,255,0.205143
D255F,255,-0.215517
D255A,255,0.086819
D255C,255,0.184686
D255D,255,
D255E,255,-0.198713
D255Y,255,-0.434899
D255W,255,-1.24233
D255T,255,0.173823
D255V,255,0.109201
V256E,256,0.916431
V256D,256,1.60938
V256C,256,0.912138
V256A,256,1.12748
V256H,256,2.56324
V256I,256,-0.210287
V256F,256,1.45898
V256G,256,2.49732
V256L,256,0.593231
V256N,256,0.964413
V256K,256,1.20983
V256M,256,0.236096
V256T,256,1.83694
V256V,256,
V256W,256,0.583632
V256Y,256,0.289052
V256P,256,0.93183
V256Q,256,1.34064
V256R,256,1.15735
V256S,256,2.04097
A257Y,257,30.1546
A257W,257,36.375
A257V,257,0.867525
A257T,257,3.01074
A257S,257,0.676367
A257R,257,16.3075
A257Q,257,9.6427
A257P,257,3.19453
A257L,257,5.65905
A257N,257,6.86928
A257M,257,3.32421
A257K,257,6.79462
A257F,257,17.8519
A257G,257,1.32694
A257H,257,13.7643
A257I,257,4.32547
A257A,257,
A257C,257,2.3737
A257D,257,3.77203
A257E,257,6.7293
G258C,258,2.20499
G258A,258,2.10325
G258G,258,
G258F,258,4.1137
G258W,258,3.22942
G258Y,258,3.98052
G258I,258,2.87187
G258H,258,9.18427
G258E,258,2.50944
G258D,258,4.31491
G258V,258,5.87921
G258T,258,3.27697
G258K,258,2.52969
G258M,258,1.78336
G258N,258,2.98499
G258L,258,3.01282
G258P,258,8.37424
G258Q,258,1.77163
G258R,258,1.75616
G258S,258,2.55484
P259V,259,1.82073
P259T,259,1.30196
P259W,259,2.27086
P259Y,259,1.9911
P259I,259,2.47377
P259H,259,1.98916
P259G,259,2.59582
P259F,259,2.26944
P259E,259,1.70905
P259D,259,2.12042
P259C,259,2.27087
P259A,259,2.10594
P259P,259,
P259Q,259,1.7815
P259R,259,2.38997
P259S,259,2.24044
P259L,259,1.75543
P259N,259,2.65015
P259M,259,2.66383
P259K,259,1.49043
G260E,260,4.1546
G260D,260,5.51671
G260N,260,3.51873
G260L,260,2.60973
G260F,260,3.11437
G260G,260,
G260T,260,5.39941
G260V,260,5.63063
G260C,260,2.44255
G260A,260,3.40018
G260W,260,4.90479
G260Y,260,4.56049
G260S,260,4.2134
G260R,260,3.40729
G260Q,260,3.16046
G260P,260,6.04696
G260K,260,3.59447
G260M,260,3.06219
G260H,260,2.39109
G260I,260,5.41987
G261H,261,24.015
G261I,261,5.32487
G261A,261,0.736922
G261C,261,1.55493
G261D,261,4.04509
G261E,261,4.66166
G261F,261,2.06676
G261G,261,
G261P,261,5.90288
G261Q,261,3.30033
G261Y,261,5.09994
G261W,261,1.65417
G261R,261,1.62914
G261S,261,-0.024935
G261V,261,6.42779
G261T,261,5.95682
G261N,261,1.67206
G261L,261,2.80668
G261K,261,1.8462
G261M,261,7.05292
W262Q,262,5.00494
W262P,262,8.80065
W262W,262,
W262Y,262,3.04865
W262F,262,2.09066
W262G,262,6.41865
W262S,262,5.55069
W262R,262,4.36388
W262C,262,4.75789
W262A,262,5.60954
W262I,262,3.92683
W262H,262,3.09103
W262V,262,4.07143
W262T,262,6.18504
W262E,262,6.61359
W262D,262,7.18039
W262M,262,2.1485
W262K,262,5.5785
W262L,262,2.72489
W262N,262,5.19463
N263V,263,0.388824
N263T,263,1.82987
N263L,263,1.5241
N263N,263,
N263F,263,1.6409
N263G,263,2.43633
N263H,263,4.51669
N263I,263,-0.968754
N263D,263,1.48211
N263E,263,0.35517
N263R,263,2.25116
N263S,263,1.17169
N263Q,263,0.975569
N263P,263,0.043419
N263Y,263,-0.321628
N263W,263,9.37631
N263A,263,0.714028
N263C,263,0.806158
N263M,263,0.208213
N263K,263,2.62738
D264L,264,-0.950726
D264N,264,0.154958
D264D,264,
D264E,264,-1.03128
D264A,264,0.434006
D264C,264,0.774992
D264V,264,-0.197997
D264T,264,0.327039
D264F,264,-1.82234
D264G,264,1.63346
D264I,264,3.11912
D264H,264,0.692191
D264S,264,1.48684
D264R,264,0.50591
D264Q,264,0.820383
D264P,264,11.0438
D264Y,264,-1.15313
D264W,264,0.947559
D264M,264,-1.92979
D264K,264,-1.57637
P265L,265,-0.775663
P265N,265,1.28312
P265D,265,3.53849
P265E,265,3.7422
P265A,265,1.9189
P265C,265,2.07708
P265H,265,1.14705
P265I,265,3.13142
P265Y,265,0.735971
P265W,265,0.795176
P265R,265,3.63407
P265S,265,2.58708
P265K,265,0.574637
P265M,265,0.031547
P265P,265,
P265Q,265,2.27972
P265T,265,2.7211
P265V,265,1.10718
P265G,265,2.96166
P265F,265,-0.256955
D266G,266,-1.2975
D266F,266,4.57411
D266W,266,6.0523
D266Y,266,1.34811
D266Q,266,5.17252
D266P,266,6.91391
D266L,266,0.30077
D266N,266,0.831641
D266D,266,
D266E,266,4.64226
D266V,266,2.08102
D266T,266,2.03972
D266C,266,1.43796
D266A,266,0.910193
D266I,266,3.62925
D266H,266,1.52007
D266M,266,0.000468
D266K,266,3.91761
D266R,266,4.2226
D266S,266,1.5236
M267I,267,1.8537
M267H,267,3.12035
M267G,267,2.39446
M267F,267,1.35096
M267L,267,-0.501916
M267N,267,1.50593
M267Q,267,0.294262
M267P,267,3.93259
M267Y,267,-0.548164
M267W,267,2.24956
M267T,267,2.01504
M267V,267,1.5182
M267S,267,0.528438
M267R,267,-0.199412
M267C,267,1.07425
M267A,267,1.73077
M267K,267,0.603319
M267M,267,
M267E,267,4.96072
M267D,267,5.8531
L268V,268,1.50257
L268T,268,3.52044
L268H,268,3.36905
L268I,268,0.818553
L268K,268,3.74336
L268M,268,0.069473
L268N,268,4.52797
L268L,268,
L268Y,268,4.61159
L268W,268,11.535
L268D,268,5.0452
L268E,268,5.47799
L268F,268,4.67365
L268G,268,4.91673
L268R,268,4.78623
L268S,268,4.81977
L268P,268,3.5402
L268Q,268,3.90107
L268C,268,3.17945
L268A,268,3.48752
V269P,269,6.07934
V269Q,269,5.61301
V269Y,269,18.8486
V269W,269,25.1841
V269G,269,3.19367
V269F,269,12.5037
V269M,269,2.97186
V269K,269,6.1801
V269N,269,2.97374
V269L,269,2.83054
V269C,269,1.78075
V269A,269,2.40033
V269D,269,6.64677
V269E,269,8.84789
V269I,269,-0.726862
V269H,269,3.85897
V269V,269,
V269T,269,2.33449
V269S,269,2.9665
V269R,269,13.42
I270L,270,0.108728
I270N,270,3.61308
I270M,270,-0.027752
I270K,270,5.60865
I270E,270,5.37724
I270D,270,6.21675
I270C,270,3.25979
I270A,270,3.28242
I270I,270,
I270H,270,9.95914
I270G,270,5.08145
I270F,270,11.3123
I270T,270,2.97708
I270V,270,0.982456
I270Y,270,19.8261
I270W,270,14.3842
I270S,270,4.54141
I270R,270,8.69027
I270Q,270,4.26142
I270P,270,2.07654
G271C,271,5.93946
G271A,271,3.27463
G271E,271,15.013
G271D,271,11.0063
G271H,271,23.099
G271I,271,10.7484
G271L,271,16.7146
G271N,271,8.24823
G271M,271,10.6661
G271K,271,13.8277
G271T,271,10.3676
G271V,271,8.26529
G271W,271,42.3111
G271Y,271,38.8178
G271Q,271,11.7315
G271P,271,8.90037
G271R,271,20.1097
G271S,271,6.81303
G271F,271,36.4323
G271G,271,
N272C,272,1.73435
N272A,272,2.3685
N272D,272,5.63471
N272E,272,8.892
N272F,272,14.5087
N272G,272,1.30928
N272I,272,5.15915
N272H,272,14.448
N272K,272,1.93615
N272M,272,2.47459
N272N,272,
N272L,272,3.01815
N272W,272,33.3493
N272Y,272,19.5277
N272S,272,1.85104
N272R,272,6.34774
N272V,272,3.53538
N272T,272,2.93303
N272Q,272,5.27363
N272P,272,5.68118
F273I,273,3.65447
F273H,273,3.21261
F273M,273,0.291835
F273K,273,3.01315
F273D,273,3.1179
F273E,273,2.97362
F273F,273,
F273G,273,4.20828
F273A,273,3.6858
F273C,273,2.74855
F273P,273,5.79828
F273Q,273,3.49277
F273R,273,1.59256
F273S,273,4.64647
F273W,273,1.36182
F273Y,273,1.08928
F273N,273,3.73518
F273L,273,2.00882
F273T,273,1.80867
F273V,273,2.54909
G274L,274,7.87236
G274N,274,3.26767
G274M,274,14.0655
G274K,274,15.1589
G274T,274,19.0912
G274V,274,21.3022
G274E,274,14.3762
G274D,274,11.0671
G274C,274,4.14004
G274A,274,1.86729
G274G,274,
G274F,274,17.4954
G274Y,274,20.1386
G274W,274,26.5906
G274I,274,17.7126
G274H,274,24.0183
G274P,274,14.7804
G274Q,274,10.4246
G274R,274,11.7432
G274S,274,8.20776
L275Q,275,3.29265
L275P,275,3.45487
L275R,275,7.80784
L275S,275,3.49315
L275T,275,3.57368
L275V,275,1.91759
L275I,275,2.78998
L275H,275,3.57677
L275D,275,5.80223
L275E,275,5.42116
L275L,275,
L275N,275,3.04452
L275M,275,0.268324
L275K,275,4.43781
L275F,275,6.0393
L275G,275,4.41505
L275W,275,19.1616
L275Y,275,10.5451
L275C,275,2.93331
L275A,275,3.12756
S276Q,276,8.18421
S276P,276,7.61563
S276E,276,4.95874
S276D,276,2.71252
S276V,276,5.11714
S276T,276,6.68613
S276W,276,10.7748
S276Y,276,6.79725
S276C,276,3.77133
S276A,276,1.32587
S276L,276,12.0909
S276N,276,2.58617
S276G,276,1.7163
S276F,276,8.22318
S276S,276,
S276R,276,7.90206
S276H,276,6.94942
S276I,276,7.26082
S276K,276,6.75788
S276M,276,6.29281
W277D,277,1.52019
W277E,277,1.64977
W277A,277,2.53932
W277C,277,2.73925
W277V,277,2.7404
W277T,277,1.84885
W277R,277,2.46028
W277S,277,2.6559
W277W,277,
W277Y,277,1.66385
W277P,277,1.45932
W277Q,277,1.62915
W277K,277,2.64969
W277M,277,0.517857
W277L,277,1.59277
W277N,277,1.8126
W277H,277,2.32318
W277I,277,2.0746
W277F,277,1.25322
W277G,277,3.14814
N278Q,278,0.232841
N278P,278,-1.71649
N278L,278,-0.651888
N278N,278,
N278W,278,0.546827
N278Y,278,0.697359
N278R,278,1.45692
N278S,278,0.654206
N278D,278,-0.271223
N278E,278,-1.66173
N278F,278,1.28957
N278G,278,1.43153
N278T,278,0.05513
N278V,278,-1.66287
N278A,278,0.342179
N278C,278,1.01736
N278M,278,-1.90727
N278K,278,0.096724
N278I,278,0.458281
N278H,278,0.930087
Q279C,279,2.3647
Q279A,279,2.38612
Q279Y,279,9.42227
Q279W,279,7.73252
Q279T,279,5.05394
Q279V,279,0.520662
Q279D,279,8.16898
Q279E,279,2.93017
Q279G,279,4.39995
Q279F,279,9.1102
Q279I,279,1.91074
Q279H,279,11.2854
Q279K,279,4.40207
Q279M,279,0.268245
Q279N,279,6.44134
Q279L,279,4.04077
Q279P,279,4.5465
Q279Q,279,
Q279R,279,3.68178
Q279S,279,3.70324
Q280G,280,2.45531
Q280F,280,2.78358
Q280E,280,0.173728
Q280D,280,3.12976
Q280C,280,1.32287
Q280A,280,0.537702
Q280W,280,0.078075
Q280Y,280,1.29264
Q280N,280,0.783929
Q280L,280,0.002555
Q280K,280,-0.216624
Q280M,280,-1.71896
Q280T,280,0.476
Q280V,280,0.761215
Q280R,280,-0.79874
Q280S,280,1.0589
Q280P,280,3.75419
Q280Q,280,
Q280I,280,1.00133
Q280H,280,6.03413
V281A,281,2.17803
V281C,281,2.36005
V281F,281,1.26266
V281G,281,4.17754
V281M,281,-0.452822
V281K,281,3.91957
V281L,281,-0.877638
V281N,281,2.55437
V281Y,281,1.09897
V281W,281,1.46177
V281E,281,3.40178
V281D,281,4.31064
V281I,281,-0.645507
V281H,281,3.05877
V281P,281,5.09857
V281Q,281,2.58442
V281R,281,2.08446
V281S,281,2.81098
V281T,281,1.0043
V281V,281,
T282H,282,-0.545032
T282I,282,3.87274
T282W,282,14.0462
T282Y,282,9.93028
T282K,282,3.80746
T282M,282,1.9954
T282T,282,
T282V,282,2.91458
T282A,282,0.771054
T282C,282,1.12228
T282Q,282,2.75402
T282P,282,7.65651
T282G,282,3.27128
T282F,282,6.72975
T282S,282,1.45051
T282R,282,7.85688
T282N,282,2.42752
T282L,282,0.638255
T282D,282,0.418949
T282E,282,5.44501
Q283I,283,-0.95192
Q283H,283,5.35838
Q283G,283,3.2221
Q283F,283,22.3141
Q283C,283,1.74914
Q283A,283,1.18083
Q283Y,283,18.0918
Q283W,283,15.1315
Q283N,283,2.4795
Q283L,283,0.713075
Q283T,283,1.27738
Q283V,283,-1.07789
Q283E,283,1.20792
Q283D,283,4.38357
Q283M,283,-2.06182
Q283K,283,4.86173
Q283P,283,4.39512
Q283Q,283,
Q283R,283,2.29511
Q283S,283,2.38499
M284V,284,1.91048
M284T,284,3.63894
M284I,284,1.98401
M284H,284,2.55745
M284C,284,3.47586
M284A,284,3.10344
M284Q,284,2.64736
M284P,284,7.49786
M284E,284,5.18686
M284D,284,6.00897
M284M,284,
M284K,284,1.22695
M284L,284,2.44199
M284N,284,4.08394
M284G,284,5.08522
M284F,284,1.59242
M284S,284,3.65013
M284R,284,4.32839
M284Y,284,4.5584
M284W,284,2.24292
A285W,285,38.1077
A285Y,285,30.0614
A285V,285,3.13031
A285T,285,1.94271
A285N,285,5.72244
A285L,285,4.31739
A285S,285,1.63563
A285R,285,17.7492
A285Q,285,4.70118
A285P,285,6.46011
A285H,285,17.6414
A285I,285,1.68397
A285D,285,8.42951
A285E,285,9.28932
A285F,285,21.4901
A285G,285,2.05143
A285C,285,1.58279
A285A,285,
A285M,285,2.8499
A285K,285,13.1941
L286F,286,4.04746
L286G,286,5.96483
L286H,286,6.70667
L286I,286,0.386748
L286K,286,6.1216
L286M,286,1.60941
L286P,286,8.51555
L286Q,286,4.03209
L286E,286,4.16489
L286D,286,6.36973
L286A,286,3.71262
L286C,286,3.70369
L286S,286,5.33194
L286R,286,10.7343
L286L,286,
L286N,286,3.66208
L286Y,286,5.23855
L286W,286,13.7475
L286V,286,2.53789
L286T,286,1.87082
W287W,287,
W287Y,287,2.68156
W287T,287,4.98
W287V,287,5.22165
W287R,287,4.69935
W287S,287,6.28706
W287F,287,3.59517
W287G,287,7.37255
W287L,287,4.71163
W287N,287,5.47553
W287M,287,2.97934
W287K,287,2.29617
W287I,287,5.40103
W287H,287,4.42572
W287P,287,8.37257
W287Q,287,5.08135
W287E,287,7.34483
W287D,287,8.5202
W287C,287,5.38383
W287A,287,5.4165
A288Y,288,10.8161
A288W,288,15.5376
A288M,288,2.18967
A288K,288,6.04418
A288I,288,2.53514
A288H,288,6.40288
A288G,288,1.80435
A288F,288,7.40041
A288T,288,2.01237
A288V,288,0.897608
A288A,288,
A288C,288,1.74344
A288S,288,1.1003
A288R,288,13.5697
A288Q,288,6.36132
A288P,288,2.82363
A288L,288,4.14879
A288N,288,4.65773
A288D,288,7.15956
A288E,288,11.8557
I289L,289,0.262428
I289N,289,3.85021
I289S,289,3.31549
I289R,289,7.3594
I289P,289,6.40714
I289Q,289,2.5964
I289M,289,0.050758
I289K,289,6.85595
I289Y,289,11.0607
I289W,289,15.1567
I289V,289,0.478671
I289T,289,1.89769
I289G,289,4.88366
I289F,289,5.92973
I289I,289,
I289H,289,8.17976
I289D,289,6.12491
I289E,289,5.72637
I289A,289,2.92142
I289C,289,2.83168
M290Q,290,3.40914
M290P,290,8.09596
M290S,290,3.40663
M290R,290,2.87556
M290H,290,5.43693
M290I,290,2.21464
M290W,290,5.28518
M290Y,290,4.20585
M290V,290,3.92916
M290T,290,5.19704
M290N,290,2.5735
M290L,290,0.377494
M290A,290,3.31908
M290C,290,3.54199
M290K,290,2.10426
M290M,290,
M290G,290,3.86524
M290F,290,3.9496
M290E,290,4.92154
M290D,290,5.81594
A291M,291,6.28324
A291K,291,3.99787
A291I,291,8.10067
A291H,291,11.3718
A291T,291,3.80713
A291V,291,1.44105
A291S,291,1.8259
A291R,291,18.3519
A291D,291,4.02433
A291E,291,8.27848
A291F,291,28.3723
A291G,291,0.595947
A291C,291,2.27554
A291A,291,
A291Y,291,29.1962
A291W,291,36.1213
A291N,291,7.24642
A291L,291,9.05632
A291Q,291,10.9642
A291P,291,7.36823
A292D,292,5.67533
A292E,292,12.2621
A292Y,292,18.7611
A292W,292,27.3087
A292A,292,
A292C,292,2.08434
A292V,292,3.24
A292T,292,2.93101
A292P,292,6.76892
A292Q,292,10.007
A292R,292,7.60099
A292S,292,0.660578
A292L,292,5.93603
A292N,292,3.22844
A292G,292,1.74669
A292F,292,15.2879
A292H,292,17.8887
A292I,292,3.06619
A292K,292,6.6236
A292M,292,4.32989
P293Q,293,5.29881
P293P,293,
P293S,293,2.87291
P293R,293,4.40754
P293C,293,3.08217
P293A,293,2.73539
P293I,293,1.25871
P293H,293,13.6131
P293W,293,24.0163
P293Y,293,12.9301
P293T,293,3.46379
P293V,293,2.984
P293F,293,21.1677
P293G,293,4.05538
P293D,293,4.8341
P293E,293,8.95744
P293L,293,4.1971
P293N,293,4.30737
P293K,293,2.50939
P293M,293,6.33387
L294H,294,2.60346
L294I,294,0.955733
L294L,294,
L294N,294,3.97482
L294V,294,2.65095
L294T,294,4.75228
L294M,294,0.021963
L294K,294,2.74537
L294G,294,4.79378
L294F,294,1.60434
L294Y,294,3.36837
L294W,294,4.36277
L294D,294,5.25575
L294E,294,5.35814
L294A,294,4.20904
L294C,294,3.3682
L294P,294,5.45491
L294Q,294,3.39416
L294S,294,4.87869
L294R,294,2.95614
F295D,295,4.64113
F295E,295,4.84494
F295A,295,3.97
F295C,295,3.26168
F295W,295,3.40653
F295Y,295,1.20268
F295S,295,4.62099
F295R,295,2.38133
F295V,295,3.15826
F295T,295,3.88208
F295N,295,3.99581
F295L,295,0.785566
F295G,295,4.74122
F295F,295,
F295M,295,1.0888
F295K,295,3.4253
F295I,295,1.53287
F295H,295,3.08875
F295Q,295,2.94048
F295P,295,3.5243
M296I,296,3.54559
M296H,296,8.96852
M296C,296,3.20688
M296A,296,2.90797
M296E,296,3.44455
M296D,296,4.52043
M296S,296,4.06374
M296R,296,6.37118
M296Q,296,2.56961
M296P,296,3.18465
M296L,296,0.006934
M296N,296,3.10389
M296M,296,
M296K,296,4.82321
M296F,296,13.4599
M296G,296,5.18751
M296Y,296,26.6805
M296W,296,30.9395
M296T,296,3.69457
M296V,296,3.0271
S297M,297,6.77534
S297K,297,10.7081
S297H,297,18.3162
S297I,297,8.14013
S297D,297,9.07063
S297E,297,18.0096
S297V,297,3.06078
S297T,297,4.19756
S297S,297,
S297R,297,16.5892
S297Q,297,13.7972
S297P,297,5.89424
S297A,297,0.571487
S297C,297,1.42525
S297G,297,2.21423
S297F,297,20.0685
S297Y,297,23.8616
S297W,297,31.739
S297L,297,12.2206
S297N,297,8.41452
N298W,298,11.1499
N298Y,298,7.11848
N298C,298,-0.041306
N298A,298,0.607199
N298E,298,4.74162
N298D,298,3.51419
N298T,298,-0.611893
N298V,298,0.660368
N298M,298,-0.470049
N298K,298,11.6388
N298I,298,2.17825
N298H,298,3.98085
N298S,298,0.069278
N298R,298,6.18609
N298L,298,-0.973523
N298N,298,
N298Q,298,2.55558
N298P,298,2.40987
N298G,298,0.802463
N298F,298,5.6352
D299V,299,3.31713
D299T,299,5.05419
D299W,299,14.8516
D299Y,299,26.3784
D299L,299,3.59775
D299N,299,2.23342
D299I,299,3.78929
D299H,299,15.2713
D299S,299,5.31407
D299R,299,5.11382
D299Q,299,3.90926
D299P,299,6.77637
D299M,299,3.40624
D299K,299,5.58787
D299D,299,
D299E,299,3.30214
D299A,299,3.72691
D299C,299,2.83555
D299G,299,4.31888
D299F,299,16.1504
L300M,300,0.026241
L300K,300,3.84252
L300N,300,4.07057
L300L,300,
L300H,300,6.94432
L300I,300,1.15495
L300D,300,5.51462
L300E,300,5.25247
L300F,300,4.43558
L300G,300,3.84336
L300A,300,2.48576
L300C,300,2.98477
L300W,300,15.2117
L300Y,300,3.99342
L300P,300,0.174919
L300Q,300,3.05479
L300S,300,3.77169
L300R,300,11.1467
L300T,300,4.08979
L300V,300,2.48925
R301Y,301,3.74106
R301W,301,4.61864
R301C,301,3.68196
R301A,301,4.28796
R301Q,301,3.76349
R301P,301,5.98859
R301E,301,5.50179
R301D,301,5.73643
R301F,301,4.88995
R301G,301,5.17727
R301H,301,4.3125
R301I,301,3.45535
R301M,301,2.57461
R301K,301,3.29445
R301R,301,
R301S,301,4.01706
R301V,301,5.36616
R301T,301,2.24057
R301L,301,2.59257
R301N,301,5.04699
H302Y,302,-0.309369
H302W,302,-0.102602
H302V,302,0.173319
H302T,302,-0.376134
H302C,302,0.330902
H302A,302,0.375748
H302R,302,0.168725
H302S,302,0.208882
H302F,302,-0.37511
H302G,302,1.97936
H302D,302,0.484163
H302E,302,0.435138
H302P,302,4.12233
H302Q,302,0.150047
H302I,302,0.338427
H302H,302,
H302L,302,0.441953
H302N,302,-0.093381
H302M,302,-0.249067
H302K,302,-0.260731
I303I,303,
I303H,303,2.77971
I303P,303,4.85142
I303Q,303,2.72497
I303E,303,4.71565
I303D,303,4.22099
I303F,303,4.63925
I303G,303,3.49956
I303A,303,2.26421
I303C,303,1.83794
I303W,303,9.38232
I303Y,303,3.31317
I303R,303,5.74907
I303S,303,2.62344
I303V,303,1.10237
I303T,303,1.95722
I303L,303,0.251659
I303N,303,2.58808
I303K,303,4.25106
I303M,303,-0.864148
S304V,304,0.873751
S304T,304,1.05849
S304Q,304,0.758061
S304P,304,-1.22999
S304W,304,0.403264
S304Y,304,0.30726
S304M,304,0.32256
S304K,304,1.00049
S304E,304,-1.84109
S304D,304,-3.01669
S304C,304,1.21422
S304A,304,0.776285
S304H,304,0.89599
S304I,304,1.26829
S304L,304,0.303907
S304N,304,0.566179
S304F,304,0.705853
S304G,304,0.500199
S304S,304,
S304R,304,0.613705
P305Q,305,1.20876
P305P,305,
P305S,305,1.79042
P305R,305,1.57966
P305F,305,1.32582
P305G,305,1.7513
P305C,305,2.02436
P305A,305,1.26036
P305N,305,2.03
P305L,305,1.7877
P305I,305,1.06698
P305H,305,1.94863
P305M,305,-0.462229
P305K,305,1.31062
P305D,305,0.138937
P305E,305,0.180261
P305T,305,1.7332
P305V,305,1.63922
P305W,305,1.24067
P305Y,305,1.34573
Q306L,306,-0.460961
Q306N,306,0.768387
Q306M,306,-0.402745
Q306K,306,0.311961
Q306Q,306,
Q306P,306,-0.10483
Q306Y,306,0.390026
Q306W,306,-0.308799
Q306V,306,-0.598531
Q306T,306,0.937232
Q306S,306,1.15315
Q306R,306,0.535527
Q306E,306,-0.90508
Q306D,306,-0.022714
Q306C,306,1.18845
Q306A,306,0.661209
Q306F,306,-0.098942
Q306G,306,1.51892
Q306H,306,0.830518
Q306I,306,-0.113398
A307A,307,
A307C,307,0.512197
A307D,307,0.151223
A307E,307,0.3789
A307S,307,0.778779
A307R,307,2.55143
A307L,307,0.712848
A307N,307,1.52665
A307Y,307,1.68175
A307W,307,3.8394
A307V,307,0.013001
A307T,307,0.147563
A307F,307,0.840401
A307G,307,1.56302
A307P,307,-1.07245
A307Q,307,2.29875
A307M,307,-0.504809
A307K,307,1.60474
A307I,307,2.10686
A307H,307,5.79876
K308Q,308,1.01901
K308R,308,0.305823
K308S,308,1.5554
K308T,308,0.832288
K308H,308,2.64424
K308I,308,-0.052659
K308L,308,-0.154791
K308P,308,6.52484
K308V,308,0.965394
K308E,308,1.92976
K308A,308,1.38578
K308C,308,1.68109
K308K,308,
K308W,308,1.45745
K308N,308,2.58202
K308Y,308,3.23615
K308D,308,3.35146
K308M,308,-0.025825
K308F,308,3.39155
K308G,308,2.28492
A309Q,309,-0.201695
A309K,309,-0.072317
A309I,309,-0.048559
A309M,309,-0.00993
A309N,309,-0.08065
A309V,309,0.362516
A309A,309,
A309C,309,0.372181
A309T,309,0.489514
A309S,309,-0.098983
A309Y,309,0.042623
A309R,309,-0.401737
A309W,309,-0.225395
A309L,309,-0.264459
A309P,309,2.87418
A309G,309,0.685806
A309D,309,0.158762
A309E,309,-0.29242
A309F,309,-0.273603
A309H,309,0.584562
L310R,310,4.7613
L310S,310,4.32876
L310T,310,4.38774
L310V,310,3.04936
L310F,310,3.38853
L310G,310,5.50696
L310H,310,3.61328
L310I,310,1.83457
L310E,310,5.68607
L310D,310,6.44631
L310C,310,3.84425
L310A,310,3.82093
L310P,310,7.28365
L310Q,310,2.45439
L310W,310,4.47469
L310Y,310,2.85873
L310L,310,
L310N,310,4.54348
L310M,310,0.197193
L310K,310,4.78404
L311C,311,3.55091
L311A,311,3.25767
L311Y,311,8.47786
L311W,311,4.46491
L311I,311,2.79742
L311H,311,4.44175
L311M,311,0.818808
L311K,311,4.8808
L311G,311,5.08289
L311F,311,6.88124
L311E,311,4.46394
L311D,311,6.36593
L311T,311,4.46123
L311V,311,2.98388
L311R,311,7.7179
L311S,311,4.54699
L311Q,311,3.96304
L311P,311,6.20318
L311N,311,3.97119
L311L,311,
Q312G,312,1.17849
Q312F,312,9.80512
Q312I,312,1.50589
Q312H,312,7.35304
Q312V,312,0.338078
Q312T,312,-1.14353
Q312K,312,0.912582
Q312M,312,0.136834
Q312D,312,3.52182
Q312E,312,2.5883
Q312S,312,1.22181
Q312R,312,-0.377731
Q312L,312,-0.231453
Q312N,312,1.43598
Q312P,312,4.50531
Q312Q,312,
Q312C,312,0.629921
Q312A,312,1.41656
Q312Y,312,9.25134
Q312W,312,10.9339
D313I,313,2.88051
D313H,313,0.316201
D313W,313,5.70917
D313Y,313,3.55934
D313V,313,1.24298
D313T,313,0.315484
D313P,313,7.22416
D313Q,313,3.6996
D313M,313,2.49073
D313K,313,2.2389
D313R,313,3.08343
D313S,313,2.11756
D313G,313,3.04722
D313F,313,1.90193
D313D,313,
D313E,313,1.23216
D313A,313,3.2431
D313C,313,3.11789
D313N,313,2.50152
D313L,313,3.07606
K314L,314,0.155144
K314N,314,0.794821
K314F,314,0.563048
K314G,314,0.908751
K314R,314,0.173115
K314S,314,0.775507
K314V,314,0.66057
K314T,314,0.222315
K314C,314,1.56273
K314A,314,0.693361
K314I,314,0.424464
K314H,314,0.421823
K314Y,314,0.673881
K314W,314,0.489335
K314E,314,0.410846
K314D,314,1.06842
K314K,314,
K314M,314,0.786705
K314P,314,-0.49564
K314Q,314,0.815726
D315V,315,0.117993
D315T,315,-1.4145
D315M,315,-1.22879
D315K,315,-0.569567
D315L,315,-1.41035
D315N,315,0.048209
D315Y,315,-0.666579
D315W,315,-0.411508
D315F,315,-0.49671
D315G,315,0.862293
D315D,315,
D315E,315,-0.495682
D315S,315,-0.335565
D315R,315,-0.411038
D315Q,315,-0.262232
D315P,315,-0.629025
D315H,315,-0.03502
D315I,315,-0.384054
D315A,315,-0.302366
D315C,315,0.140506
V316K,316,8.226
V316M,316,0.612379
V316I,316,0.677647
V316H,316,7.44065
V316F,316,8.78787
V316G,316,4.17533
V316E,316,8.34263
V316D,316,5.355
V316L,316,0.375658
V316N,316,3.09904
V316R,316,8.91196
V316S,316,2.67578
V316Q,316,3.42754
V316P,316,4.89535
V316W,316,19.7192
V316Y,316,20.8504
V316V,316,
V316T,316,2.35147
V316A,316,2.40541
V316C,316,2.09204
I317K,317,1.94154
I317M,317,1.30256
I317G,317,4.12636
I317F,317,5.73907
I317T,317,1.38331
I317V,317,1.36871
I317R,317,3.16002
I317S,317,3.10759
I317E,317,3.94715
I317D,317,5.08715
I317Q,317,3.58717
I317P,317,4.91031
I317N,317,2.29739
I317L,317,-0.433966
I317C,317,3.08488
I317A,317,2.73014
I317Y,317,3.94201
I317W,317,5.10348
I317I,317,
I317H,317,4.77935
A318M,318,0.318672
A318K,318,-0.28811
A318L,318,-0.304058
A318N,318,0.065644
A318Q,318,-0.153662
A318P,318,4.6049
A318A,318,
A318C,318,0.629967
A318S,318,0.026226
A318R,318,-0.466342
A318V,318,0.256305
A318T,318,1.50025
A318D,318,0.7383
A318E,318,0.375929
A318F,318,-0.153189
A318G,318,0.759703
A318H,318,0.496639
A318I,318,0.494382
A318W,318,-0.844951
A318Y,318,-0.0406
I319E,319,5.68721
I319D,319,6.53647
I319C,319,3.12097
I319A,319,3.21981
I319K,319,3.41376
I319M,319,0.447943
I319N,319,3.31611
I319L,319,-0.229854
I319F,319,0.556591
I319G,319,4.84926
I319H,319,2.68948
I319I,319,
I319T,319,2.60999
I319V,319,1.34116
I319W,319,6.19453
I319Y,319,3.43485
I319R,319,3.10571
I319S,319,3.84102
I319Q,319,2.39145
I319P,319,5.0306
N320Q,320,8.72768
N320P,320,9.09059
N320S,320,2.5395
N320R,320,8.68154
N320V,320,-1.16588
N320T,320,3.3059
N320L,320,1.67994
N320N,320,
N320A,320,2.479
N320C,320,1.99608
N320D,320,5.30688
N320E,320,7.34629
N320Y,320,15.8911
N320W,320,18.5285
N320F,320,9.59154
N320G,320,4.26565
N320H,320,8.49959
N320I,320,1.86056
N320K,320,8.0804
N320M,320,4.77527
Q321A,321,3.07666
Q321C,321,2.89144
Q321W,321,2.82157
Q321Y,321,5.28304
Q321Q,321,
Q321P,321,7.94878
Q321D,321,3.58485
Q321E,321,3.27558
Q321R,321,1.76681
Q321S,321,3.49851
Q321V,321,2.07531
Q321T,321,2.84286
Q321K,321,0.533445
Q321M,321,0.821045
Q321G,321,2.84752
Q321F,321,5.73137
Q321H,321,2.93267
Q321I,321,2.02492
Q321N,321,2.44469
Q321L,321,0.346713
D322Y,322,6.34887
D322W,322,8.38257
D322K,322,2.11502
D322M,322,-1.34384
D322G,322,3.51052
D322F,322,6.62284
D322S,322,2.46417
D322R,322,1.92559
D322A,322,2.08867
D322C,322,1.96091
D322D,322,
D322E,322,2.75203
D322Q,322,2.08259
D322P,322,8.73871
D322V,322,0.631744
D322T,322,1.29534
D322H,322,8.93576
D322I,322,0.648913
D322L,322,3.3477
D322N,322,1.93408
P323M,323,1.5228
P323K,323,0.680698
P323G,323,1.72809
P323F,323,1.33687
P323P,323,
P323Q,323,1.35843
P323W,323,1.5923
P323Y,323,2.04281
P323R,323,0.942095
P323S,323,1.68733
P323T,323,1.79667
P323V,323,1.13157
P323C,323,2.25136
P323A,323,1.63542
P323L,323,0.794844
P323N,323,2.14852
P323D,323,2.0407
P323E,323,1.57959
P323H,323,1.05664
P323I,323,1.62704
L324Y,324,0.97751
L324W,324,1.47165
L324E,324,1.3557
L324D,324,2.40491
L324L,324,
L324N,324,0.116708
L324V,324,2.42698
L324T,324,1.36605
L324P,324,3.07958
L324Q,324,0.760743
L324C,324,0.910626
L324A,324,0.472369
L324H,324,1.59717
L324I,324,0.374016
L324M,324,0.797611
L324K,324,0.544871
L324F,324,0.958548
L324G,324,1.69814
L324R,324,0.867695
L324S,324,2.01684
G325K,325,11.2127
G325M,325,7.86585
G325N,325,5.26016
G325L,325,7.77192
G325P,325,11.054
G325Q,325,8.96468
G325R,325,11.3053
G325S,325,4.52353
G325A,325,2.50696
G325C,325,2.58552
G325D,325,7.44407
G325E,325,11.1926
G325T,325,7.19055
G325V,325,5.75212
G325W,325,18.4031
G325Y,325,21.7898
G325I,325,12.5866
G325H,325,17.883
G325G,325,
G325F,325,13.1819
K326P,326,2.88945
K326Q,326,0.583253
K326N,326,0.786133
K326L,326,-0.145585
K326W,326,-0.202996
K326Y,326,-0.334579
K326G,326,1.52727
K326F,326,-0.166244
K326S,326,1.20519
K326R,326,0.193215
K326D,326,0.775004
K326E,326,0.868374
K326V,326,0.299696
K326T,326,1.08397
K326C,326,0.330426
K326A,326,0.706817
K326K,326,
K326M,326,0.253806
K326H,326,0.689854
K326I,326,0.01163
Q327L,327,0.707414
Q327N,327,2.00946
Q327Y,327,8.61444
Q327W,327,6.80509
Q327H,327,5.22136
Q327I,327,1.4587
Q327D,327,4.19009
Q327E,327,0.78007
Q327C,327,0.397403
Q327A,327,0.989008
Q327S,327,0.816864
Q327R,327,0.292637
Q327V,327,0.35957
Q327T,327,1.88228
Q327F,327,7.40086
Q327G,327,2.16777
Q327M,327,-1.06997
Q327K,327,0.096623
Q327P,327,-0.519033
Q327Q,327,
G328H,328,35.6236
G328I,328,28.6405
G328Y,328,43.5061
G328W,328,68.7298
G328M,328,23.3733
G328K,328,31.6306
G328P,328,16.8561
G328Q,328,26.3588
G328G,328,
G328F,328,43.6673
G328L,328,27.0043
G328N,328,17.3408
G328T,328,18.6859
G328V,328,20.3969
G328E,328,29.3695
G328D,328,23.1395
G328R,328,32.8289
G328S,328,11.2876
G328C,328,12.0545
G328A,328,5.5676
Y329V,329,5.4339
Y329T,329,4.92197
Y329Q,329,3.34763
Y329P,329,6.03033
Y329C,329,3.27283
Y329A,329,3.49488
Y329Y,329,
Y329W,329,1.02267
Y329I,329,4.74077
Y329H,329,3.475
Y329M,329,2.17633
Y329K,329,3.18223
Y329R,329,2.64817
Y329S,329,3.36715
Y329N,329,4.08167
Y329L,329,2.84427
Y329D,329,5.67458
Y329E,329,4.09636
Y329G,329,4.1054
Y329F,329,1.11096
Q330A,330,-0.035069
Q330C,330,-0.46958
Q330K,330,-2.5595
Q330M,330,-1.58373
Q330L,330,-2.56345
Q330N,330,1.37318
Q330F,330,2.32736
Q330G,330,1.19362
Q330H,330,5.23073
Q330I,330,-1.32042
Q330D,330,3.17114
Q330E,330,1.50315
Q330V,330,-0.868306
Q330T,330,0.402854
Q330S,330,0.971316
Q330R,330,-1.1925
Q330Q,330,
Q330P,330,-1.54911
Q330W,330,2.96743
Q330Y,330,2.16547
L331Y,331,1.16213
L331W,331,1.66054
L331V,331,1.72088
L331T,331,2.64459
L331E,331,3.52747
L331D,331,3.86271
L331G,331,3.31881
L331F,331,0.586661
L331A,331,1.95667
L331C,331,2.29248
L331Q,331,1.12369
L331P,331,4.81464
L331N,331,2.39218
L331L,331,
L331K,331,0.843529
L331M,331,1.14802
L331H,331,0.016426
L331I,331,1.83161
L331R,331,1.04198
L331S,331,3.14191
R332I,332,0.374544
R332H,332,0.788644
R332G,332,2.58072
R332F,332,0.108497
R332P,332,5.9726
R332Q,332,0.646107
R332R,332,
R332S,332,1.9506
R332E,332,0.683395
R332D,332,1.30522
R332C,332,1.42405
R332A,332,1.75422
R332K,332,0.525573
R332M,332,-0.707836
R332Y,332,1.77016
R332W,332,1.65288
R332V,332,2.26376
R332T,332,2.80286
R332N,332,1.70415
R332L,332,0.121914
Q333P,333,1.51892
Q333Q,333,
Q333A,333,0.567382
Q333C,333,0.211248
Q333E,333,0.135918
Q333D,333,0.613132
Q333S,333,0.390043
Q333R,333,-0.338389
Q333L,333,0.360545
Q333N,333,0.7748
Q333V,333,0.490407
Q333T,333,0.50325
Q333Y,333,-0.123115
Q333W,333,0.121239
Q333H,333,0.442667
Q333I,333,-0.067449
Q333M,333,-0.036529
Q333K,333,-0.382928
Q333G,333,0.660763
Q333F,333,0.021652
G334A,334,2.10498
G334C,334,2.52878
G334D,334,1.46358
G334E,334,1.50074
G334P,334,5.17106
G334Q,334,2.15439
G334Y,334,2.09521
G334W,334,2.21924
G334V,334,4.46902
G334T,334,3.63506
G334S,334,2.0342
G334R,334,2.56477
G334I,334,2.21106
G334H,334,3.57263
G334G,334,
G334F,334,1.23258
G334K,334,1.72524
G334M,334,1.46296
G334N,334,1.88496
G334L,334,2.80243
D335P,335,3.56321
D335Q,335,0.574797
D335N,335,0.144369
D335L,335,0.540538
D335E,335,0.00081
D335D,335,
D335C,335,0.848142
D335A,335,0.207337
D335T,335,1.23877
D335V,335,1.92653
D335W,335,0.833586
D335Y,335,0.842248
D335H,335,0.527452
D335I,335,1.95492
D335K,335,0.22465
D335M,335,0.821681
D335G,335,0.17623
D335F,335,0.20079
D335R,335,0.815241
D335S,335,0.48656
N336C,336,1.19207
N336A,336,0.905793
N336T,336,4.4289
N336V,336,2.75302
N336L,336,-0.309986
N336N,336,
N336E,336,0.163102
N336D,336,0.325827
N336S,336,1.08879
N336R,336,-1.18812
N336Q,336,0.198326
N336P,336,3.86328
N336G,336,-0.117972
N336F,336,0.186824
N336W,336,0.038852
N336Y,336,0.0405
N336M,336,0.219517
N336K,336,-0.428802
N336I,336,3.06054
N336H,336,0.119325
F337F,337,
F337G,337,4.69988
F337N,337,3.06698
F337L,337,1.45591
F337T,337,2.88652
F337V,337,1.43303
F337W,337,1.13119
F337Y,337,2.9175
F337D,337,4.40791
F337E,337,4.14128
F337K,337,3.0442
F337M,337,-0.780656
F337I,337,0.748633
F337H,337,3.2863
F337A,337,3.37322
F337C,337,3.13564
F337P,337,6.50585
F337Q,337,3.53113
F337R,337,4.13277
F337S,337,3.82849
E338F,338,2.53089
E338G,338,2.67722
E338V,338,-0.970653
E338T,338,3.51377
E338Q,338,-0.465913
E338P,338,2.15094
E338R,338,-0.275578
E338S,338,1.26628
E338A,338,1.2299
E338C,338,0.426037
E338D,338,2.84597
E338E,338,
E338Y,338,2.14154
E338W,338,3.58194
E338L,338,-0.740247
E338N,338,1.52558
E338M,338,-0.926576
E338K,338,0.84619
E338H,338,0.682691
E338I,338,-0.614272
V339W,339,3.41174
V339Y,339,4.74435
V339S,339,4.79236
V339R,339,2.98925
V339Q,339,3.88647
V339P,339,5.96622
V339D,339,3.03047
V339E,339,5.72215
V339M,339,-0.704493
V339K,339,5.85365
V339I,339,-0.0463
V339H,339,7.04219
V339G,339,5.48296
V339F,339,10.69
V339N,339,3.14298
V339L,339,0.105794
V339V,339,
V339T,339,2.49669
V339A,339,3.87732
V339C,339,2.82448
W340G,340,7.60088
W340F,340,2.09424
W340W,340,
W340Y,340,1.06062
W340V,340,4.30094
W340T,340,6.69187
W340K,340,4.93865
W340M,340,3.53697
W340L,340,2.79172
W340N,340,6.19799
W340D,340,8.65901
W340E,340,8.14705
W340Q,340,5.34684
W340P,340,5.97563
W340S,340,5.861
W340R,340,3.04192
W340A,340,5.41649
W340C,340,5.58455
W340H,340,2.72533
W340I,340,5.07002
E341F,341,17.1867
E341G,341,4.16843
E341W,341,15.6566
E341Y,341,13.7294
E341N,341,5.3842
E341L,341,0.64716
E341A,341,2.88386
E341C,341,2.21384
E341S,341,2.83119
E341R,341,8.74533
E341V,341,1.88566
E341T,341,-1.09075
E341P,341,4.39635
E341Q,341,2.24452
E341K,341,5.2513
E341M,341,-1.49213
E341H,341,13.8568
E341I,341,-0.177083
E341D,341,4.90709
E341E,341,
R342W,342,13.7849
R342Y,342,8.83276
R342H,342,9.59182
R342I,342,2.56447
R342A,342,3.18275
R342C,342,3.13499
R342E,342,8.32412
R342D,342,8.34406
R342Q,342,2.24532
R342P,342,9.04789
R342T,342,3.07878
R342V,342,0.815298
R342K,342,0.33976
R342M,342,0.007933
R342G,342,6.20484
R342F,342,9.12324
R342N,342,5.35861
R342L,342,2.07721
R342R,342,
R342S,342,4.39243
P343Q,343,2.37648
P343P,343,
P343Y,343,0.881871
P343W,343,1.63154
P343V,343,1.30519
P343T,343,2.70532
P343H,343,2.75997
P343I,343,1.27573
P343G,343,3.56221
P343F,343,0.720958
P343E,343,2.59959
P343D,343,3.94376
P343A,343,2.43104
P343C,343,2.3837
P343N,343,3.05174
P343L,343,0.599483
P343R,343,1.56121
P343S,343,3.4085
P343K,343,1.97609
P343M,343,1.22424
L344F,344,4.78075
L344G,344,4.09079
L344V,344,3.60205
L344T,344,4.46132
L344S,344,3.98511
L344R,344,0.154032
L344K,344,0.821141
L344M,344,0.597648
L344W,344,13.0666
L344Y,344,10.6029
L344D,344,6.63482
L344E,344,6.07819
L344A,344,3.2585
L344C,344,2.55974
L344I,344,2.77089
L344H,344,6.37918
L344L,344,
L344N,344,3.53059
L344P,344,7.5577
L344Q,344,2.35476
S345G,345,1.34227
S345F,345,0.075826
S345V,345,-0.303154
S345T,345,0.466688
S345R,345,-0.44553
S345S,345,
S345P,345,5.10399
S345Q,345,0.202604
S345E,345,0.747504
S345D,345,1.31096
S345C,345,-0.091186
S345A,345,0.152828
S345N,345,1.15441
S345L,345,-1.00896
S345K,345,-0.827299
S345M,345,-0.691557
S345Y,345,0.309918
S345W,345,0.773806
S345H,345,-0.867935
S345I,345,-0.319417
G346M,346,3.32674
G346K,346,0.919104
G346E,346,1.09207
G346D,346,1.0325
G346I,346,3.62086
G346H,346,1.99478
G346T,346,4.55471
G346V,346,4.76066
G346G,346,
G346F,346,1.7969
G346R,346,1.45592
G346S,346,1.41251
G346C,346,2.05084
G346A,346,1.10588
G346Y,346,1.84737
G346W,346,1.69653
G346P,346,4.70131
G346Q,346,1.93746
G346N,346,1.68198
G346L,346,2.24719
L347H,347,0.356522
L347I,347,2.82027
L347G,347,-1.14488
L347F,347,-0.58802
L347A,347,1.19284
L347C,347,0.319795
L347V,347,3.94113
L347T,347,2.06526
L347D,347,0.794408
L347E,347,0.649256
L347Y,347,-0.060891
L347W,347,-0.258474
L347M,347,-0.202174
L347K,347,-0.093842
L347S,347,1.59784
L347R,347,-0.231477
L347Q,347,0.516336
L347P,347,4.64258
L347L,347,
L347N,347,0.521482
A348A,348,
A348C,348,0.547408
A348D,348,3.03436
A348E,348,1.46536
A348T,348,0.392719
A348V,348,-0.132129
A348W,348,1.18977
A348Y,348,0.287063
A348F,348,-0.331719
A348G,348,1.04751
A348I,348,0.342716
A348H,348,-0.048098
A348P,348,2.96755
A348Q,348,0.314577
A348M,348,-0.442952
A348K,348,-0.132413
A348N,348,0.151642
A348L,348,0.391006
A348S,348,-0.418019
A348R,348,-1.41937
W349A,349,3.73521
W349C,349,3.33263
W349D,349,6.39615
W349E,349,5.38441
W349F,349,0.410122
W349G,349,4.63586
W349H,349,3.01837
W349I,349,0.675723
W349Y,349,1.03211
W349W,349,
W349V,349,1.41779
W349T,349,2.98643
W349N,349,3.79221
W349L,349,-0.188469
W349M,349,-0.031376
W349K,349,2.7646
W349S,349,3.6637
W349R,349,2.89423
W349Q,349,4.28285
W349P,349,5.45867
A350H,350,16.6229
A350I,350,1.08115
A350K,350,9.21344
A350M,350,0.866503
A350V,350,0.307246
A350T,350,0.954658
A350R,350,10.7316
A350S,350,1.66128
A350A,350,
A350Y,350,13.3938
A350W,350,22.1981
A350C,350,0.88471
A350G,350,2.24817
A350F,350,7.58911
A350D,350,5.39202
A350E,350,6.46373
A350Q,350,6.15655
A350P,350,5.72219
A350L,350,4.19353
A350N,350,1.41275
V351E,351,5.22207
V351F,351,5.88319
V351N,351,4.03515
V351K,351,5.01543
V351L,351,-0.566345
V351H,351,1.49965
V351G,351,6.01603
V351I,351,-0.618351
V351S,351,4.65787
V351D,351,6.32557
V351C,351,2.93623
V351A,351,3.78005
V351V,351,
V351Q,351,2.79552
V351R,351,4.42047
V351M,351,0.30595
V351Y,351,12.4057
V351W,351,10.1587
V351T,351,2.39635
V351P,351,7.48946
A352K,352,7.43866
A352H,352,12.4001
A352M,352,3.18437
A352I,352,4.69008
A352L,352,4.72904
A352N,352,6.08281
A352R,352,17.7702
A352S,352,2.07759
A352Q,352,8.41442
A352P,352,5.37651
A352G,352,2.10248
A352F,352,7.44192
A352E,352,11.4867
A352D,352,6.6067
A352C,352,0.645354
A352A,352,
A352Y,352,9.64798
A352W,352,16.9257
A352V,352,2.38162
A352T,352,1.38988
M353F,353,1.98983
M353G,353,6.38158
M353W,353,0.170894
M353Y,353,0.399301
M353K,353,3.6577
M353I,353,0.259217
M353T,353,3.22336
M353V,353,0.384773
M353E,353,4.47277
M353D,353,4.82018
M353S,353,5.55574
M353R,353,7.62473
M353L,353,0.26404
M353N,353,4.05548
M353Q,353,3.11953
M353P,353,6.68505
M353H,353,3.69673
M353M,353,
M353C,353,3.57604
M353A,353,4.4937
I354Y,354,13.6611
I354W,354,18.6513
I354G,354,5.37736
I354A,354,3.95704
I354L,354,0.648335
I354N,354,4.0039
I354M,354,1.35436
I354K,354,3.59145
I354R,354,4.5096
I354S,354,4.37794
I354C,354,3.66763
I354V,354,1.2737
I354P,354,4.8259
I354Q,354,4.39202
I354D,354,5.70529
I354F,354,10.022
I354E,354,5.15744
I354T,354,2.66459
I354H,354,6.85971
I354I,354,
N355C,355,3.01112
N355A,355,1.86989
N355K,355,4.39978
N355M,355,1.83983
N355N,355,
N355L,355,0.467284
N355S,355,3.28679
N355R,355,9.02267
N355W,355,15.0209
N355Y,355,6.89624
N355V,355,3.64103
N355T,355,4.9924
N355F,355,8.41112
N355G,355,3.96961
N355H,355,5.26577
N355I,355,5.16036
N355Q,355,5.48406
N355P,355,8.35407
N355D,355,1.17599
N355E,355,1.42175
R356R,356,
R356Q,356,0.8576
R356P,356,5.13357
R356T,356,3.41087
R356Y,356,1.29281
R356V,356,2.05799
R356S,356,2.32382
R356W,356,3.51401
R356D,356,3.2116
R356E,356,3.24209
R356A,356,1.96955
R356C,356,1.68684
R356G,356,2.27126
R356F,356,-0.433534
R356H,356,1.72255
R356I,356,2.04088
R356K,356,0.946083
R356M,356,0.180723
R356N,356,0.8799
R356L,356,-0.510084
Q357P,357,3.69244
Q357Q,357,
Q357R,357,-0.025891
Q357S,357,1.21975
Q357T,357,1.23845
Q357V,357,0.164853
Q357W,357,0.714877
Q357Y,357,-0.050403
Q357E,357,0.057701
Q357D,357,0.503288
Q357G,357,1.74293
Q357F,357,-0.93771
Q357N,357,0.406633
Q357L,357,-0.666112
Q357I,357,1.39403
Q357H,357,0.902177
Q357K,357,-0.229026
Q357M,357,-1.09443
Q357C,357,0.141126
Q357A,357,-0.050712
E358D,358,2.00746
E358E,358,
E358I,358,0.219674
E358H,358,0.113957
E358F,358,1.26049
E358G,358,0.290791
E358V,358,0.508606
E358T,358,0.044205
E358P,358,0.143726
E358Q,358,-0.323531
E358C,358,1.17938
E358A,358,0.185503
E358R,358,0.222105
E358S,358,0.131069
E358W,358,1.2186
E358Y,358,0.124718
E358N,358,0.744713
E358L,358,0.29728
E358M,358,0.861311
E358K,358,0.790772
I359P,359,1.9516
I359Q,359,1.1606
I359E,359,2.52718
I359D,359,3.55176
I359H,359,2.31116
I359I,359,
I359G,359,1.85679
I359F,359,0.976191
I359A,359,1.64721
I359C,359,1.02109
I359K,359,0.050389
I359M,359,-0.77421
I359L,359,1.03539
I359N,359,2.35761
I359S,359,1.69258
I359R,359,-0.998578
I359Y,359,0.89004
I359W,359,1.21101
I359T,359,1.11599
I359V,359,0.236505
G360W,360,6.47649
G360Y,360,4.10971
G360T,360,7.42004
G360V,360,4.91935
G360I,360,6.09462
G360H,360,7.64362
G360L,360,5.76716
G360N,360,6.29203
G360C,360,4.05766
G360A,360,3.34575
G360E,360,4.3635
G360D,360,6.14271
G360K,360,4.27995
G360M,360,3.91397
G360P,360,11.3245
G360Q,360,5.19398
G360S,360,3.89349
G360R,360,5.38092
G360G,360,
G360F,360,4.09707
G361N,361,1.26815
G361L,361,0.919336
G361P,361,0.820307
G361Q,361,1.24267
G361I,361,4.31383
G361H,361,2.32243
G361Y,361,2.49999
G361W,361,0.599752
G361E,361,2.11446
G361D,361,2.35346
G361G,361,
G361F,361,0.168896
G361C,361,0.913082
G361A,361,1.53832
G361V,361,4.27211
G361T,361,6.2191
G361R,361,-0.60122
G361S,361,1.55817
G361K,361,1.52944
G361M,361,1.03343
P362A,362,2.07985
P362C,362,2.35359
P362L,362,2.06051
P362N,362,2.89212
P362G,362,2.87819
P362F,362,2.96471
P362I,362,2.36106
P362H,362,3.18957
P362Q,362,2.25167
P362P,362,
P362R,362,1.70471
P362S,362,2.05941
P362D,362,3.49732
P362E,362,1.41142
P362T,362,3.15703
P362V,362,2.29434
P362M,362,1.02512
P362K,362,1.67878
P362Y,362,2.13157
P362W,362,1.85656
R363C,363,1.27182
R363A,363,0.898935
R363W,363,1.25898
R363Y,363,1.60777
R363M,363,0.111651
R363K,363,0.359888
R363L,363,-0.217919
R363N,363,1.9263
R363Q,363,1.15444
R363P,363,3.75017
R363D,363,1.94902
R363E,363,1.72782
R363H,363,2.53863
R363I,363,0.70009
R363F,363,1.72015
R363G,363,1.53793
R363V,363,1.72806
R363T,363,2.19612
R363R,363,
R363S,363,1.30781
S364V,364,0.141717
S364T,364,0.085734
S364R,364,-0.7363
S364S,364,
S364Q,364,0.508246
S364P,364,-2.07955
S364F,364,0.862805
S364G,364,0.985925
S364E,364,0.417798
S364D,364,0.675294
S364A,364,-0.799135
S364C,364,0.491915
S364I,364,0.776417
S364H,364,0.358698
S364Y,364,0.972651
S364W,364,1.02921
S364M,364,-0.378647
S364L,364,-0.223734
S364N,364,0.401785
S364K,364,0.156762
Y365N,365,2.79786
Y365L,365,1.18226
Y365M,365,-0.945826
Y365K,365,1.66279
Y365V,365,2.163
Y365T,365,2.37314
Y365Y,365,
Y365W,365,1.1436
Y365A,365,3.30544
Y365C,365,1.97026
Y365D,365,3.35771
Y365E,365,2.53131
Y365P,365,8.42291
Y365Q,365,2.63215
Y365R,365,2.57023
Y365S,365,4.22171
Y365F,365,-0.528747
Y365G,365,4.64086
Y365H,365,1.39879
Y365I,365,1.26129
T366E,366,0.295631
T366D,366,0.790578
T366M,366,-1.25193
T366K,366,-0.583007
T366C,366,-0.138817
T366A,366,0.568249
T366F,366,-0.454478
T366G,366,1.2331
T366S,366,-0.137623
T366R,366,-0.359643
T366N,366,1.4212
T366L,366,-1.43426
T366Y,366,1.16553
T366W,366,1.13316
T366T,366,
T366V,366,-0.297658
T366Q,366,-0.085216
T366P,366,0.784376
T366H,366,0.214528
T366I,366,-1.02718
I367W,367,5.66305
I367Y,367,3.03958
I367T,367,2.99898
I367V,367,1.62592
I367H,367,1.7341
I367I,367,
I367E,367,2.06475
I367D,367,3.45607
I367S,367,3.22241
I367R,367,2.99299
I367P,367,3.41066
I367Q,367,1.38196
I367L,367,-0.257794
I367N,367,2.45748
I367A,367,3.17821
I367C,367,2.44735
I367F,367,-0.498476
I367G,367,4.39798
I367K,367,2.78816
I367M,367,-0.101636
A368K,368,-0.238782
A368M,368,-0.013887
A368H,368,0.163476
A368I,368,-0.284757
A368C,368,-0.313817
A368A,368,
A368Q,368,-0.678464
A368P,368,-1.39347
A368W,368,-0.459162
A368Y,368,-0.430239
A368T,368,0.059821
A368V,368,-0.200378
A368G,368,0.786392
A368F,368,5.34195
A368E,368,-0.731826
A368D,368,-0.092926
A368L,368,-0.557925
A368N,368,-0.049892
A368R,368,-0.272515
A368S,368,0.45297
V369Y,369,4.29985
V369W,369,6.48561
V369L,369,-1.13708
V369E,369,6.98635
V369D,369,4.12358
V369F,369,2.6841
V369K,369,5.80555
V369I,369,1.89359
V369T,369,1.40078
V369V,369,
V369A,369,1.50358
V369C,369,1.91574
V369G,369,3.67821
V369H,369,8.14565
V369N,369,2.11464
V369M,369,-0.494522
V369R,369,7.55677
V369S,369,2.67089
V369Q,369,2.97478
V369P,369,3.41217
A370A,370,
A370C,370,0.629117
A370D,370,1.59486
A370E,370,0.130347
A370V,370,0.351048
A370T,370,1.01054
A370Y,370,0.690974
A370W,370,1.73601
A370S,370,0.540499
A370R,370,-0.197702
A370K,370,-0.171065
A370M,370,0.964564
A370N,370,0.633677
A370L,370,-0.011438
A370Q,370,-0.086454
A370P,370,1.76826
A370H,370,1.72832
A370I,370,0.797622
A370G,370,0.940812
A370F,370,0.870402
S371Q,371,-0.233395
S371P,371,3.9645
S371L,371,-0.775599
S371N,371,0.658823
S371K,371,0.319639
S371M,371,-2.03975
S371V,371,-0.037868
S371A,371,0.508484
S371C,371,0.234948
S371H,371,0.067211
S371G,371,0.869555
S371F,371,-0.119714
S371D,371,0.763045
S371Y,371,-0.313732
S371E,371,0.050402
S371I,371,0.73761
S371W,371,-0.160796
S371R,371,0.241939
S371S,371,
S371T,371,0.835359
L372P,372,5.11213
L372Q,372,3.38515
L372A,372,3.95182
L372C,372,3.04897
L372E,372,5.30161
L372D,372,6.11357
L372T,372,4.69283
L372V,372,1.55344
L372K,372,3.39926
L372M,372,-0.559738
L372N,372,2.50298
L372L,372,
L372I,372,1.03724
L372H,372,3.88348
L372R,372,4.8536
L372S,372,4.39865
L372W,372,0.37056
L372Y,372,-0.369753
L372G,372,5.19272
L372F,372,-0.993073
G373C,373,11.3974
G373M,373,4.15226
G373P,373,10.08
G373L,373,24.9311
G373T,373,11.8669
G373S,373,9.73992
G373V,373,20.7074
G373F,373,34.7686
G373K,373,20.7317
G373I,373,28.8126
G373H,373,23.4248
G373G,373,
G373A,373,6.49989
G373N,373,13.9199
G373Y,373,31.0646
G373Q,373,20.2505
G373R,373,24.0526
G373W,373,43.9917
G373E,373,21.4244
G373D,373,15.3848
K374H,374,2.10739
K374F,374,-0.31061
K374M,374,1.1083
K374K,374,
K374L,374,0.422127
K374G,374,0.134637
K374V,374,2.77906
K374T,374,1.84282
K374Q,374,0.342783
K374P,374,4.53469
K374R,374,-0.43306
K374S,374,0.906639
K374Y,374,-0.135148
K374W,374,-0.107877
K374D,374,1.00083
K374E,374,0.448959
K374A,374,1.01651
K374C,374,0.836158
K374I,374,2.60121
K374N,374,0.2234
G375W,375,2.9866
G375Y,375,2.97537
G375M,375,2.92206
G375I,375,3.67205
G375E,375,2.62437
G375P,375,6.19024
G375K,375,3.03838
G375S,375,3.17227
G375A,375,3.10213
G375C,375,2.68905
G375L,375,1.41499
G375N,375,3.52728
G375D,375,3.63618
G375H,375,4.97161
G375R,375,2.17982
G375Q,375,2.12213
G375F,375,3.43296
G375G,375,
G375T,375,4.58434
G375V,375,5.32898
V376R,376,-0.19478
V376S,376,0.323228
V376G,376,0.367302
V376D,376,0.69474
V376W,376,-0.178169
V376Y,376,0.188454
V376V,376,
V376T,376,-0.174373
V376E,376,0.444231
V376F,376,-0.724488
V376N,376,0.059933
V376H,376,-0.022898
V376I,376,-0.02876
V376P,376,4.30154
V376M,376,-0.843358
V376K,376,-0.558732
V376Q,376,0.140741
V376L,376,-0.827723
V376A,376,0.43847
V376C,376,0.005199
A377H,377,18.3254
A377I,377,4.466
A377Q,377,9.26308
A377P,377,2.41887
A377S,377,1.85689
A377R,377,13.8724
A377C,377,1.3778
A377A,377,
A377D,377,5.66641
A377E,377,9.2884
A377G,377,1.29947
A377F,377,17.9551
A377K,377,12.6466
A377M,377,3.91141
A377V,377,-0.168652
A377T,377,4.03099
A377N,377,4.99478
A377L,377,6.81685
A377Y,377,19.9906
A377W,377,35.8048
C378P,378,4.2775
C378Q,378,7.29085
C378S,378,4.07955
C378R,378,13.3045
C378T,378,5.67358
C378V,378,6.56707
C378Y,378,22.5457
C378W,378,19.4437
C378D,378,7.30027
C378E,378,7.73053
C378G,378,3.3924
C378C,378,
C378A,378,1.83561
C378F,378,14.4166
C378L,378,7.01364
C378N,378,5.88025
C378K,378,12.926
C378M,378,6.14535
C378H,378,20.669
C378I,378,3.63421
N379P,379,2.84746
N379Q,379,-0.378574
N379L,379,-0.940845
N379N,379,
N379K,379,-1.07316
N379M,379,-0.559953
N379F,379,-0.700724
N379G,379,1.34832
N379Y,379,-0.921172
N379W,379,-0.804693
N379V,379,1.30257
N379T,379,0.508682
N379H,379,-0.20255
N379I,379,-0.792583
N379R,379,-0.524467
N379S,379,0.576226
N379E,379,-0.204481
N379D,379,0.40423
N379A,379,0.362941
N379C,379,-0.055996
P380R,380,1.37233
P380S,380,1.54898
P380L,380,1.97885
P380N,380,2.30243
P380I,380,1.98891
P380H,380,3.38835
P380W,380,2.36727
P380Y,380,2.33408
P380F,380,2.63368
P380G,380,2.6529
P380K,380,3.21999
P380M,380,0.854662
P380D,380,1.46526
P380E,380,1.51156
P380P,380,
P380Q,380,1.17663
P380T,380,2.40912
P380V,380,3.80359
P380A,380,1.92954
P380C,380,1.27317
A381P,381,2.04496
A381Q,381,0.024948
A381W,381,4.82636
A381S,381,0.686648
A381R,381,-1.08223
A381V,381,2.27026
A381D,381,3.51792
A381E,381,1.46011
A381T,381,-0.260083
A381Y,381,5.20246
A381N,381,1.7403
A381L,381,1.20305
A381I,381,3.42391
A381H,381,7.99471
A381G,381,0.754722
A381F,381,2.88537
A381A,381,
A381C,381,0.061033
A381K,381,0.046943
A381M,381,-1.47176
C382G,382,3.55931
C382F,382,4.74102
C382V,382,6.2032
C382T,382,7.63419
C382S,382,4.34152
C382R,382,8.47955
C382A,382,3.05211
C382C,382,
C382H,382,20.4404
C382I,382,6.36119
C382N,382,6.27562
C382L,382,8.68477
C382P,382,9.19597
C382Q,382,8.88438
C382K,382,13.1323
C382M,382,5.35228
C382Y,382,9.81409
C382W,382,19.2179
C382D,382,10.3474
C382E,382,8.7662
F383L,383,-0.096607
F383N,383,1.80686
F383Q,383,3.88007
F383P,383,3.34577
F383C,383,3.14345
F383A,383,1.74826
F383R,383,4.21343
F383W,383,0.984986
F383H,383,1.8078
F383I,383,-0.021248
F383K,383,1.26178
F383M,383,0.292808
F383S,383,1.92407
F383T,383,0.432114
F383V,383,0.296846
F383Y,383,0.477275
F383D,383,2.42469
F383E,383,1.3288
F383F,383,
F383G,383,2.74612
I384T,384,3.83238
I384V,384,1.03652
I384W,384,5.54782
I384Y,384,11.8952
I384A,384,4.70722
I384C,384,4.31271
I384K,384,3.91991
I384M,384,-0.180281
I384D,384,7.09744
I384E,384,6.02887
I384H,384,9.98889
I384I,384,
I384G,384,6.75365
I384F,384,13.4903
I384Q,384,4.40225
I384P,384,7.36011
I384S,384,6.09926
I384R,384,4.3939
I384L,384,1.72281
I384N,384,3.51321
T385A,385,1.64534
T385C,385,0.34015
T385E,385,0.892512
T385D,385,3.86571
T385N,385,2.77733
T385L,385,-1.02743
T385K,385,-0.1516
T385M,385,0.066386
T385S,385,1.40936
T385R,385,0.001615
T385W,385,4.49662
T385Y,385,0.508849
T385T,385,
T385V,385,-1.24977
T385I,385,-2.27211
T385H,385,1.83246
T385Q,385,0.955959
T385P,385,3.56452
T385G,385,2.35617
T385F,385,1.27018
Q386A,386,0.527775
Q386C,386,-0.057334
Q386W,386,2.48143
Q386Y,386,3.14428
Q386H,386,3.50215
Q386I,386,0.317259
Q386K,386,0.977847
Q386M,386,-0.432338
Q386D,386,3.90889
Q386E,386,1.32782
Q386N,386,2.3876
Q386L,386,0.558829
Q386P,386,2.10767
Q386Q,386,
Q386R,386,0.711686
Q386S,386,1.41545
Q386F,386,2.52374
Q386G,386,2.68683
Q386T,386,-0.049471
Q386V,386,-0.029502
L387G,387,4.96368
L387F,387,0.420182
L387I,387,0.588873
L387H,387,1.86635
L387Y,387,1.95288
L387W,387,2.60622
L387V,387,1.41423
L387T,387,3.13476
L387Q,387,2.26838
L387P,387,5.94092
L387L,387,
L387N,387,3.42295
L387S,387,4.66188
L387R,387,2.29924
L387M,387,0.98925
L387K,387,0.065632
L387E,387,4.90515
L387D,387,4.69989
L387C,387,3.334
L387A,387,3.18256
L388K,388,1.33012
L388A,388,3.46316
L388M,388,1.06425
L388S,388,4.79753
L388T,388,3.95731
L388V,388,2.24569
L388W,388,6.14445
L388Y,388,1.45526
L388C,388,2.74369
L388D,388,6.07432
L388E,388,5.2565
L388F,388,1.89775
L388N,388,4.11515
L388L,388,
L388P,388,6.17012
L388G,388,5.15373
L388H,388,2.74475
L388I,388,2.5021
L388R,388,1.06401
L388Q,388,2.56088
P389M,389,3.97762
P389N,389,4.51856
P389E,389,4.14344
P389R,389,3.78624
P389P,389,
P389L,389,3.19241
P389Q,389,3.32879
P389H,389,4.25111
P389S,389,4.53285
P389K,389,4.19866
P389I,389,4.24477
P389D,389,4.69061
P389T,389,4.59225
P389G,389,2.84389
P389Y,389,3.96198
P389V,389,3.2974
P389W,389,4.32741
P389A,389,3.59832
P389C,389,3.13225
P389F,389,4.10092
V390L,390,-0.231909
V390N,390,0.608378
V390K,390,0.012294
V390P,390,1.48304
V390T,390,0.196496
V390C,390,0.264034
V390A,390,0.620465
V390D,390,0.860431
V390R,390,0.096895
V390S,390,0.370996
V390W,390,-0.021801
V390E,390,-0.105251
V390H,390,0.738003
V390M,390,-1.38283
V390I,390,0.180975
V390V,390,
V390Q,390,-0.08359
V390F,390,-0.242059
V390G,390,0.391709
V390Y,390,-0.079133
K391I,391,0.198948
K391K,391,
K391G,391,1.18355
K391F,391,-0.134283
K391M,391,0.533922
K391N,391,1.0506
K391V,391,0.916888
K391T,391,1.27862
K391E,391,0.69985
K391Q,391,0.280768
K391P,391,0.773823
K391L,391,-0.208528
K391H,391,0.761071
K391D,391,0.879824
K391A,391,0.703608
K391C,391,0.502248
K391W,391,1.40852
K391Y,391,1.05918
K391R,391,0.193736
K391S,391,1.22868
R392T,392,0.105905
R392V,392,0.976333
R392P,392,6.74217
R392Q,392,0.345723
R392S,392,1.27284
R392R,392,
R392I,392,0.152206
R392H,392,0.288086
R392N,392,0.260569
R392L,392,-0.226358
R392K,392,0.57941
R392M,392,1.34738
R392C,392,0.590723
R392A,392,0.943758
R392W,392,-0.231449
R392Y,392,-0.586947
R392F,392,-0.134455
R392G,392,1.92493
R392E,392,0.113756
R392D,392,0.567711
K393S,393,0.853724
K393R,393,0.575565
K393F,393,-0.256386
K393E,393,0.081896
K393A,393,0.886511
K393I,393,0.326933
K393H,393,-0.093488
K393G,393,1.74874
K393L,393,0.281274
K393N,393,0.777534
K393K,393,
K393M,393,0.025992
K393P,393,0.070237
K393Q,393,0.997665
K393W,393,0.44139
K393Y,393,0.297647
K393T,393,0.380295
K393V,393,1.08279
K393D,393,-0.430152
K393C,393,1.1451
L394P,394,4.52879
L394Q,394,1.90042
L394H,394,1.93349
L394I,394,0.862049
L394C,394,2.28954
L394D,394,2.74645
L394T,394,1.22123
L394V,394,1.47109
L394A,394,2.13219
L394E,394,2.29533
L394M,394,-0.596359
L394K,394,1.21042
L394G,394,3.19387
L394F,394,0.780698
L394W,394,2.23851
L394Y,394,0.701023
L394S,394,1.96747
L394R,394,1.19946
L394N,394,2.66248
L394L,394,
G395F,395,2.50827
G395G,395,
G395T,395,2.396
G395V,395,1.88299
G395L,395,2.69453
G395N,395,2.24198
G395C,395,3.1306
G395A,395,2.45204
G395W,395,2.06349
G395Y,395,2.35985
G395E,395,2.2766
G395D,395,1.70925
G395K,395,2.42195
G395M,395,1.62987
G395H,395,1.72548
G395I,395,3.69647
G395R,395,2.98156
G395S,395,3.13583
G395P,395,6.16772
G395Q,395,2.90967
F396Y,396,0.043127
F396W,396,-0.112662
F396V,396,1.57111
F396T,396,-0.125532
F396M,396,0.365153
F396K,396,0.481666
F396I,396,0.195591
F396H,396,0.986718
F396L,396,0.446773
F396N,396,1.24606
F396S,396,1.63747
F396R,396,0.848415
F396Q,396,1.01991
F396P,396,0.754382
F396D,396,1.67834
F396E,396,0.835215
F396A,396,1.55748
F396C,396,1.29242
F396G,396,2.11312
F396F,396,
Y397K,397,1.41739
Y397M,397,0.440942
Y397S,397,2.99211
Y397R,397,2.26215
Y397P,397,6.83964
Y397Q,397,2.34714
Y397N,397,3.18438
Y397L,397,0.845802
Y397Y,397,
Y397W,397,2.93313
Y397T,397,3.76312
Y397V,397,3.50619
Y397H,397,2.0949
Y397I,397,1.4744
Y397G,397,3.96129
Y397F,397,-0.573822
Y397D,397,4.0498
Y397E,397,3.3713
Y397A,397,2.88958
Y397C,397,2.36792
E398I,398,0.359303
E398H,398,0.637927
E398Q,398,0.517061
E398P,398,-0.826824
E398L,398,-0.239384
E398N,398,0.809062
E398M,398,-0.151522
E398K,398,-0.291431
E398V,398,0.670781
E398T,398,0.72635
E398A,398,-0.26631
E398C,398,0.891628
E398W,398,0.342789
E398Y,398,0.074034
E398R,398,0.283502
E398S,398,-0.613634
E398E,398,
E398D,398,0.152759
E398G,398,0.198183
E398F,398,-0.195562
W399D,399,0.795246
W399E,399,0.050207
W399I,399,-0.233087
W399H,399,0.434462
W399S,399,-0.608214
W399R,399,0.703651
W399Q,399,1.03439
W399P,399,0.895461
W399W,399,
W399Y,399,-0.639345
W399T,399,0.386623
W399V,399,1.11391
W399A,399,0.474676
W399C,399,0.82284
W399M,399,-0.343407
W399K,399,-0.606024
W399G,399,0.801509
W399F,399,0.151862
W399N,399,1.90405
W399L,399,-0.927312
T400P,400,-0.778493
T400Q,400,-0.389908
T400R,400,-0.691412
T400S,400,-0.470728
T400K,400,-0.769349
T400M,400,-0.539037
T400N,400,-0.430279
T400L,400,-1.01322
T400A,400,-0.48534
T400C,400,-0.25799
T400F,400,-0.882591
T400G,400,-0.484462
T400H,400,-0.307439
T400I,400,-0.46262
T400E,400,-0.609624
T400D,400,-0.44353
T400T,400,
T400V,400,-0.209719
T400W,400,-1.00813
T400Y,400,-0.955646
S401W,401,1.40267
S401Y,401,0.53132
S401K,401,-0.717782
S401M,401,0.355324
S401C,401,-0.09022
S401A,401,-0.227694
S401H,401,1.03274
S401I,401,3.3908
S401F,401,0.751253
S401G,401,0.740865
S401E,401,0.127432
S401D,401,-0.303531
S401N,401,-0.109265
S401L,401,0.011589
S401P,401,10.6901
S401Q,401,0.378839
S401R,401,-0.072045
S401S,401,
S401T,401,3.2873
S401V,401,0.580911
R402A,402,0.605291
R402C,402,0.602884
R402W,402,-0.451929
R402Y,402,-0.567643
R402T,402,0.489038
R402V,402,0.487985
R402D,402,1.30546
R402E,402,0.649597
R402Q,402,0.288037
R402P,402,2.22984
R402M,402,0.059151
R402K,402,-0.353732
R402I,402,-0.65519
R402H,402,0.87382
R402S,402,0.450213
R402R,402,
R402L,402,-0.642779
R402N,402,1.12318
R402G,402,1.40197
R402F,402,-0.51836
L403T,403,3.19754
L403V,403,0.44533
L403S,403,4.8559
L403R,403,5.32979
L403G,403,4.73616
L403F,403,2.48759
L403E,403,3.77383
L403D,403,4.53577
L403Y,403,0.779971
L403W,403,1.08393
L403H,403,2.45305
L403I,403,2.45496
L403C,403,2.90287
L403A,403,4.06615
L403L,403,
L403N,403,2.8577
L403M,403,-0.25817
L403K,403,2.91949
L403P,403,5.12211
L403Q,403,2.95048
R404E,404,1.12476
R404D,404,1.47205
R404C,404,0.416358
R404A,404,1.41206
R404I,404,0.506555
R404H,404,0.720669
R404G,404,2.86407
R404F,404,1.88556
R404P,404,1.60767
R404Q,404,0.235808
R404N,404,1.66129
R404L,404,0.350636
R404W,404,2.12998
R404Y,404,1.93764
R404T,404,1.68119
R404V,404,1.26751
R404S,404,2.59545
R404R,404,
R404K,404,2.08941
R404M,404,1.0855
S405F,405,-1.22186
S405G,405,0.613146
S405H,405,5.32137
S405I,405,-1.96759
S405M,405,-2.80519
S405K,405,-1.48406
S405L,405,-3.53164
S405N,405,-0.229904
S405A,405,-0.476463
S405C,405,-1.48238
S405D,405,0.915566
S405E,405,-0.879694
S405W,405,2.53376
S405Y,405,1.04148
S405T,405,-0.286091
S405V,405,0.617906
S405P,405,1.14421
S405Q,405,-1.32332
S405S,405,
S405R,405,-1.0048
H406D,406,0.525793
H406E,406,0.408771
H406G,406,0.380018
H406F,406,-0.789661
H406T,406,0.194493
H406V,406,0.701981
H406M,406,-0.5126
H406K,406,-0.518796
H406P,406,-0.428972
H406Q,406,-0.237817
H406Y,406,-0.356458
H406W,406,-0.500864
H406A,406,0.136431
H406C,406,-0.259126
H406I,406,-0.13374
H406H,406,
H406L,406,-0.018116
H406N,406,-0.020401
H406R,406,-0.576488
H406S,406,0.793051
I407I,407,
I407H,407,4.85994
I407K,407,6.78093
I407M,407,1.18008
I407S,407,4.53539
I407R,407,18.6431
I407P,407,5.97839
I407Q,407,2.96159
I407N,407,3.40343
I407L,407,1.26208
I407V,407,1.16858
I407T,407,3.93842
I407D,407,3.8588
I407E,407,4.84299
I407F,407,6.53386
I407G,407,5.5124
I407W,407,16.6912
I407Y,407,8.63203
I407A,407,3.95715
I407C,407,3.23405
N408K,408,-0.515731
N408M,408,-1.17977
N408T,408,-0.098086
N408V,408,-0.460704
N408G,408,1.75011
N408F,408,-0.782298
N408H,408,-0.75372
N408I,408,0.632565
N408A,408,0.201125
N408C,408,0.406982
N408D,408,-0.061332
N408E,408,-0.411205
N408W,408,-0.513716
N408Y,408,-0.664982
N408P,408,-2.25132
N408Q,408,-0.301083
N408R,408,-0.238795
N408S,408,0.688675
N408N,408,
N408L,408,-0.667976
P409C,409,3.54141
P409A,409,3.32879
P409S,409,4.18372
P409R,409,8.02517
P409H,409,14.4125
P409I,409,5.1953
P409Y,409,28.651
P409W,409,34.3899
P409E,409,7.99166
P409D,409,7.56955
P409G,409,5.2992
P409F,409,24.9341
P409V,409,4.59691
P409T,409,5.64023
P409M,409,6.81841
P409K,409,7.55258
P409Q,409,9.65698
P409P,409,
P409N,409,5.25272
P409L,409,5.88594
T410K,410,3.68863
T410M,410,0.619363
T410N,410,2.4738
T410L,410,2.20234
T410D,410,5.27351
T410E,410,7.04637
T410Y,410,10.1022
T410W,410,6.02606
T410R,410,7.71462
T410S,410,1.41689
T410P,410,8.17469
T410Q,410,2.86533
T410T,410,
T410V,410,6.30903
T410G,410,1.39945
T410F,410,7.23716
T410C,410,0.927478
T410A,410,1.98655
T410I,410,7.621
T410H,410,8.21291
G411G,411,
G411F,411,8.42663
G411E,411,3.56906
G411D,411,1.70013
G411M,411,9.24643
G411K,411,6.03742
G411I,411,8.0361
G411H,411,14.3482
G411N,411,0.673079
G411L,411,-0.732914
G411R,411,8.91118
G411S,411,-0.016352
G411V,411,9.69342
G411T,411,9.72454
G411C,411,1.45203
G411A,411,0.910336
G411Y,411,12.8199
G411W,411,17.5427
G411P,411,11.9732
G411Q,411,2.51519
T412D,412,5.23796
T412E,412,10.1293
T412I,412,2.45112
T412H,412,12.3052
T412R,412,15.1648
T412S,412,1.65429
T412G,412,3.29952
T412F,412,21.9391
T412A,412,1.59417
T412C,412,1.21751
T412Y,412,21.5332
T412W,412,30.4802
T412L,412,2.70026
T412N,412,3.04196
T412M,412,-0.898734
T412K,412,10.5659
T412V,412,-0.249166
T412T,412,
T412Q,412,7.52104
T412P,412,6.2306
V413G,413,3.93989
V413A,413,2.15126
V413C,413,1.48394
V413F,413,1.93733
V413Y,413,2.02116
V413W,413,4.95812
V413V,413,
V413T,413,1.96995
V413S,413,3.48398
V413R,413,3.35999
V413Q,413,2.38747
V413P,413,5.57103
V413M,413,0.93641
V413E,413,3.34735
V413N,413,1.64369
V413L,413,-0.153391
V413D,413,2.00357
V413K,413,0.816809
V413I,413,-0.087392
V413H,413,1.75078
L414F,414,3.82711
L414A,414,4.51243
L414D,414,6.61329
L414C,414,3.65835
L414R,414,8.39282
L414P,414,7.41769
L414N,414,4.57868
L414L,414,
L414S,414,5.88423
L414G,414,6.47844
L414E,414,6.13336
L414Y,414,5.7194
L414T,414,4.32643
L414V,414,2.19601
L414W,414,10.2475
L414Q,414,2.92795
L414H,414,2.86612
L414I,414,4.00884
L414K,414,2.64068
L414M,414,-0.106106
L415K,415,3.17136
L415M,415,0.304942
L415E,415,5.24751
L415D,415,6.13271
L415H,415,3.08937
L415I,415,3.04917
L415C,415,3.64642
L415L,415,
L415N,415,3.35173
L415A,415,4.41304
L415S,415,5.17236
L415R,415,2.32871
L415Q,415,3.5991
L415P,415,6.90743
L415Y,415,2.97355
L415W,415,4.55942
L415V,415,3.46986
L415T,415,3.97248
L415G,415,6.1187
L415F,415,2.68
Q416V,416,-1.53965
Q416T,416,0.331167
Q416S,416,1.52854
Q416Q,416,
Q416E,416,0.867108
Q416Y,416,0.159046
Q416C,416,0.150331
Q416R,416,-1.41915
Q416W,416,-0.184315
Q416A,416,0.828682
Q416P,416,4.40987
Q416H,416,0.420973
Q416M,416,-1.14829
Q416N,416,-0.015882
Q416K,416,-1.14975
Q416L,416,-1.49121
Q416I,416,-1.05559
Q416D,416,2.56113
Q416G,416,2.21489
Q416F,416,-0.152651
L417G,417,5.66462
L417L,417,
L417K,417,4.57932
L417Q,417,4.03198
L417N,417,4.45159
L417R,417,3.90792
L417P,417,5.60089
L417S,417,5.33283
L417M,417,-0.082977
L417H,417,3.11885
L417F,417,1.40627
L417I,417,1.41626
L417D,417,6.16511
L417W,417,3.07905
L417T,417,2.64346
L417V,417,2.55888
L417A,417,4.86532
L417C,417,3.53916
L417E,417,5.73158
L417Y,417,1.665
E418R,418,-0.754139
E418S,418,0.460709
E418V,418,-0.071199
E418T,418,0.164143
E418A,418,0.725804
E418D,418,0.650818
E418M,418,-0.659635
E418K,418,-0.295577
E418Y,418,0.714557
E418W,418,0.395612
E418I,418,-1.09119
E418H,418,0.282463
E418N,418,-0.213461
E418L,418,-1.55017
E418C,418,-0.719295
E418E,418,
E418G,418,1.08729
E418F,418,-0.118838
E418Q,418,-0.291041
E418P,418,3.00022
N419E,419,3.88384
N419D,419,3.61475
N419V,419,-0.516035
N419T,419,0.565143
N419Y,419,9.43045
N419W,419,4.99229
N419C,419,0.020473
N419A,419,0.609729
N419I,419,1.80715
N419H,419,11.9869
N419G,419,1.3777
N419F,419,6.68851
N419K,419,2.27386
N419M,419,-1.55626
N419N,419,
N419L,419,0.744753
N419Q,419,-0.413543
N419P,419,0.214369
N419R,419,-0.944243
N419S,419,0.880269
T420P,420,3.71962
T420Q,420,-0.032014
T420A,420,-0.23864
T420C,420,-0.135988
T420R,420,-0.25395
T420S,420,0.161492
T420F,420,-0.625183
T420G,420,1.42232
T420N,420,0.210545
T420L,420,-1.05436
T420T,420,
T420V,420,3.18116
T420W,420,0.522179
T420Y,420,0.200603
T420E,420,-0.071655
T420D,420,0.287203
T420M,420,-2.1088
T420K,420,-0.451378
T420I,420,-0.799726
T420H,420,-1.98418
M421G,421,1.02086
M421D,421,0.334631
M421F,421,0.291164
M421E,421,0.222864
M421I,421,0.8513
M421H,421,0.733266
M421K,421,0.432655
M421P,421,2.56257
M421N,421,0.146434
M421M,421,
M421L,421,0.25889
M421S,421,0.440249
M421W,421,-0.038224
M421V,421,1.08614
M421T,421,1.22505
M421Y,421,0.336862
M421R,421,0.791822
M421Q,421,0.926636
M421C,421,0.771243
M421A,421,0.200345
Q422Y,422,0.314759
Q422W,422,0.15826
Q422E,422,-0.069363
Q422V,422,0.959247
Q422A,422,0.2719
Q422S,422,0.727922
Q422R,422,-0.311779
Q422I,422,1.31015
Q422H,422,0.634843
Q422G,422,1.38594
Q422D,422,0.287224
Q422C,422,0.116073
Q422P,422,1.14503
Q422L,422,-0.50557
Q422N,422,-0.340931
Q422Q,422,
Q422M,422,-0.116291
Q422T,422,0.743623
Q422K,422,-0.064841
Q422F,422,-0.560437
M423Q,423,2.09287
M423P,423,1.19095
M423L,423,0.445378
M423N,423,0.120626
M423I,423,1.87891
M423F,423,1.87417
M423R,423,0.557815
M423H,423,0.393925
M423E,423,0.485521
M423K,423,0.218766
M423M,423,
M423S,423,0.529181
M423T,423,1.39898
M423V,423,2.1704
M423Y,423,-0.266402
M423W,423,-0.394575
M423G,423,1.17252
M423D,423,1.31479
M423A,423,1.73644
M423C,423,2.92405
S424G,424,0.172745
S424Y,424,-0.681832
S424V,424,0.70028
S424W,424,-1.14018
S424N,424,0.106248
S424M,424,-1.8812
S424K,424,-1.05091
S424I,424,0.418598
S424R,424,-0.184781
S424Q,424,-0.042315
S424P,424,0.788198
S424L,424,-0.277885
S424H,424,-0.340659
S424C,424,0.283956
S424A,424,0.193546
S424D,424,0.757317
S424T,424,-0.009576
S424E,424,-0.671798
S424F,424,-0.300101
S424S,424,
L425P,425,1.4508
L425L,425,
L425N,425,0.369889
L425M,425,0.334043
L425K,425,0.046333
L425F,425,0.23929
L425H,425,0.211316
L425G,425,0.86209
L425Q,425,0.576895
L425I,425,0.52754
L425Y,425,-0.160658
L425D,425,0.43483
L425E,425,0.180256
L425R,425,0.204854
L425C,425,1.4243
L425A,425,0.478334
L425T,425,1.43585
L425S,425,1.22108
L425V,425,1.01293
L425W,425,-0.072521
K426V,426,0.429511
K426T,426,0.190175
K426S,426,-0.207197
K426R,426,0.037594
K426Q,426,0.12773
K426P,426,0.770216
K426L,426,0.126686
K426N,426,0.191989
K426M,426,0.059887
K426K,426,
K426I,426,0.42394
K426H,426,0.136094
K426G,426,-0.279687
K426F,426,-0.073883
K426E,426,0.330562
K426Y,426,-0.160284
K426A,426,0.096794
K426C,426,0.004967
K426W,426,-0.496612
K426D,426,0.135854
D427T,427,-0.069388
D427V,427,-0.030988
D427S,427,0.026642
D427R,427,-0.462796
D427A,427,-0.059314
D427C,427,-0.152406
D427K,427,-0.558462
D427M,427,-0.753658
D427Y,427,-0.678658
D427W,427,-0.708011
D427Q,427,-0.352519
D427P,427,-0.069689
D427L,427,-0.418823
D427N,427,-0.089124
D427D,427,
D427E,427,-0.138785
D427H,427,-0.02769
D427I,427,-0.523023
D427G,427,-0.163499
D427F,427,-0.824496
L428G,428,
L428F,428,
L428V,428,
L428T,428,
L428K,428,
L428M,428,
L428N,428,
L428L,428,
L428C,428,
L428A,428,
L428I,428,
L428H,428,
L428E,428,
L428D,428,
L428S,428,
L428R,428,
L428W,428,
L428Y,428,
L428Q,428,
L428P,428,
L429K,429,
L429M,429,
L429F,429,
L429G,429,
L429L,429,
L429N,429,
L429Q,429,
L429P,429,
L429E,429,
L429D,429,
L429S,429,
L429R,429,
L429C,429,
L429A,429,
L429I,429,
L429H,429,
L429Y,429,
L429W,429,
L429V,429,
L429T,429,
