mutation,position,ddg
D33A,33,-0.06265565
D33C,33,0.3987728
D33E,33,-0.42882934
D33F,33,0.07020996
D33G,33,0.0687844
D33H,33,0.29209462
D33I,33,0.19494706
D33K,33,0.15112793
D33L,33,0.12518959
D33M,33,0.108698174
D33N,33,0.23909648
D33P,33,-0.019327875
D33Q,33,-0.07321565
D33R,33,0.113852665
D33S,33,-0.058644712
D33T,33,0.18108603
D33V,33,0.3886899
D33W,33,0.07595835
D33Y,33,0.09942151
G35A,35,1.4236009
G35C,35,1.2790587
G35D,35,1.0126451
G35E,35,1.2212279
G35F,35,1.0354183
G35H,35,1.0816897
G35I,35,1.6487551
G35K,35,1.3102627
G35L,35,1.4762236
G35M,35,1.156523
G35N,35,1.086616
G35P,35,1.5943758
G35Q,35,1.0938567
G35R,35,1.4539604
G35S,35,1.272493
G35T,35,1.441157
G35V,35,1.5578569
G35W,35,1.0017182
G35Y,35,0.9622816
L36N,36,1.5490901
L36P,36,1.6074167
L36Q,36,1.497226
L36R,36,1.635706
L36S,36,1.7262262
L36T,36,1.3506707
L36V,36,1.5582994
L36W,36,1.2550123
L36Y,36,1.158247
R38A,38,0.73068094
R38C,38,0.39150885
R38D,38,0.9364689
R38E,38,0.43028313
R38F,38,0.51594603
R38G,38,0.8661312
R38H,38,0.38582578
R38I,38,0.1637988
R38K,38,0.44986838
R38L,38,0.07656251
R38M,38,-0.21338594
R38N,38,0.4718887
R38P,38,0.60031843
R38Q,38,-0.10296126
R38S,38,0.5722028
R38T,38,0.44364923
R38V,38,0.39313072
R38W,38,0.27420396
R38Y,38,0.54864264
T39G,39,1.0339032
T39H,39,1.1117728
T39I,39,0.5235657
T39K,39,0.65790236
T39L,39,0.190383
T39M,39,0.8390981
T39N,39,0.522934
T39P,39,0.5646045
T39Q,39,0.9717202
T39R,39,0.44832715
T39S,39,0.5458212
T39V,39,0.0835594
T39W,39,0.656427
T39Y,39,0.4271059
P40A,40,1.2528603
P40C,40,0.97775
P40D,40,1.7677696
P40E,40,1.8040693
P40F,40,1.5609218
P40G,40,1.8216591
P40H,40,1.7962803
P40I,40,1.1702037
P40K,40,1.7578443
P40L,40,1.3417352
P40M,40,1.4466465
P40N,40,1.5373155
P40Q,40,1.582621
P40R,40,1.5079046
P40S,40,1.479894
P40T,40,0.8267849
P40V,40,1.1508001
P40W,40,1.58021
P40Y,40,1.6414595
T41A,41,0.99147195
T41C,41,0.47944513
T41D,41,0.6747613
T41E,41,0.7617279
T41F,41,0.74295473
T41G,41,1.439842
T41H,41,1.1140106
T41I,41,-0.011009926
T41K,41,1.5104808
T41L,41,0.6831416
T41M,41,0.34559166
T41N,41,0.49328694
T41P,41,-0.15467173
T41Q,41,0.27397937
T41R,41,1.4759277
T41S,41,0.7696314
T41V,41,-0.21331164
T41W,41,0.99700034
T41Y,41,0.95623857
M42A,42,2.0539784
M42C,42,1.6285286
M42D,42,3.38413
M42E,42,2.6681106
M42F,42,1.846627
M42G,42,2.640147
M42H,42,2.550791
M42I,42,1.6630862
M42K,42,1.9656372
M42L,42,1.058199
M42N,42,2.6592045
M42P,42,2.7302747
M42Q,42,1.989595
M42R,42,1.9165903
M42S,42,2.6984413
M42T,42,2.5114865
M42V,42,2.2621377
M42W,42,1.926203
M42Y,42,1.7559319
G43A,43,0.87284976
G43H,43,1.8693256
G43I,43,1.3286725
G43K,43,2.7121205
G43L,43,1.3717119
G43M,43,1.3644192
G43N,43,2.0159545
G43P,43,2.5588639
G43Q,43,2.2802835
G43R,43,2.587944
G43S,43,1.7218279
G43T,43,1.8508663
G43V,43,1.0161939
G43W,43,1.2419748
G43Y,43,1.3106083
W44A,44,3.1853147
W44C,44,2.2326524
W44D,44,3.6674736
W44E,44,3.1045992
W44F,44,1.1024374
W44G,44,3.6649806
W44H,44,2.3528023
W44I,44,2.5191069
W44K,44,2.9918282
W44L,44,2.4863687
W44M,44,2.1704745
W44N,44,3.3969212
W44P,44,3.385725
W44Q,44,2.9584026
W44R,44,2.4839103
W44S,44,3.1186728
W44T,44,2.9661493
W44V,44,2.8161025
W44Y,44,1.2230552
L45A,45,2.1350071
L45C,45,0.48581347
L45D,45,1.7370412
L45E,45,1.8755897
L45F,45,1.1627599
L45G,45,2.9750743
L45H,45,1.8375905
L45I,45,-0.010034825
L45K,45,1.8876508
L45M,45,-0.02028062
L45N,45,1.7332761
L45Q,45,1.8289887
L45R,45,1.5471394
L45S,45,2.1334908
L45T,45,1.5757636
L45V,45,0.5757655
L45W,45,0.92840564
L45Y,45,1.067482
H46R,46,1.4543234
H46S,46,1.3233032
H46T,46,1.833246
H46V,46,1.8908631
H46W,46,1.3944653
H46Y,46,1.3397439
W47A,47,2.204526
W47C,47,1.6320343
W47D,47,3.070084
W47E,47,2.9171584
W47F,47,1.2104614
W47G,47,2.3216724
W47H,47,2.047441
W47I,47,1.70385
W47K,47,2.6443594
W47L,47,1.982798
W47M,47,1.6901858
W47N,47,2.8550553
W47P,47,2.092092
W47Q,47,2.582621
W47R,47,2.0049558
W47S,47,2.2245643
W47T,47,2.1806598
W47V,47,2.1569858
W47Y,47,1.2628807
E48A,48,0.10841061
E48C,48,-0.13399863
E48D,48,0.08526488
E48F,48,-0.03229796
E48G,48,0.47917208
E48H,48,0.03196969
E48I,48,-0.35591054
E48K,48,0.3392791
E48L,48,-0.20485325
E48M,48,-0.31995115
E48N,48,-0.010805577
E48P,48,0.21267223
E48Q,48,-0.25630903
E48R,48,0.50865716
E48S,48,0.12558012
E48T,48,-0.0025578574
E48V,48,-0.26577273
E48W,48,-0.056919206
E48Y,48,-0.16460583
R49A,49,0.73880225
R49C,49,0.35698363
R49D,49,2.2358928
R49E,49,1.4527967
R49F,49,0.35907933
R49G,49,1.3648603
R49H,49,0.2767128
R49I,49,0.7911865
R49K,49,0.4246809
R49L,49,0.8905784
R49M,49,0.28888968
R49N,49,1.5035608
R49P,49,1.2048864
R49Q,49,1.0019398
R49S,49,1.0918943
R49T,49,1.213557
R49V,49,1.0963613
R49W,49,0.6811055
R49Y,49,0.4052953
M51A,51,0.6475948
M51C,51,0.14070621
M51D,51,1.160709
M51E,51,0.61483264
M51F,51,0.29592997
M51G,51,0.86713743
M51H,51,0.30909103
M51I,51,0.43811393
M51K,51,0.16187161
M51L,51,0.014687459
M51N,51,0.7167481
M51P,51,1.4458613
M51Q,51,0.09496287
M51R,51,-0.14610341
M51S,51,0.5360986
M51T,51,0.46082568
M51V,51,0.47824168
M51W,51,0.2957123
M51Y,51,0.4205326
C52A,52,0.78474283
C52D,52,1.7600864
C52E,52,2.7957778
C52F,52,1.982879
C52G,52,1.7736067
C52H,52,2.1541505
C52I,52,2.2471428
C52K,52,2.7020957
C52L,52,2.4310162
C52M,52,1.9347652
C52N,52,1.9165987
C52P,52,2.2518826
C52Q,52,2.4061038
C52R,52,2.4906812
C52S,52,1.112949
C52T,52,2.4281306
C52V,52,2.1851363
C52W,52,2.0754707
C52Y,52,2.0079403
L54A,54,1.2784507
L54C,54,0.3582119
L54D,54,1.8660424
L54E,54,1.6663185
L54F,54,0.8321804
L54G,54,1.6308796
L54H,54,1.2774141
L54I,54,0.16673748
L54K,54,1.3442894
L54M,54,0.48530155
L54N,54,1.3789831
L54P,54,1.524216
L54Q,54,1.4174324
L54R,54,1.2874072
L54S,54,1.4110363
L54T,54,0.8220256
L54V,54,0.26326934
L54W,54,1.0321804
L54Y,54,1.0194696
D55A,55,0.27872196
D55C,55,0.693648
D55E,55,0.9927454
D55F,55,0.92494047
D55G,55,0.6975075
D55H,55,0.97408354
D55I,55,1.1285403
D55K,55,0.8446845
D55L,55,0.5735099
D55M,55,0.5696652
D55N,55,0.1771261
D55P,55,1.4162278
D55Q,55,0.8679808
D55R,55,0.5667788
D55S,55,0.44116887
D55T,55,1.1481167
D55V,55,1.3616135
D55W,55,1.0478431
D55Y,55,0.9931669
C56A,56,1.4100312
C56D,56,2.605431
C56E,56,3.0601945
C56F,56,2.0409858
C56G,56,1.8220268
C56H,56,2.4742603
C56I,56,2.306888
C56K,56,3.143769
C56L,56,2.2868462
C56M,56,2.2763007
C56N,56,2.5389905
C56P,56,2.861568
C56Q,56,2.7932808
C56R,56,2.890802
C56S,56,1.6366818
C56T,56,2.4244168
C56V,56,2.3813908
C56W,56,2.0814133
C56Y,56,2.224577
E58A,58,-0.27011287
E58C,58,-0.31522554
E58D,58,-0.24039121
E58F,58,-0.30467415
E58G,58,-0.38009208
E58H,58,-0.5970724
E58I,58,-0.08084794
E58K,58,-0.41319233
E58L,58,-0.2650981
E58M,58,-0.2696293
E58N,58,-0.49396482
E58P,58,1.0173975
E58Q,58,-0.2541069
E58R,58,-0.43275443
E58S,58,-0.51972795
E58T,58,-0.51125807
E58V,58,-0.08267018
E58W,58,0.14216423
E58Y,58,-0.18552855
E59A,59,0.13591722
E59C,59,-0.02924633
E59D,59,0.1532721
E59F,59,-0.46148235
E59G,59,0.62541103
E59H,59,-0.1432306
E59I,59,0.8659829
E59K,59,0.25503486
E59L,59,0.16449848
E59M,59,-0.06338908
E59N,59,0.11281983
E59P,59,2.0335498
E59Q,59,-0.19924404
E59R,59,0.2025661
E59S,59,0.12073491
E59V,59,0.78339875
E59W,59,-0.061272305
E59Y,59,-0.36617547
P60A,60,0.9776018
P60C,60,0.8152207
P60D,60,1.3124641
P60E,60,1.1907749
P60F,60,1.0414064
P60G,60,1.220529
P60H,60,0.92445385
P60I,60,0.84976274
P60K,60,0.72026914
P60L,60,0.9862951
P60M,60,0.9781815
P60N,60,1.0261902
P60Q,60,0.79069734
P60R,60,0.54417294
P60S,60,1.0457143
P60T,60,1.0746604
P60V,60,0.8817231
P60W,60,0.7273998
P60Y,60,0.9446623
D61A,61,0.25152975
D61C,61,0.2900375
D61E,61,-0.026603322
D61F,61,-0.076701954
D61G,61,0.3177276
D61H,61,-0.0005600631
D61K,61,-0.073526606
D61L,61,-0.02664175
D61M,61,-0.0065627405
D61N,61,0.20226946
D61P,61,1.1503515
D61Q,61,-0.18916427
D61R,61,-0.2766615
D61S,61,0.086680375
D61T,61,0.60260344
D61V,61,0.6318749
D61W,61,0.057638396
D61Y,61,-0.047524102
S62A,62,-0.078203365
S62C,62,0.07225876
S62D,62,0.28215653
S62E,62,0.18973398
S62F,62,-0.09565188
S62G,62,0.13707641
S62H,62,0.0810105
S62I,62,0.14410609
S62K,62,0.29594636
S62L,62,0.14299552
S62M,62,0.020849574
S62N,62,0.057701923
S62P,62,0.8980299
S62Q,62,0.07789861
S62R,62,-0.0112119485
S62T,62,0.44495502
S62V,62,0.37793297
S62W,62,-0.0216618
S62Y,62,-0.1865315
C63A,63,1.0705696
C63D,63,2.266
C63E,63,3.1112194
C63F,63,2.2912037
C63G,63,1.8867178
C63H,63,2.399734
C63I,63,2.1068168
C63L,63,1.9467614
C63M,63,2.343204
C63N,63,2.4506946
C63P,63,2.8646934
C63Q,63,2.9705765
C63R,63,2.9155078
C63S,63,1.2571331
C63T,63,2.3714213
C63V,63,1.82719
C63W,63,2.5510736
C63Y,63,2.3243847
I64A,64,1.7901933
I64C,64,1.3861732
I64D,64,2.0954347
I64E,64,2.1039307
I64F,64,1.6050816
I64G,64,2.488359
I64H,64,2.019453
I64K,64,2.1981483
I64L,64,0.04765207
I64M,64,1.2146916
I64N,64,1.9401572
I64P,64,1.3569082
I64R,64,2.3482168
I64S,64,2.1567845
I64T,64,1.405636
I64V,64,0.17496356
I64W,64,1.7658154
I64Y,64,1.8159666
S65A,65,0.2971596
S65C,65,0.21697383
S65D,65,0.74566805
S65E,65,1.1951854
S65F,65,1.0962522
S65G,65,0.25066125
S65H,65,0.5720962
S65I,65,0.97935027
S65K,65,1.0043914
S65L,65,1.0638268
S65M,65,0.6636071
S65N,65,0.8177166
S65P,65,2.059552
S65Q,65,0.6640576
S65R,65,0.28422612
S65T,65,1.1902425
S65V,65,1.1721439
S65W,65,0.36012393
S65Y,65,0.8239331
L68A,68,2.6454475
L68C,68,1.7188475
L68D,68,3.3381577
L68E,68,3.0875795
L68F,68,1.2454118
L68G,68,3.08188
L68H,68,2.9124413
L68I,68,1.535931
L68K,68,2.736617
L68M,68,1.5841873
L68N,68,3.1632702
L68P,68,2.6732833
L68Q,68,3.1057315
L68R,68,3.0804222
L68S,68,2.850282
L68T,68,2.2991495
L68V,68,1.7097734
L68W,68,2.5855756
L68Y,68,2.4124732
F69A,69,2.4456496
F69C,69,1.6005179
F69D,69,3.197833
F69E,69,2.8346286
F69G,69,3.0928319
F69H,69,2.0783725
F69I,69,1.6907161
F69K,69,2.73258
F69L,69,1.5696208
F69M,69,1.1038526
F69N,69,3.1361244
F69P,69,2.5739298
F69Q,69,2.6088977
F69R,69,2.7432227
F69S,69,2.7652433
F69T,69,2.801355
F69V,69,2.1988668
F69W,69,1.110598
F69Y,69,0.4307743
M70A,70,1.1310668
M70C,70,0.6712369
M70D,70,2.0219507
M70E,70,1.1448412
M70F,70,0.94981
M70G,70,1.8658111
M70H,70,1.1848236
M70I,70,0.5331369
M70K,70,0.17231703
M70L,70,1.0894029
M70N,70,1.9414623
M70P,70,2.9892082
M70Q,70,0.7654551
M70R,70,0.47722498
M70S,70,1.2632053
M70T,70,1.0775199
M70V,70,0.7206871
M70W,70,1.0377083
M70Y,70,1.185653
E71A,71,0.24996527
E71C,71,0.06541434
E71D,71,0.3931649
E71F,71,0.5570744
E71G,71,0.99493134
E71H,71,0.8880021
E71I,71,0.35475224
E71K,71,0.4398728
E71L,71,0.37037906
E71M,71,0.22348252
E71N,71,0.8176626
E71P,71,2.1742377
E71Q,71,-0.008574391
E71R,71,0.37266713
E71S,71,0.4344303
E71T,71,0.3906058
E71V,71,0.61780584
E71W,71,0.21565571
E71Y,71,0.6260602
M72A,72,1.6838608
M72C,72,1.4493802
M72D,72,3.006267
M72E,72,1.831782
M72F,72,1.1082923
M72G,72,2.729608
M72H,72,0.6768658
M72I,72,0.72174805
M72K,72,1.8700755
M72L,72,1.9338572
M72N,72,2.4184132
M72P,72,3.2868018
M72Q,72,1.3505309
M72R,72,2.2923555
M72S,72,2.1333337
M72T,72,1.4794018
M72V,72,1.223798
M72W,72,2.2246342
M72Y,72,1.9410385
A73C,73,0.3368576
A73D,73,2.6682165
A73E,73,2.275678
A73F,73,1.649772
A73G,73,1.1915263
A73H,73,2.0581994
A73I,73,1.5230253
A73K,73,2.4606502
A73L,73,1.2630584
A73M,73,0.9340291
A73N,73,2.658216
A73P,73,3.1210837
E74A,74,0.12894826
E74C,74,0.268458
E74D,74,-0.096620575
E74F,74,0.20175076
E74G,74,0.8601446
E74H,74,0.3609054
E74I,74,0.56613904
E74K,74,0.520852
E74L,74,0.53195184
E74M,74,0.43413955
E74N,74,0.28288102
E74P,74,1.9301695
E74Q,74,0.29772198
E74R,74,0.08489442
E74S,74,0.19797775
E74T,74,0.5000679
E74V,74,0.77568454
E74W,74,0.5698603
E74Y,74,0.26206264
M76A,76,2.2121594
M76C,76,1.1235316
M76D,76,3.227777
M76E,76,2.6693473
M76F,76,1.6150334
M76G,76,2.270303
M76H,76,2.574426
M76I,76,1.1604377
M76K,76,2.566555
M76L,76,0.42780727
M76N,76,2.905767
M76P,76,3.4191155
M76Q,76,2.1400292
M76R,76,2.8315654
M76S,76,2.2131143
M76T,76,2.1673493
M76V,76,1.7201862
M76W,76,2.3072686
M76Y,76,2.2031941
V77A,77,1.0258152
V77C,77,0.9869623
V77D,77,1.4842169
V77E,77,0.9878211
V77F,77,0.9637286
V77G,77,1.9930394
V77H,77,1.1489468
V77I,77,0.45493522
V77K,77,1.3135523
V77L,77,0.84663725
V77M,77,0.86945736
V77N,77,1.6561639
V77P,77,1.5509298
V77Q,77,0.88192093
V77R,77,1.4001524
V77S,77,1.3955309
V77T,77,1.0333683
V77W,77,1.0788212
V77Y,77,0.9957105
E79A,79,0.6140322
E79C,79,0.53676033
E79D,79,0.4348453
E79F,79,0.78990954
E79G,79,1.1728156
E79H,79,1.155906
E79I,79,1.2343647
E79K,79,1.1099203
E79L,79,0.28193188
E79M,79,-0.16490546
E79N,79,1.0935296
E79P,79,3.4591134
E79Q,79,0.123212054
E79R,79,0.8662388
E79S,79,0.58657825
E79T,79,1.0641773
E79V,79,1.5475271
E79W,79,1.1856197
E79Y,79,0.90403414
G80A,80,1.2915035
G80C,80,1.0285677
G80D,80,1.340725
G80E,80,1.4623451
G80F,80,0.58541435
G80H,80,0.8017542
G80I,80,1.5927819
G80K,80,0.96595985
G80L,80,0.915545
G80M,80,0.7517725
G80N,80,1.0340917
G80P,80,1.9212526
G80Q,80,1.1650149
G80R,80,1.1386303
G80S,80,1.185065
G80T,80,1.389478
G80V,80,1.4573376
G80W,80,0.73267263
G80Y,80,0.60151017
W81A,81,3.3549225
W81C,81,2.5196922
W81D,81,3.9903374
W81E,81,3.9673774
W81F,81,0.5496031
W81G,81,4.381744
W81H,81,2.6358328
W81I,81,2.890175
W81K,81,3.9765918
W81L,81,2.086285
W81M,81,2.0201206
W81N,81,3.8813558
W81P,81,3.8010693
W81Q,81,3.7817314
W81R,81,3.5733254
W81S,81,3.5255363
W81T,81,3.6438832
W81V,81,3.3343074
W81Y,81,0.7460371
K82D,82,1.9476818
K82E,82,1.3139789
K82F,82,0.4996875
K82G,82,1.6727606
K82H,82,0.73498696
K82I,82,1.1803161
K82L,82,0.03675423
K82M,82,0.17515591
K82N,82,1.411999
K82P,82,2.164226
K82Q,82,0.58005625
K82R,82,-0.2708115
K82S,82,0.97264194
K82T,82,1.7549326
K82V,82,1.407644
K82W,82,0.8163484
K82Y,82,0.5505617
G85A,85,1.3058627
G85C,85,1.0978764
G85D,85,1.8358189
G85E,85,1.9409332
G85F,85,1.2341745
G85H,85,1.2996922
G85I,85,1.8038807
G85K,85,1.4376581
G85L,85,1.325297
G85M,85,1.3863262
G85N,85,1.5950167
G85P,85,2.6737726
G85Q,85,1.5616162
G85R,85,1.4873221
G85S,85,1.3872694
G85T,85,1.9223744
G85V,85,1.8279543
G85W,85,1.0876663
G85Y,85,1.1742629
Y86A,86,2.6403046
Y86C,86,1.7222573
Y86D,86,3.413358
Y86E,86,3.2739735
Y86F,86,0.30162334
Y86G,86,3.0614467
Y86H,86,2.180374
Y86I,86,2.4833474
Y86K,86,3.0421166
Y86L,86,2.348229
Y86M,86,2.018804
Y86N,86,3.1236138
Y86P,86,3.371821
Y86Q,86,3.1854224
Y86R,86,2.5063071
Y86S,86,2.685701
Y86T,86,3.0594988
Y86V,86,2.6544805
Y86W,86,0.9058798
E87A,87,0.57783866
E87C,87,0.24930024
E87D,87,0.64256716
E87F,87,-0.095541656
E87G,87,0.736641
E87H,87,0.058598407
E87I,87,-0.46229345
E87K,87,0.057121407
E87L,87,-0.32252464
E87M,87,-0.30178732
E87N,87,0.54421645
E87P,87,0.9711607
E87Q,87,-0.036362328
E87R,87,-0.16880222
E87S,87,0.5929128
E87T,87,0.10355137
E87V,87,-0.23094377
E87W,87,-0.0031034395
E87Y,87,-0.10685824
Y88A,88,2.495994
Y88C,88,1.3188818
Y88D,88,2.8253067
Y88E,88,2.559361
Y88F,88,-0.21836743
Y88G,88,2.923653
Y88H,88,1.7709792
Y88I,88,1.1560279
Y88K,88,2.4468071
Y88L,88,1.1255022
Y88M,88,1.2755778
Y88N,88,2.6192431
Y88P,88,3.2207336
Y88Q,88,2.5002415
Y88R,88,2.1052265
Y88S,88,2.5100422
Y88T,88,2.0590887
Y88V,88,1.6634582
Y88W,88,0.7072808
W95A,95,3.843141
W95C,95,3.069016
W95D,95,4.4095383
W95E,95,3.783503
W95F,95,1.3965528
W95G,95,4.13479
W95H,95,2.6427941
W95I,95,3.1627336
W95K,95,3.748652
W95L,95,3.1627362
W95M,95,2.66603
W95N,95,4.320006
W95P,95,4.2617064
W95Q,95,3.6345737
W95R,95,2.2678757
W95S,95,3.9191709
W95T,95,3.9800706
W95V,95,4.093876
W95Y,95,1.2295634
M96A,96,1.5752494
M96C,96,0.9118551
M96D,96,2.2769725
M96E,96,1.3715346
M96F,96,0.20942207
M96G,96,2.1053336
M96H,96,0.94262946
M96I,96,1.3516033
M96K,96,1.4802945
M96L,96,0.3617774
M96N,96,1.8734722
M96P,96,1.5553
M96Q,96,0.8731287
M96R,96,1.1932757
M96S,96,1.5181147
M96T,96,1.6112999
M96V,96,1.6001003
M96W,96,1.8902318
M96Y,96,0.9320614
P98K,98,0.22263062
P98L,98,0.026950544
P98M,98,-0.12612557
P98N,98,0.26953092
P98Q,98,0.12270556
P98R,98,-0.22575346
P98S,98,0.4073523
P98T,98,0.40164065
P98V,98,0.4563535
P98W,98,-0.43984622
P98Y,98,-0.050425243
Q99A,99,0.099917404
Q99C,99,-0.1345576
Q99D,99,0.028645197
Q99E,99,-0.008386578
Q99F,99,-0.15909103
Q99G,99,0.38077465
Q99H,99,-0.05538261
Q99K,99,-0.038869374
Q99L,99,0.023097213
Q99M,99,-0.06547747
Q99N,99,0.031570826
Q99P,99,1.1888707
Q99R,99,-0.066276744
Q99S,99,0.09729866
Q99T,99,0.17823473
Q99V,99,0.113090016
Q99W,99,-0.04886973
Q99Y,99,-0.12438361
R100V,100,2.8035088
R100W,100,1.8347635
R100Y,100,2.0071926
D101I,101,2.5466866
D101K,101,2.0326395
D101L,101,2.043069
D101M,101,1.6267754
D101N,101,0.252639
D101P,101,2.7627654
D101Q,101,1.617536
D101R,101,1.8467144
D101S,101,0.7259326
D101T,101,0.94589776
D101V,101,2.7676551
D101W,101,2.2866096
D101Y,101,2.4592083
E103A,103,0.12822133
E103C,103,0.10279326
E103D,103,0.094471276
E103F,103,0.024936136
E103G,103,0.42791635
E103H,103,0.17260718
E103I,103,0.21150744
E103K,103,0.023460591
E103L,103,-0.103035964
E103M,103,-0.028344195
E103N,103,0.28978252
E103P,103,1.9189678
E103Q,103,-0.099734366
E103R,103,-0.0668556
E103S,103,0.092257656
E103T,103,0.24045798
E103V,103,0.47567827
E103W,103,0.31591016
E103Y,103,0.087080084
G104A,104,0.89948606
G104C,104,0.7747825
G104D,104,1.4040846
G104E,104,1.4566977
G104F,104,1.1701434
G104H,104,1.1773193
G104I,104,1.4113941
G104K,104,1.4260757
G104L,104,1.2631258
G104M,104,1.2238461
G104N,104,1.4139612
G104P,104,1.6435435
G104Q,104,1.3216729
G104R,104,1.3983023
G104S,104,0.96251965
G104T,104,1.579458
G104V,104,1.4328268
G104W,104,1.2054726
G104Y,104,1.2136673
R105A,105,1.3491764
R105C,105,1.0444127
R105D,105,2.5690346
R105E,105,2.1904783
R105F,105,1.0192173
R105G,105,1.5460701
R105H,105,0.9617769
R105I,105,1.0360698
R105K,105,0.660957
R105L,105,1.2138956
R105M,105,1.4217792
R105N,105,1.6789325
R105P,105,2.9558036
R105Q,105,1.5444267
R105S,105,1.3971037
R105T,105,1.7780845
R105V,105,1.3712081
R105W,105,1.2155707
R105Y,105,1.0098436
L106A,106,2.1613047
L106C,106,1.5961487
L106D,106,2.4688358
L106E,106,1.9673874
L106F,106,0.9232052
L106G,106,2.430998
L106H,106,2.004986
L106I,106,0.5624383
L106K,106,1.8842728
L106M,106,1.1510837
L106N,106,2.4211125
L106P,106,1.7180898
L106Q,106,1.6876342
L106R,106,2.3643556
L106S,106,2.4386258
L106T,106,2.2034678
L106V,106,1.0713485
L106W,106,1.7437893
L106Y,106,0.5504823
Q107A,107,1.0365493
Q107C,107,0.3118217
A108W,108,1.2701886
A108Y,108,1.2729431
D109A,109,0.98383236
D109C,109,0.3350022
D109E,109,1.104921
D109F,109,1.373347
D109G,109,1.2105902
D109H,109,0.69637144
D109I,109,1.990229
D109K,109,1.960274
D109L,109,1.8419138
D109M,109,1.220309
D109N,109,0.6558002
D109P,109,2.3400111
D109Q,109,1.4260967
D109R,109,1.8517053
D109S,109,0.55247945
D109T,109,1.6670465
D109V,109,2.1468415
D109W,109,1.7520382
D109Y,109,1.4208633
P110A,110,0.43643928
P110C,110,0.57747763
P110D,110,0.6199932
P110E,110,0.49156585
P110F,110,0.44694027
P110G,110,0.704763
P110H,110,0.5031297
P110I,110,0.48035374
P110K,110,0.2785266
P110L,110,0.4041779
P110M,110,0.47153902
P110N,110,0.5590719
P110Q,110,0.36159688
P110R,110,0.29765862
P110S,110,0.2815073
P110T,110,0.7367031
P110V,110,0.66128254
P110W,110,0.4500875
P110Y,110,0.47821435
R112A,112,1.6795666
R112C,112,1.255659
R112D,112,2.6306977
R112E,112,2.2191372
R112F,112,1.250938
R112G,112,2.0911937
R112H,112,0.81560344
R112I,112,2.0081475
R112K,112,1.7932348
R112L,112,1.2401364
R112M,112,1.5629528
R112N,112,1.8684924
R112P,112,2.3524392
R112Q,112,1.5944908
R112S,112,1.971872
R112T,112,2.2006004
R112V,112,1.9955333
R112W,112,1.0856042
R112Y,112,0.9592732
F113A,113,3.206433
F113C,113,2.1909966
F113D,113,3.6885762
F113E,113,3.3501472
F113G,113,3.2102368
F113H,113,2.6416864
F113I,113,1.8283107
F113K,113,3.0978446
F113L,113,2.33774
F113M,113,2.0187182
F113N,113,3.4643064
F113P,113,3.8073642
F113Q,113,3.21524
F113R,113,3.1142807
F113S,113,3.3398361
F113T,113,3.1174614
F113V,113,2.718483
F113W,113,1.0301408
F113Y,113,1.0762163
P114A,114,1.355635
P114C,114,1.0283506
P114D,114,1.9173912
P114E,114,1.087618
P114F,114,0.7192606
P114G,114,1.3645794
P114H,114,0.87100345
P114I,114,0.8107108
P114K,114,0.81199247
P114L,114,0.9505251
P114M,114,0.85829765
P114N,114,1.5518681
P114Q,114,0.79927385
P114R,114,0.65806305
P114S,114,1.5707924
P114T,114,1.4142872
P114V,114,1.0425785
P114W,114,0.57327664
P114Y,114,0.6624738
H115A,115,0.5329484
H115C,115,0.36973017
H115D,115,0.90186435
H115E,115,1.0131568
H115F,115,0.876613
H115G,115,0.7491786
H115I,115,0.9731951
H115K,115,0.80433893
H115L,115,1.0546585
H115M,115,0.610513
H115N,115,0.38698143
H115P,115,2.107017
H115Q,115,0.4307018
H115R,115,0.27718073
H115S,115,0.25578648
H115T,115,0.6391458
H115V,115,1.5198944
H115W,115,1.0563667
H115Y,115,0.9540256
G116A,116,1.5893726
G116H,116,1.3908842
G116I,116,1.950218
G116K,116,1.7961979
G116L,116,2.114338
G116M,116,1.7888209
G116N,116,1.3852695
G116P,116,1.5931491
G116Q,116,1.4360179
G116R,116,1.901211
G116S,116,0.8098386
G116T,116,1.1687214
G116V,116,1.9061092
G116W,116,1.6790712
G116Y,116,1.5397495
R118A,118,0.43147808
R118C,118,0.23755114
R118D,118,0.8048174
R118E,118,0.5742237
R118F,118,0.16854247
R118G,118,0.778868
R118H,118,0.24961948
R118I,118,0.6832508
R118K,118,0.041866135
R118L,118,0.28835696
R118M,118,0.18025485
R118N,118,0.7035711
R118P,118,1.3354763
R118Q,118,0.262432
R118S,118,0.38349432
R118T,118,0.5382105
R118V,118,0.904916
R118W,118,0.25571224
R118Y,118,0.14090218
L120A,120,2.7693677
L120C,120,1.9184332
L120D,120,3.4559827
L120E,120,3.2341952
L120F,120,1.6990963
L120G,120,3.0386212
L120H,120,3.6329865
L120I,120,1.6885006
L120K,120,3.1968765
L120M,120,1.5920893
L120N,120,3.5300622
L120P,120,2.8508878
L120Q,120,3.3280683
L120R,120,3.3419757
L120S,120,3.1959047
L120T,120,2.650129
L120V,120,1.4738263
L120W,120,2.6474018
L120Y,120,2.2868762
A121C,121,0.53763354
A121D,121,2.1139545
A121E,121,2.162955
A121F,121,1.9794943
A121G,121,1.5952755
A121H,121,2.3602538
A121I,121,1.7577654
A121K,121,2.0789657
A121L,121,1.9809154
A121M,121,2.1327286
A121N,121,2.1661
A121P,121,3.0847754
A121Q,121,2.2580523
A121R,121,1.8741316
A121S,121,0.69152004
A121T,121,0.9941369
A121V,121,1.1847603
A121W,121,1.8454748
A121Y,121,1.8533186
Y123A,123,1.8186458
Y123C,123,1.433272
Y123D,123,2.3077695
Y123E,123,1.9799058
Y123F,123,-0.14939997
Y123G,123,2.1996608
Y123H,123,1.6387942
Y123I,123,1.8455393
Y123K,123,2.3582008
Y123L,123,2.002483
Y123M,123,1.7559683
Y123N,123,2.4476168
Y123P,123,3.5708003
Y123Q,123,2.152462
Y123R,123,1.8060391
Y123S,123,2.0452585
Y123T,123,2.073743
Y123V,123,1.9870287
Y123W,123,0.711549
V124A,124,1.5639006
V124C,124,0.85871154
V124D,124,2.9725254
V124E,124,2.677817
V124F,124,1.0553906
V124G,124,2.6925313
V124H,124,3.2556572
V124I,124,0.25888062
V124K,124,3.0792327
V124L,124,0.40911466
V124M,124,1.0072762
V124N,124,2.5721889
V124P,124,2.7877584
V124Q,124,2.835783
V124R,124,3.340014
V124S,124,1.9767395
V124T,124,1.1263305
V124W,124,3.079659
V124Y,124,2.319343
H125A,125,1.5208232
H125C,125,1.9082199
H125D,125,2.5189788
H125E,125,2.322142
H125F,125,1.4995482
H125G,125,1.8186548
H125I,125,2.047411
H125K,125,1.6425291
H125L,125,2.071574
H125M,125,1.9548433
H125N,125,1.7812202
H125P,125,3.1737518
H125Q,125,1.4003817
H125R,125,1.5261627
H125S,125,1.7297218
H125T,125,2.340735
H125V,125,2.500305
H125W,125,1.3250948
H125Y,125,1.5861949
S126T,126,0.9540108
S126V,126,1.177129
S126W,126,0.40861216
S126Y,126,0.69803905
K127A,127,1.5075057
K127C,127,0.55315894
K127D,127,2.6931515
K127E,127,1.533881
K127F,127,0.371077
K127G,127,2.1775346
K127H,127,0.82382506
K127I,127,0.4836281
K127L,127,-0.47097653
K127M,127,-0.064694785
K127N,127,1.7060986
K127P,127,2.196701
K127Q,127,0.8725317
K127R,127,0.19302204
K127S,127,1.9541619
K127T,127,1.0991338
K127V,127,0.69032043
K127W,127,0.3446211
K127Y,127,0.5465293
G128A,128,1.239018
G128C,128,1.2159916
G128D,128,1.1404502
G128E,128,1.2662764
G128F,128,1.2102526
G128H,128,1.2711341
G128N,128,1.4396837
G128P,128,2.1137135
G128Q,128,1.3020422
G128R,128,1.3566822
G128S,128,1.2156484
G128T,128,1.6136639
G128V,128,1.7649415
G128W,128,1.3473847
G128Y,128,1.2383983
L129A,129,2.580185
L129C,129,1.8472927
L129D,129,3.671145
L129E,129,3.5534184
L129F,129,2.0392208
L129G,129,2.88833
L129H,129,3.3885293
L129I,129,1.3526663
L129K,129,3.1067238
L129M,129,1.1642655
L129N,129,3.635693
L129P,129,2.9404347
L129Q,129,3.530274
L129R,129,3.1279645
L129S,129,3.1641865
L129T,129,3.2222633
L129V,129,2.1788096
L129W,129,2.4029698
L129Y,129,1.9507036
K130A,130,1.2319819
K130C,130,0.8777339
K130D,130,2.2178032
K130E,130,1.5978415
K130F,130,-0.03532471
K130G,130,1.516499
K130H,130,0.6275228
K130I,130,1.3648572
K130L,130,-0.0977186
K130M,130,0.2621886
K130N,130,1.5493805
K130P,130,2.9825776
K130Q,130,1.0084547
K130R,130,0.08270268
K130S,130,1.5442107
K130T,130,2.0410707
K130V,130,1.4423527
K130W,130,0.50342125
K130Y,130,-0.0053704046
L131A,131,2.8944142
L131C,131,1.6904638
L131D,131,3.4681382
L131E,131,2.7876942
L131F,131,0.02848123
L131G,131,3.5492127
L131H,131,2.743515
L131I,131,0.83608913
L131K,131,2.6294014
L131M,131,0.63371164
L131N,131,3.3868613
L131P,131,2.910253
L131Q,131,2.4720929
L131R,131,3.0303402
L131S,131,3.1319919
L131T,131,2.4561532
L131V,131,1.5205415
L131W,131,1.0009557
L131Y,131,1.4455531
G132A,132,1.2921021
G132C,132,0.5343224
G132D,132,3.397063
G132E,132,3.2773423
G132F,132,2.0637379
G132H,132,2.9877543
G132I,132,2.4943542
G132K,132,3.08317
G132L,132,2.5232732
G132M,132,1.9401582
G132N,132,3.417689
G132P,132,3.754578
G132Q,132,2.9290824
G132R,132,2.53214
G132S,132,2.206903
G132T,132,2.8017383
G132V,132,2.1894207
G132W,132,2.2825465
G132Y,132,2.1982176
I133A,133,2.30607
I133C,133,1.4510849
I133D,133,3.0643673
I133E,133,2.5583496
I133F,133,1.4345639
I133G,133,3.3549151
I133H,133,2.5252945
I133K,133,2.3323956
I133L,133,0.19613034
I133M,133,0.75405174
I133N,133,2.942549
I133P,133,2.5300922
I133Q,133,2.4775958
I133R,133,2.5669587
I133S,133,2.7099638
I133T,133,2.1680863
I133V,133,0.6198672
I133W,133,1.8906609
I133Y,133,1.7973038
Y134A,134,1.9904966
Y134C,134,1.6340656
Y134D,134,3.0940197
Y134E,134,2.8825097
Y134F,134,1.0835388
Y134G,134,2.4363523
Y134H,134,1.7643635
Y134I,134,2.5919232
Y134K,134,2.9319034
Y134L,134,2.1667695
Y134M,134,2.4910595
Y134N,134,2.7573566
Y134P,134,2.9134803
Y134Q,134,2.8632903
Y134R,134,2.4862208
Y134S,134,2.2779908
Y134T,134,2.249473
Y134V,134,2.3430347
Y134W,134,1.5889643
A135C,135,0.20801039
A135D,135,1.0015972
A135E,135,0.6882226
A135F,135,0.9905406
A135G,135,0.5927219
A135H,135,0.881498
A135I,135,0.6351656
A135K,135,1.8036731
A135L,135,0.3502561
A135M,135,0.49063712
A135N,135,1.0561063
A135P,135,1.7901795
A135Q,135,1.0422271
A135R,135,1.9352782
A135S,135,0.5813503
A135T,135,1.3249373
A135V,135,0.5654042
A135W,135,1.4456697
A135Y,135,1.0845423
D136K,136,2.597899
D136L,136,1.8955657
D136M,136,1.8828262
D136N,136,0.24696708
D136P,136,1.930863
D136Q,136,1.6902637
D136R,136,2.3004632
D136S,136,0.14561114
D136T,136,0.7077667
D136V,136,0.793112
D136W,136,1.7579228
D136Y,136,1.7624457
V137A,137,1.1694696
V137C,137,0.5858043
V137D,137,1.5130799
V137E,137,1.5357397
V137F,137,0.80007803
V137G,137,1.7023704
V137H,137,1.2596283
V137I,137,0.2488529
V137K,137,1.7632294
V137L,137,0.060160697
V137M,137,0.71101284
V137N,137,1.2700571
V137P,137,1.4740345
V137Q,137,1.4717392
V137R,137,1.3833326
V137S,137,1.2508844
V137T,137,0.8680075
V137W,137,1.1200676
V137Y,137,0.9495632
G138A,138,1.5444143
G138C,138,0.7741569
G138D,138,2.9293973
G138E,138,2.9476938
G138F,138,1.828968
G138H,138,2.075918
G138I,138,2.2468874
G138K,138,2.8694494
G138L,138,2.4890573
G138M,138,2.1267028
G138N,138,2.677753
G138P,138,3.1123023
G138Q,138,2.677776
G138R,138,2.5250714
G138S,138,1.672136
G138T,138,2.5765738
G138V,138,2.7666693
G138W,138,1.2805786
G138Y,138,1.2404776
N139A,139,0.45281237
N139C,139,-0.14660111
N139D,139,0.121627964
N139E,139,0.21172085
N139F,139,-0.25996563
N139G,139,0.74427825
N139H,139,-0.17316803
N139I,139,-0.1852307
N139K,139,0.17618313
N139L,139,0.17598921
N139M,139,0.12984404
N139P,139,0.028909635
N139Q,139,-0.02478917
N139R,139,-0.045044236
N139S,139,-0.22587244
N139T,139,-0.13720605
N139V,139,-0.01083525
N139W,139,-0.113821484
N139Y,139,-0.22399504
K140Q,140,0.4066876
K140R,140,0.033569284
K140S,140,0.7592584
K140T,140,1.3699061
K140V,140,1.0235066
K140W,140,0.37293577
K140Y,140,0.1956406
T141A,141,1.6997417
T141C,141,0.74284446
T141D,141,1.5097561
T141E,141,2.2153206
T141F,141,2.203492
T141G,141,1.9990785
T141H,141,2.2702098
T141I,141,2.0950508
T141K,141,2.2496512
T141L,141,1.971359
T141M,141,1.8767979
T141N,141,1.6663773
T141P,141,2.5001469
T141Q,141,1.9797199
T141R,141,2.1553388
T141S,141,0.7686994
T141V,141,1.3656218
T141W,141,2.102758
T141Y,141,2.1064634
C142A,142,1.5100687
C142D,142,2.4491696
C142E,142,2.755549
C142F,142,2.071534
C142G,142,1.7489208
C142H,142,2.4143662
C142I,142,2.1676645
C142K,142,2.5346503
C142L,142,2.1414495
C142M,142,2.07212
C142N,142,2.5574632
C142P,142,2.5343792
C142Q,142,2.5342033
C142R,142,2.3006966
C142S,142,1.9292471
C142T,142,2.56181
C142V,142,2.4069076
C142W,142,1.921541
C142Y,142,2.0974092
A143C,143,0.2734778
A143D,143,1.1624706
A143E,143,0.9650009
A143F,143,0.8183098
A143G,143,0.17639373
A143H,143,0.986421
A143I,143,0.9252782
A143K,143,1.2115419
A143L,143,1.1088259
A143M,143,0.49696875
A143N,143,1.009227
A143P,143,0.9608065
A143Q,143,0.8708007
A143R,143,1.298596
A143S,143,0.33184233
A143T,143,0.86693174
A143V,143,0.69813335
A143W,143,0.9066784
A143Y,143,0.9123484
G144A,144,1.5104699
G144C,144,1.0774959
G144D,144,1.6851885
G144E,144,1.7130646
G144F,144,1.1899346
G144H,144,1.3151877
G144I,144,1.4640583
G144K,144,1.5455773
G144L,144,1.2071669
G144M,144,1.2306911
G144S,144,1.4415413
G144T,144,1.3772438
G144V,144,1.2780325
G144W,144,1.3106258
G144Y,144,1.2860272
F145A,145,1.9783831
F145C,145,1.2294579
F145D,145,2.543184
F145E,145,2.530667
F145G,145,2.540039
F145H,145,1.6459049
F145I,145,1.7206352
F145K,145,1.7315528
F145L,145,0.97712696
F145M,145,1.0263578
F145N,145,2.3187728
F145P,145,2.543171
F145Q,145,2.1284485
F145R,145,1.2836437
F145S,145,2.1934037
F145T,145,1.9525387
F145V,145,1.7536974
F145W,145,0.8695239
F145Y,145,0.10015744
G147A,147,0.8305319
G147C,147,1.8439146
G147D,147,2.7228162
G147E,147,2.7582479
G147F,147,2.6195018
G147H,147,2.6396987
G147I,147,2.3515568
G147K,147,2.8972783
G147L,147,2.6254516
G147M,147,2.3171558
G147N,147,2.7869573
G147P,147,2.8355064
G147Q,147,2.598537
G147R,147,2.7431962
G147S,147,1.7190571
S148A,148,0.49331528
S148C,148,0.12271345
S148D,148,1.7220476
S148E,148,2.1541371
S148F,148,2.4763854
S148G,148,1.0061973
S148H,148,2.7522736
S148I,148,1.8836187
S148K,148,2.4357014
S148L,148,1.8382534
S148M,148,2.1063113
S148N,148,2.2947288
S148P,148,3.6874504
S148Q,148,2.4105048
S148R,148,2.437605
S148T,148,1.3703445
S148V,148,1.9382241
S148W,148,2.356605
S148Y,148,2.4270618
F149A,149,1.1763592
F149C,149,0.43732205
F149D,149,1.9505398
F149E,149,1.5846314
F149G,149,1.8294649
F149H,149,1.181925
F149I,149,1.1838645
F149K,149,1.4467971
F149L,149,0.18898836
F149M,149,0.43115783
F149N,149,1.8892457
F149P,149,2.7734513
F149Q,149,1.3676736
F149R,149,1.5350363
F149S,149,1.2685968
F149T,149,1.4468395
F149V,149,1.2789338
F149W,149,0.16801706
F149Y,149,-0.025195926
G150A,150,0.76845104
G150C,150,0.53358257
G150D,150,1.1612184
G150E,150,0.8626043
G150F,150,1.0146706
G150H,150,0.65862364
G150I,150,0.94830096
G150K,150,0.68799365
G150L,150,0.7205436
G150M,150,0.92682064
G150N,150,0.72435486
G150P,150,1.1942015
G150Q,150,0.74713516
G150R,150,0.8267115
G150S,150,0.93659276
G150T,150,1.1377318
G150V,150,0.86542827
G150W,150,1.1305957
G150Y,150,0.80569637
Y151A,151,1.1408758
Y151C,151,0.73195726
Y151D,151,2.219696
Y151E,151,2.1583562
Y151F,151,-0.043029953
Y151G,151,1.7807099
Y151H,151,0.68670374
Y151I,151,2.093687
Y151K,151,1.4982868
Y151L,151,1.5177647
Y151M,151,1.2565663
Y151N,151,1.6170046
Y151P,151,3.1048348
Y151Q,151,1.8338699
Y151R,151,1.5797546
Y151S,151,1.0706583
Y151T,151,1.6526563
Y151V,151,1.7598101
Y151W,151,0.5586449
Y152A,152,2.6708894
Y152C,152,1.57288
Y152D,152,3.2697911
Y152E,152,2.4846377
Y152F,152,0.07736729
Y152G,152,2.874672
Y152H,152,2.3409178
Y152I,152,1.5725199
Y152K,152,3.1164448
Y152L,152,1.849308
Y152M,152,1.4105871
Y152N,152,3.0317822
Y152P,152,3.168269
Y152R,152,2.3029919
Y152S,152,2.827324
Y152T,152,2.6635964
Y152V,152,2.3725085
Y152W,152,0.27762657
D153A,153,0.38341472
D153C,153,0.2731605
D153E,153,0.21597064
D153F,153,-0.06742659
D153G,153,0.5980356
D153H,153,0.7602148
D153I,153,0.16731907
D153K,153,0.55515563
D153L,153,0.085932925
D153M,153,0.30661446
D153N,153,0.3112139
D153P,153,0.65796435
D153Q,153,0.50393605
D153R,153,0.533299
D153S,153,0.21610908
D153T,153,0.58664334
D153V,153,0.34129462
D153W,153,0.123990335
D153Y,153,0.036870237
I154A,154,0.91482085
I154C,154,0.37037766
I154D,154,1.6990904
I154E,154,1.3049164
I154F,154,0.9962262
I154G,154,1.6481445
I154H,154,1.5736206
I154K,154,0.855306
I154L,154,-0.38254657
I154M,154,0.25792465
I154N,154,1.5585995
I154P,154,0.9901327
I154Q,154,0.8640661
I154R,154,1.0942158
I154S,154,0.914038
I154T,154,0.5052187
I154V,154,0.101812266
I154W,154,0.8834739
I154Y,154,1.041887
D155A,155,1.2869705
D155C,155,0.93081266
D155E,155,1.8206257
D155F,155,2.012389
D155G,155,1.8248041
D155H,155,1.1975883
D155I,155,1.9944365
D155K,155,2.8531518
D155L,155,2.2054243
D155M,155,1.9849584
D155N,155,1.4325559
D155P,155,2.6825078
D155Q,155,1.9562715
D155R,155,2.6673975
D155S,155,1.2275723
D155T,155,1.3410289
D155V,155,1.570735
D155W,155,2.253574
D155Y,155,2.0943866
A156C,156,1.6906706
A156D,156,2.9734766
A156E,156,2.934031
A156F,156,2.1652627
A156G,156,1.79181
A156H,156,2.8205993
A156I,156,1.7059662
A156K,156,2.924289
A156L,156,1.7168108
A156M,156,1.1978096
A156N,156,3.0608726
A156P,156,3.026321
A156Q,156,2.7527325
A156R,156,3.0222125
A156S,156,1.0964706
A156T,156,2.6352253
A156V,156,2.336638
A156W,156,2.3394425
A156Y,156,2.433198
Q157A,157,0.9098919
Q157C,157,0.9254263
Q157D,157,1.1581615
Q157E,157,0.8839561
Q157F,157,1.3485707
Q157G,157,1.6377945
Q157H,157,1.4117445
Q157I,157,1.1280253
Q157K,157,1.2076269
Q157L,157,0.971107
Q157M,157,0.8477001
Q157N,157,1.1641697
Q157P,157,2.2388594
Q157R,157,0.79446745
Q157S,157,0.9095915
Q157T,157,1.054605
Q157V,157,1.1182183
Q157W,157,1.2591317
Q157Y,157,1.5658499
T158A,158,1.2439023
T158C,158,1.3713768
T158D,158,1.6639744
T158E,158,1.9281324
T158F,158,2.3408515
T158G,158,1.371959
T158H,158,2.2466562
T158I,158,1.4782845
T158K,158,2.2629344
T158L,158,0.7500736
T158M,158,1.1230164
T158N,158,1.7716824
T158P,158,2.505022
T158Q,158,1.3947376
T158R,158,1.1599803
T158S,158,1.1829877
T158V,158,0.6734239
T158W,158,1.2829626
T158Y,158,2.3439984
F159A,159,2.378056
F159C,159,1.5336859
F159D,159,3.390126
F159E,159,3.0393207
F159G,159,3.2231648
F159I,159,1.3900635
F159K,159,2.596396
F159L,159,1.0071404
F159M,159,0.90741175
F159N,159,3.1052861
F159P,159,3.1811934
F159Q,159,2.928559
F159R,159,2.7414691
F159S,159,2.8730044
F159T,159,2.3813863
F159V,159,1.8979584
F159W,159,0.5913385
F159Y,159,0.50263023
A160C,160,0.81929237
A160D,160,2.62612
A160E,160,2.7921295
A160F,160,1.4885371
A160G,160,1.4979273
A160H,160,1.8705652
A160I,160,1.8575737
A160K,160,1.6313988
A160L,160,1.9279283
A160M,160,1.6224868
A160N,160,2.3972507
A160P,160,3.3292747
A160Q,160,2.4064445
A160R,160,1.2868229
A160S,160,0.707771
A160T,160,2.0865986
A160V,160,1.7981094
A160W,160,1.8146689
A160Y,160,1.3823723
D161A,161,0.6795248
D161C,161,0.87216693
D161E,161,0.24233286
D161F,161,0.9105588
D161G,161,1.0380327
D161H,161,1.164099
D161I,161,1.0456613
D161K,161,1.2047045
D161L,161,1.1534326
D161M,161,0.9217922
D161N,161,0.43479222
D161P,161,2.5739377
D161Q,161,0.8188078
D161R,161,1.0131271
D161S,161,0.63554245
D161T,161,1.4366968
D161V,161,1.3608515
D161W,161,0.868979
D161Y,161,0.8966656
W162A,162,2.6618278
W162C,162,2.148216
W162D,162,3.3181088
W162E,162,3.3502903
W162F,162,1.0085651
W162G,162,3.029842
W162H,162,2.5710893
W162I,162,2.5321453
W162K,162,3.6364636
W162L,162,2.3005226
W162M,162,1.8033787
W162N,162,3.2734904
W162P,162,3.4286838
W162Q,162,2.951781
W162R,162,2.6677155
W162S,162,2.8889046
W162T,162,3.0448198
W162V,162,2.959142
W162Y,162,1.3316011
G163A,163,1.0815637
G163C,163,1.0224593
G163D,163,1.4330752
G163E,163,1.3293135
G163F,163,1.0734295
G163H,163,1.1842445
G163I,163,0.9193551
G163K,163,1.3537685
G163L,163,1.0724964
G163M,163,1.1373266
G163N,163,1.411942
G163P,163,1.4956264
G163Q,163,1.1361254
G163R,163,1.2297436
G163S,163,1.4742362
G163T,163,1.1808565
G163V,163,1.006717
G163W,163,1.0700392
G163Y,163,1.1057749
V164A,164,1.4460087
V164C,164,0.6635802
V164D,164,2.4746883
V164E,164,2.2387064
V164F,164,1.9036038
V164G,164,2.434575
V164H,164,2.8807416
V164I,164,-0.2242609
V164K,164,2.7778327
V164L,164,1.5312177
V164M,164,0.9464577
V164N,164,2.3026602
V164P,164,2.6123838
V164Q,164,2.1740928
V164R,164,2.9397106
V164S,164,1.8952885
V164T,164,1.2672056
V164W,164,2.357361
V164Y,164,2.3905263
D165A,165,0.8960956
D165C,165,0.6985878
D165E,165,1.398675
D165F,165,1.5159384
D165G,165,1.353484
D165H,165,1.3326073
D165I,165,1.7161087
D165K,165,1.900861
D165L,165,1.718153
D165M,165,1.6241045
D165N,165,0.681265
D165P,165,2.7205582
D165Q,165,1.3974788
D165R,165,1.7030458
D165S,165,0.9148032
D165T,165,1.6109183
D165V,165,1.7090235
D165W,165,1.6090046
D165Y,165,1.6048838
L166A,166,1.7787611
L166C,166,1.0939162
L166D,166,3.0445848
L166E,166,2.427262
L166F,166,0.15222505
L166G,166,2.750909
L166H,166,1.6885426
L166I,166,1.2519035
L166K,166,1.8437197
L166M,166,-0.03119501
L166N,166,3.03748
L166P,166,3.3632214
L166Q,166,2.305858
L166R,166,1.991836
L166S,166,2.112493
L166T,166,2.6764514
L166V,166,1.8966548
L166W,166,1.0709946
L166Y,166,0.23401871
L167A,167,2.762537
L167C,167,1.413752
L167D,167,3.6083531
L167E,167,3.2328525
L167F,167,1.6626546
L167G,167,3.679612
L167H,167,3.4410782
L167I,167,1.473541
L167K,167,2.971744
L167M,167,1.576894
L167N,167,3.2603467
L167P,167,3.3301463
L167Q,167,3.3056588
L167R,167,3.293986
L167S,167,3.1713924
L167T,167,2.6027808
L167V,167,1.1755158
L167W,167,2.166397
L167Y,167,2.4461782
K168A,168,0.8533386
K168C,168,0.5155612
K168D,168,1.434247
K168E,168,0.9713734
K168F,168,-0.4188118
K168G,168,1.4572401
K168H,168,0.6641117
K168I,168,-0.31523103
K168L,168,-0.29167616
K168M,168,-0.13762179
K168N,168,1.2873051
K168P,168,2.0398915
K168Q,168,0.6314928
K168R,168,0.114903405
K168S,168,0.9275832
K168T,168,0.7717565
K168V,168,0.20296565
K168W,168,-0.030198177
K168Y,168,-0.11778498
F169A,169,2.819067
F169C,169,1.600784
F169D,169,3.0647488
F169E,169,2.4416559
F169G,169,3.3236377
F169H,169,1.8669941
F169I,169,2.3058796
F169K,169,2.484984
F169L,169,1.1910084
F169M,169,0.86765593
F169N,169,2.7449229
F169P,169,2.6562648
F169Q,169,2.0710824
F169R,169,2.2860222
F169S,169,2.787191
F169T,169,2.3179913
F169V,169,2.3934765
F169W,169,1.0038841
F169Y,169,0.089715615
D170A,170,0.30218688
D170C,170,0.3376804
D170E,170,0.8291644
D170F,170,0.93109405
D170G,170,0.7141071
D170H,170,0.9406897
D170I,170,1.1598154
D170K,170,1.4174726
D170L,170,0.9243802
D170M,170,1.0375235
D170N,170,0.78526294
D170P,170,1.881575
D170Q,170,1.1513563
D170R,170,1.2499688
D170S,170,0.19010353
D170T,170,0.99763995
D170V,170,1.0040723
D170W,170,1.2132822
D170Y,170,0.97411215
G171A,171,1.0593743
G171C,171,0.34579766
G171D,171,3.0677204
G171E,171,2.9558282
G171F,171,1.7957586
G171H,171,2.2502608
G171I,171,1.9836938
G171K,171,2.5489774
G171L,171,2.0803905
G171M,171,2.1582458
G171N,171,2.5799165
G171P,171,2.4861813
G171Q,171,2.6712363
G171R,171,2.4596384
G171S,171,2.0090432
G171T,171,2.1631777
G171V,171,1.8466873
G171W,171,1.6510397
G171Y,171,1.7235721
C172A,172,1.0897589
C172D,172,2.1117852
C172E,172,2.7057292
C172F,172,1.9575112
C172G,172,1.8816105
C172H,172,2.0649638
C172I,172,2.0793824
C172K,172,2.5813634
C172L,172,2.110786
C172M,172,2.1082828
C172N,172,2.2870975
C172P,172,2.72195
C172Q,172,2.5179608
C172R,172,2.4287088
C172S,172,1.5820782
C172T,172,2.2662683
C172V,172,1.9776663
C172W,172,2.2326705
C172Y,172,1.9304825
Y173A,173,1.1921475
Y173C,173,0.61138844
Y173D,173,1.7083782
Y173E,173,1.7663425
Y173F,173,-0.012325543
Y173G,173,1.2329924
Y173H,173,0.7486582
Y173I,173,1.6868942
C174A,174,0.18272899
C174D,174,1.4069846
C174E,174,1.406936
C174F,174,-0.12714097
C174G,174,1.0473661
C174H,174,0.71549034
C174I,174,-0.06826069
C174K,174,1.2881021
C174L,174,0.56258404
C174M,174,0.51164234
C174N,174,0.8272365
C174P,174,1.490124
C174Q,174,1.0302716
C174R,174,1.1533191
C174S,174,0.2802836
C174T,174,0.33707467
C174V,174,-0.0744522
C174W,174,0.6197483
C174Y,174,0.23063824
D175A,175,0.602381
D175C,175,0.08755213
D175E,175,0.58530676
D175F,175,0.2659207
D175G,175,0.53485143
D175H,175,0.7227297
D175I,175,0.4263851
D175K,175,0.72102875
D175L,175,0.45412955
D175M,175,0.4361863
D175N,175,0.50021875
D175P,175,0.58649313
D175Q,175,0.57211417
D175R,175,0.48286906
D175S,175,0.33032298
D175T,175,0.8621481
D175V,175,0.81885755
D175W,175,0.17537814
D175Y,175,0.3499306
S176A,176,0.73140174
S176C,176,0.5347351
S176D,176,0.7246672
S176E,176,1.027737
S176F,176,0.7994422
S176G,176,0.9405743
S176H,176,0.74022996
S176I,176,1.0519142
S176K,176,0.6129379
S176L,176,0.99416655
S176M,176,0.8739122
S176N,176,0.42002797
S176P,176,1.5900252
S176Q,176,0.96234626
S176R,176,0.56669796
S176T,176,0.7246295
S176V,176,1.402659
S176W,176,0.8751782
S176Y,176,0.8163134
L177A,177,1.197011
L177C,177,0.9676075
L177D,177,1.5394375
L177E,177,1.5763712
L177F,177,0.8734083
L177G,177,1.5613449
L177H,177,1.1433755
L177I,177,0.33984053
L177K,177,0.85028696
L177M,177,0.5637728
L177N,177,1.6509144
L177P,177,0.9414517
L177Q,177,1.3079481
L177R,177,0.96840143
L177S,177,1.3454195
L177T,177,1.266147
L177V,177,0.7519263
L177W,177,0.5651763
L177Y,177,0.6522356
E178A,178,-0.00766837
E178C,178,0.043775093
E178D,178,0.17692997
E178F,178,-0.29839754
E178G,178,0.22067373
E178H,178,-0.06913367
E178I,178,-0.03404652
E178K,178,-0.29141894
E178L,178,-0.040666573
E178M,178,0.014037105
E178N,178,0.28252286
E178P,178,0.5830611
E178Q,178,-0.117019795
E178R,178,-0.104483485
E178S,178,-0.02347665
E178T,178,-0.033460103
E178V,178,0.025309116
E178W,178,-0.024690164
E178Y,178,-0.26748413
N179A,179,0.08290537
N179C,179,-0.24611655
N179D,179,0.39160925
N179E,179,0.51370746
N179F,179,0.36528176
N179G,179,0.46993738
N179H,179,-0.11376295
N179I,179,0.51953334
N179K,179,-0.03032208
N179L,179,-0.10050149
N179M,179,0.022364527
N179P,179,2.0887306
N179Q,179,0.025744408
N179R,179,-0.050009638
N179S,179,0.23120837
N179T,179,0.44828734
N179V,179,0.8345817
N179W,179,0.21866469
N179Y,179,0.37722236
L180A,180,1.9633392
L180C,180,1.519647
L180D,180,2.8821404
L180E,180,2.702163
L180F,180,1.8197123
L180G,180,2.6728654
L180H,180,2.8832986
L180I,180,1.2786064
L180K,180,2.6722708
L180M,180,0.70841604
L180N,180,2.738789
L180P,180,2.9991744
L180Q,180,2.2017968
L180R,180,2.2747188
L180S,180,2.3459835
L180T,180,2.2677302
L180V,180,1.887191
L180W,180,1.6386913
L180Y,180,1.838315
A181C,181,0.08808675
A181D,181,0.27003604
A181E,181,0.112815276
A181F,181,0.63574207
A181G,181,0.46327597
A181H,181,0.13864248
A181I,181,-0.2466542
A181K,181,-0.014655662
A181L,181,0.82334054
A181M,181,0.15252969
A181N,181,0.04626703
A181P,181,1.3135889
A181Q,181,0.13729963
A181R,181,-0.22913738
A181S,181,-0.033284478
A181T,181,0.05032475
A181V,181,0.054100323
A181W,181,0.31895903
A181Y,181,0.3435984
D182A,182,0.07809155
D182C,182,0.18803939
D182E,182,-0.03956514
D182F,182,-0.3130687
D182G,182,0.500178
D182H,182,0.14499652
D182I,182,0.0028326723
D182K,182,-0.0905333
D182L,182,-0.17142458
D182M,182,-0.12618792
D182N,182,-0.21990363
D182P,182,1.0824945
D182Q,182,-0.283059
D182R,182,-0.20285776
D182S,182,0.04552377
D182T,182,0.26477844
D182V,182,0.37046725
D182W,182,-0.14119938
D182Y,182,-0.37822524
G183A,183,1.0449044
G183C,183,0.5061603
G183D,183,1.8059727
G183E,183,1.9465992
G183F,183,0.58401376
G183H,183,1.2922623
G183I,183,1.5306944
G183K,183,1.9773124
G183L,183,1.3375304
G183M,183,1.0538937
G183N,183,1.6915525
G183P,183,2.007785
G183Q,183,1.7108177
G183R,183,1.5643593
G183S,183,1.2821453
G183T,183,2.1192758
G183V,183,1.8074415
G183W,183,0.8307787
G183Y,183,0.55024517
K185A,185,0.8694828
K185C,185,0.8741249
K185D,185,2.5595238
K185E,185,1.3812726
K185F,185,1.1410701
K185G,185,1.7207825
K185H,185,1.190315
K185I,185,0.37613085
K185L,185,1.2770325
K185M,185,0.39495525
K185N,185,2.1569247
K185P,185,1.8615576
K185Q,185,1.0493842
K185R,185,0.1675997
K185S,185,1.5146618
K185T,185,1.2016224
K185V,185,0.5928651
K185W,185,0.87816477
K185Y,185,1.1087948
M187A,187,2.5538764
M187C,187,1.4638536
M187D,187,3.2481663
M187E,187,2.8021357
M187F,187,1.7671916
M187G,187,3.436393
M187H,187,2.5254164
M187I,187,2.0555017
M187K,187,2.5774143
M187L,187,1.9368689
M187N,187,2.7815218
M187P,187,3.1762068
M187Q,187,2.1680036
M187R,187,2.9695275
M187S,187,2.5498662
M187T,187,2.0911765
M187V,187,2.4155889
M187W,187,2.7091641
M187Y,187,2.3530507
S188A,188,-0.0037960769
S188C,188,0.14923047
S188D,188,1.609369
S188E,188,1.7785673
S188F,188,1.2526246
S188G,188,1.3024269
S188H,188,1.1919858
S188I,188,1.3931942
S188K,188,2.077975
S188L,188,1.5085125
S188M,188,1.3796482
S188N,188,1.3483309
S188P,188,2.1355577
S188Q,188,1.6488028
S188R,188,1.4906763
S188T,188,1.287711
S188V,188,1.6365025
S188W,188,1.0685513
S188Y,188,1.272822
L189A,189,0.23791258
L189C,189,0.05194974
L189D,189,0.39753312
L189E,189,0.11747508
L189F,189,0.104339145
L189G,189,0.79325104
A190C,190,0.893006
A190D,190,2.0044188
A190E,190,1.1216328
A190F,190,0.90020704
A190G,190,1.3810526
A190H,190,1.1960995
A190I,190,1.5860894
A190K,190,2.3363678
A190L,190,1.593076
A190M,190,1.5111978
A190N,190,1.6694098
A190P,190,3.4437969
A190Q,190,1.5327752
A190R,190,1.8216436
A190S,190,0.44748932
A190T,190,2.2558675
A190V,190,1.4700011
A190W,190,1.3291372
A190Y,190,0.95549285
N192A,192,-0.24651027
N192C,192,-0.0009644359
N192D,192,0.14510298
N192E,192,0.04315958
N192F,192,0.0068133296
N192G,192,0.04864701
N192H,192,0.1585956
N192I,192,-0.24689332
N192K,192,0.06156237
N192L,192,-0.2463022
N192M,192,-0.23884812
N192P,192,1.4794528
N192Q,192,-0.062063158
N192R,192,-0.14392357
N192S,192,-0.16717096
N192T,192,0.08366537
N192V,192,-0.057966508
N192W,192,-0.14311695
N192Y,192,-0.004166433
T194A,194,1.496628
T194C,194,1.5163715
T194D,194,2.5674746
T194E,194,2.6973705
T194F,194,2.6739001
T194G,194,1.7063093
T194H,194,2.9307494
T194I,194,2.420372
T194K,194,2.6636014
T194L,194,2.7331364
T194M,194,2.3589976
T194N,194,2.3882165
T194P,194,2.543358
T194Q,194,2.443097
T194R,194,2.6824274
T194S,194,0.91775215
T194V,194,1.9279749
T194W,194,2.8378944
T194Y,194,2.9052846
G195A,195,1.3289735
G195C,195,0.9220732
G195D,195,1.1224841
G195E,195,1.1143587
G195F,195,0.93172854
G195H,195,0.75436443
G195I,195,1.5279238
G195K,195,0.85165673
G195L,195,0.9729463
G195M,195,0.91367483
G195N,195,1.0462278
G195P,195,1.4256102
G195Q,195,1.0387049
G195R,195,0.94423544
G195S,195,1.2194402
G195T,195,1.5830851
G195V,195,1.5446008
G195W,195,1.0738809
G195Y,195,0.99022007
R196I,196,2.1492324
R196K,196,1.1559479
R196L,196,2.4414315
R196M,196,1.7513683
R196N,196,2.0374405
R196P,196,2.7620404
R196Q,196,1.4366314
R196S,196,1.5545756
R196T,196,2.3241668
R196V,196,2.0648205
R196W,196,0.47660294
R196Y,196,1.0678014
S197A,197,-0.13216053
S197C,197,0.3932679
S197D,197,-0.070275255
S197E,197,-0.18917197
S197F,197,-0.2846947
S197G,197,0.030452605
S197H,197,-0.20687695
S197I,197,-0.04557713
S197K,197,-0.4057505
S197L,197,-0.35648593
S197M,197,-0.21827905
S197N,197,-0.10707966
S197P,197,-0.043151744
S197Q,197,-0.27552098
S197R,197,-0.4902641
S197T,197,0.18583235
S197V,197,0.03379421
S197W,197,-0.23198485
S197Y,197,-0.2651957
I198A,198,2.3639941
I198C,198,1.6964123
I198D,198,3.2482681
I198E,198,3.0089684
I198F,198,0.64567345
I198G,198,2.3937871
I198H,198,2.6539817
I198K,198,2.8324723
I198L,198,1.5052946
I198M,198,0.099814996
I198N,198,2.831294
I198P,198,2.3219054
I198Q,198,2.5761006
I198R,198,3.182543
I198S,198,2.5511975
I198T,198,1.7725852
I198V,198,0.5971718
I198W,198,1.8902155
I198Y,198,2.340559
V199A,199,1.410269
V199C,199,0.49248886
V199D,199,2.047025
V199E,199,1.7838881
V199F,199,0.7830041
V199G,199,2.4207103
V199H,199,1.874068
V199I,199,0.13424568
V199K,199,1.8416088
V199L,199,0.32669657
V199M,199,0.9218193
V199N,199,1.736791
V199P,199,2.0542595
V199Q,199,2.0178268
V199R,199,2.0476778
V199S,199,1.6598766
V199T,199,1.0678266
V199W,199,1.7992325
V199Y,199,1.076591
Y200A,200,2.8664403
Y200C,200,2.0191698
Y200D,200,2.760889
Y200E,200,2.248197
Y200F,200,-0.11818153
Y200G,200,3.4036841
Y200H,200,1.6867104
Y200I,200,1.721846
Y200K,200,2.0774813
Y200L,200,0.69063747
Y200M,200,0.9968275
Y200N,200,2.6255512
Y200T,200,2.2786171
Y200V,200,1.8767782
Y200W,200,1.2864884
S201A,201,-0.3540339
S201C,201,0.15683818
S201D,201,0.57573617
S201E,201,0.39630723
S201F,201,-0.00824034
S201G,201,0.13552926
S201H,201,0.2424941
S201I,201,0.58097285
S201K,201,0.85227394
S201L,201,0.4208942
S201M,201,0.21555729
S201N,201,0.91260946
S201P,201,1.988703
S201Q,201,0.57345974
S201R,201,0.793676
S201T,201,0.6501793
S201V,201,0.5818963
S201W,201,-0.17052737
S201Y,201,0.059079956
C202A,202,1.6306938
C202D,202,2.9463117
C202E,202,3.2474465
C202F,202,2.1406634
C202G,202,2.4721396
C202H,202,2.7239933
C202I,202,2.371606
C202K,202,3.946162
C202L,202,2.5795705
C202M,202,2.548345
C202N,202,2.7720618
C202P,202,3.3335586
C202Q,202,2.9244854
C202R,202,3.979112
C202S,202,1.9748776
C202T,202,2.5155938
C202V,202,2.3833716
C202W,202,2.9223104
C202Y,202,2.2745852
E203A,203,0.420691
E203C,203,0.031248603
E203D,203,0.3486324
E203F,203,0.05359742
E203G,203,1.0577961
E203H,203,0.46940476
E203I,203,0.023743855
E203K,203,0.82617664
E203L,203,0.22147687
E203M,203,0.12272985
E203N,203,0.46249866
E203P,203,0.7915559
E203Q,203,0.0121142585
E203R,203,0.90015936
E203S,203,0.3619762
E203T,203,0.10439203
E203V,203,-0.10950116
E203W,203,0.555927
E203Y,203,0.20588024
W204A,204,3.2993722
W204C,204,2.299503
W204D,204,3.4809978
W204E,204,3.3296204
W204F,204,1.6753922
W204G,204,3.5638633
W204H,204,2.5355065
W204I,204,2.7314913
W204K,204,3.8160489
W204L,204,2.7489803
W204M,204,2.4958148
W204N,204,3.4225304
W204P,204,3.3556495
W204Q,204,3.0567384
W204R,204,2.4921365
W204S,204,3.1672711
W204T,204,3.1960888
W204V,204,3.1240852
W204Y,204,1.7647431
P205Y,205,1.8024216
M208A,208,1.3074514
M208C,208,0.427898
M208D,208,0.9448334
M208E,208,0.58628374
M208F,208,0.31829304
M208G,208,2.2937088
M208H,208,1.1339245
M208I,208,0.7978999
M208K,208,1.4707541
M208L,208,0.40816823
M208N,208,1.3512974
M208P,208,1.8749678
M208Q,208,0.61536443
M208R,208,1.2187853
M208S,208,1.232527
M208T,208,0.55882233
M208V,208,0.5398949
M208W,208,0.6180595
M208Y,208,0.5388996
W209A,209,2.3499637
W209C,209,2.635704
W209D,209,2.93257
W209E,209,2.3994308
W209F,209,2.069958
W209G,209,2.410039
W209H,209,2.8203056
W209I,209,2.538827
W209K,209,3.0232098
W209L,209,2.201469
W209M,209,2.2284107
W209N,209,2.9165192
W209P,209,3.5461884
W209Q,209,2.585391
W209R,209,2.4687963
W209S,209,2.2124462
W209T,209,2.6911013
W209V,209,2.9519892
W209Y,209,2.0924284
P210A,210,1.0687312
P210C,210,1.0354915
P210D,210,1.2183424
P210E,210,0.784283
P210F,210,0.74014777
P210G,210,1.0157402
P210H,210,0.7429677
P210I,210,0.855779
P210K,210,0.5862677
P210L,210,0.8647477
P210M,210,0.65501463
P210N,210,0.85748327
P210Q,210,0.5448164
P210R,210,0.49928865
P210S,210,1.1719809
P210T,210,1.1936991
P210V,210,1.152314
P210W,210,0.58556044
P210Y,210,0.73481053
Q212A,212,0.40003076
Q212C,212,-0.08338306
Q212D,212,1.224333
Q212E,212,0.3035551
Q212F,212,0.6526612
Q212G,212,0.94598883
Q212H,212,0.7774911
Q212I,212,0.28844628
Q212K,212,-0.02975567
Q212L,212,0.31364977
Q212M,212,-0.07871518
Q212N,212,0.850294
Q212P,212,1.859532
Q212R,212,0.0449391
Q212S,212,0.54526246
Q212T,212,0.50408745
Q212V,212,0.40447664
Q212W,212,0.6707388
Q212Y,212,0.8424422
K213A,213,0.076020956
K213C,213,-0.0023242652
K213D,213,0.28067327
K213E,213,-0.18897387
K213F,213,-0.34720075
K213G,213,0.38753644
K213H,213,0.16974895
K213I,213,-0.24316946
K213L,213,-0.2855505
K213M,213,-0.16081691
K213N,213,0.4594562
K213P,213,-0.120615706
K213Q,213,0.016162736
K213R,213,-0.1552806
K213S,213,0.18572612
K213T,213,-0.10534434
K213V,213,-0.21789828
K213W,213,-0.57442504
K213Y,213,-0.21949115
P214A,214,1.7525604
P214C,214,1.606473
P214D,214,2.3829517
P214E,214,2.4523592
P214F,214,2.4406447
P214G,214,2.2611272
P214H,214,2.4772472
P214I,214,1.4145945
P214K,214,2.4939125
P214L,214,1.896422
P214M,214,1.9601103
P214N,214,1.7444159
P214Q,214,2.2307186
P214R,214,2.4191716
P214S,214,2.069384
P214T,214,1.463039
P214V,214,0.5288898
P214W,214,2.1041477
P214Y,214,2.4803581
N215A,215,1.5445633
N215C,215,0.3864165
N215D,215,0.23708944
N215E,215,1.1802073
N215F,215,1.5240653
N215G,215,1.4295065
N215H,215,1.0740254
N215I,215,1.0660362
N215K,215,1.0964605
N215M,215,1.072786
N215P,215,1.154726
N215Q,215,1.2142133
N215R,215,0.8824216
N215S,215,0.48339072
N215T,215,1.3986813
N215V,215,1.1915576
N215W,215,1.3297137
N215Y,215,1.5062854
Y216Q,216,2.5514665
Y216R,216,2.452755
Y216S,216,3.1802678
Y216T,216,3.3672042
Y216V,216,2.86235
Y216W,216,0.38781816
T217A,217,0.21621287
T217C,217,0.26302367
T217D,217,0.06510446
T217E,217,0.003172674
T217F,217,-0.13368931
T217G,217,0.44991297
T217H,217,-0.17879348
T217I,217,-0.14203665
T217K,217,-0.100897595
T217L,217,-0.09016323
T217M,217,0.021006519
T217N,217,-0.10306754
T217P,217,0.09039067
T217Q,217,-0.05895236
T217R,217,-0.16289715
T217S,217,-0.0019654632
T217V,217,-0.19181788
T217W,217,-0.62757975
T217Y,217,-0.3420439
E218A,218,0.5386549
E218C,218,0.14987841
E218D,218,0.3699764
E218F,218,0.6925295
E218G,218,1.0533297
E218H,218,1.0292684
E218I,218,0.3680072
E218K,218,1.0372152
E218L,218,0.17435117
E218M,218,0.27942985
E218N,218,1.1299744
E218P,218,1.4610592
E218Q,218,0.5317851
E218R,218,0.8919241
E218S,218,0.48463374
E218T,218,0.4072102
E218V,218,0.3419233
E218W,218,0.59969574
E218Y,218,0.64807904
I219A,219,2.7266285
I219C,219,1.8625195
I219D,219,2.9905856
I219F,219,1.2400525
I219G,219,2.8250299
I219H,219,2.6676557
I219K,219,2.7357528
I219L,219,0.9000247
I219M,219,1.4454868
I219N,219,2.7297568
I219P,219,2.5812385
I219Q,219,2.5261455
I219R,219,2.9795864
I219S,219,2.9641528
I219T,219,2.0417552
I219V,219,0.33112964
R220A,220,1.2419636
R220C,220,1.3017399
R220D,220,2.316682
R220E,220,2.2357914
R220F,220,0.53200114
R220G,220,1.7942196
R220H,220,1.0040329
R220I,220,1.3967258
R220K,220,0.5111936
R220L,220,1.0705982
R220M,220,1.1461827
R220N,220,1.9654967
R220P,220,1.834203
R220Q,220,1.4442954
R220S,220,1.5369699
R220T,220,1.9952387
R220V,220,1.8799969
R220W,220,0.8435539
R220Y,220,0.73910916
Q221A,221,0.19569096
Q221C,221,0.14260596
Q221D,221,0.5003962
Q221E,221,-0.0062317043
Q221F,221,0.030141901
Q221G,221,0.70351803
Q221H,221,0.14643541
Q221I,221,0.21646535
Q221K,221,-0.18635473
Q221L,221,-0.0017117143
Q221M,221,-0.07775244
Q221N,221,0.39655572
Q221P,221,1.3537741
Q221R,221,-0.15633605
Q221S,221,0.42692357
Q221T,221,0.2945636
Q221V,221,0.35959372
Q221W,221,0.15286435
Q221Y,221,0.03130035
Y222A,222,1.7047678
Y222C,222,1.3714173
Y222D,222,2.6072114
Y222E,222,2.4824398
Y222F,222,-0.05914556
Y222G,222,2.2188964
Y222H,222,1.4374797
Y222I,222,2.3216257
Y222K,222,2.6436563
Y222L,222,2.2166924
Y222M,222,1.8714364
Y222N,222,2.2310948
Y222P,222,3.2310822
Y222Q,222,2.5404196
Y222R,222,2.215088
Y222S,222,1.9740642
Y222T,222,2.6821437
Y222V,222,2.390716
Y222W,222,0.5243478
C223A,223,1.5401832
C223D,223,2.43567
C223E,223,3.0283127
C223F,223,2.6530795
C223G,223,2.4121995
C223H,223,2.8324218
C223I,223,2.1057954
C223K,223,3.3469417
C223L,223,2.3680835
C223M,223,2.4759974
C223N,223,2.756369
C223P,223,3.1516688
C223Q,223,2.9349496
C223R,223,3.3764756
C223S,223,1.7849295
C223T,223,2.5559812
C223V,223,2.3081641
C223W,223,3.0697932
C223Y,223,3.0209448
N224A,224,1.3400124
N224C,224,0.7520343
N224D,224,0.6772071
N224E,224,1.0514143
H225A,225,0.82412565
H225C,225,0.40010065
H225D,225,0.7767876
H225E,225,0.1361046
H225F,225,0.019191697
H225G,225,1.4030554
H225I,225,-0.22892447
H225K,225,0.97855794
H225L,225,-0.05120816
H225M,225,-0.181945
H225N,225,0.53400004
H225P,225,1.3569835
H225Q,225,0.104953684
H225R,225,0.81485033
H225S,225,0.5330905
H225T,225,0.75564224
H225V,225,0.3343801
H225W,225,0.07409318
H225Y,225,0.022151366
W226A,226,3.4802208
W226C,226,2.4690075
W226D,226,4.082101
W226E,226,4.068034
W226G,226,4.0897756
W226H,226,2.6493094
W226I,226,2.8295546
W226K,226,3.6791434
W226L,226,2.9649577
W226M,226,2.5436697
W226N,226,3.7484403
W226P,226,4.1534605
W226Q,226,3.643781
W226R,226,2.6344495
W226S,226,3.4502563
W226T,226,3.4770103
W226V,226,3.4419618
R227A,227,1.471047
R227C,227,0.9038223
R227D,227,2.3411374
R227E,227,2.0051668
R227F,227,1.0381253
R227G,227,1.8723013
R227H,227,0.7382985
R227I,227,0.85557526
R227K,227,0.71987736
R227L,227,0.66842234
R227M,227,0.76294243
R227N,227,1.9407752
R227P,227,2.3643813
R227Q,227,1.0280755
R227S,227,1.5311098
R227T,227,1.4799846
R227V,227,1.082885
R227W,227,1.2346239
R227Y,227,1.26167
N228A,228,1.3884284
N228C,228,0.69597936
N228D,228,0.90737474
N228E,228,1.2119937
N228F,228,0.7796758
N228G,228,1.1492252
N228H,228,0.929873
N228I,228,0.30352497
N228K,228,1.7173986
N228L,228,0.8651842
N228T,228,1.0002446
N228V,228,0.78741574
N228W,228,0.9463518
N228Y,228,0.4060823
A230C,230,-0.022324437
A230D,230,-0.07162924
A230E,230,-0.24627094
A230F,230,-0.24958894
A230G,230,0.4426093
A230H,230,-0.1910496
A230I,230,-0.11020745
A230K,230,-0.33661333
A230L,230,-0.354364
A230M,230,-0.2962949
A230N,230,-0.050620265
A230P,230,0.39005086
A230Q,230,-0.28191498
A230R,230,-0.23704699
A230S,230,-0.015087912
A230T,230,0.2101378
A230V,230,0.04981062
A230W,230,-0.22539267
A230Y,230,-0.27312598
D231A,231,0.05334379
D231C,231,-0.04088645
D231E,231,0.42875656
D231F,231,0.047977842
D231G,231,0.1818336
D231H,231,0.22970185
D231I,231,0.1598594
D231K,231,0.40318766
D231L,231,0.30397704
D231M,231,0.10388459
D231N,231,0.124877885
D231P,231,0.47861806
D231Q,231,0.23286264
D231R,231,0.15913951
D231S,231,-0.096627034
D231T,231,0.15674809
D231W,231,0.019641113
D231Y,231,0.055154014
D233A,233,0.1405391
D233C,233,-0.14863218
D233E,233,-0.2962367
D233F,233,-0.5765089
D233G,233,0.44702092
D233H,233,-0.34247184
D233I,233,-0.20960578
D233K,233,-0.27275938
D233L,233,-0.4437252
D233M,233,-0.45657372
D233N,233,-0.0015111476
S235A,235,0.34719855
K237A,237,-0.042066555
K237C,237,-0.019986523
K237D,237,0.088667564
K237E,237,-0.093321785
K237F,237,0.007763685
K237G,237,0.0865462
K237H,237,0.06786613
K237I,237,0.31825358
K237L,237,0.07913418
K237M,237,0.14083603
K237N,237,0.13618371
K237P,237,0.5153662
K237Q,237,0.10949893
K237R,237,-0.16688558
K237S,237,-0.0015563719
K237T,237,0.007939705
K237V,237,0.2504758
K237W,237,-0.15113199
K237Y,237,0.0010270923
K240A,240,-0.05421691
K240C,240,-0.23632988
K240D,240,1.3342088
K240E,240,0.3093187
K240F,240,0.48502165
K240G,240,1.0488763
K240H,240,0.9838231
K240I,240,0.030110482
K240L,240,-0.2199795
K240M,240,0.11881477
K240N,240,0.96626216
K240P,240,2.2708764
K240Q,240,0.17653982
K240R,240,0.117743395
K240S,240,0.24602862
K240T,240,0.27126545
K240V,240,-0.0060041635
K240W,240,0.290768
K240Y,240,0.56186694
L243P,243,2.7314165
L243Q,243,2.1072392
L243R,243,1.9850886
L243S,243,2.113717
L243T,243,1.9303567
L243V,243,0.9980267
L243W,243,1.0314786
L243Y,243,1.2664592
T246A,246,0.68579054
T246C,246,0.23767564
T246D,246,0.8306472
T246E,246,0.9301154
T246F,246,-0.3290339
T246G,246,1.5491035
T246H,246,0.7164876
T246I,246,0.3355893
T246K,246,2.1219432
T246L,246,0.78013605
T246M,246,-0.051300514
T246N,246,0.6519736
T246P,246,2.7195578
T246Q,246,1.0957779
T246R,246,2.18022
T246S,246,0.41681352
T246V,246,0.03423034
T246W,246,0.79423463
T246Y,246,0.17827234
F248H,248,0.38679713
F248I,248,0.6459476
F248K,248,0.36289984
F248L,248,0.025446936
F248M,248,0.460292
F248N,248,0.91828746
F248P,248,2.462614
F248Q,248,0.6598943
F248R,248,0.31619298
F248S,248,0.43904915
F248T,248,0.8394742
F248V,248,0.50846434
F248W,248,0.21341427
F248Y,248,-0.0135703385
Q250A,250,1.7609917
Q250C,250,1.6860447
Q250D,250,2.658109
Q250E,250,0.965706
Q250F,250,1.4228694
Q250G,250,2.03845
Q250H,250,1.66762
Q250I,250,2.0862522
Q250K,250,2.0212705
Q250L,250,2.0272303
Q250M,250,1.1387945
Q250N,250,2.0224257
Q250P,250,2.8214607
Q250R,250,1.641897
Q250S,250,1.8252776
Q250T,250,2.5553703
Q250V,250,2.625333
Q250W,250,1.2234234
Q250Y,250,1.535601
E251A,251,-0.052728374
E251C,251,-0.11002644
E251D,251,-0.16981858
E251F,251,-0.05653157
E251G,251,0.12371943
E251H,251,-0.008008299
E251I,251,-0.023383409
E251K,251,0.013497675
E251L,251,-0.052357815
E251M,251,-0.04373927
E251N,251,-0.026461173
E251P,251,0.02256507
E251Q,251,0.020857897
E251R,251,0.043486826
E251S,251,-0.13729015
E251T,251,-0.00847771
E251V,251,0.15107271
E251W,251,-0.11390166
E251Y,251,-0.03470658
R252A,252,0.011482562
R252C,252,-0.07578408
R252D,252,0.2640892
R252E,252,-0.11856679
R252F,252,-0.22063732
R252G,252,0.23930638
R252H,252,0.14210987
R252I,252,-0.16442955
R252K,252,0.49083218
R252L,252,-0.41482812
R252M,252,-0.33161378
R252N,252,0.46603847
R252P,252,0.9105501
R252Q,252,0.09297036
R252S,252,0.08289588
R252T,252,-0.033439137
R252V,252,-0.076910466
R252W,252,-0.32567227
R252Y,252,-0.3592527
V254A,254,1.4079624
V254C,254,0.8122463
V254D,254,2.1414075
V254E,254,1.5957979
V254F,254,1.1451974
V254G,254,2.015785
V254H,254,1.5934403
V254I,254,0.35721883
V254K,254,1.1227558
V254L,254,0.8567527
V254M,254,0.8597757
V254N,254,1.8732239
V254P,254,1.7216915
V254Q,254,1.361045
V254R,254,1.0715379
V254S,254,1.7664515
V254T,254,1.0856636
V254W,254,1.3138015
V254Y,254,1.1798477
V256A,256,0.8206458
V256C,256,0.70657367
V256D,256,1.8371853
V256E,256,1.1400568
V256F,256,0.21996482
V256G,256,1.5213845
V256H,256,0.46922016
V256I,256,-0.17653742
V256K,256,0.55107325
V256L,256,1.0580301
V256M,256,0.27503166
V256N,256,1.3370371
V256P,256,0.7616458
V256Q,256,0.70590556
V256R,256,0.9612843
V256S,256,1.0325382
V256T,256,0.99415815
V256W,256,0.43700933
V256Y,256,0.41193932
A257C,257,1.1788412
A257D,257,2.5833
A257E,257,2.2615013
A257F,257,2.376204
A257G,257,1.2451786
A257H,257,2.1807666
A257I,257,2.0607977
A257K,257,2.9117053
A257L,257,2.4656937
A257M,257,2.2807245
A257N,257,2.711077
A257P,257,2.1727443
A257Q,257,2.0919526
A257R,257,2.9886832
A257S,257,0.6092532
A257T,257,1.8115057
A257V,257,1.4867334
A257W,257,2.5448976
A257Y,257,2.1656811
G258A,258,1.5387218
G258C,258,1.3636897
G258D,258,2.3198674
G258E,258,2.2871292
G258F,258,0.5764972
G258H,258,1.002063
G258I,258,1.7741871
G258K,258,1.4699199
G258L,258,1.4993845
G258M,258,1.2858504
G258N,258,2.003589
G258P,258,2.8536518
G258Q,258,1.8358818
G258R,258,1.093508
G258S,258,1.5108764
G258T,258,1.6255096
G258V,258,1.6681015
G258W,258,0.86877024
G258Y,258,0.48410922
P259A,259,1.1330037
P259C,259,1.121104
P259D,259,1.6192939
P259E,259,1.3452743
P259F,259,0.973193
P259G,259,1.6631563
P259H,259,0.8996235
P259I,259,0.38983762
P259K,259,0.98824674
P259L,259,1.1368215
P259M,259,0.74736226
P259N,259,1.1706978
P259Q,259,1.1003292
P259R,259,0.7789418
P259S,259,0.9032833
P259T,259,0.85142154
P259V,259,0.40720278
P259W,259,0.67360884
P259Y,259,0.92883396
G260A,260,1.5617731
G260C,260,0.7115011
G260D,260,1.9128832
G260E,260,2.1978922
G260F,260,0.80326813
G260H,260,0.9645152
G260I,260,1.8723282
G260K,260,2.3943558
G260L,260,2.18409
G260M,260,1.9527836
G260N,260,1.8569654
G260P,260,3.2355328
G260Q,260,2.1864073
G260R,260,1.877392
G260S,260,1.4002125
G260T,260,1.7586803
G260V,260,1.7661129
G260W,260,0.8569366
G260Y,260,0.61033714
G261A,261,0.92252445
G261C,261,1.1889235
G261D,261,2.7117107
G261E,261,2.7245755
G261F,261,1.261163
G261H,261,1.3003935
G261I,261,1.6409969
G261K,261,1.8636869
G261L,261,1.5736324
G261M,261,1.7320597
G261N,261,2.0395892
G261P,261,2.1947632
G261Q,261,2.097094
G261R,261,1.4938446
G261S,261,1.4657724
G261T,261,1.8988149
G261V,261,1.2912571
G261W,261,1.3235071
G261Y,261,1.2567961
N263L,263,1.5146828
N263M,263,1.2719698
N263P,263,1.9186018
N263Q,263,1.1394118
N263R,263,1.7239764
N263S,263,1.8027642
N263T,263,1.5966437
N263V,263,1.7363704
N263W,263,1.7949126
N263Y,263,1.5600264
D264V,264,0.6553409
D264W,264,0.08770905
D264Y,264,0.17274816
P265A,265,1.1416125
P265C,265,0.9338174
P265D,265,1.6566054
P265E,265,1.2977784
P265F,265,0.09733219
P265G,265,1.9762274
P265H,265,0.73576194
P265I,265,0.880637
P265K,265,1.405765
P265L,265,0.4228539
P265M,265,0.3158011
P265N,265,1.3080499
P265Q,265,0.7300485
P265R,265,1.3670543
P265S,265,1.2798083
P265T,265,0.94176656
P265V,265,1.0410749
P265W,265,0.48366633
P265Y,265,0.35117188
D266A,266,0.5208496
D266C,266,0.42363563
D266E,266,1.178508
D266F,266,0.7102626
D266G,266,0.701083
D266H,266,0.47578493
D266I,266,1.1011659
D266K,266,1.2169869
D266L,266,1.1715734
D266M,266,0.9400443
D266N,266,0.59885216
D266P,266,1.6663707
D266Q,266,1.0900686
D266R,266,1.0076867
D266S,266,0.47704315
D266T,266,1.1121259
D266V,266,1.1605184
D266W,266,0.8356265
D266Y,266,0.7664735
M267A,267,1.0659711
M267C,267,0.2041939
M267D,267,1.3850056
M267E,267,1.1581577
M267F,267,0.17761627
M267G,267,1.4007632
M267H,267,0.855584
M267I,267,0.3280365
M267K,267,1.1062417
M267L,267,-0.013898785
M267N,267,1.186093
M267P,267,0.6009706
M267Q,267,1.071079
M267R,267,1.1810611
M267S,267,1.1928768
M267T,267,0.6057924
M267V,267,0.110576175
M267W,267,0.8153631
M267Y,267,0.6132539
L268A,268,2.522824
L268C,268,1.6770699
L268D,268,2.6682522
L268E,268,2.2824962
L268F,268,1.9157375
L268G,268,2.8693676
L268H,268,2.6979427
L268I,268,1.4285711
L268K,268,2.4253435
L268M,268,0.9167864
L268N,268,2.6144755
L268P,268,2.3687782
L268Q,268,2.3483007
L268R,268,2.6641154
L268S,268,2.62952
L268T,268,2.0874226
L268V,268,1.4569017
L268W,268,2.4377866
L268Y,268,2.3535118
V269A,269,1.5955825
V269C,269,0.8685293
V269D,269,2.0155706
V269E,269,1.5341923
V269F,269,1.744286
V269G,269,2.4392352
V269H,269,2.211746
V269I,269,-0.028626
V269K,269,2.0175405
V269L,269,0.22017908
V269M,269,0.5672492
V269N,269,2.0495965
V269P,269,1.3317186
V269Q,269,1.6095746
V269R,269,2.088071
V269S,269,1.7927005
V269T,269,1.3132198
V269W,269,1.8492377
V269Y,269,1.8384444
I270E,270,2.3233337
I270F,270,1.2016217
I270G,270,2.2309213
I270H,270,2.3806863
I270K,270,2.1784773
I270L,270,1.0171688
I270M,270,1.4044387
I270N,270,2.235572
I270P,270,1.7327785
I270Q,270,2.293008
I270R,270,2.182939
I270S,270,2.1684844
I270T,270,1.9245186
I270V,270,0.8464611
I270W,270,2.105234
I270Y,270,1.8013643
G271A,271,0.66512793
G271C,271,0.93049306
G271D,271,1.2526121
G271E,271,1.8748715
G271F,271,1.8112923
G271H,271,2.029115
G271I,271,2.1528115
G271K,271,2.666093
G271L,271,2.4646668
G271M,271,2.108541
G271N,271,1.425836
G271P,271,2.3566086
G271Q,271,1.7084341
G271R,271,2.7868314
G271S,271,1.7226603
G271T,271,2.4218307
G271V,271,2.033776
G271W,271,1.9216735
G271Y,271,2.0144665
N272A,272,1.0024842
N272C,272,0.4442193
N272D,272,0.5466579
N272E,272,1.4149554
N272F,272,1.2475977
N272G,272,1.1085671
N272H,272,0.97160184
N272I,272,0.71449536
N272K,272,1.7474276
N272L,272,0.944981
N272M,272,0.9637042
N272P,272,1.1228421
N272Q,272,0.53532445
N272R,272,1.2231766
N272S,272,0.5931932
N272T,272,0.8422572
N272V,272,1.4174079
N272W,272,1.3181543
N272Y,272,1.1542577
F273A,273,0.9204103
F273C,273,0.99129564
F273D,273,1.4439352
F273E,273,1.0610836
F273G,273,0.94628745
F273H,273,0.61654985
F273I,273,0.71148306
F273K,273,0.90601176
F273L,273,0.80940735
F273M,273,0.9162896
F273N,273,1.3486719
F273P,273,0.43106356
F273Q,273,1.1161302
F273R,273,0.80797607
F273S,273,1.1503603
F273T,273,1.0321178
F273V,273,0.66235715
F273W,273,0.24302442
F273Y,273,-0.03809101
G274A,274,0.2318712
G274C,274,0.37498632
G274D,274,1.1527231
G274E,274,0.863506
G274F,274,0.44477016
G274H,274,0.855357
G274I,274,0.6526731
G274K,274,0.6345253
G274L,274,0.81406385
G274M,274,0.6670321
G274N,274,0.5369595
G274P,274,1.805068
G274Q,274,0.67920697
G274R,274,0.37734854
G274S,274,0.70468634
G274T,274,1.0316823
G274V,274,0.5634538
G274W,274,0.5752384
G274Y,274,0.5266131
L275A,275,2.2599137
L275C,275,1.6321408
L275D,275,2.8823707
L275E,275,2.554353
L275F,275,2.0679917
L275G,275,2.622164
L275H,275,2.7597528
L275I,275,1.0885497
L275K,275,2.442988
L275M,275,1.4288082
L275N,275,2.5054405
L275P,275,1.7581526
L275Q,275,2.3527272
L275R,275,2.787969
L275S,275,2.466428
L275T,275,2.1786282
L275V,275,1.4601512
L275W,275,2.7455235
L275Y,275,2.1557953
S276H,276,0.72706354
S276I,276,0.82057905
S276K,276,1.1910162
S276L,276,1.1090199
S276M,276,1.0934207
S276N,276,0.17586637
S276P,276,1.3999461
S276Q,276,0.58120906
S276R,276,1.0395305
S276T,276,0.46445256
S276V,276,1.0552844
S276W,276,1.057904
S276Y,276,0.9454071
N278A,278,-0.09827018
N278C,278,-0.0676026
N278D,278,-0.20003867
N278E,278,-0.040180467
N278F,278,-0.048357204
N278G,278,0.66369283
N278H,278,0.26285943
N278I,278,0.17775698
N278K,278,1.4343171
N278L,278,0.65548444
N278M,278,0.17965266
N278P,278,0.18302843
N278Q,278,0.016182479
N278R,278,0.78020895
N278S,278,-0.15229496
N278T,278,0.4086873
N278V,278,0.2732994
N278W,278,0.06057792
N278Y,278,0.0055926978
Q279A,279,0.91994494
Q279C,279,0.8277693
Q279D,279,1.638876
Q279E,279,0.6300284
Q279F,279,1.8915918
Q279G,279,2.0021377
Q279H,279,1.1665752
Q279I,279,1.7838964
Q279K,279,1.6845738
Q279L,279,2.0485702
Q279M,279,0.4081222
Q279N,279,1.4892153
Q279P,279,2.0072868
Q279R,279,1.438669
Q279S,279,1.1497899
Q279T,279,1.4931679
Q279V,279,1.4655302
Q279Y,279,1.8604695
Q280A,280,0.7841573
Q280C,280,0.21659203
Q280D,280,1.0147644
Q280E,280,0.36619726
Q280F,280,0.56951076
Q280G,280,1.6964836
Q280H,280,0.702551
Q280I,280,1.2289643
Q280K,280,1.250044
Q280L,280,1.2539152
Q280M,280,0.022788523
Q280N,280,0.94238347
V281A,281,1.7666267
V281C,281,0.9168626
V281D,281,2.1807575
V281E,281,1.589234
V281F,281,1.5370535
V281G,281,2.4066484
V281H,281,1.9638933
V281I,281,-0.042036988
V281K,281,1.6507063
V281L,281,0.4768456
V281M,281,0.80354214
V281N,281,1.7449951
V281P,281,2.4284592
V281Q,281,1.2671807
V281R,281,1.8665383
V281S,281,2.086353
V281T,281,1.2997853
V281W,281,2.0021555
V281Y,281,0.8226902
T282A,282,0.6720426
T282C,282,0.56473005
T282D,282,1.4060547
T282E,282,2.0719423
T282F,282,1.4399803
T282G,282,1.6921575
T282H,282,2.0448349
T282I,282,0.33656597
T282K,282,2.585836
T282L,282,0.92486364
T282M,282,1.1109049
T282N,282,1.3748376
T282P,282,1.6098988
T282Q,282,1.7677759
T282R,282,2.2828813
T282S,282,0.5060488
T282V,282,0.12809643
T282W,282,2.462293
T282Y,282,2.1727502
M284C,284,1.0633018
M284D,284,2.7797656
M284E,284,2.4339411
M284F,284,0.5321881
M284G,284,3.1572986
M284H,284,2.3139274
M284I,284,1.5224844
M284K,284,2.229671
M284L,284,1.0998138
M284N,284,2.7313473
M284P,284,2.672926
M284Q,284,2.0635161
M284R,284,2.760374
A285C,285,0.9244172
A285D,285,2.5738614
A285E,285,2.4846678
A285F,285,2.0492103
A285G,285,1.1654183
A285H,285,2.5617967
A285I,285,0.43162313
A285K,285,2.9925654
A285M,285,1.8553652
A285N,285,2.8289533
A285P,285,3.0192142
A285Q,285,2.5481033
A285R,285,3.001203
A285S,285,0.1968893
A285T,285,0.9034613
A285V,285,0.3278577
A285W,285,2.1725128
A285Y,285,2.1404471
L286A,286,1.75649
L286C,286,0.9120641
L286D,286,2.660407
L286E,286,2.1812131
L286F,286,0.10626179
L286G,286,2.6850438
L286H,286,2.092071
L286I,286,0.34382
L286K,286,2.5579684
L286M,286,0.091706835
L286N,286,2.7414353
L286P,286,2.9951577
L286Q,286,2.1878605
L286R,286,2.3819857
L286S,286,1.7998346
L286T,286,1.3659464
L286V,286,0.6537957
L286W,286,1.0197294
L286Y,286,0.7731115
W287F,287,1.235055
W287G,287,4.123251
W287H,287,2.5181592
W287I,287,2.5447476
W287K,287,3.2445157
W287L,287,2.4349551
W287M,287,2.0425124
W287N,287,3.4864292
W287P,287,4.068866
W287Q,287,2.9597132
W287R,287,2.6344604
W287S,287,3.0466175
W287T,287,3.04211
W287V,287,2.929814
W287Y,287,1.0670639
A288C,288,0.20622866
A288D,288,1.4562242
A288E,288,1.7621132
I289A,289,2.699511
I289C,289,1.7390484
I289D,289,2.7802572
I289E,289,2.2553167
I289F,289,1.3467244
I289G,289,2.763768
I289H,289,2.8285244
I289K,289,2.451556
I289L,289,0.26154444
I289M,289,0.47015962
I289N,289,2.5532558
I289P,289,2.7243066
I289Q,289,2.4011292
I289R,289,2.6122346
I289S,289,2.7995925
I289T,289,1.792194
I289V,289,0.6305133
I289W,289,1.9780184
I289Y,289,2.011805
P293A,293,1.4118376
P293C,293,1.1500987
P293D,293,1.6525314
P293E,293,1.8581617
P293F,293,1.7300123
P293G,293,1.6965116
P293H,293,1.9824852
P293I,293,1.1386533
P293K,293,1.9669014
P293L,293,1.1919596
P293M,293,1.5488749
P293N,293,1.4846264
P293Q,293,1.7326539
P293R,293,1.7930466
P293S,293,1.5346477
P293T,293,1.1919459
P293V,293,0.772838
P293W,293,1.2861259
P293Y,293,1.777091
L294A,294,2.5607681
L294C,294,1.6386774
L294D,294,3.2211902
L294E,294,2.846518
L294F,294,0.03108407
L294G,294,3.228105
L294H,294,2.9061906
L294I,294,1.1182506
L294K,294,2.6998858
L294M,294,0.40651187
L294N,294,3.2793717
L294P,294,2.863552
L294Q,294,2.933334
L294R,294,2.9407947
L294S,294,2.8837967
L294T,294,2.5584612
L294V,294,1.6800123
L294W,294,0.95265865
L294Y,294,1.3921182
F295A,295,2.3239834
F295C,295,1.657593
F295D,295,2.5625112
F295E,295,2.0099483
F295G,295,2.5323155
F295H,295,1.2329417
F295I,295,0.94294894
F295K,295,1.9933708
F295L,295,0.5841611
F295M,295,0.5106237
F295N,295,2.317779
F295P,295,2.605441
F295Q,295,1.6696564
F295R,295,2.0221975
F295S,295,2.551035
F295T,295,2.2573256
F295V,295,1.4444561
F295W,295,-0.03589942
F295Y,295,0.035033345
S297A,297,0.31204194
S297C,297,0.46549815
S297D,297,1.5100286
S297E,297,1.4936228
S297F,297,1.5188563
S297G,297,0.758481
S297H,297,1.8097166
S297I,297,1.4000531
S297K,297,2.1579022
S297L,297,1.2382482
S297M,297,1.4300843
S297N,297,1.6596178
S297P,297,2.3471694
S297Q,297,1.642977
S297R,297,1.9338659
S297T,297,1.0202692
S297V,297,1.1826665
S297W,297,1.6123917
S297Y,297,1.3015271
N298A,298,0.93017375
N298C,298,0.10993822
N298D,298,0.7126936
N298E,298,1.5959098
N298F,298,1.2436693
N298G,298,1.3497732
N298H,298,1.278229
N298I,298,0.8421755
N298K,298,1.8621982
N298L,298,0.5978247
N298M,298,1.1747204
N298P,298,1.0873231
N298Q,298,1.2424045
N298R,298,1.8367083
N298S,298,1.1235621
N298T,298,0.9013764
N298V,298,0.55637896
N298W,298,1.8096088
N298Y,298,1.8138087
D299A,299,1.9398625
D299C,299,1.4225161
D299E,299,1.9189737
D299F,299,2.338405
D299G,299,1.8796724
D299H,299,2.2529576
D299I,299,1.9271635
D299K,299,2.1503348
D299L,299,2.1902783
D299M,299,2.2280617
D299N,299,1.3768647
D299P,299,2.5603607
D299Q,299,2.4837852
D299R,299,2.4130833
D299S,299,1.7034353
D299T,299,2.58293
D299V,299,2.2950273
D299W,299,2.0139995
D299Y,299,2.2208507
L300A,300,2.3766377
L300C,300,1.7378588
L300D,300,2.932573
L300E,300,2.6305976
L300F,300,1.2969393
L300G,300,2.5953982
L300H,300,3.0565047
L300I,300,0.95097846
L300K,300,2.5494246
L300M,300,1.1950264
L300N,300,2.9863477
L300P,300,2.2172525
L300Q,300,2.6233902
L300R,300,2.8376734
L300S,300,2.7597363
L300T,300,2.6334362
L300V,300,1.5977218
L300W,300,2.2351499
L300Y,300,2.1603131
R301A,301,2.532312
R301C,301,2.374136
R301D,301,3.1752756
R301E,301,2.534694
R301F,301,2.3358014
R301G,301,2.204098
R301H,301,1.7266527
R301I,301,3.1327503
R301K,301,2.0991104
R301L,301,2.9098706
R301M,301,2.165668
R301N,301,2.6990738
R301P,301,2.804448
R301Q,301,2.3133597
R301S,301,2.4241843
R301T,301,2.7606034
R301V,301,3.0301273
R301W,301,1.7706484
R301Y,301,2.0584817
H302A,302,0.5211809
H302C,302,0.06604164
H302D,302,0.9537117
H302E,302,0.8643457
H302F,302,-0.11265421
H302G,302,0.60417736
H302I,302,-0.052870966
H302K,302,0.22115993
H302L,302,0.15661831
H302M,302,0.3818415
H302N,302,0.8786977
H302P,302,0.79124755
H302Q,302,0.50219625
H302R,302,0.035248883
H302S,302,0.43017784
H302T,302,0.331877
H302V,302,-0.003810038
H302W,302,-0.06962075
H302Y,302,-0.19051886
I303A,303,1.9217857
I303C,303,1.0384634
I303D,303,2.6362083
I303E,303,2.3113873
I303F,303,1.6668732
I303G,303,2.1755188
I303H,303,2.2446654
I303K,303,2.4440591
I303L,303,-0.102034315
I303M,303,0.14806186
I303N,303,2.4396656
I303P,303,2.475943
I303Q,303,2.0675132
I303R,303,2.6151333
I303S,303,2.1759632
I303T,303,1.4370162
I303V,303,0.31645977
I303W,303,2.017556
I303Y,303,1.7770195
S304A,304,0.8422597
S304C,304,0.3625916
S304D,304,0.34692347
S304E,304,0.75957674
S304F,304,0.7682187
S304G,304,0.60170627
S304H,304,0.8008127
S304I,304,0.81936157
S304K,304,1.0663314
S304L,304,1.128588
S304M,304,0.6654603
S304N,304,0.46256477
S304P,304,1.0613678
S304Q,304,0.63454115
S304R,304,0.7864793
S304T,304,0.7091854
S304V,304,1.0736197
S304W,304,0.68055916
S304Y,304,0.60944283
P305A,305,0.15664473
P305C,305,0.39407694
P305D,305,0.13946232
P305E,305,0.25074703
P305F,305,0.6133913
P305G,305,0.56007135
P305H,305,0.55156994
P305I,305,0.41400138
P305K,305,0.30737406
P305L,305,0.25243753
P305M,305,0.5006685
P305N,305,0.2519112
P305Q,305,0.36724097
P305R,305,0.37396967
P305S,305,0.17182252
P305T,305,0.31097147
P305V,305,0.32409978
P305W,305,0.48153257
P305Y,305,0.75987136
K308A,308,0.88147736
K308C,308,1.1292677
K308D,308,2.2602217
K308E,308,1.2528213
K308F,308,0.8582036
K308G,308,2.018581
K308H,308,0.9531104
K308I,308,0.7575195
K308L,308,0.7931257
K308M,308,0.3240656
K308N,308,2.1007385
K308P,308,2.6711392
K308Q,308,0.57251406
K308R,308,-0.029523099
K308S,308,1.1298398
K308T,308,1.1031315
K308V,308,1.143702
K308W,308,0.69068056
K308Y,308,1.0322467
A309L,309,0.38271397
A309M,309,0.33047146
A309N,309,0.582261
A309P,309,1.8389374
A309Q,309,0.32555288
A309R,309,0.1127877
A309S,309,0.35550705
A309T,309,0.6786033
A309V,309,0.5135516
A309W,309,0.2232224
A309Y,309,0.5372027
L310A,310,2.1096647
L310C,310,1.657423
L310D,310,2.88307
L310E,310,2.840094
L310F,310,1.9856017
L310G,310,2.3792834
L310H,310,2.7543952
L310I,310,1.3733664
L310K,310,2.8492289
L310M,310,1.1000081
L310N,310,2.7731047
L310P,310,2.3231761
L310Q,310,2.906493
L310R,310,3.101844
L310S,310,2.3520455
L310T,310,2.3790863
L310V,310,1.5413601
L310W,310,2.045126
L310Y,310,2.151526
L311A,311,2.374426
L311C,311,1.5727895
L311D,311,3.4418018
L311E,311,2.9291134
L311F,311,1.9032387
L311G,311,2.6292813
L311H,311,3.1175182
L311I,311,1.1287848
L311K,311,2.9953663
L311M,311,0.9236013
L311N,311,3.38325
L311P,311,2.5934925
L311Q,311,2.9286861
L311R,311,3.3182092
L311S,311,2.8084886
L311T,311,2.09066
L311V,311,1.6983969
L311W,311,2.0544338
L311Y,311,1.9307249
Q312W,312,0.92206395
Q312Y,312,1.6338196
D313A,313,0.672655
D313C,313,0.12768064
D313E,313,0.82835704
D313F,313,0.561359
D313G,313,1.0192287
D313H,313,-0.026518757
D313I,313,1.1984441
D313K,313,1.1220316
D313L,313,0.95424175
D313M,313,0.1434818
D313N,313,-0.3031862
D313P,313,2.7989793
D313Q,313,0.54812574
D313R,313,0.9899562
D313S,313,0.270578
D313T,313,1.3411791
D313V,313,1.8953193
D313W,313,0.76212454
D313Y,313,0.81166935
K314A,314,0.16854021
K314C,314,0.32518885
K314D,314,0.76788694
K314E,314,0.33474112
K314F,314,-0.25236696
K314G,314,0.444353
K314H,314,0.11948885
K314I,314,0.3390214
K314L,314,-0.038003772
K314M,314,0.32537538
K314N,314,0.6826956
K314P,314,0.4930672
K314Q,314,0.20742452
K314R,314,-0.26802397
K314S,314,0.32120755
K314T,314,0.44480577
K314V,314,0.38169488
K314W,314,-0.11326808
K314Y,314,-0.40387565
D315A,315,0.18281028
D315C,315,0.37036043
D315E,315,0.62895906
D315F,315,0.14659497
D315G,315,0.47286925
D315H,315,0.493467
D315I,315,1.3091965
D315K,315,1.2831557
D315L,315,0.50801647
D315M,315,0.4980538
D315N,315,0.64171517
D315P,315,1.15281
D315Q,315,0.7092942
D315R,315,0.45307964
D315S,315,0.14108115
D315T,315,1.0957482
D315V,315,1.2983654
D315W,315,0.2359864
D315Y,315,0.07674275
V316A,316,1.2916362
V316C,316,1.0357168
V316D,316,2.2763271
V316E,316,2.5136623
V316F,316,1.7495358
V316G,316,2.7310593
V316H,316,3.1345487
V316I,316,0.21097675
V316K,316,2.4768167
V316L,316,0.12273735
V316M,316,1.3964512
V316N,316,2.1202443
V316P,316,1.3142312
V316Q,316,2.5051436
V316S,316,1.77458
V316T,316,1.0386692
V316W,316,2.1695814
V316Y,316,2.175004
I317A,317,2.2977192
I317C,317,1.7840106
I317D,317,2.835241
I317E,317,2.8596387
I317F,317,2.3208575
I317G,317,2.4831076
I317H,317,2.7105663
I317K,317,2.4143746
I317L,317,0.18319535
I317M,317,2.0053377
I317N,317,2.6359136
I317P,317,2.8240242
I317Q,317,2.9521348
I317R,317,2.4225235
I317S,317,2.388003
I317T,317,2.1018186
I317V,317,0.7409894
I317W,317,1.9885128
I317Y,317,2.27244
A318C,318,0.61015624
A318D,318,0.36619776
A318E,318,0.3049391
A318F,318,0.6925792
A318G,318,0.5821489
A318H,318,0.5421489
A318I,318,0.5572424
A318K,318,0.081142314
A318L,318,0.57527936
A318M,318,0.714986
A318N,318,0.38980407
A318P,318,1.8777136
A318Q,318,0.4234069
A318R,318,0.08032895
A318S,318,0.3090616
A318T,318,0.9351145
A318V,318,0.8248911
A318W,318,0.39289302
A318Y,318,0.6167792
I319A,319,2.2047157
I319C,319,1.8637117
I319D,319,2.7346923
I319E,319,2.7879589
I319F,319,1.7230104
I319G,319,2.403436
I319H,319,2.7067945
I319K,319,2.4111583
I319L,319,0.5079236
I319M,319,0.47361112
I319N,319,2.6176076
I319P,319,2.1894832
I319Q,319,1.979051
I319R,319,2.3281834
I319S,319,2.5873387
I319T,319,1.7397029
I319V,319,0.35906768
I319W,319,2.013925
I319Y,319,1.9742422
N320A,320,1.617399
N320C,320,1.0424466
N320D,320,0.22965665
N320E,320,1.6358948
N320F,320,1.8383356
N320G,320,1.8003595
N320H,320,1.2726187
N320I,320,1.6000118
N320K,320,2.2626672
N320L,320,1.5217555
N320M,320,1.4752439
N320P,320,2.1141388
N320Q,320,1.533911
N320R,320,2.3284602
N320S,320,2.0216002
N320T,320,1.8946781
N320V,320,1.6940682
N320W,320,2.1067336
N320Y,320,2.402226
Q321A,321,1.9304978
Q321C,321,1.4559004
Q321D,321,2.178813
Q321E,321,1.0008748
Q321F,321,1.6860292
Q321G,321,1.953406
Q321H,321,1.2139614
Q321I,321,1.4351633
Q321K,321,1.593618
Q321L,321,1.5469943
Q321M,321,0.99383575
Q321N,321,1.6972523
Q321P,321,2.4428444
Q321R,321,1.0910046
Q321S,321,1.88009
Q321T,321,1.4573946
Q321V,321,1.5156437
Q321W,321,1.1998062
Q321Y,321,1.7487001
D322A,322,1.4410225
D322C,322,1.0095024
D322E,322,2.1499178
D322F,322,1.6062956
D322G,322,1.5852712
D322H,322,1.0837147
D322I,322,2.447237
D322K,322,2.643178
D322L,322,2.607348
D322M,322,1.9754444
D322N,322,0.8854624
D322P,322,2.7581296
D322Q,322,2.1794925
D322R,322,2.3261294
D322S,322,1.1765077
D322T,322,2.225543
D322V,322,2.6996236
D322W,322,1.3207246
D322Y,322,1.850405
P323A,323,0.48125634
P323C,323,0.49630135
P323D,323,0.33447012
P323E,323,0.28078833
P323F,323,0.32468683
P323G,323,0.81063986
P323H,323,0.39681125
P323I,323,-0.047686435
P323K,323,0.2835738
P323L,323,0.15757199
P323M,323,0.14408147
P323N,323,0.38315395
P323Q,323,0.2983635
P323R,323,0.23385902
P323S,323,0.30822694
P323T,323,0.40471515
P323V,323,0.051849283
P323W,323,0.20816341
P323Y,323,0.33875015
L324A,324,0.8050674
L324D,324,1.1312243
L324E,324,1.4582382
L324F,324,0.83433807
L324G,324,1.4173409
L324H,324,1.4139669
L324I,324,1.1237481
L324K,324,1.2258079
L324M,324,0.6762868
L324N,324,1.5047305
L324P,324,1.6014798
L324Q,324,1.4928106
L324R,324,1.2745075
L324S,324,0.90046805
G325A,325,0.47851372
G325C,325,0.5813816
G325D,325,2.045076
G325K,325,1.7330716
G325L,325,1.5543083
G325M,325,1.3943164
G325N,325,1.6522238
G325P,325,1.8948847
G325Q,325,1.6420672
G325R,325,1.6415713
G325S,325,1.0201212
G325T,325,1.6477581
G325V,325,1.5437388
G325W,325,1.0663573
G325Y,325,0.5801383
K326A,326,0.543115
K326C,326,0.55215895
K326D,326,1.7520329
K326E,326,1.2447695
K326F,326,0.91910094
K326G,326,1.3461773
K326H,326,0.9177701
K326I,326,0.55310327
K326L,326,0.42118153
K326M,326,0.25973004
K326N,326,1.5244474
K326P,326,2.5475533
K326Q,326,0.70739776
K326R,326,0.030666914
K326S,326,0.88366014
K326T,326,1.3596929
K326V,326,1.0426848
K326W,326,0.90013313
K326Y,326,1.016485
Q327A,327,1.38376
Q327C,327,1.0417135
Q327D,327,1.766025
Q327E,327,0.5157703
Q327F,327,1.531538
Q327G,327,1.7391865
Q327H,327,1.01093
Q327I,327,1.876234
Q327K,327,1.5533084
Q327L,327,1.9337603
Q327M,327,-0.074812606
Q327N,327,1.3934625
Q327P,327,1.1089157
Q327R,327,1.1177381
Q327S,327,1.4290621
Q327T,327,1.5214232
Q327V,327,1.417742
Q327W,327,1.5820801
Q327Y,327,1.7233158
G328A,328,0.78155947
G328C,328,1.1188595
G328D,328,2.69689
G328E,328,2.6746387
G328F,328,2.0705955
G328H,328,2.4679894
G328I,328,2.1460617
G328K,328,2.5922012
G328Q,328,2.4459488
G328R,328,2.4060938
G328S,328,1.6666601
G328T,328,2.3367393
G328V,328,2.248386
G328W,328,1.1074636
G328Y,328,1.9745617
Y329A,329,2.045765
Y329C,329,1.3816481
Y329D,329,3.2822354
Y329E,329,2.995129
Y329F,329,0.8478592
Y329G,329,2.5665061
Y329H,329,1.589277
Y329I,329,1.6757753
Y329K,329,2.2458813
Y329L,329,1.7284817
Y329M,329,1.9198071
Y329N,329,2.5937371
Y329P,329,2.8783584
Y329Q,329,2.4231887
Y329R,329,1.2180903
Y329S,329,1.8855997
Y329T,329,2.082661
Y329V,329,1.796943
Y329W,329,0.5445881
Q330A,330,1.010667
Q330C,330,0.01555756
Q330D,330,1.0931314
Q330E,330,0.23383537
Q330F,330,0.53736126
Q330G,330,1.9465411
Q330H,330,0.7527557
Q330I,330,1.136443
Q330K,330,0.2371443
Q330L,330,0.052627765
Q330M,330,-0.12544978
Q330N,330,0.77200586
Q330P,330,1.6819661
Q330R,330,0.0292274
Q330S,330,1.206003
Q330T,330,1.028283
Q330V,330,1.1088326
Q330W,330,0.78157014
Q330Y,330,1.2935019
R332A,332,0.5440811
R332C,332,0.002265796
R332D,332,1.455387
R332E,332,0.7718013
R332F,332,-0.19176127
R332G,332,1.0684698
R332H,332,0.3733759
R332I,332,0.46474472
R332K,332,0.52623296
R332L,332,0.18829866
R332M,332,-0.036001023
R332N,332,0.9119462
R332P,332,1.867327
R332Q,332,0.44052824
R332S,332,0.37586585
R332T,332,0.5989709
R332V,332,0.8201529
R332W,332,-0.41180506
R332Y,332,-0.300784
Q333A,333,-0.15163329
Q333C,333,-0.08980554
Q333D,333,0.6129103
Q333E,333,0.18717568
Q333F,333,-0.22154078
Q333G,333,0.6896309
Q333H,333,0.26991606
Q333I,333,0.18162397
Q333K,333,-0.1632441
Q333L,333,0.05197824
Q333M,333,-0.103899695
Q333N,333,0.34852475
Q333P,333,2.290091
Q333R,333,-0.08698428
Q333S,333,-0.17603861
Q333T,333,-0.03345311
Q333V,333,0.12452992
Q333W,333,-0.09734686
Q333Y,333,-0.2189816
G334A,334,0.6316174
G334C,334,0.040807534
G334D,334,0.1789051
G334E,334,-0.17222604
G334F,334,-0.010797502
G334H,334,0.041813936
G334I,334,0.28659594
G334K,334,0.4338588
G334L,334,0.30794477
G334M,334,0.32653627
G334N,334,0.28697285
G334P,334,1.6904835
G334Q,334,0.06533595
G334W,334,0.24153557
G334Y,334,0.05600974
D335A,335,0.78337383
D335C,335,0.42878237
D335E,335,0.4151949
D335F,335,0.57625955
D335G,335,0.22857177
D335H,335,0.47689086
D335I,335,1.0694218
D335K,335,0.9053939
D335L,335,0.60859185
D335M,335,0.39773756
D335N,335,0.20838313
D335P,335,1.4958525
D335Q,335,0.3017458
D335R,335,0.72599494
D335S,335,0.5463699
D335T,335,1.23745
D335V,335,1.5537179
D335W,335,0.556907
D335Y,335,0.6063553
N336A,336,0.17630747
N336C,336,0.08921614
N336D,336,0.25597662
N336E,336,0.33698854
N336F,336,-0.18100874
N336G,336,0.61859065
N336H,336,0.19314656
N336I,336,0.36165756
N336K,336,0.29394487
N336L,336,-0.0071827485
N336M,336,-0.113068864
N336P,336,1.3987219
N336Q,336,0.09330155
N336R,336,0.0975264
N336S,336,0.08246821
N336T,336,1.1797081
N336V,336,0.7346033
N336W,336,0.018793475
N336Y,336,-0.17270672
F337A,337,2.2686481
F337C,337,1.6891034
F337D,337,2.6641128
F337E,337,2.180561
F337G,337,2.2645495
F337H,337,2.0018673
F337I,337,0.44850922
F337K,337,2.6175504
F337L,337,1.4929434
F337M,337,1.0254596
F337N,337,2.5666704
F337P,337,2.5343127
F337Q,337,2.466236
F337R,337,2.249261
F337S,337,2.3705955
F337T,337,2.3601472
F337V,337,1.3253572
F337W,337,0.40654516
F337Y,337,0.9028467
E338A,338,0.41180277
E338C,338,0.3603252
E338D,338,0.47735137
E338F,338,0.8919948
E338G,338,1.4928881
E338H,338,1.0010009
E338I,338,1.0557392
E338K,338,1.349673
E338L,338,0.6594536
E338M,338,0.39477363
V339A,339,1.7347801
V339C,339,0.9679265
V339D,339,2.4605546
V339E,339,2.0275383
V339F,339,1.0969714
V339G,339,2.77562
V339H,339,2.2334847
V339I,339,0.25367492
V339K,339,2.2010512
W340A,340,3.2673008
W340C,340,2.3254786
W340D,340,3.838353
W340E,340,3.5276642
W340F,340,1.1933992
W340G,340,4.0417147
W340H,340,2.3927555
W340I,340,3.0402133
W340K,340,3.516758
W340L,340,2.9358556
W340M,340,2.5367112
W340N,340,3.611813
W340P,340,3.9414876
W340Q,340,3.2722104
W340R,340,2.6417506
W340S,340,3.2771118
W340T,340,3.5675182
W340V,340,3.3543503
W340Y,340,1.1129614
R342A,342,0.76883566
R342C,342,0.57111657
R342D,342,2.0519776
R342E,342,1.6789929
R342F,342,1.4537728
R342G,342,1.8746849
R342H,342,1.2826288
R342I,342,-0.038120165
R342K,342,-0.1255235
R342L,342,0.3092692
R342M,342,-0.045122474
R342N,342,1.7429823
R342P,342,2.0646214
R342Q,342,0.95573246
R342S,342,1.2338121
R342T,342,0.7268613
R342V,342,0.24639896
R342W,342,1.2471312
R342Y,342,0.95113724
P343A,343,1.0437213
P343C,343,0.9238802
P343D,343,1.5267129
P343E,343,0.62661743
P343F,343,0.6155063
P343G,343,1.5486811
P343H,343,0.80938184
P343I,343,1.0276506
P343L,343,0.90779686
P343M,343,0.7724729
P343N,343,1.2977812
P343Q,343,0.40186048
P343R,343,0.58317304
P343S,343,1.0120198
P343T,343,1.1580535
P343V,343,1.2227296
P343W,343,0.72375184
P343Y,343,0.60472167
S345A,345,-0.1817882
S345C,345,0.23426545
S345D,345,1.0061119
S345E,345,0.8168168
S345F,345,0.3322634
S345G,345,0.39296156
S345H,345,0.7243094
S345I,345,0.68239254
S345K,345,0.9823469
S345L,345,0.56307507
S345M,345,0.5123877
S345N,345,0.9976369
S345P,345,1.8559288
S345Q,345,0.63890374
S345R,345,0.87247837
S345T,345,0.3821271
S345V,345,0.4856789
S345W,345,0.39786506
S345Y,345,0.39373976
G346A,346,0.9602066
G346C,346,0.6943734
G346D,346,0.5444253
G346E,346,0.6469565
G346F,346,0.43238735
G346H,346,0.3359278
G346I,346,1.2388884
G346K,346,0.47889718
G346L,346,0.6066386
G346M,346,0.6411303
G346N,346,0.3616869
G346P,346,2.3219275
G346Q,346,0.6092721
G346R,346,0.50455844
G346S,346,0.68405604
G346T,346,1.4524621
G346V,346,1.5192478
G346W,346,0.47452345
A348C,348,0.33528
A348D,348,1.288321
A348E,348,0.67767227
A348F,348,0.36619115
A348G,348,1.1792037
A348H,348,0.85370827
A348I,348,0.15736423
A348K,348,0.05128488
A348L,348,0.45849332
A348M,348,0.08092604
A348N,348,1.0425322
A348P,348,2.005278
A348Q,348,0.3585309
A348R,348,-0.102994956
A348S,348,0.37144578
A348T,348,0.8277299
A348V,348,0.21659088
A348W,348,0.5588772
A348Y,348,0.32324785
W349A,349,2.2841911
W349C,349,1.4725621
W349D,349,2.9515233
W349E,349,2.5241256
W349F,349,0.5413442
W349G,349,2.9149394
W349H,349,1.7948614
W349I,349,2.2808459
W349K,349,2.8133767
W349L,349,1.819751
W349M,349,1.8849329
W349N,349,2.793552
W349P,349,3.1855397
W349Q,349,2.438858
W349R,349,1.9200634
W349S,349,2.405007
W349T,349,2.1866245
W349V,349,2.0105138
W349Y,349,0.5487766
A350C,350,1.0617278
A350D,350,2.7743015
A350E,350,2.328055
A350F,350,2.3299294
A350G,350,1.1817182
A350H,350,2.7067318
A350I,350,1.2487694
A350K,350,3.1145914
A350L,350,1.6986811
A350M,350,1.967077
A350N,350,2.8104873
A350P,350,2.9701087
A350Q,350,2.6869733
A350R,350,2.686254
A350S,350,0.94896984
A350T,350,2.007996
A350V,350,1.4080502
A350W,350,2.474334
A350Y,350,2.0957162
A352C,352,0.614977
A352D,352,2.466589
A352E,352,2.3702588
A352F,352,1.3382088
A352G,352,1.0469167
A352H,352,2.793285
A352I,352,1.4934767
A352K,352,2.9674702
A352L,352,0.9590376
A352M,352,1.1125138
A352N,352,2.416776
A352P,352,2.9204926
A352Q,352,1.9592493
A352R,352,3.0919566
A352S,352,0.7949767
A352T,352,1.8791167
A352V,352,1.5205066
A352W,352,1.5319828
A352Y,352,1.6269102
I354A,354,1.1456656
I354C,354,0.69341177
I354D,354,1.4139359
I354E,354,1.3102324
I354F,354,-0.1926187
I354G,354,2.2372577
I354H,354,0.2309833
I354K,354,1.2013571
I354L,354,-0.07815419
I354M,354,-0.03916714
I354N,354,1.4208397
I354P,354,1.6937336
I354Q,354,1.2461468
I354R,354,0.87326354
I354S,354,1.374474
I354T,354,0.8280325
I354V,354,0.042925492
I354W,354,0.1762879
I354Y,354,-0.0591288
N355A,355,1.8807703
N355C,355,0.44328985
N355D,355,0.48712063
N355E,355,1.8362248
N355F,355,0.84260577
N355G,355,2.0327287
N355H,355,1.1021029
N355I,355,2.6380153
N355K,355,2.2613206
N355L,355,0.7020949
N355M,355,1.3153751
N355P,355,2.9271617
N355Q,355,1.1278428
N355R,355,2.0948884
N355S,355,1.2232982
N355T,355,2.1460044
N355V,355,2.0737772
N355W,355,1.8734207
N355Y,355,0.92256224
R356A,356,0.96794164
R356C,356,0.33574623
R356D,356,0.9677824
R356E,356,1.226507
R356F,356,0.055520795
R356G,356,1.435317
R356H,356,0.853762
R356I,356,0.7464487
R356K,356,0.85894805
R356L,356,0.30872014
R356M,356,0.2176034
R356N,356,0.8092068
R356P,356,1.7696301
R356Q,356,1.1383405
R356S,356,0.9085108
R356T,356,0.80336535
R356W,356,0.09887935
R356Y,356,0.40250593
Q357A,357,0.39975673
Q357C,357,-0.090353146
Q357D,357,0.51176536
Q357E,357,0.41475147
Q357F,357,0.5914542
Q357G,357,1.0643913
Q357H,357,0.65726644
Q357I,357,0.7610904
Q357K,357,0.33529216
Q357L,357,-0.004434666
Q357M,357,-0.066128954
Q357N,357,0.6967653
Q357P,357,2.3091836
Q357R,357,-0.021937218
Q357S,357,0.16799721
Q357T,357,0.433953
Q357V,357,0.9588312
Q357W,357,0.6740221
Q357Y,357,0.56652206
I359A,359,0.48090425
I359C,359,0.25814694
I359D,359,0.6749451
I359E,359,0.69054157
I359F,359,0.11061908
I359G,359,0.50680894
I359H,359,0.5619372
I359K,359,0.61884505
I359L,359,0.13729295
I359M,359,0.15838411
I359N,359,0.83059424
I359P,359,0.44317952
I359Q,359,0.81883985
I359R,359,0.42778167
I359S,359,0.5141711
I359T,359,0.76506263
I359V,359,0.17041889
I359W,359,0.17480707
I359Y,359,0.23509891
G360E,360,1.6541979
G360F,360,1.0769743
G360H,360,1.378719
G360I,360,1.5674298
G360K,360,1.6737124
G360L,360,1.5251503
G360M,360,1.3828224
G360N,360,1.3915088
G360P,360,1.5553312
G360Q,360,1.4827149
G360R,360,1.588134
G360S,360,1.1221982
G360T,360,1.5599331
G360V,360,1.6427896
G360W,360,1.4148104
G360Y,360,1.1542542
G361A,361,1.1993654
G361C,361,0.55312645
G361D,361,1.3892151
G361E,361,1.3253567
G361F,361,0.7038969
G361H,361,0.8286271
G361I,361,1.4586118
G361K,361,1.249379
G361L,361,1.5950855
G361M,361,1.046537
G361N,361,1.3982241
G361P,361,0.7401825
G361Q,361,1.1715894
G361R,361,1.2166094
G361S,361,1.0987027
G361T,361,1.4296204
G361V,361,1.3465313
G361W,361,0.80251646
G361Y,361,0.7496811
P362A,362,0.2497263
P362C,362,0.73976743
P362D,362,0.8225306
R363A,363,1.6760321
R363C,363,1.4764321
R363D,363,2.465116
R363E,363,2.0942369
R363F,363,1.7658455
R363G,363,1.7114818
R363H,363,1.8704036
R363I,363,1.8024553
R363K,363,1.8587898
R363L,363,1.3408148
R363M,363,1.4146258
S364A,364,-0.2209712
S364C,364,-0.016354952
S364D,364,-0.2199086
S364E,364,0.007406704
S364F,364,-0.23776254
S364G,364,0.27091965
S364H,364,0.22543354
S364I,364,-0.020613018
S364K,364,0.98514855
S364L,364,-0.31039172
S364M,364,0.0065199756
S364N,364,0.4707086
S364P,364,0.6773691
S364Q,364,0.24115796
S364R,364,0.73049754
S364T,364,-0.0361258
S364V,364,-0.13768105
S364W,364,-0.3606692
S364Y,364,-0.25929755
Y365A,365,1.6027386
Y365C,365,0.8768425
Y365D,365,2.47902
Y365E,365,2.3872166
Y365F,365,0.05707566
Y365G,365,2.3521783
Y365H,365,1.3343695
Y365I,365,1.2637925
Y365K,365,2.1160958
Y365L,365,0.6261577
Y365M,365,1.3472271
Y365N,365,2.274217
Y365P,365,2.6051402
Y365Q,365,2.24435
Y365R,365,1.662249
Y365S,365,1.8275524
Y365T,365,1.9015061
Y365V,365,1.733057
Y365W,365,0.69650733
T366A,366,0.7092546
T366C,366,0.5108717
T366D,366,0.25999677
T366E,366,0.23596248
T366F,366,0.2848649
T366G,366,1.3086426
T366H,366,1.0981814
T366I,366,0.21889246
T366K,366,1.1313884
T366L,366,0.3894899
T366M,366,0.34518647
T366N,366,0.9695241
T366P,366,1.3139634
T366Q,366,0.81049407
T366R,366,0.8508978
T366S,366,0.48707932
T366V,366,0.085205
T366W,366,0.0914074
T366Y,366,0.29262128
I367A,367,1.4397429
I367C,367,0.70209837
I367D,367,2.4534318
I367E,367,1.2829015
I367F,367,0.13036498
I367G,367,2.488886
I367H,367,1.867238
I367K,367,2.28974
I367L,367,-0.07082383
I367M,367,0.12595527
I367N,367,2.3364315
I367P,367,2.0799885
I367Q,367,1.6917607
I367R,367,2.179694
I367S,367,1.9682966
I367T,367,1.1164633
I367V,367,0.2566124
I367W,367,0.7192693
I367Y,367,0.9060365
A368C,368,0.13416883
A368D,368,0.22447006
A368E,368,-0.057343185
A368F,368,0.05798977
A368G,368,0.4896298
A368H,368,0.17156106
A368I,368,0.19207136
A368K,368,0.30600426
A368L,368,0.04470064
A368M,368,0.11007706
A368N,368,0.47625628
A368P,368,0.42970198
A368Q,368,0.17983834
A368R,368,0.32554945
A368S,368,0.20120208
A368T,368,0.57061946
A368V,368,0.29729718
A368W,368,0.020371864
A368Y,368,0.07603453
A370C,370,-0.10749266
A370D,370,0.5439968
A370E,370,0.1272309
A370F,370,-0.12204033
A370G,370,0.91778773
A370H,370,-0.051927216
A370I,370,0.30830556
A370K,370,0.20548077
A370L,370,0.42274123
A370M,370,-0.08473686
A370N,370,0.28912994
A370P,370,1.3049265
A370Q,370,-0.006678513
A370R,370,0.12122722
A370S,370,0.020870028
A370T,370,0.69459796
A370V,370,0.44952494
A370W,370,-0.08526014
A370Y,370,-0.055278957
S371A,371,0.09398444
S371C,371,0.15142575
S371D,371,0.3599785
S371E,371,0.19452098
S371F,371,0.3659068
S371G,371,0.4727816
S371H,371,0.47262627
S371I,371,0.03698299
S371K,371,1.0899546
S371L,371,0.21423168
S371M,371,0.27866298
S371N,371,0.7265544
S371P,371,0.4515544
S371Q,371,0.33432978
S371R,371,0.91176283
S371T,371,0.24176565
S371V,371,0.19363311
S371W,371,0.27703673
S371Y,371,0.32023403
G373A,373,1.2928019
G373C,373,1.2986863
G373D,373,2.4555001
G373E,373,2.4200807
G373F,373,1.1787701
G373H,373,1.7221644
G373I,373,1.7051462
G373K,373,2.486547
G373L,373,1.6654009
G373M,373,1.7573382
G373N,373,2.422196
G373P,373,2.491403
G373Q,373,2.3111086
G373R,373,2.062093
G373S,373,1.3657777
G373T,373,2.1454387
G373V,373,1.8900576
G373W,373,0.9829944
G373Y,373,0.9186808
K374A,374,0.033681657
K374C,374,0.03477108
K374E,374,0.31929284
K374F,374,-0.19728419
K374G,374,0.041958317
K374H,374,-0.020448964
K374I,374,0.34634036
K374L,374,0.08059989
K374M,374,0.018523484
K374N,374,0.32231045
K374P,374,0.7119745
K374Q,374,0.07286115
K374R,374,-0.17022069
K374S,374,0.11413183
K374T,374,0.36251387
G375A,375,0.9152274
G375C,375,0.45158935
G375D,375,1.2563467
G375E,375,1.2272584
G375F,375,0.4255348
G375H,375,0.59641355
G375I,375,0.85359114
G375K,375,1.1077322
G375L,375,0.9445974
G375M,375,0.85179317
G375N,375,0.9920031
G375P,375,1.4346225
G375Q,375,1.0419842
G375R,375,0.92213756
G375S,375,0.49070054
G375T,375,1.1462082
G375V,375,0.85188055
G375W,375,0.4076132
G375Y,375,0.33723432
A377C,377,0.5056671
A377D,377,2.1965938
A377E,377,2.4249816
A377F,377,1.2104095
A377G,377,1.169053
A377H,377,1.9426692
A377I,377,1.6299722
A377K,377,2.3410656
A377L,377,1.6628082
A377M,377,1.5941646
A377N,377,1.9326513
A377P,377,1.715326
A377Q,377,2.2910347
A377R,377,2.2839637
A377S,377,1.1237056
A377T,377,1.5780233
A377V,377,0.8362547
A377W,377,1.5409935
A377Y,377,1.6717625
C378A,378,1.5634706
C378D,378,2.566383
N379A,379,0.44218826
N379C,379,-0.07651377
N379D,379,0.26078463
N379E,379,0.49942112
N379F,379,-0.08741404
N379G,379,0.9794389
N379H,379,0.45786062
N379I,379,0.27162856
N379K,379,0.16150941
N379L,379,-0.1805975
N379M,379,-0.059873134
N379P,379,1.3274505
N379Q,379,0.16072698
N379R,379,0.07067865
N379S,379,0.20136437
N379T,379,0.92179346
N379V,379,0.60181403
N379W,379,-0.1865934
N379Y,379,-0.010761621
A381C,381,0.45339817
A381D,381,1.4450994
A381E,381,1.4257767
A381F,381,0.6830913
A381G,381,0.21803042
A381H,381,1.1731374
A381I,381,0.7039701
A381K,381,1.4308581
A381L,381,0.5936589
A381M,381,0.7404934
A381N,381,1.4647253
A381P,381,1.382639
A381Q,381,1.3994896
A381R,381,1.0832319
A381S,381,0.44961724
A381T,381,1.4337109
A381V,381,0.75369215
A381Y,381,0.64206207
F383A,383,1.3596958
F383C,383,0.3308198
F383D,383,1.4470627
F383E,383,1.1100419
F383G,383,1.9179503
F383H,383,0.6339978
F383I,383,0.2372806
F383K,383,1.189139
F383L,383,0.41684937
F383M,383,0.25261813
F383N,383,0.92328346
F383P,383,1.6217811
F383Q,383,0.8007312
F383R,383,1.0710121
F383S,383,1.1531082
F383T,383,0.81165254
F383V,383,0.43579087
F383W,383,0.34503108
F383Y,383,0.067553565
I384A,384,2.107884
I384C,384,1.6845108
I384D,384,3.340381
I384E,384,3.109916
I384F,384,1.4177557
I384G,384,2.8152328
I384H,384,3.0144854
T385A,385,1.2297919
T385C,385,0.6636337
T385D,385,1.0886999
T385E,385,1.0423151
T385F,385,0.45337477
T385H,385,1.2837957
T385I,385,0.8339316
T385K,385,1.5095452
T385L,385,0.748818
T385M,385,0.46264082
T385N,385,1.259272
T385P,385,2.6780863
T385Q,385,0.97885275
T385R,385,0.8784703
T385S,385,0.99758804
T385V,385,0.6091212
T385W,385,0.6564988
T385Y,385,0.57525456
Q386A,386,0.99737346
Q386C,386,0.5330165
Q386D,386,2.0423503
Q386E,386,0.59529173
Q386F,386,1.8652294
Q386G,386,2.011831
Q386H,386,1.3801279
Q386I,386,1.1610895
Q386K,386,0.9136082
Q386L,386,1.2063574
Q386M,386,0.22311553
Q386N,386,1.5651819
Q386P,386,2.0669346
Q386R,386,0.5210117
Q386S,386,1.2026428
Q386T,386,1.2333667
Q386V,386,1.0428985
Q386W,386,1.7436011
Q386Y,386,1.9278189
L387C,387,1.4639654
L387D,387,2.8303018
L387E,387,2.059117
L387F,387,0.98690236
L387G,387,2.574055
L387H,387,1.8811195
L387I,387,0.47528544
L387K,387,2.2225263
L387M,387,1.1964277
L387N,387,2.6070561
L387P,387,2.3422046
L387Q,387,1.7732754
L387R,387,1.9176747
L387S,387,2.619001
L387T,387,2.3792098
L387V,387,1.066966
L387W,387,1.1589062
L387Y,387,1.208182
L388A,388,1.7528737
L388C,388,1.2292491
L388D,388,2.7421534
L388E,388,2.5240998
L388F,388,1.4022173
L388G,388,2.8375
L388H,388,2.218766
L388I,388,1.3993516
L388K,388,2.2384355
L388M,388,1.2286003
L388N,388,2.9871635
L388P,388,2.859097
L388Q,388,2.5627265
L388R,388,2.393979
L388S,388,2.1243165
L388T,388,2.2200444
L388V,388,1.6232235
L388W,388,2.1909602
L388Y,388,1.6359909
V390R,390,0.28567642
V390S,390,0.3002457
V390T,390,0.42931008
V390W,390,0.11517541
V390Y,390,-0.11128809
L394A,394,2.2241983
L394C,394,0.80798274
L394D,394,2.5920267
L394E,394,2.213829
L394F,394,1.1239961
L394G,394,2.502468
L394H,394,2.2004879
L394I,394,1.1580626
L394K,394,2.059228
L394M,394,0.7364358
L394N,394,2.6244376
L394P,394,2.8852456
L394Q,394,2.5788286
L394R,394,1.5832468
L394S,394,2.3996758
L394T,394,2.5540814
L394V,394,1.3441417
L394W,394,0.432084
L394Y,394,0.9945369
G395A,395,1.5442492
G395C,395,1.151962
G395D,395,1.5279225
G395E,395,1.7408766
G395F,395,1.3508872
G395H,395,1.4385569
G395I,395,1.808451
G395K,395,1.893742
G395L,395,1.7240502
G395M,395,1.5187759
G395N,395,1.5072881
G395P,395,2.3789413
G395Q,395,1.6164405
G395R,395,1.8855789
G395S,395,1.345471
G395T,395,2.019443
G395V,395,1.7839264
G395W,395,1.5619127
G395Y,395,1.4395945
F396A,396,1.2817888
F396C,396,0.6149908
F396D,396,1.7925313
F396E,396,1.7025201
F396G,396,1.6006006
F396H,396,0.91427994
F396I,396,0.6153933
F396K,396,1.0878346
F396L,396,0.2871466
F396M,396,0.5128761
F396N,396,1.382346
F396P,396,1.0951099
F396Q,396,1.3097252
F396R,396,0.7655406
F396S,396,1.2396421
F396T,396,0.793425
F396V,396,0.5083075
F396W,396,0.425124
F396Y,396,0.12990306
Y397A,397,1.4962183
Y397C,397,0.89894867
Y397D,397,2.5844886
Y397E,397,2.273859
Y397F,397,-0.24203014
Y397G,397,2.3428464
Y397H,397,0.93695086
Y397I,397,1.299206
Y397K,397,1.4281162
Y397L,397,1.3786695
Y397M,397,0.8238184
Y397N,397,1.8590883
Y397P,397,2.8952653
Y397Q,397,1.5322617
Y397R,397,1.3942779
Y397S,397,1.8041856
Y397T,397,1.6856148
Y397V,397,1.3394254
Y397W,397,0.62988204
E398T,398,-0.0030407228
E398V,398,-0.05439446
E398W,398,-0.059970163
E398Y,398,-0.11023466
W399A,399,1.4456018
W399C,399,0.95021963
W399D,399,2.618069
W399E,399,2.4043782
W399F,399,0.36844593
W399G,399,1.5971668
W399H,399,1.5163381
W399I,399,1.1668
W399K,399,2.5037665
W399L,399,1.0430738
W399M,399,1.3252641
W399N,399,2.103865
W399P,399,2.1026409
W399Q,399,2.2031913
W399R,399,2.1310844
W399S,399,1.4208237
W399T,399,2.0090299
W399V,399,1.4371203
W399Y,399,0.39545482
S401A,401,0.051055856
S401C,401,0.7983216
S401D,401,0.09467013
S401E,401,0.14594632
S401F,401,0.68383485
S401G,401,0.65278846
S401H,401,0.7540446
S401I,401,1.2824379
S401K,401,1.3551611
S401L,401,0.81966275
S401M,401,-0.0049084113
S401N,401,0.85513514
S401P,401,2.0801067
S401Q,401,0.12281573
S401R,401,0.87159175
S401V,401,1.4628601
S401W,401,0.11218035
S401Y,401,0.6227254
L403A,403,1.9305303
L403C,403,1.2103533
L403D,403,2.5184035
L403E,403,1.7508476
L403F,403,0.11051661
L403G,403,2.6366498
L403H,403,1.5972999
L403I,403,0.57529414
L403K,403,1.9189484
L403M,403,0.6627172
L403N,403,2.50065
L403P,403,2.5626376
L403Q,403,1.7302523
L403R,403,2.175056
L403S,403,2.3739767
L403T,403,2.2859817
L403V,403,0.96970683
L403W,403,0.838688
L403Y,403,0.22669074
S405A,405,-0.27099198
S405C,405,-0.2105337
S405D,405,1.1263361
S405E,405,0.11549194
S405F,405,-0.9592842
S405G,405,0.57877123
S405H,405,0.304531
S405I,405,-0.7645874
S405K,405,0.120592795
S405L,405,-0.588457
H406A,406,0.10879254
H406C,406,-0.19980204
H406D,406,0.0892642
H406E,406,-0.14339194
H406F,406,-0.43589926
H406G,406,0.9315175
H406I,406,-0.22557743
H406K,406,0.02243968
H406L,406,-0.25840917
H406M,406,-0.31139052
H406N,406,-0.07199736
H406P,406,0.44791913
H406Q,406,-0.21614957
H406R,406,-0.3575277
H406S,406,-0.20633729
H406T,406,-0.06686488
H406V,406,-0.041259408
H406W,406,-0.49994573
H406Y,406,-0.44389668
N408A,408,0.57231104
N408C,408,0.18418008
N408D,408,0.043661624
N408E,408,0.5785098
N408F,408,0.9782233
N408G,408,0.6210892
N408H,408,0.8434588
N408I,408,1.0227703
N408K,408,1.1795177
N408L,408,0.9963587
N408M,408,0.6575677
N408P,408,0.35938746
N408Q,408,0.57787
N408R,408,1.1857401
N408S,408,0.3283001
N408T,408,0.6677382
N408V,408,0.85460246
N408W,408,0.83137053
P409A,409,0.71985155
P409C,409,0.7707893
P409D,409,1.4330406
P409E,409,1.5404339
P409F,409,1.546605
P409G,409,1.3372949
P409H,409,1.4558893
P409I,409,1.3508133
P409K,409,1.5699093
P409L,409,1.4164861
P409M,409,1.3753527
P409N,409,0.8640256
P409Q,409,1.3606484
P409R,409,1.1814626
P409S,409,0.8649808
G411A,411,1.4229724
G411C,411,0.4861671
G411D,411,2.047114
G411E,411,2.3714666
G411F,411,1.9278507
G411H,411,2.0031238
G411I,411,1.8270226
G411K,411,3.1840234
G411L,411,1.3500133
G411M,411,1.4990009
G411N,411,2.1119554
G411P,411,3.299466
G411Q,411,2.0122685
G411R,411,2.193233
G411S,411,1.051394
G411T,411,1.9676536
G411V,411,2.0563016
G411W,411,1.9533749
G411Y,411,1.8690159
V413A,413,1.3798774
V413C,413,0.9127439
V413D,413,2.132958
V413E,413,1.3894155
V413F,413,1.2449154
V413G,413,2.688291
V413H,413,1.3326988
V413I,413,0.31278366
V413K,413,1.253939
V413L,413,0.5694612
V413M,413,0.824409
V413N,413,1.9079132
V413P,413,2.2058024
V413Q,413,1.1511263
V413R,413,1.4443797
V413S,413,1.4738568
V413T,413,1.0012907
V413W,413,1.5096374
V413Y,413,1.3791909
L414A,414,2.7801957
L414C,414,1.6173913
L414D,414,3.641704
L414E,414,3.109583
L414F,414,1.0310148
L414G,414,3.4351952
L414H,414,3.4624715
L414I,414,1.878244
L414K,414,3.1431382
L414M,414,0.99940664
L414N,414,3.5550797
L414P,414,3.8350914
L414Q,414,3.0552733
L414R,414,3.5803254
L414S,414,3.184393
L414T,414,2.7800217
L414V,414,1.4593692
L414W,414,3.0251915
L414Y,414,2.2456214
L415A,415,2.345185
L415C,415,1.1580318
L415D,415,2.7923243
L415E,415,2.7900023
L415F,415,-0.04145681
L415G,415,3.2445087
L415H,415,2.0831685
L415I,415,0.4854536
L415K,415,2.3251812
L415M,415,0.9533804
L415N,415,2.6582007
L415P,415,3.0528119
L415Q,415,2.6945744
L415R,415,2.6860073
L415S,415,2.3265867
L415T,415,2.348589
L415V,415,1.0555191
L415W,415,0.8163742
L415Y,415,0.331495
Q416A,416,0.70369583
Q416C,416,0.14999136
Q416D,416,0.904236
Q416E,416,0.15888378
Q416F,416,-0.53903157
Q416G,416,1.4744427
Q416H,416,-0.034220967
Q416I,416,0.18043724
Q416K,416,-0.11779883
Q416L,416,-0.43781123
Q416M,416,-0.15895031
Q416N,416,0.7432704
Q416P,416,2.7290847
Q416R,416,-0.11567664
Q416S,416,0.6365686
Q416T,416,0.19880286
Q416V,416,-0.05203683
Q416W,416,-0.10537231
Q416Y,416,-0.39922833
L417A,417,1.9440705
L417C,417,1.126667
L417D,417,2.7711864
L417E,417,2.6321535
L417F,417,0.39435524
L417G,417,2.831184
L417H,417,2.711312
L417I,417,0.5106348
L417K,417,2.416842
L417M,417,0.88032264
L417N,417,2.6098492
L417P,417,2.630459
L417Q,417,2.595243
L417R,417,2.559359
L417S,417,2.3696787
L417T,417,2.2203634
L417V,417,0.6559441
L417W,417,1.8210971
L417Y,417,1.5354729
E418A,418,0.4595034
E418C,418,0.21442239
E418D,418,-0.22861882
E418F,418,0.25475615
E418G,418,0.80131996
E418H,418,0.16895998
E418I,418,-0.07663844
E418K,418,0.20665851
E418L,418,0.0724416
E418M,418,0.044881277
E418N,418,0.08667503
E418P,418,2.7239158
E418Q,418,-0.020231279
E418R,418,-0.07567595
E418S,418,0.26221195
E418T,418,0.03803232
E418V,418,-0.027075702
E418W,418,0.2533067
E418Y,418,0.2904904
N419A,419,0.8121336
N419C,419,0.40531665
N419D,419,1.1785446
N419E,419,1.1096056
N419F,419,0.8345648
N419G,419,0.7845787
N419H,419,0.8554369
N419I,419,0.7476684
N419K,419,0.8945575
N419L,419,0.82477283
N419M,419,0.7968345
N419P,419,0.19958587
N419Q,419,0.7894556
Q422A,422,-0.20185176
Q422C,422,0.059132744
Q422D,422,0.39966407
Q422E,422,0.1967065
Q422F,422,-0.23947954
Q422G,422,-0.009600848
Q422H,422,0.12608254
Q422I,422,0.014006878
Q422K,422,0.19358823
Q422L,422,0.011012571
Q422M,422,-0.16318448
Q422N,422,0.06653437
Q422P,422,0.22258134
Q422R,422,0.02065084
Q422S,422,-0.062254854
Q422T,422,-0.11562314
Q422V,422,-0.055249404
Q422W,422,-0.3559621
Q422Y,422,-0.37090716
M423A,423,0.2045348
M423C,423,0.37078568
M423D,423,0.7377949
M423E,423,0.5763238
M423F,423,0.21640022
M423G,423,0.3116739
M423H,423,0.5454954
M423I,423,0.05076645
M423K,423,0.67554843
M423L,423,0.0771184
M423N,423,0.986783
M423P,423,0.4559865
M423Q,423,0.50400686
M423R,423,0.42587456
M423S,423,0.43082386
M423T,423,0.51103985
M423V,423,0.4383344
M423W,423,0.26962426
M423Y,423,0.28692627
L425A,425,0.22177403
L425C,425,0.8144363
L425D,425,0.2988316
L425E,425,0.26501107
L425F,425,0.2036815
L425G,425,0.4652006
L425H,425,0.4040753
L425I,425,-0.012391138
L425K,425,0.48695597
L425M,425,0.02562474
L425P,425,0.27699107
L425Q,425,0.27860838
L425R,425,0.3822578
L425S,425,0.4352005
L425T,425,0.24340856
L425V,425,0.1326008
L425W,425,0.09669842
L425Y,425,0.037639715
D427A,427,-0.0015633535
L428A,428,0.40016776
L428C,428,0.82960236
L428D,428,0.7770787
L428E,428,0.85988694
L428F,428,0.323954
