wt_id,mutation,mutation_global,position,position_local,ddg_pred,seed_sd
GLA_human,D2A,D33A,33,2,-0.06265565,0.06363062
GLA_human,D2C,D33C,33,2,0.3987728,0.07517773
GLA_human,D2E,D33E,33,2,-0.42882934,0.04278137
GLA_human,D2F,D33F,33,2,0.07020996,0.083423726
GLA_human,D2G,D33G,33,2,0.0687844,0.15149154
GLA_human,D2H,D33H,33,2,0.29209462,0.11341582
GLA_human,D2I,D33I,33,2,0.19494706,0.12869644
GLA_human,D2K,D33K,33,2,0.15112793,0.073646314
GLA_human,D2L,D33L,33,2,0.12518959,0.084938794
GLA_human,D2M,D33M,33,2,0.108698174,0.070633434
GLA_human,D2N,D33N,33,2,0.23909648,0.06672499
GLA_human,D2P,D33P,33,2,-0.019327875,0.06177695
GLA_human,D2Q,D33Q,33,2,-0.07321565,0.04108545
GLA_human,D2R,D33R,33,2,0.113852665,0.07089775
GLA_human,D2S,D33S,33,2,-0.058644712,0.038450718
GLA_human,D2T,D33T,33,2,0.18108603,0.040884487
GLA_human,D2V,D33V,33,2,0.3886899,0.09800411
GLA_human,D2W,D33W,33,2,0.07595835,0.06603774
GLA_human,D2Y,D33Y,33,2,0.09942151,0.08490053
GLA_human,G4A,G35A,35,4,1.4236009,0.08496221
GLA_human,G4C,G35C,35,4,1.2790587,0.05187949
GLA_human,G4D,G35D,35,4,1.0126451,0.15359713
GLA_human,G4E,G35E,35,4,1.2212279,0.10507328
GLA_human,G4F,G35F,35,4,1.0354183,0.11949872
GLA_human,G4H,G35H,35,4,1.0816897,0.077982545
GLA_human,G4I,G35I,35,4,1.6487551,0.16971824
GLA_human,G4K,G35K,35,4,1.3102627,0.10190837
GLA_human,G4L,G35L,35,4,1.4762236,0.14837013
GLA_human,G4M,G35M,35,4,1.156523,0.11214993
GLA_human,G4N,G35N,35,4,1.086616,0.12723677
GLA_human,G4P,G35P,35,4,1.5943758,0.08787918
GLA_human,G4Q,G35Q,35,4,1.0938567,0.1132134
GLA_human,G4R,G35R,35,4,1.4539604,0.055067223
GLA_human,G4S,G35S,35,4,1.272493,0.057650123
GLA_human,G4T,G35T,35,4,1.441157,0.13388002
GLA_human,G4V,G35V,35,4,1.5578569,0.16781665
GLA_human,G4W,G35W,35,4,1.0017182,0.14467792
GLA_human,G4Y,G35Y,35,4,0.9622816,0.12745437
GLA_human,L5N,L36N,36,5,1.5490901,0.07532853
GLA_human,L5P,L36P,36,5,1.6074167,0.15465403
GLA_human,L5Q,L36Q,36,5,1.497226,0.08718281
GLA_human,L5R,L36R,36,5,1.635706,0.10481521
GLA_human,L5S,L36S,36,5,1.7262262,0.023165701
GLA_human,L5T,L36T,36,5,1.3506707,0.13821287
GLA_human,L5V,L36V,36,5,1.5582994,0.1857468
GLA_human,L5W,L36W,36,5,1.2550123,0.1306604
GLA_human,L5Y,L36Y,36,5,1.158247,0.0954082
GLA_human,R7A,R38A,38,7,0.73068094,0.15438727
GLA_human,R7C,R38C,38,7,0.39150885,0.12285209
GLA_human,R7D,R38D,38,7,0.9364689,0.092082195
GLA_human,R7E,R38E,38,7,0.43028313,0.07174111
GLA_human,R7F,R38F,38,7,0.51594603,0.07350443
GLA_human,R7G,R38G,38,7,0.8661312,0.204536
GLA_human,R7H,R38H,38,7,0.38582578,0.03904498
GLA_human,R7I,R38I,38,7,0.1637988,0.060732715
GLA_human,R7K,R38K,38,7,0.44986838,0.071253546
GLA_human,R7L,R38L,38,7,0.07656251,0.0614108
GLA_human,R7M,R38M,38,7,-0.21338594,0.056186434
GLA_human,R7N,R38N,38,7,0.4718887,0.10183244
GLA_human,R7P,R38P,38,7,0.60031843,0.07458099
GLA_human,R7Q,R38Q,38,7,-0.10296126,0.06305583
GLA_human,R7S,R38S,38,7,0.5722028,0.12636954
GLA_human,R7T,R38T,38,7,0.44364923,0.10003618
GLA_human,R7V,R38V,38,7,0.39313072,0.094695084
GLA_human,R7W,R38W,38,7,0.27420396,0.0696989
GLA_human,R7Y,R38Y,38,7,0.54864264,0.08839074
GLA_human,T8G,T39G,39,8,1.0339032,0.33832553
GLA_human,T8H,T39H,39,8,1.1117728,0.16831237
GLA_human,T8I,T39I,39,8,0.5235657,0.092818834
GLA_human,T8K,T39K,39,8,0.65790236,0.13177879
GLA_human,T8L,T39L,39,8,0.190383,0.06395493
GLA_human,T8M,T39M,39,8,0.8390981,0.0736041
GLA_human,T8N,T39N,39,8,0.522934,0.07895857
GLA_human,T8P,T39P,39,8,0.5646045,0.10290362
GLA_human,T8Q,T39Q,39,8,0.9717202,0.1445197
GLA_human,T8R,T39R,39,8,0.44832715,0.09663021
GLA_human,T8S,T39S,39,8,0.5458212,0.16364945
GLA_human,T8V,T39V,39,8,0.0835594,0.0713198
GLA_human,T8W,T39W,39,8,0.656427,0.092464864
GLA_human,T8Y,T39Y,39,8,0.4271059,0.09527119
GLA_human,P9A,P40A,40,9,1.2528603,0.18132022
GLA_human,P9C,P40C,40,9,0.97775,0.08296185
GLA_human,P9D,P40D,40,9,1.7677696,0.024364077
GLA_human,P9E,P40E,40,9,1.8040693,0.04199445
GLA_human,P9F,P40F,40,9,1.5609218,0.22136927
GLA_human,P9G,P40G,40,9,1.8216591,0.24292739
GLA_human,P9H,P40H,40,9,1.7962803,0.16348475
GLA_human,P9I,P40I,40,9,1.1702037,0.06994812
GLA_human,P9K,P40K,40,9,1.7578443,0.1825938
GLA_human,P9L,P40L,40,9,1.3417352,0.043416567
GLA_human,P9M,P40M,40,9,1.4466465,0.07600584
GLA_human,P9N,P40N,40,9,1.5373155,0.11345403
GLA_human,P9Q,P40Q,40,9,1.582621,0.1145751
GLA_human,P9R,P40R,40,9,1.5079046,0.17681426
GLA_human,P9S,P40S,40,9,1.479894,0.05942633
GLA_human,P9T,P40T,40,9,0.8267849,0.058506142
GLA_human,P9V,P40V,40,9,1.1508001,0.078764826
GLA_human,P9W,P40W,40,9,1.58021,0.16781491
GLA_human,P9Y,P40Y,40,9,1.6414595,0.18499914
GLA_human,T10A,T41A,41,10,0.99147195,0.28854543
GLA_human,T10C,T41C,41,10,0.47944513,0.17247674
GLA_human,T10D,T41D,41,10,0.6747613,0.080558434
GLA_human,T10E,T41E,41,10,0.7617279,0.029629033
GLA_human,T10F,T41F,41,10,0.74295473,0.08680544
GLA_human,T10G,T41G,41,10,1.439842,0.30444926
GLA_human,T10H,T41H,41,10,1.1140106,0.12746756
GLA_human,T10I,T41I,41,10,-0.011009926,0.048340272
GLA_human,T10K,T41K,41,10,1.5104808,0.21403913
GLA_human,T10L,T41L,41,10,0.6831416,0.10636804
GLA_human,T10M,T41M,41,10,0.34559166,0.02683184
GLA_human,T10N,T41N,41,10,0.49328694,0.030312914
GLA_human,T10P,T41P,41,10,-0.15467173,0.033766568
GLA_human,T10Q,T41Q,41,10,0.27397937,0.04557123
GLA_human,T10R,T41R,41,10,1.4759277,0.23354776
GLA_human,T10S,T41S,41,10,0.7696314,0.24503943
GLA_human,T10V,T41V,41,10,-0.21331164,0.05185489
GLA_human,T10W,T41W,41,10,0.99700034,0.2209348
GLA_human,T10Y,T41Y,41,10,0.95623857,0.12513745
GLA_human,M11A,M42A,42,11,2.0539784,0.10599765
GLA_human,M11C,M42C,42,11,1.6285286,0.17863183
GLA_human,M11D,M42D,42,11,3.38413,0.1776699
GLA_human,M11E,M42E,42,11,2.6681106,0.11982202
GLA_human,M11F,M42F,42,11,1.846627,0.09002235
GLA_human,M11G,M42G,42,11,2.640147,0.0803401
GLA_human,M11H,M42H,42,11,2.550791,0.12226145
GLA_human,M11I,M42I,42,11,1.6630862,0.1756578
GLA_human,M11K,M42K,42,11,1.9656372,0.19151273
GLA_human,M11L,M42L,42,11,1.058199,0.08876094
GLA_human,M11N,M42N,42,11,2.6592045,0.14378874
GLA_human,M11P,M42P,42,11,2.7302747,0.039000828
GLA_human,M11Q,M42Q,42,11,1.989595,0.06620367
GLA_human,M11R,M42R,42,11,1.9165903,0.14821625
GLA_human,M11S,M42S,42,11,2.6984413,0.03430044
GLA_human,M11T,M42T,42,11,2.5114865,0.09784574
GLA_human,M11V,M42V,42,11,2.2621377,0.14930099
GLA_human,M11W,M42W,42,11,1.926203,0.14970405
GLA_human,M11Y,M42Y,42,11,1.7559319,0.06573741
GLA_human,G12A,G43A,43,12,0.87284976,0.040998466
GLA_human,G12H,G43H,43,12,1.8693256,0.15669444
GLA_human,G12I,G43I,43,12,1.3286725,0.28200385
GLA_human,G12K,G43K,43,12,2.7121205,0.11120785
GLA_human,G12L,G43L,43,12,1.3717119,0.2569684
GLA_human,G12M,G43M,43,12,1.3644192,0.19904578
GLA_human,G12N,G43N,43,12,2.0159545,0.2635438
GLA_human,G12P,G43P,43,12,2.5588639,0.34420907
GLA_human,G12Q,G43Q,43,12,2.2802835,0.19403058
GLA_human,G12R,G43R,43,12,2.587944,0.12309692
GLA_human,G12S,G43S,43,12,1.7218279,0.062084965
GLA_human,G12T,G43T,43,12,1.8508663,0.2869085
GLA_human,G12V,G43V,43,12,1.0161939,0.35444987
GLA_human,G12W,G43W,43,12,1.2419748,0.16475834
GLA_human,G12Y,G43Y,43,12,1.3106083,0.17765664
GLA_human,W13A,W44A,44,13,3.1853147,0.3016919
GLA_human,W13C,W44C,44,13,2.2326524,0.30444384
GLA_human,W13D,W44D,44,13,3.6674736,0.11715273
GLA_human,W13E,W44E,44,13,3.1045992,0.14650498
GLA_human,W13F,W44F,44,13,1.1024374,0.11207576
GLA_human,W13G,W44G,44,13,3.6649806,0.30596986
GLA_human,W13H,W44H,44,13,2.3528023,0.08451965
GLA_human,W13I,W44I,44,13,2.5191069,0.2469783
GLA_human,W13K,W44K,44,13,2.9918282,0.28074905
GLA_human,W13L,W44L,44,13,2.4863687,0.17946024
GLA_human,W13M,W44M,44,13,2.1704745,0.18494338
GLA_human,W13N,W44N,44,13,3.3969212,0.094306014
GLA_human,W13P,W44P,44,13,3.385725,0.23653477
GLA_human,W13Q,W44Q,44,13,2.9584026,0.21065299
GLA_human,W13R,W44R,44,13,2.4839103,0.24169528
GLA_human,W13S,W44S,44,13,3.1186728,0.18634135
GLA_human,W13T,W44T,44,13,2.9661493,0.21313554
GLA_human,W13V,W44V,44,13,2.8161025,0.17833629
GLA_human,W13Y,W44Y,44,13,1.2230552,0.1079965
GLA_human,L14A,L45A,45,14,2.1350071,0.16567454
GLA_human,L14C,L45C,45,14,0.48581347,0.13565467
GLA_human,L14D,L45D,45,14,1.7370412,0.10107864
GLA_human,L14E,L45E,45,14,1.8755897,0.09229338
GLA_human,L14F,L45F,45,14,1.1627599,0.07860055
GLA_human,L14G,L45G,45,14,2.9750743,0.26748252
GLA_human,L14H,L45H,45,14,1.8375905,0.031375106
GLA_human,L14I,L45I,45,14,-0.010034825,0.051419333
GLA_human,L14K,L45K,45,14,1.8876508,0.09134808
GLA_human,L14M,L45M,45,14,-0.02028062,0.04456331
GLA_human,L14N,L45N,45,14,1.7332761,0.100826524
GLA_human,L14Q,L45Q,45,14,1.8289887,0.042018674
GLA_human,L14R,L45R,45,14,1.5471394,0.11868728
GLA_human,L14S,L45S,45,14,2.1334908,0.15253815
GLA_human,L14T,L45T,45,14,1.5757636,0.055740613
GLA_human,L14V,L45V,45,14,0.5757655,0.06858688
GLA_human,L14W,L45W,45,14,0.92840564,0.10311287
GLA_human,L14Y,L45Y,45,14,1.067482,0.13618346
GLA_human,H15R,H46R,46,15,1.4543234,0.074221805
GLA_human,H15S,H46S,46,15,1.3233032,0.1719736
GLA_human,H15T,H46T,46,15,1.833246,0.13095191
GLA_human,H15V,H46V,46,15,1.8908631,0.13168268
GLA_human,H15W,H46W,46,15,1.3944653,0.11012971
GLA_human,H15Y,H46Y,46,15,1.3397439,0.105128616
GLA_human,W16A,W47A,47,16,2.204526,0.2111294
GLA_human,W16C,W47C,47,16,1.6320343,0.19953558
GLA_human,W16D,W47D,47,16,3.070084,0.08649236
GLA_human,W16E,W47E,47,16,2.9171584,0.031231299
GLA_human,W16F,W47F,47,16,1.2104614,0.110874265
GLA_human,W16G,W47G,47,16,2.3216724,0.084102795
GLA_human,W16H,W47H,47,16,2.047441,0.08042833
GLA_human,W16I,W47I,47,16,1.70385,0.17266019
GLA_human,W16K,W47K,47,16,2.6443594,0.12782328
GLA_human,W16L,W47L,47,16,1.982798,0.16107191
GLA_human,W16M,W47M,47,16,1.6901858,0.128792
GLA_human,W16N,W47N,47,16,2.8550553,0.0716124
GLA_human,W16P,W47P,47,16,2.092092,0.19220218
GLA_human,W16Q,W47Q,47,16,2.582621,0.08216756
GLA_human,W16R,W47R,47,16,2.0049558,0.086753
GLA_human,W16S,W47S,47,16,2.2245643,0.14239548
GLA_human,W16T,W47T,47,16,2.1806598,0.17990945
GLA_human,W16V,W47V,47,16,2.1569858,0.10035136
GLA_human,W16Y,W47Y,47,16,1.2628807,0.114888445
GLA_human,E17A,E48A,48,17,0.10841061,0.11024695
GLA_human,E17C,E48C,48,17,-0.13399863,0.10610483
GLA_human,E17D,E48D,48,17,0.08526488,0.10774031
GLA_human,E17F,E48F,48,17,-0.03229796,0.09827624
GLA_human,E17G,E48G,48,17,0.47917208,0.15421115
GLA_human,E17H,E48H,48,17,0.03196969,0.068729736
GLA_human,E17I,E48I,48,17,-0.35591054,0.058216866
GLA_human,E17K,E48K,48,17,0.3392791,0.062191367
GLA_human,E17L,E48L,48,17,-0.20485325,0.061672024
GLA_human,E17M,E48M,48,17,-0.31995115,0.054488618
GLA_human,E17N,E48N,48,17,-0.010805577,0.09709271
GLA_human,E17P,E48P,48,17,0.21267223,0.11423805
GLA_human,E17Q,E48Q,48,17,-0.25630903,0.047905702
GLA_human,E17R,E48R,48,17,0.50865716,0.08856672
GLA_human,E17S,E48S,48,17,0.12558012,0.07267097
GLA_human,E17T,E48T,48,17,-0.0025578574,0.0747697
GLA_human,E17V,E48V,48,17,-0.26577273,0.046497386
GLA_human,E17W,E48W,48,17,-0.056919206,0.15620634
GLA_human,E17Y,E48Y,48,17,-0.16460583,0.103298895
GLA_human,R18A,R49A,49,18,0.73880225,0.141432
GLA_human,R18C,R49C,49,18,0.35698363,0.12324906
GLA_human,R18D,R49D,49,18,2.2358928,0.111058906
GLA_human,R18E,R49E,49,18,1.4527967,0.109446526
GLA_human,R18F,R49F,49,18,0.35907933,0.09312934
GLA_human,R18G,R49G,49,18,1.3648603,0.21471971
GLA_human,R18H,R49H,49,18,0.2767128,0.114566654
GLA_human,R18I,R49I,49,18,0.7911865,0.09161272
GLA_human,R18K,R49K,49,18,0.4246809,0.10040183
GLA_human,R18L,R49L,49,18,0.8905784,0.1719749
GLA_human,R18M,R49M,49,18,0.28888968,0.073721886
GLA_human,R18N,R49N,49,18,1.5035608,0.09580199
GLA_human,R18P,R49P,49,18,1.2048864,0.15354721
GLA_human,R18Q,R49Q,49,18,1.0019398,0.06179767
GLA_human,R18S,R49S,49,18,1.0918943,0.05456679
GLA_human,R18T,R49T,49,18,1.213557,0.10793721
GLA_human,R18V,R49V,49,18,1.0963613,0.08884983
GLA_human,R18W,R49W,49,18,0.6811055,0.13918826
GLA_human,R18Y,R49Y,49,18,0.4052953,0.10584523
GLA_human,M20A,M51A,51,20,0.6475948,0.115489736
GLA_human,M20C,M51C,51,20,0.14070621,0.097787075
GLA_human,M20D,M51D,51,20,1.160709,0.043761928
GLA_human,M20E,M51E,51,20,0.61483264,0.06468444
GLA_human,M20F,M51F,51,20,0.29592997,0.029508665
GLA_human,M20G,M51G,51,20,0.86713743,0.14301056
GLA_human,M20H,M51H,51,20,0.30909103,0.0574979
GLA_human,M20I,M51I,51,20,0.43811393,0.03293778
GLA_human,M20K,M51K,51,20,0.16187161,0.05408959
GLA_human,M20L,M51L,51,20,0.014687459,0.035826605
GLA_human,M20N,M51N,51,20,0.7167481,0.041677255
GLA_human,M20P,M51P,51,20,1.4458613,0.06487114
GLA_human,M20Q,M51Q,51,20,0.09496287,0.028160926
GLA_human,M20R,M51R,51,20,-0.14610341,0.047305185
GLA_human,M20S,M51S,51,20,0.5360986,0.07782347
GLA_human,M20T,M51T,51,20,0.46082568,0.05613732
GLA_human,M20V,M51V,51,20,0.47824168,0.050336383
GLA_human,M20W,M51W,51,20,0.2957123,0.071243554
GLA_human,M20Y,M51Y,51,20,0.4205326,0.081467025
GLA_human,C21A,C52A,52,21,0.78474283,0.10334363
GLA_human,C21D,C52D,52,21,1.7600864,0.12544668
GLA_human,C21E,C52E,52,21,2.7957778,0.11727087
GLA_human,C21F,C52F,52,21,1.982879,0.19001906
GLA_human,C21G,C52G,52,21,1.7736067,0.23248118
GLA_human,C21H,C52H,52,21,2.1541505,0.09562749
GLA_human,C21I,C52I,52,21,2.2471428,0.18134764
GLA_human,C21K,C52K,52,21,2.7020957,0.11610007
GLA_human,C21L,C52L,52,21,2.4310162,0.21900773
GLA_human,C21M,C52M,52,21,1.9347652,0.12288592
GLA_human,C21N,C52N,52,21,1.9165987,0.09111556
GLA_human,C21P,C52P,52,21,2.2518826,0.08233069
GLA_human,C21Q,C52Q,52,21,2.4061038,0.10732943
GLA_human,C21R,C52R,52,21,2.4906812,0.09548137
GLA_human,C21S,C52S,52,21,1.112949,0.069868684
GLA_human,C21T,C52T,52,21,2.4281306,0.16235235
GLA_human,C21V,C52V,52,21,2.1851363,0.15899496
GLA_human,C21W,C52W,52,21,2.0754707,0.20807375
GLA_human,C21Y,C52Y,52,21,2.0079403,0.18757704
GLA_human,L23A,L54A,54,23,1.2784507,0.1131275
GLA_human,L23C,L54C,54,23,0.3582119,0.048295267
GLA_human,L23D,L54D,54,23,1.8660424,0.0822592
GLA_human,L23E,L54E,54,23,1.6663185,0.11540337
GLA_human,L23F,L54F,54,23,0.8321804,0.07040534
GLA_human,L23G,L54G,54,23,1.6308796,0.14493439
GLA_human,L23H,L54H,54,23,1.2774141,0.052451085
GLA_human,L23I,L54I,54,23,0.16673748,0.020475054
GLA_human,L23K,L54K,54,23,1.3442894,0.10279106
GLA_human,L23M,L54M,54,23,0.48530155,0.01248649
GLA_human,L23N,L54N,54,23,1.3789831,0.08628956
GLA_human,L23P,L54P,54,23,1.524216,0.018025357
GLA_human,L23Q,L54Q,54,23,1.4174324,0.07342886
GLA_human,L23R,L54R,54,23,1.2874072,0.06932329
GLA_human,L23S,L54S,54,23,1.4110363,0.03276441
GLA_human,L23T,L54T,54,23,0.8220256,0.054868877
GLA_human,L23V,L54V,54,23,0.26326934,0.061956543
GLA_human,L23W,L54W,54,23,1.0321804,0.12567718
GLA_human,L23Y,L54Y,54,23,1.0194696,0.08691957
GLA_human,D24A,D55A,55,24,0.27872196,0.127009
GLA_human,D24C,D55C,55,24,0.693648,0.12980483
GLA_human,D24E,D55E,55,24,0.9927454,0.07819558
GLA_human,D24F,D55F,55,24,0.92494047,0.10332665
GLA_human,D24G,D55G,55,24,0.6975075,0.18105909
GLA_human,D24H,D55H,55,24,0.97408354,0.08092329
GLA_human,D24I,D55I,55,24,1.1285403,0.1153575
GLA_human,D24K,D55K,55,24,0.8446845,0.09705639
GLA_human,D24L,D55L,55,24,0.5735099,0.12172342
GLA_human,D24M,D55M,55,24,0.5696652,0.116558515
GLA_human,D24N,D55N,55,24,0.1771261,0.031387046
GLA_human,D24P,D55P,55,24,1.4162278,0.050058074
GLA_human,D24Q,D55Q,55,24,0.8679808,0.04665776
GLA_human,D24R,D55R,55,24,0.5667788,0.13012718
GLA_human,D24S,D55S,55,24,0.44116887,0.07423672
GLA_human,D24T,D55T,55,24,1.1481167,0.13480717
GLA_human,D24V,D55V,55,24,1.3616135,0.12194347
GLA_human,D24W,D55W,55,24,1.0478431,0.14749628
GLA_human,D24Y,D55Y,55,24,0.9931669,0.12857462
GLA_human,C25A,C56A,56,25,1.4100312,0.16534066
GLA_human,C25D,C56D,56,25,2.605431,0.14316341
GLA_human,C25E,C56E,56,25,3.0601945,0.1921496
GLA_human,C25F,C56F,56,25,2.0409858,0.17863685
GLA_human,C25G,C56G,56,25,1.8220268,0.25229335
GLA_human,C25H,C56H,56,25,2.4742603,0.15958354
GLA_human,C25I,C56I,56,25,2.306888,0.1825004
GLA_human,C25K,C56K,56,25,3.143769,0.13336667
GLA_human,C25L,C56L,56,25,2.2868462,0.16874243
GLA_human,C25M,C56M,56,25,2.2763007,0.12726788
GLA_human,C25N,C56N,56,25,2.5389905,0.13701129
GLA_human,C25P,C56P,56,25,2.861568,0.12218236
GLA_human,C25Q,C56Q,56,25,2.7932808,0.17372705
GLA_human,C25R,C56R,56,25,2.890802,0.10234165
GLA_human,C25S,C56S,56,25,1.6366818,0.10597647
GLA_human,C25T,C56T,56,25,2.4244168,0.10616485
GLA_human,C25V,C56V,56,25,2.3813908,0.16315597
GLA_human,C25W,C56W,56,25,2.0814133,0.18922561
GLA_human,C25Y,C56Y,56,25,2.224577,0.1836683
GLA_human,E27A,E58A,58,27,-0.27011287,0.11747575
GLA_human,E27C,E58C,58,27,-0.31522554,0.07882551
GLA_human,E27D,E58D,58,27,-0.24039121,0.020109933
GLA_human,E27F,E58F,58,27,-0.30467415,0.038941246
GLA_human,E27G,E58G,58,27,-0.38009208,0.11675139
GLA_human,E27H,E58H,58,27,-0.5970724,0.07366583
GLA_human,E27I,E58I,58,27,-0.08084794,0.045174062
GLA_human,E27K,E58K,58,27,-0.41319233,0.07396628
GLA_human,E27L,E58L,58,27,-0.2650981,0.055629753
GLA_human,E27M,E58M,58,27,-0.2696293,0.037112664
GLA_human,E27N,E58N,58,27,-0.49396482,0.02207727
GLA_human,E27P,E58P,58,27,1.0173975,0.14065768
GLA_human,E27Q,E58Q,58,27,-0.2541069,0.027438927
GLA_human,E27R,E58R,58,27,-0.43275443,0.07595058
GLA_human,E27S,E58S,58,27,-0.51972795,0.09384417
GLA_human,E27T,E58T,58,27,-0.51125807,0.074288666
GLA_human,E27V,E58V,58,27,-0.08267018,0.0672499
GLA_human,E27W,E58W,58,27,0.14216423,0.13978328
GLA_human,E27Y,E58Y,58,27,-0.18552855,0.054596063
GLA_human,E28A,E59A,59,28,0.13591722,0.08340138
GLA_human,E28C,E59C,59,28,-0.02924633,0.13614036
GLA_human,E28D,E59D,59,28,0.1532721,0.04579384
GLA_human,E28F,E59F,59,28,-0.46148235,0.04322447
GLA_human,E28G,E59G,59,28,0.62541103,0.17530783
GLA_human,E28H,E59H,59,28,-0.1432306,0.080204986
GLA_human,E28I,E59I,59,28,0.8659829,0.07388076
GLA_human,E28K,E59K,59,28,0.25503486,0.04176838
GLA_human,E28L,E59L,59,28,0.16449848,0.06402851
GLA_human,E28M,E59M,59,28,-0.06338908,0.06333346
GLA_human,E28N,E59N,59,28,0.11281983,0.05553419
GLA_human,E28P,E59P,59,28,2.0335498,0.058709126
GLA_human,E28Q,E59Q,59,28,-0.19924404,0.048433766
GLA_human,E28R,E59R,59,28,0.2025661,0.06352882
GLA_human,E28S,E59S,59,28,0.12073491,0.0778236
GLA_human,E28V,E59V,59,28,0.78339875,0.11435032
GLA_human,E28W,E59W,59,28,-0.061272305,0.04765318
GLA_human,E28Y,E59Y,59,28,-0.36617547,0.060305875
GLA_human,P29A,P60A,60,29,0.9776018,0.12655807
GLA_human,P29C,P60C,60,29,0.8152207,0.12030804
GLA_human,P29D,P60D,60,29,1.3124641,0.06198886
GLA_human,P29E,P60E,60,29,1.1907749,0.14006853
GLA_human,P29F,P60F,60,29,1.0414064,0.10963255
GLA_human,P29G,P60G,60,29,1.220529,0.10350617
GLA_human,P29H,P60H,60,29,0.92445385,0.1263737
GLA_human,P29I,P60I,60,29,0.84976274,0.13688579
GLA_human,P29K,P60K,60,29,0.72026914,0.077127665
GLA_human,P29L,P60L,60,29,0.9862951,0.12859346
GLA_human,P29M,P60M,60,29,0.9781815,0.13197717
GLA_human,P29N,P60N,60,29,1.0261902,0.04992856
GLA_human,P29Q,P60Q,60,29,0.79069734,0.11607177
GLA_human,P29R,P60R,60,29,0.54417294,0.058538023
GLA_human,P29S,P60S,60,29,1.0457143,0.11501896
GLA_human,P29T,P60T,60,29,1.0746604,0.0935279
GLA_human,P29V,P60V,60,29,0.8817231,0.07726453
GLA_human,P29W,P60W,60,29,0.7273998,0.11139982
GLA_human,P29Y,P60Y,60,29,0.9446623,0.091199644
GLA_human,D30A,D61A,61,30,0.25152975,0.08887985
GLA_human,D30C,D61C,61,30,0.2900375,0.079379685
GLA_human,D30E,D61E,61,30,-0.026603322,0.04452547
GLA_human,D30F,D61F,61,30,-0.076701954,0.10451439
GLA_human,D30G,D61G,61,30,0.3177276,0.12168793
GLA_human,D30H,D61H,61,30,-0.0005600631,0.12838055
GLA_human,D30K,D61K,61,30,-0.073526606,0.08235291
GLA_human,D30L,D61L,61,30,-0.02664175,0.095144376
GLA_human,D30M,D61M,61,30,-0.0065627405,0.07150042
GLA_human,D30N,D61N,61,30,0.20226946,0.045677166
GLA_human,D30P,D61P,61,30,1.1503515,0.14892998
GLA_human,D30Q,D61Q,61,30,-0.18916427,0.045328632
GLA_human,D30R,D61R,61,30,-0.2766615,0.0562375
GLA_human,D30S,D61S,61,30,0.086680375,0.045530368
GLA_human,D30T,D61T,61,30,0.60260344,0.054594714
GLA_human,D30V,D61V,61,30,0.6318749,0.08164807
GLA_human,D30W,D61W,61,30,0.057638396,0.08490672
GLA_human,D30Y,D61Y,61,30,-0.047524102,0.11173398
GLA_human,S31A,S62A,62,31,-0.078203365,0.016026942
GLA_human,S31C,S62C,62,31,0.07225876,0.03541008
GLA_human,S31D,S62D,62,31,0.28215653,0.08101845
GLA_human,S31E,S62E,62,31,0.18973398,0.08112099
GLA_human,S31F,S62F,62,31,-0.09565188,0.10634445
GLA_human,S31G,S62G,62,31,0.13707641,0.08029628
GLA_human,S31H,S62H,62,31,0.0810105,0.09298396
GLA_human,S31I,S62I,62,31,0.14410609,0.08495514
GLA_human,S31K,S62K,62,31,0.29594636,0.053211108
GLA_human,S31L,S62L,62,31,0.14299552,0.10702135
GLA_human,S31M,S62M,62,31,0.020849574,0.09819311
GLA_human,S31N,S62N,62,31,0.057701923,0.012947559
GLA_human,S31P,S62P,62,31,0.8980299,0.14622863
GLA_human,S31Q,S62Q,62,31,0.07789861,0.052876174
GLA_human,S31R,S62R,62,31,-0.0112119485,0.07947457
GLA_human,S31T,S62T,62,31,0.44495502,0.08502991
GLA_human,S31V,S62V,62,31,0.37793297,0.09147513
GLA_human,S31W,S62W,62,31,-0.0216618,0.10428131
GLA_human,S31Y,S62Y,62,31,-0.1865315,0.0988903
GLA_human,C32A,C63A,63,32,1.0705696,0.16226485
GLA_human,C32D,C63D,63,32,2.266,0.09531157
GLA_human,C32E,C63E,63,32,3.1112194,0.119538166
GLA_human,C32F,C63F,63,32,2.2912037,0.14921609
GLA_human,C32G,C63G,63,32,1.8867178,0.26483724
GLA_human,C32H,C63H,63,32,2.399734,0.14590602
GLA_human,C32I,C63I,63,32,2.1068168,0.12504864
GLA_human,C32L,C63L,63,32,1.9467614,0.06440448
GLA_human,C32M,C63M,63,32,2.343204,0.13688701
GLA_human,C32N,C63N,63,32,2.4506946,0.11699251
GLA_human,C32P,C63P,63,32,2.8646934,0.1948083
GLA_human,C32Q,C63Q,63,32,2.9705765,0.13962547
GLA_human,C32R,C63R,63,32,2.9155078,0.08549727
GLA_human,C32S,C63S,63,32,1.2571331,0.08976557
GLA_human,C32T,C63T,63,32,2.3714213,0.12943186
GLA_human,C32V,C63V,63,32,1.82719,0.124637544
GLA_human,C32W,C63W,63,32,2.5510736,0.14151815
GLA_human,C32Y,C63Y,63,32,2.3243847,0.15634699
GLA_human,I33A,I64A,64,33,1.7901933,0.10222367
GLA_human,I33C,I64C,64,33,1.3861732,0.117989816
GLA_human,I33D,I64D,64,33,2.0954347,0.093735635
GLA_human,I33E,I64E,64,33,2.1039307,0.088878155
GLA_human,I33F,I64F,64,33,1.6050816,0.14325005
GLA_human,I33G,I64G,64,33,2.488359,0.21715726
GLA_human,I33H,I64H,64,33,2.019453,0.063868634
GLA_human,I33K,I64K,64,33,2.1981483,0.09456829
GLA_human,I33L,I64L,64,33,0.04765207,0.01969064
GLA_human,I33M,I64M,64,33,1.2146916,0.06808986
GLA_human,I33N,I64N,64,33,1.9401572,0.07505632
GLA_human,I33P,I64P,64,33,1.3569082,0.09299532
GLA_human,I33R,I64R,64,33,2.3482168,0.09012641
GLA_human,I33S,I64S,64,33,2.1567845,0.0892809
GLA_human,I33T,I64T,64,33,1.405636,0.09275132
GLA_human,I33V,I64V,64,33,0.17496356,0.038646456
GLA_human,I33W,I64W,64,33,1.7658154,0.15566802
GLA_human,I33Y,I64Y,64,33,1.8159666,0.18958738
GLA_human,S34A,S65A,65,34,0.2971596,0.059994277
GLA_human,S34C,S65C,65,34,0.21697383,0.073928356
GLA_human,S34D,S65D,65,34,0.74566805,0.10158127
GLA_human,S34E,S65E,65,34,1.1951854,0.13621646
GLA_human,S34F,S65F,65,34,1.0962522,0.08650559
GLA_human,S34G,S65G,65,34,0.25066125,0.1712138
GLA_human,S34H,S65H,65,34,0.5720962,0.04028662
GLA_human,S34I,S65I,65,34,0.97935027,0.1452741
GLA_human,S34K,S65K,65,34,1.0043914,0.068529025
GLA_human,S34L,S65L,65,34,1.0638268,0.12673675
GLA_human,S34M,S65M,65,34,0.6636071,0.07401457
GLA_human,S34N,S65N,65,34,0.8177166,0.07125945
GLA_human,S34P,S65P,65,34,2.059552,0.16121577
GLA_human,S34Q,S65Q,65,34,0.6640576,0.09203054
GLA_human,S34R,S65R,65,34,0.28422612,0.06603989
GLA_human,S34T,S65T,65,34,1.1902425,0.12207188
GLA_human,S34V,S65V,65,34,1.1721439,0.13072908
GLA_human,S34W,S65W,65,34,0.36012393,0.09122507
GLA_human,S34Y,S65Y,65,34,0.8239331,0.056164786
GLA_human,L37A,L68A,68,37,2.6454475,0.095854975
GLA_human,L37C,L68C,68,37,1.7188475,0.09910358
GLA_human,L37D,L68D,68,37,3.3381577,0.113836646
GLA_human,L37E,L68E,68,37,3.0875795,0.11677243
GLA_human,L37F,L68F,68,37,1.2454118,0.09202161
GLA_human,L37G,L68G,68,37,3.08188,0.1590368
GLA_human,L37H,L68H,68,37,2.9124413,0.06632622
GLA_human,L37I,L68I,68,37,1.535931,0.08554811
GLA_human,L37K,L68K,68,37,2.736617,0.2036737
GLA_human,L37M,L68M,68,37,1.5841873,0.09560198
GLA_human,L37N,L68N,68,37,3.1632702,0.11659117
GLA_human,L37P,L68P,68,37,2.6732833,0.114974044
GLA_human,L37Q,L68Q,68,37,3.1057315,0.099962905
GLA_human,L37R,L68R,68,37,3.0804222,0.24267206
GLA_human,L37S,L68S,68,37,2.850282,0.13886005
GLA_human,L37T,L68T,68,37,2.2991495,0.07802581
GLA_human,L37V,L68V,68,37,1.7097734,0.09719692
GLA_human,L37W,L68W,68,37,2.5855756,0.26325876
GLA_human,L37Y,L68Y,68,37,2.4124732,0.21796198
GLA_human,F38A,F69A,69,38,2.4456496,0.13557354
GLA_human,F38C,F69C,69,38,1.6005179,0.21084838
GLA_human,F38D,F69D,69,38,3.197833,0.03919089
GLA_human,F38E,F69E,69,38,2.8346286,0.033559695
GLA_human,F38G,F69G,69,38,3.0928319,0.115776286
GLA_human,F38H,F69H,69,38,2.0783725,0.11181216
GLA_human,F38I,F69I,69,38,1.6907161,0.092202924
GLA_human,F38K,F69K,69,38,2.73258,0.10391638
GLA_human,F38L,F69L,69,38,1.5696208,0.14581947
GLA_human,F38M,F69M,69,38,1.1038526,0.09711449
GLA_human,F38N,F69N,69,38,3.1361244,0.05624656
GLA_human,F38P,F69P,69,38,2.5739298,0.06855103
GLA_human,F38Q,F69Q,69,38,2.6088977,0.039118752
GLA_human,F38R,F69R,69,38,2.7432227,0.14145449
GLA_human,F38S,F69S,69,38,2.7652433,0.14292835
GLA_human,F38T,F69T,69,38,2.801355,0.08979117
GLA_human,F38V,F69V,69,38,2.1988668,0.12958151
GLA_human,F38W,F69W,69,38,1.110598,0.06243715
GLA_human,F38Y,F69Y,69,38,0.4307743,0.07319701
GLA_human,M39A,M70A,70,39,1.1310668,0.12212457
GLA_human,M39C,M70C,70,39,0.6712369,0.12988856
GLA_human,M39D,M70D,70,39,2.0219507,0.13707161
GLA_human,M39E,M70E,70,39,1.1448412,0.12264254
GLA_human,M39F,M70F,70,39,0.94981,0.06559169
GLA_human,M39G,M70G,70,39,1.8658111,0.19871551
GLA_human,M39H,M70H,70,39,1.1848236,0.07900388
GLA_human,M39I,M70I,70,39,0.5331369,0.088911586
GLA_human,M39K,M70K,70,39,0.17231703,0.06701732
GLA_human,M39L,M70L,70,39,1.0894029,0.063828446
GLA_human,M39N,M70N,70,39,1.9414623,0.06577151
GLA_human,M39P,M70P,70,39,2.9892082,0.07171836
GLA_human,M39Q,M70Q,70,39,0.7654551,0.10931555
GLA_human,M39R,M70R,70,39,0.47722498,0.08415112
GLA_human,M39S,M70S,70,39,1.2632053,0.06129945
GLA_human,M39T,M70T,70,39,1.0775199,0.06673718
GLA_human,M39V,M70V,70,39,0.7206871,0.11665927
GLA_human,M39W,M70W,70,39,1.0377083,0.21935153
GLA_human,M39Y,M70Y,70,39,1.185653,0.12270465
GLA_human,E40A,E71A,71,40,0.24996527,0.07491452
GLA_human,E40C,E71C,71,40,0.06541434,0.08041429
GLA_human,E40D,E71D,71,40,0.3931649,0.03120943
GLA_human,E40F,E71F,71,40,0.5570744,0.021382956
GLA_human,E40G,E71G,71,40,0.99493134,0.18590225
GLA_human,E40H,E71H,71,40,0.8880021,0.10210538
GLA_human,E40I,E71I,71,40,0.35475224,0.043521836
GLA_human,E40K,E71K,71,40,0.4398728,0.06322858
GLA_human,E40L,E71L,71,40,0.37037906,0.06263373
GLA_human,E40M,E71M,71,40,0.22348252,0.06632969
GLA_human,E40N,E71N,71,40,0.8176626,0.054724462
GLA_human,E40P,E71P,71,40,2.1742377,0.06708096
GLA_human,E40Q,E71Q,71,40,-0.008574391,0.037900064
GLA_human,E40R,E71R,71,40,0.37266713,0.062410608
GLA_human,E40S,E71S,71,40,0.4344303,0.08273155
GLA_human,E40T,E71T,71,40,0.3906058,0.066087134
GLA_human,E40V,E71V,71,40,0.61780584,0.097130075
GLA_human,E40W,E71W,71,40,0.21565571,0.077068046
GLA_human,E40Y,E71Y,71,40,0.6260602,0.08640676
GLA_human,M41A,M72A,72,41,1.6838608,0.039674185
GLA_human,M41C,M72C,72,41,1.4493802,0.15406081
GLA_human,M41D,M72D,72,41,3.006267,0.16064559
GLA_human,M41E,M72E,72,41,1.831782,0.1443258
GLA_human,M41F,M72F,72,41,1.1082923,0.07704922
GLA_human,M41G,M72G,72,41,2.729608,0.12411195
GLA_human,M41H,M72H,72,41,0.6768658,0.11056185
GLA_human,M41I,M72I,72,41,0.72174805,0.07632067
GLA_human,M41K,M72K,72,41,1.8700755,0.17395398
GLA_human,M41L,M72L,72,41,1.9338572,0.14814779
GLA_human,M41N,M72N,72,41,2.4184132,0.20024621
GLA_human,M41P,M72P,72,41,3.2868018,0.20866814
GLA_human,M41Q,M72Q,72,41,1.3505309,0.063317545
GLA_human,M41R,M72R,72,41,2.2923555,0.15321513
GLA_human,M41S,M72S,72,41,2.1333337,0.12970588
GLA_human,M41T,M72T,72,41,1.4794018,0.05007687
GLA_human,M41V,M72V,72,41,1.223798,0.1015265
GLA_human,M41W,M72W,72,41,2.2246342,0.21997069
GLA_human,M41Y,M72Y,72,41,1.9410385,0.20712431
GLA_human,A42C,A73C,73,42,0.3368576,0.13671263
GLA_human,A42D,A73D,73,42,2.6682165,0.13514926
GLA_human,A42E,A73E,73,42,2.275678,0.21105076
GLA_human,A42F,A73F,73,42,1.649772,0.25909784
GLA_human,A42G,A73G,73,42,1.1915263,0.14140801
GLA_human,A42H,A73H,73,42,2.0581994,0.20162581
GLA_human,A42I,A73I,73,42,1.5230253,0.27138162
GLA_human,A42K,A73K,73,42,2.4606502,0.27159595
GLA_human,A42L,A73L,73,42,1.2630584,0.15492226
GLA_human,A42M,A73M,73,42,0.9340291,0.23653047
GLA_human,A42N,A73N,73,42,2.658216,0.24192858
GLA_human,A42P,A73P,73,42,3.1210837,0.26769224
GLA_human,E43A,E74A,74,43,0.12894826,0.089712225
GLA_human,E43C,E74C,74,43,0.268458,0.1283648
GLA_human,E43D,E74D,74,43,-0.096620575,0.014234718
GLA_human,E43F,E74F,74,43,0.20175076,0.08371457
GLA_human,E43G,E74G,74,43,0.8601446,0.16254754
GLA_human,E43H,E74H,74,43,0.3609054,0.08119843
GLA_human,E43I,E74I,74,43,0.56613904,0.055312343
GLA_human,E43K,E74K,74,43,0.520852,0.04637258
GLA_human,E43L,E74L,74,43,0.53195184,0.056877196
GLA_human,E43M,E74M,74,43,0.43413955,0.07148068
GLA_human,E43N,E74N,74,43,0.28288102,0.030462286
GLA_human,E43P,E74P,74,43,1.9301695,0.08452167
GLA_human,E43Q,E74Q,74,43,0.29772198,0.04974646
GLA_human,E43R,E74R,74,43,0.08489442,0.043110233
GLA_human,E43S,E74S,74,43,0.19797775,0.08273225
GLA_human,E43T,E74T,74,43,0.5000679,0.047043465
GLA_human,E43V,E74V,74,43,0.77568454,0.059427626
GLA_human,E43W,E74W,74,43,0.5698603,0.11861885
GLA_human,E43Y,E74Y,74,43,0.26206264,0.08792375
GLA_human,M45A,M76A,76,45,2.2121594,0.183882
GLA_human,M45C,M76C,76,45,1.1235316,0.14673427
GLA_human,M45D,M76D,76,45,3.227777,0.13951029
GLA_human,M45E,M76E,76,45,2.6693473,0.152635
GLA_human,M45F,M76F,76,45,1.6150334,0.07895604
GLA_human,M45G,M76G,76,45,2.270303,0.176433
GLA_human,M45H,M76H,76,45,2.574426,0.11830082
GLA_human,M45I,M76I,76,45,1.1604377,0.038548663
GLA_human,M45K,M76K,76,45,2.566555,0.28655094
GLA_human,M45L,M76L,76,45,0.42780727,0.05904426
GLA_human,M45N,M76N,76,45,2.905767,0.17303877
GLA_human,M45P,M76P,76,45,3.4191155,0.15137324
GLA_human,M45Q,M76Q,76,45,2.1400292,0.10734881
GLA_human,M45R,M76R,76,45,2.8315654,0.31980965
GLA_human,M45S,M76S,76,45,2.2131143,0.20049512
GLA_human,M45T,M76T,76,45,2.1673493,0.1658573
GLA_human,M45V,M76V,76,45,1.7201862,0.1495291
GLA_human,M45W,M76W,76,45,2.3072686,0.29837728
GLA_human,M45Y,M76Y,76,45,2.2031941,0.13649262
GLA_human,V46A,V77A,77,46,1.0258152,0.17091143
GLA_human,V46C,V77C,77,46,0.9869623,0.06873208
GLA_human,V46D,V77D,77,46,1.4842169,0.13908604
GLA_human,V46E,V77E,77,46,0.9878211,0.06913833
GLA_human,V46F,V77F,77,46,0.9637286,0.08877897
GLA_human,V46G,V77G,77,46,1.9930394,0.17676659
GLA_human,V46H,V77H,77,46,1.1489468,0.06926876
GLA_human,V46I,V77I,77,46,0.45493522,0.120900765
GLA_human,V46K,V77K,77,46,1.3135523,0.10424982
GLA_human,V46L,V77L,77,46,0.84663725,0.06286125
GLA_human,V46M,V77M,77,46,0.86945736,0.09906638
GLA_human,V46N,V77N,77,46,1.6561639,0.05782798
GLA_human,V46P,V77P,77,46,1.5509298,0.11526289
GLA_human,V46Q,V77Q,77,46,0.88192093,0.06199012
GLA_human,V46R,V77R,77,46,1.4001524,0.15265627
GLA_human,V46S,V77S,77,46,1.3955309,0.11528587
GLA_human,V46T,V77T,77,46,1.0333683,0.052079994
GLA_human,V46W,V77W,77,46,1.0788212,0.09203004
GLA_human,V46Y,V77Y,77,46,0.9957105,0.07582658
GLA_human,E48A,E79A,79,48,0.6140322,0.14720707
GLA_human,E48C,E79C,79,48,0.53676033,0.14529182
GLA_human,E48D,E79D,79,48,0.4348453,0.038774904
GLA_human,E48F,E79F,79,48,0.78990954,0.0808891
GLA_human,E48G,E79G,79,48,1.1728156,0.22154564
GLA_human,E48H,E79H,79,48,1.155906,0.13078707
GLA_human,E48I,E79I,79,48,1.2343647,0.10710321
GLA_human,E48K,E79K,79,48,1.1099203,0.100133225
GLA_human,E48L,E79L,79,48,0.28193188,0.11405125
GLA_human,E48M,E79M,79,48,-0.16490546,0.07628206
GLA_human,E48N,E79N,79,48,1.0935296,0.06236112
GLA_human,E48P,E79P,79,48,3.4591134,0.05507646
GLA_human,E48Q,E79Q,79,48,0.123212054,0.09379434
GLA_human,E48R,E79R,79,48,0.8662388,0.09852998
GLA_human,E48S,E79S,79,48,0.58657825,0.09348355
GLA_human,E48T,E79T,79,48,1.0641773,0.06289401
GLA_human,E48V,E79V,79,48,1.5475271,0.07559901
GLA_human,E48W,E79W,79,48,1.1856197,0.137412
GLA_human,E48Y,E79Y,79,48,0.90403414,0.07004486
GLA_human,G49A,G80A,80,49,1.2915035,0.06679347
GLA_human,G49C,G80C,80,49,1.0285677,0.135478
GLA_human,G49D,G80D,80,49,1.340725,0.21136661
GLA_human,G49E,G80E,80,49,1.4623451,0.1391349
GLA_human,G49F,G80F,80,49,0.58541435,0.11583656
GLA_human,G49H,G80H,80,49,0.8017542,0.124342404
GLA_human,G49I,G80I,80,49,1.5927819,0.09028759
GLA_human,G49K,G80K,80,49,0.96595985,0.15191963
GLA_human,G49L,G80L,80,49,0.915545,0.102942206
GLA_human,G49M,G80M,80,49,0.7517725,0.08969819
GLA_human,G49N,G80N,80,49,1.0340917,0.15402706
GLA_human,G49P,G80P,80,49,1.9212526,0.15001816
GLA_human,G49Q,G80Q,80,49,1.1650149,0.10380913
GLA_human,G49R,G80R,80,49,1.1386303,0.096933365
GLA_human,G49S,G80S,80,49,1.185065,0.09081856
GLA_human,G49T,G80T,80,49,1.389478,0.17231138
GLA_human,G49V,G80V,80,49,1.4573376,0.13951868
GLA_human,G49W,G80W,80,49,0.73267263,0.10652487
GLA_human,G49Y,G80Y,80,49,0.60151017,0.13484333
GLA_human,W50A,W81A,81,50,3.3549225,0.31132695
GLA_human,W50C,W81C,81,50,2.5196922,0.18666048
GLA_human,W50D,W81D,81,50,3.9903374,0.16272259
GLA_human,W50E,W81E,81,50,3.9673774,0.14749768
GLA_human,W50F,W81F,81,50,0.5496031,0.06131056
GLA_human,W50G,W81G,81,50,4.381744,0.30587134
GLA_human,W50H,W81H,81,50,2.6358328,0.12257895
GLA_human,W50I,W81I,81,50,2.890175,0.17496224
GLA_human,W50K,W81K,81,50,3.9765918,0.19569217
GLA_human,W50L,W81L,81,50,2.086285,0.1513568
GLA_human,W50M,W81M,81,50,2.0201206,0.10191145
GLA_human,W50N,W81N,81,50,3.8813558,0.11265208
GLA_human,W50P,W81P,81,50,3.8010693,0.14298497
GLA_human,W50Q,W81Q,81,50,3.7817314,0.14806987
GLA_human,W50R,W81R,81,50,3.5733254,0.18742797
GLA_human,W50S,W81S,81,50,3.5255363,0.17885476
GLA_human,W50T,W81T,81,50,3.6438832,0.090860516
GLA_human,W50V,W81V,81,50,3.3343074,0.10630536
GLA_human,W50Y,W81Y,81,50,0.7460371,0.06409522
GLA_human,K51D,K82D,82,51,1.9476818,0.02542604
GLA_human,K51E,K82E,82,51,1.3139789,0.03861035
GLA_human,K51F,K82F,82,51,0.4996875,0.11744291
GLA_human,K51G,K82G,82,51,1.6727606,0.12535496
GLA_human,K51H,K82H,82,51,0.73498696,0.026656456
GLA_human,K51I,K82I,82,51,1.1803161,0.17174795
GLA_human,K51L,K82L,82,51,0.03675423,0.09130065
GLA_human,K51M,K82M,82,51,0.17515591,0.066243574
GLA_human,K51N,K82N,82,51,1.411999,0.058818974
GLA_human,K51P,K82P,82,51,2.164226,0.12975593
GLA_human,K51Q,K82Q,82,51,0.58005625,0.06687174
GLA_human,K51R,K82R,82,51,-0.2708115,0.038305577
GLA_human,K51S,K82S,82,51,0.97264194,0.07540569
GLA_human,K51T,K82T,82,51,1.7549326,0.0466233
GLA_human,K51V,K82V,82,51,1.407644,0.055194374
GLA_human,K51W,K82W,82,51,0.8163484,0.0694139
GLA_human,K51Y,K82Y,82,51,0.5505617,0.11260378
GLA_human,G54A,G85A,85,54,1.3058627,0.071157195
GLA_human,G54C,G85C,85,54,1.0978764,0.16389197
GLA_human,G54D,G85D,85,54,1.8358189,0.25862643
GLA_human,G54E,G85E,85,54,1.9409332,0.15208977
GLA_human,G54F,G85F,85,54,1.2341745,0.08914734
GLA_human,G54H,G85H,85,54,1.2996922,0.06861341
GLA_human,G54I,G85I,85,54,1.8038807,0.17666599
GLA_human,G54K,G85K,85,54,1.4376581,0.09951995
GLA_human,G54L,G85L,85,54,1.325297,0.12610927
GLA_human,G54M,G85M,85,54,1.3863262,0.07617054
GLA_human,G54N,G85N,85,54,1.5950167,0.21324734
GLA_human,G54P,G85P,85,54,2.6737726,0.09271858
GLA_human,G54Q,G85Q,85,54,1.5616162,0.07302926
GLA_human,G54R,G85R,85,54,1.4873221,0.09839856
GLA_human,G54S,G85S,85,54,1.3872694,0.11634934
GLA_human,G54T,G85T,85,54,1.9223744,0.14491373
GLA_human,G54V,G85V,85,54,1.8279543,0.15994902
GLA_human,G54W,G85W,85,54,1.0876663,0.063858
GLA_human,G54Y,G85Y,85,54,1.1742629,0.11461031
GLA_human,Y55A,Y86A,86,55,2.6403046,0.21517877
GLA_human,Y55C,Y86C,86,55,1.7222573,0.282578
GLA_human,Y55D,Y86D,86,55,3.413358,0.11991821
GLA_human,Y55E,Y86E,86,55,3.2739735,0.121124916
GLA_human,Y55F,Y86F,86,55,0.30162334,0.03885709
GLA_human,Y55G,Y86G,86,55,3.0614467,0.13008079
GLA_human,Y55H,Y86H,86,55,2.180374,0.12266852
GLA_human,Y55I,Y86I,86,55,2.4833474,0.083230756
GLA_human,Y55K,Y86K,86,55,3.0421166,0.11751487
GLA_human,Y55L,Y86L,86,55,2.348229,0.08239491
GLA_human,Y55M,Y86M,86,55,2.018804,0.047589403
GLA_human,Y55N,Y86N,86,55,3.1236138,0.062543176
GLA_human,Y55P,Y86P,86,55,3.371821,0.13377264
GLA_human,Y55Q,Y86Q,86,55,3.1854224,0.09855958
GLA_human,Y55R,Y86R,86,55,2.5063071,0.17393494
GLA_human,Y55S,Y86S,86,55,2.685701,0.19674534
GLA_human,Y55T,Y86T,86,55,3.0594988,0.08432879
GLA_human,Y55V,Y86V,86,55,2.6544805,0.05297053
GLA_human,Y55W,Y86W,86,55,0.9058798,0.08743232
GLA_human,E56A,E87A,87,56,0.57783866,0.18357094
GLA_human,E56C,E87C,87,56,0.24930024,0.12587126
GLA_human,E56D,E87D,87,56,0.64256716,0.08196577
GLA_human,E56F,E87F,87,56,-0.095541656,0.10346771
GLA_human,E56G,E87G,87,56,0.736641,0.22300823
GLA_human,E56H,E87H,87,56,0.058598407,0.051152557
GLA_human,E56I,E87I,87,56,-0.46229345,0.12122164
GLA_human,E56K,E87K,87,56,0.057121407,0.09148752
GLA_human,E56L,E87L,87,56,-0.32252464,0.10431534
GLA_human,E56M,E87M,87,56,-0.30178732,0.069519915
GLA_human,E56N,E87N,87,56,0.54421645,0.096887335
GLA_human,E56P,E87P,87,56,0.9711607,0.17451182
GLA_human,E56Q,E87Q,87,56,-0.036362328,0.03208152
GLA_human,E56R,E87R,87,56,-0.16880222,0.084807105
GLA_human,E56S,E87S,87,56,0.5929128,0.1456791
GLA_human,E56T,E87T,87,56,0.10355137,0.081589274
GLA_human,E56V,E87V,87,56,-0.23094377,0.08396087
GLA_human,E56W,E87W,87,56,-0.0031034395,0.09578039
GLA_human,E56Y,E87Y,87,56,-0.10685824,0.099013165
GLA_human,Y57A,Y88A,88,57,2.495994,0.13799667
GLA_human,Y57C,Y88C,88,57,1.3188818,0.15561017
GLA_human,Y57D,Y88D,88,57,2.8253067,0.035641313
GLA_human,Y57E,Y88E,88,57,2.559361,0.039505288
GLA_human,Y57F,Y88F,88,57,-0.21836743,0.038397163
GLA_human,Y57G,Y88G,88,57,2.923653,0.12513603
GLA_human,Y57H,Y88H,88,57,1.7709792,0.06084086
GLA_human,Y57I,Y88I,88,57,1.1560279,0.097254515
GLA_human,Y57K,Y88K,88,57,2.4468071,0.14230187
GLA_human,Y57L,Y88L,88,57,1.1255022,0.104117095
GLA_human,Y57M,Y88M,88,57,1.2755778,0.08176612
GLA_human,Y57N,Y88N,88,57,2.6192431,0.042418063
GLA_human,Y57P,Y88P,88,57,3.2207336,0.075747825
GLA_human,Y57Q,Y88Q,88,57,2.5002415,0.104649
GLA_human,Y57R,Y88R,88,57,2.1052265,0.073605634
GLA_human,Y57S,Y88S,88,57,2.5100422,0.12692949
GLA_human,Y57T,Y88T,88,57,2.0590887,0.05357224
GLA_human,Y57V,Y88V,88,57,1.6634582,0.12922262
GLA_human,Y57W,Y88W,88,57,0.7072808,0.072212555
GLA_human,W64A,W95A,95,64,3.843141,0.28423348
GLA_human,W64C,W95C,95,64,3.069016,0.24664548
GLA_human,W64D,W95D,95,64,4.4095383,0.15114945
GLA_human,W64E,W95E,95,64,3.783503,0.17438263
GLA_human,W64F,W95F,95,64,1.3965528,0.13321184
GLA_human,W64G,W95G,95,64,4.13479,0.27113283
GLA_human,W64H,W95H,95,64,2.6427941,0.13326457
GLA_human,W64I,W95I,95,64,3.1627336,0.27115667
GLA_human,W64K,W95K,95,64,3.748652,0.22270378
GLA_human,W64L,W95L,95,64,3.1627362,0.18508193
GLA_human,W64M,W95M,95,64,2.66603,0.14301996
GLA_human,W64N,W95N,95,64,4.320006,0.213266
GLA_human,W64P,W95P,95,64,4.2617064,0.18665734
GLA_human,W64Q,W95Q,95,64,3.6345737,0.22656445
GLA_human,W64R,W95R,95,64,2.2678757,0.20316412
GLA_human,W64S,W95S,95,64,3.9191709,0.19908696
GLA_human,W64T,W95T,95,64,3.9800706,0.28799376
GLA_human,W64V,W95V,95,64,4.093876,0.25832248
GLA_human,W64Y,W95Y,95,64,1.2295634,0.13807102
GLA_human,M65A,M96A,96,65,1.5752494,0.104754135
GLA_human,M65C,M96C,96,65,0.9118551,0.05953062
GLA_human,M65D,M96D,96,65,2.2769725,0.17618495
GLA_human,M65E,M96E,96,65,1.3715346,0.16487779
GLA_human,M65F,M96F,96,65,0.20942207,0.046021134
GLA_human,M65G,M96G,96,65,2.1053336,0.20310031
GLA_human,M65H,M96H,96,65,0.94262946,0.08694636
GLA_human,M65I,M96I,96,65,1.3516033,0.12864305
GLA_human,M65K,M96K,96,65,1.4802945,0.16870354
GLA_human,M65L,M96L,96,65,0.3617774,0.0741313
GLA_human,M65N,M96N,96,65,1.8734722,0.13536488
GLA_human,M65P,M96P,96,65,1.5553,0.19305307
GLA_human,M65Q,M96Q,96,65,0.8731287,0.06871881
GLA_human,M65R,M96R,96,65,1.1932757,0.08935588
GLA_human,M65S,M96S,96,65,1.5181147,0.106876396
GLA_human,M65T,M96T,96,65,1.6112999,0.12273647
GLA_human,M65V,M96V,96,65,1.6001003,0.16041563
GLA_human,M65W,M96W,96,65,1.8902318,0.22600025
GLA_human,M65Y,M96Y,96,65,0.9320614,0.09157114
GLA_human,P67K,P98K,98,67,0.22263062,0.068503685
GLA_human,P67L,P98L,98,67,0.026950544,0.093467385
GLA_human,P67M,P98M,98,67,-0.12612557,0.05565944
GLA_human,P67N,P98N,98,67,0.26953092,0.027985156
GLA_human,P67Q,P98Q,98,67,0.12270556,0.036385838
GLA_human,P67R,P98R,98,67,-0.22575346,0.045003008
GLA_human,P67S,P98S,98,67,0.4073523,0.056427225
GLA_human,P67T,P98T,98,67,0.40164065,0.012477395
GLA_human,P67V,P98V,98,67,0.4563535,0.07786437
GLA_human,P67W,P98W,98,67,-0.43984622,0.061385874
GLA_human,P67Y,P98Y,98,67,-0.050425243,0.031287666
GLA_human,Q68A,Q99A,99,68,0.099917404,0.034813
GLA_human,Q68C,Q99C,99,68,-0.1345576,0.046436038
GLA_human,Q68D,Q99D,99,68,0.028645197,0.056502957
GLA_human,Q68E,Q99E,99,68,-0.008386578,0.016464887
GLA_human,Q68F,Q99F,99,68,-0.15909103,0.047090556
GLA_human,Q68G,Q99G,99,68,0.38077465,0.11583747
GLA_human,Q68H,Q99H,99,68,-0.05538261,0.051154863
GLA_human,Q68K,Q99K,99,68,-0.038869374,0.03929367
GLA_human,Q68L,Q99L,99,68,0.023097213,0.057851665
GLA_human,Q68M,Q99M,99,68,-0.06547747,0.054791573
GLA_human,Q68N,Q99N,99,68,0.031570826,0.03561919
GLA_human,Q68P,Q99P,99,68,1.1888707,0.10136716
GLA_human,Q68R,Q99R,99,68,-0.066276744,0.049534883
GLA_human,Q68S,Q99S,99,68,0.09729866,0.01492333
GLA_human,Q68T,Q99T,99,68,0.17823473,0.035280067
GLA_human,Q68V,Q99V,99,68,0.113090016,0.03893314
GLA_human,Q68W,Q99W,99,68,-0.04886973,0.05288222
GLA_human,Q68Y,Q99Y,99,68,-0.12438361,0.032896396
GLA_human,R69V,R100V,100,69,2.8035088,0.1841233
GLA_human,R69W,R100W,100,69,1.8347635,0.21346693
GLA_human,R69Y,R100Y,100,69,2.0071926,0.06960306
GLA_human,D70I,D101I,101,70,2.5466866,0.20463854
GLA_human,D70K,D101K,101,70,2.0326395,0.13065179
GLA_human,D70L,D101L,101,70,2.043069,0.18184024
GLA_human,D70M,D101M,101,70,1.6267754,0.11754825
GLA_human,D70N,D101N,101,70,0.252639,0.050118674
GLA_human,D70P,D101P,101,70,2.7627654,0.1666975
GLA_human,D70Q,D101Q,101,70,1.617536,0.102773
GLA_human,D70R,D101R,101,70,1.8467144,0.17812423
GLA_human,D70S,D101S,101,70,0.7259326,0.09994438
GLA_human,D70T,D101T,101,70,0.94589776,0.08126325
GLA_human,D70V,D101V,101,70,2.7676551,0.15705146
GLA_human,D70W,D101W,101,70,2.2866096,0.23692964
GLA_human,D70Y,D101Y,101,70,2.4592083,0.31120527
GLA_human,E72A,E103A,103,72,0.12822133,0.101302765
GLA_human,E72C,E103C,103,72,0.10279326,0.0900762
GLA_human,E72D,E103D,103,72,0.094471276,0.01826836
GLA_human,E72F,E103F,103,72,0.024936136,0.09955245
GLA_human,E72G,E103G,103,72,0.42791635,0.138117
GLA_human,E72H,E103H,103,72,0.17260718,0.0918371
GLA_human,E72I,E103I,103,72,0.21150744,0.069614485
GLA_human,E72K,E103K,103,72,0.023460591,0.08307953
GLA_human,E72L,E103L,103,72,-0.103035964,0.060098212
GLA_human,E72M,E103M,103,72,-0.028344195,0.04872619
GLA_human,E72N,E103N,103,72,0.28978252,0.02241441
GLA_human,E72P,E103P,103,72,1.9189678,0.10826332
GLA_human,E72Q,E103Q,103,72,-0.099734366,0.027376868
GLA_human,E72R,E103R,103,72,-0.0668556,0.10009924
GLA_human,E72S,E103S,103,72,0.092257656,0.07441087
GLA_human,E72T,E103T,103,72,0.24045798,0.06760952
GLA_human,E72V,E103V,103,72,0.47567827,0.059116613
GLA_human,E72W,E103W,103,72,0.31591016,0.08957345
GLA_human,E72Y,E103Y,103,72,0.087080084,0.122613735
GLA_human,G73A,G104A,104,73,0.89948606,0.032792047
GLA_human,G73C,G104C,104,73,0.7747825,0.08305079
GLA_human,G73D,G104D,104,73,1.4040846,0.14445123
GLA_human,G73E,G104E,104,73,1.4566977,0.16294646
GLA_human,G73F,G104F,104,73,1.1701434,0.17033125
GLA_human,G73H,G104H,104,73,1.1773193,0.13117976
GLA_human,G73I,G104I,104,73,1.4113941,0.21813372
GLA_human,G73K,G104K,104,73,1.4260757,0.13121308
GLA_human,G73L,G104L,104,73,1.2631258,0.1842454
GLA_human,G73M,G104M,104,73,1.2238461,0.20298956
GLA_human,G73N,G104N,104,73,1.4139612,0.17594808
GLA_human,G73P,G104P,104,73,1.6435435,0.13722809
GLA_human,G73Q,G104Q,104,73,1.3216729,0.1821895
GLA_human,G73R,G104R,104,73,1.3983023,0.11940088
GLA_human,G73S,G104S,104,73,0.96251965,0.093437
GLA_human,G73T,G104T,104,73,1.579458,0.11589315
GLA_human,G73V,G104V,104,73,1.4328268,0.15260357
GLA_human,G73W,G104W,104,73,1.2054726,0.15524271
GLA_human,G73Y,G104Y,104,73,1.2136673,0.15654913
GLA_human,R74A,R105A,105,74,1.3491764,0.17889278
GLA_human,R74C,R105C,105,74,1.0444127,0.1495479
GLA_human,R74D,R105D,105,74,2.5690346,0.16092908
GLA_human,R74E,R105E,105,74,2.1904783,0.15728374
GLA_human,R74F,R105F,105,74,1.0192173,0.09395351
GLA_human,R74G,R105G,105,74,1.5460701,0.32225215
GLA_human,R74H,R105H,105,74,0.9617769,0.116646186
GLA_human,R74I,R105I,105,74,1.0360698,0.12010207
GLA_human,R74K,R105K,105,74,0.660957,0.12591042
GLA_human,R74L,R105L,105,74,1.2138956,0.12410404
GLA_human,R74M,R105M,105,74,1.4217792,0.112562045
GLA_human,R74N,R105N,105,74,1.6789325,0.11676577
GLA_human,R74P,R105P,105,74,2.9558036,0.28343636
GLA_human,R74Q,R105Q,105,74,1.5444267,0.0956555
GLA_human,R74S,R105S,105,74,1.3971037,0.16610797
GLA_human,R74T,R105T,105,74,1.7780845,0.15456472
GLA_human,R74V,R105V,105,74,1.3712081,0.15073769
GLA_human,R74W,R105W,105,74,1.2155707,0.10726029
GLA_human,R74Y,R105Y,105,74,1.0098436,0.09701176
GLA_human,L75A,L106A,106,75,2.1613047,0.09189289
GLA_human,L75C,L106C,106,75,1.5961487,0.08271521
GLA_human,L75D,L106D,106,75,2.4688358,0.12850936
GLA_human,L75E,L106E,106,75,1.9673874,0.11102648
GLA_human,L75F,L106F,106,75,0.9232052,0.092549965
GLA_human,L75G,L106G,106,75,2.430998,0.095522605
GLA_human,L75H,L106H,106,75,2.004986,0.03259315
GLA_human,L75I,L106I,106,75,0.5624383,0.044622425
GLA_human,L75K,L106K,106,75,1.8842728,0.07112434
GLA_human,L75M,L106M,106,75,1.1510837,0.054819874
GLA_human,L75N,L106N,106,75,2.4211125,0.1059733
GLA_human,L75P,L106P,106,75,1.7180898,0.07826466
GLA_human,L75Q,L106Q,106,75,1.6876342,0.08073967
GLA_human,L75R,L106R,106,75,2.3643556,0.11722624
GLA_human,L75S,L106S,106,75,2.4386258,0.032432556
GLA_human,L75T,L106T,106,75,2.2034678,0.06305425
GLA_human,L75V,L106V,106,75,1.0713485,0.12717879
GLA_human,L75W,L106W,106,75,1.7437893,0.10083035
GLA_human,L75Y,L106Y,106,75,0.5504823,0.094412796
GLA_human,Q76A,Q107A,107,76,1.0365493,0.13023478
GLA_human,Q76C,Q107C,107,76,0.3118217,0.14814138
GLA_human,A77W,A108W,108,77,1.2701886,0.06145156
GLA_human,A77Y,A108Y,108,77,1.2729431,0.05490972
GLA_human,D78A,D109A,109,78,0.98383236,0.17394304
GLA_human,D78C,D109C,109,78,0.3350022,0.06695405
GLA_human,D78E,D109E,109,78,1.104921,0.2526843
GLA_human,D78F,D109F,109,78,1.373347,0.21920015
GLA_human,D78G,D109G,109,78,1.2105902,0.20377149
GLA_human,D78H,D109H,109,78,0.69637144,0.14444244
GLA_human,D78I,D109I,109,78,1.990229,0.22386076
GLA_human,D78K,D109K,109,78,1.960274,0.12699449
GLA_human,D78L,D109L,109,78,1.8419138,0.18883704
GLA_human,D78M,D109M,109,78,1.220309,0.17927952
GLA_human,D78N,D109N,109,78,0.6558002,0.06735273
GLA_human,D78P,D109P,109,78,2.3400111,0.049861588
GLA_human,D78Q,D109Q,109,78,1.4260967,0.21789612
GLA_human,D78R,D109R,109,78,1.8517053,0.18151832
GLA_human,D78S,D109S,109,78,0.55247945,0.07919776
GLA_human,D78T,D109T,109,78,1.6670465,0.119669616
GLA_human,D78V,D109V,109,78,2.1468415,0.081153
GLA_human,D78W,D109W,109,78,1.7520382,0.18048793
GLA_human,D78Y,D109Y,109,78,1.4208633,0.2400729
GLA_human,P79A,P110A,110,79,0.43643928,0.14358583
GLA_human,P79C,P110C,110,79,0.57747763,0.051651575
GLA_human,P79D,P110D,110,79,0.6199932,0.058681957
GLA_human,P79E,P110E,110,79,0.49156585,0.033598334
GLA_human,P79F,P110F,110,79,0.44694027,0.091710225
GLA_human,P79G,P110G,110,79,0.704763,0.13263264
GLA_human,P79H,P110H,110,79,0.5031297,0.08346158
GLA_human,P79I,P110I,110,79,0.48035374,0.087257154
GLA_human,P79K,P110K,110,79,0.2785266,0.038599603
GLA_human,P79L,P110L,110,79,0.4041779,0.07550583
GLA_human,P79M,P110M,110,79,0.47153902,0.05429054
GLA_human,P79N,P110N,110,79,0.5590719,0.0502683
GLA_human,P79Q,P110Q,110,79,0.36159688,0.05120645
GLA_human,P79R,P110R,110,79,0.29765862,0.09873991
GLA_human,P79S,P110S,110,79,0.2815073,0.065143555
GLA_human,P79T,P110T,110,79,0.7367031,0.04131323
GLA_human,P79V,P110V,110,79,0.66128254,0.07551777
GLA_human,P79W,P110W,110,79,0.4500875,0.15676615
GLA_human,P79Y,P110Y,110,79,0.47821435,0.111332156
GLA_human,R81A,R112A,112,81,1.6795666,0.17507175
GLA_human,R81C,R112C,112,81,1.255659,0.15921995
GLA_human,R81D,R112D,112,81,2.6306977,0.10047369
GLA_human,R81E,R112E,112,81,2.2191372,0.17444304
GLA_human,R81F,R112F,112,81,1.250938,0.10938734
GLA_human,R81G,R112G,112,81,2.0911937,0.1585799
GLA_human,R81H,R112H,112,81,0.81560344,0.045403812
GLA_human,R81I,R112I,112,81,2.0081475,0.13628404
GLA_human,R81K,R112K,112,81,1.7932348,0.21274847
GLA_human,R81L,R112L,112,81,1.2401364,0.14818788
GLA_human,R81M,R112M,112,81,1.5629528,0.09740529
GLA_human,R81N,R112N,112,81,1.8684924,0.10336725
GLA_human,R81P,R112P,112,81,2.3524392,0.2050208
GLA_human,R81Q,R112Q,112,81,1.5944908,0.10699542
GLA_human,R81S,R112S,112,81,1.971872,0.122022614
GLA_human,R81T,R112T,112,81,2.2006004,0.11388197
GLA_human,R81V,R112V,112,81,1.9955333,0.18920429
GLA_human,R81W,R112W,112,81,1.0856042,0.14214885
GLA_human,R81Y,R112Y,112,81,0.9592732,0.09174305
GLA_human,F82A,F113A,113,82,3.206433,0.20780389
GLA_human,F82C,F113C,113,82,2.1909966,0.32360196
GLA_human,F82D,F113D,113,82,3.6885762,0.23498876
GLA_human,F82E,F113E,113,82,3.3501472,0.16264217
GLA_human,F82G,F113G,113,82,3.2102368,0.19200309
GLA_human,F82H,F113H,113,82,2.6416864,0.1207833
GLA_human,F82I,F113I,113,82,1.8283107,0.1115852
GLA_human,F82K,F113K,113,82,3.0978446,0.22522494
GLA_human,F82L,F113L,113,82,2.33774,0.10011107
GLA_human,F82M,F113M,113,82,2.0187182,0.07273942
GLA_human,F82N,F113N,113,82,3.4643064,0.21389289
GLA_human,F82P,F113P,113,82,3.8073642,0.2673376
GLA_human,F82Q,F113Q,113,82,3.21524,0.15152292
GLA_human,F82R,F113R,113,82,3.1142807,0.19188683
GLA_human,F82S,F113S,113,82,3.3398361,0.204738
GLA_human,F82T,F113T,113,82,3.1174614,0.12498228
GLA_human,F82V,F113V,113,82,2.718483,0.032668926
GLA_human,F82W,F113W,113,82,1.0301408,0.09573819
GLA_human,F82Y,F113Y,113,82,1.0762163,0.06269855
GLA_human,P83A,P114A,114,83,1.355635,0.12336824
GLA_human,P83C,P114C,114,83,1.0283506,0.118001945
GLA_human,P83D,P114D,114,83,1.9173912,0.04461426
GLA_human,P83E,P114E,114,83,1.087618,0.06270518
GLA_human,P83F,P114F,114,83,0.7192606,0.10211294
GLA_human,P83G,P114G,114,83,1.3645794,0.07470495
GLA_human,P83H,P114H,114,83,0.87100345,0.07612433
GLA_human,P83I,P114I,114,83,0.8107108,0.107843444
GLA_human,P83K,P114K,114,83,0.81199247,0.091425866
GLA_human,P83L,P114L,114,83,0.9505251,0.080676004
GLA_human,P83M,P114M,114,83,0.85829765,0.055272017
GLA_human,P83N,P114N,114,83,1.5518681,0.061880764
GLA_human,P83Q,P114Q,114,83,0.79927385,0.07499676
GLA_human,P83R,P114R,114,83,0.65806305,0.061148968
GLA_human,P83S,P114S,114,83,1.5707924,0.14704508
GLA_human,P83T,P114T,114,83,1.4142872,0.054562736
GLA_human,P83V,P114V,114,83,1.0425785,0.0781609
GLA_human,P83W,P114W,114,83,0.57327664,0.072143584
GLA_human,P83Y,P114Y,114,83,0.6624738,0.09497347
GLA_human,H84A,H115A,115,84,0.5329484,0.066052504
GLA_human,H84C,H115C,115,84,0.36973017,0.115585804
GLA_human,H84D,H115D,115,84,0.90186435,0.12624028
GLA_human,H84E,H115E,115,84,1.0131568,0.06036597
GLA_human,H84F,H115F,115,84,0.876613,0.085624576
GLA_human,H84G,H115G,115,84,0.7491786,0.1267393
GLA_human,H84I,H115I,115,84,0.9731951,0.07980982
GLA_human,H84K,H115K,115,84,0.80433893,0.0466637
GLA_human,H84L,H115L,115,84,1.0546585,0.07434449
GLA_human,H84M,H115M,115,84,0.610513,0.051583387
GLA_human,H84N,H115N,115,84,0.38698143,0.07827121
GLA_human,H84P,H115P,115,84,2.107017,0.091882005
GLA_human,H84Q,H115Q,115,84,0.4307018,0.02179112
GLA_human,H84R,H115R,115,84,0.27718073,0.10616029
GLA_human,H84S,H115S,115,84,0.25578648,0.07007181
GLA_human,H84T,H115T,115,84,0.6391458,0.09199292
GLA_human,H84V,H115V,115,84,1.5198944,0.10421221
GLA_human,H84W,H115W,115,84,1.0563667,0.15269059
GLA_human,H84Y,H115Y,115,84,0.9540256,0.0889471
GLA_human,G85A,G116A,116,85,1.5893726,0.11017516
GLA_human,G85H,G116H,116,85,1.3908842,0.0666407
GLA_human,G85I,G116I,116,85,1.950218,0.07789861
GLA_human,G85K,G116K,116,85,1.7961979,0.027950885
GLA_human,G85L,G116L,116,85,2.114338,0.0815872
GLA_human,G85M,G116M,116,85,1.7888209,0.0453287
GLA_human,G85N,G116N,116,85,1.3852695,0.09655389
GLA_human,G85P,G116P,116,85,1.5931491,0.109003864
GLA_human,G85Q,G116Q,116,85,1.4360179,0.10337467
GLA_human,G85R,G116R,116,85,1.901211,0.10994274
GLA_human,G85S,G116S,116,85,0.8098386,0.0823179
GLA_human,G85T,G116T,116,85,1.1687214,0.11727489
GLA_human,G85V,G116V,116,85,1.9061092,0.06885393
GLA_human,G85W,G116W,116,85,1.6790712,0.12084252
GLA_human,G85Y,G116Y,116,85,1.5397495,0.11750057
GLA_human,R87A,R118A,118,87,0.43147808,0.11094419
GLA_human,R87C,R118C,118,87,0.23755114,0.08909516
GLA_human,R87D,R118D,118,87,0.8048174,0.049206853
GLA_human,R87E,R118E,118,87,0.5742237,0.07040846
GLA_human,R87F,R118F,118,87,0.16854247,0.08515425
GLA_human,R87G,R118G,118,87,0.778868,0.1396904
GLA_human,R87H,R118H,118,87,0.24961948,0.05544719
GLA_human,R87I,R118I,118,87,0.6832508,0.11942064
GLA_human,R87K,R118K,118,87,0.041866135,0.05524842
GLA_human,R87L,R118L,118,87,0.28835696,0.11959942
GLA_human,R87M,R118M,118,87,0.18025485,0.058947787
GLA_human,R87N,R118N,118,87,0.7035711,0.045481287
GLA_human,R87P,R118P,118,87,1.3354763,0.12108853
GLA_human,R87Q,R118Q,118,87,0.262432,0.049095362
GLA_human,R87S,R118S,118,87,0.38349432,0.08376688
GLA_human,R87T,R118T,118,87,0.5382105,0.074932896
GLA_human,R87V,R118V,118,87,0.904916,0.1315157
GLA_human,R87W,R118W,118,87,0.25571224,0.069594115
GLA_human,R87Y,R118Y,118,87,0.14090218,0.055398293
GLA_human,L89A,L120A,120,89,2.7693677,0.111301325
GLA_human,L89C,L120C,120,89,1.9184332,0.06495852
GLA_human,L89D,L120D,120,89,3.4559827,0.12244408
GLA_human,L89E,L120E,120,89,3.2341952,0.14589764
GLA_human,L89F,L120F,120,89,1.6990963,0.112307206
GLA_human,L89G,L120G,120,89,3.0386212,0.20072713
GLA_human,L89H,L120H,120,89,3.6329865,0.13579965
GLA_human,L89I,L120I,120,89,1.6885006,0.10222447
GLA_human,L89K,L120K,120,89,3.1968765,0.239664
GLA_human,L89M,L120M,120,89,1.5920893,0.060713008
GLA_human,L89N,L120N,120,89,3.5300622,0.16642673
GLA_human,L89P,L120P,120,89,2.8508878,0.10766703
GLA_human,L89Q,L120Q,120,89,3.3280683,0.14308332
GLA_human,L89R,L120R,120,89,3.3419757,0.31508604
GLA_human,L89S,L120S,120,89,3.1959047,0.099701844
GLA_human,L89T,L120T,120,89,2.650129,0.066673785
GLA_human,L89V,L120V,120,89,1.4738263,0.07063511
GLA_human,L89W,L120W,120,89,2.6474018,0.3025598
GLA_human,L89Y,L120Y,120,89,2.2868762,0.25237963
GLA_human,A90C,A121C,121,90,0.53763354,0.13658012
GLA_human,A90D,A121D,121,90,2.1139545,0.21499206
GLA_human,A90E,A121E,121,90,2.162955,0.17611219
GLA_human,A90F,A121F,121,90,1.9794943,0.23449528
GLA_human,A90G,A121G,121,90,1.5952755,0.17818317
GLA_human,A90H,A121H,121,90,2.3602538,0.18958141
GLA_human,A90I,A121I,121,90,1.7577654,0.23497424
GLA_human,A90K,A121K,121,90,2.0789657,0.14729178
GLA_human,A90L,A121L,121,90,1.9809154,0.23208623
GLA_human,A90M,A121M,121,90,2.1327286,0.23511398
GLA_human,A90N,A121N,121,90,2.1661,0.26068184
GLA_human,A90P,A121P,121,90,3.0847754,0.23882662
GLA_human,A90Q,A121Q,121,90,2.2580523,0.22511534
GLA_human,A90R,A121R,121,90,1.8741316,0.17141174
GLA_human,A90S,A121S,121,90,0.69152004,0.08604974
GLA_human,A90T,A121T,121,90,0.9941369,0.22622387
GLA_human,A90V,A121V,121,90,1.1847603,0.2949264
GLA_human,A90W,A121W,121,90,1.8454748,0.13679346
GLA_human,A90Y,A121Y,121,90,1.8533186,0.24440944
GLA_human,Y92A,Y123A,123,92,1.8186458,0.14200005
GLA_human,Y92C,Y123C,123,92,1.433272,0.22320102
GLA_human,Y92D,Y123D,123,92,2.3077695,0.09380344
GLA_human,Y92E,Y123E,123,92,1.9799058,0.11231686
GLA_human,Y92F,Y123F,123,92,-0.14939997,0.03345568
GLA_human,Y92G,Y123G,123,92,2.1996608,0.087869346
GLA_human,Y92H,Y123H,123,92,1.6387942,0.05838627
GLA_human,Y92I,Y123I,123,92,1.8455393,0.040438924
GLA_human,Y92K,Y123K,123,92,2.3582008,0.13101493
GLA_human,Y92L,Y123L,123,92,2.002483,0.06391521
GLA_human,Y92M,Y123M,123,92,1.7559683,0.096954554
GLA_human,Y92N,Y123N,123,92,2.4476168,0.06845127
GLA_human,Y92P,Y123P,123,92,3.5708003,0.13032787
GLA_human,Y92Q,Y123Q,123,92,2.152462,0.056226026
GLA_human,Y92R,Y123R,123,92,1.8060391,0.13690132
GLA_human,Y92S,Y123S,123,92,2.0452585,0.0829739
GLA_human,Y92T,Y123T,123,92,2.073743,0.11172005
GLA_human,Y92V,Y123V,123,92,1.9870287,0.20059964
GLA_human,Y92W,Y123W,123,92,0.711549,0.04949008
GLA_human,V93A,V124A,124,93,1.5639006,0.1725429
GLA_human,V93C,V124C,124,93,0.85871154,0.120434836
GLA_human,V93D,V124D,124,93,2.9725254,0.08396282
GLA_human,V93E,V124E,124,93,2.677817,0.14078122
GLA_human,V93F,V124F,124,93,1.0553906,0.0860129
GLA_human,V93G,V124G,124,93,2.6925313,0.23953378
GLA_human,V93H,V124H,124,93,3.2556572,0.17288382
GLA_human,V93I,V124I,124,93,0.25888062,0.0436425
GLA_human,V93K,V124K,124,93,3.0792327,0.3135706
GLA_human,V93L,V124L,124,93,0.40911466,0.07580602
GLA_human,V93M,V124M,124,93,1.0072762,0.14227389
GLA_human,V93N,V124N,124,93,2.5721889,0.09872564
GLA_human,V93P,V124P,124,93,2.7877584,0.09582989
GLA_human,V93Q,V124Q,124,93,2.835783,0.13875984
GLA_human,V93R,V124R,124,93,3.340014,0.36930388
GLA_human,V93S,V124S,124,93,1.9767395,0.105170086
GLA_human,V93T,V124T,124,93,1.1263305,0.06763718
GLA_human,V93W,V124W,124,93,3.079659,0.2785279
GLA_human,V93Y,V124Y,124,93,2.319343,0.21889822
GLA_human,H94A,H125A,125,94,1.5208232,0.16382256
GLA_human,H94C,H125C,125,94,1.9082199,0.21412866
GLA_human,H94D,H125D,125,94,2.5189788,0.13781433
GLA_human,H94E,H125E,125,94,2.322142,0.10869511
GLA_human,H94F,H125F,125,94,1.4995482,0.22690111
GLA_human,H94G,H125G,125,94,1.8186548,0.10418468
GLA_human,H94I,H125I,125,94,2.047411,0.17566657
GLA_human,H94K,H125K,125,94,1.6425291,0.1984264
GLA_human,H94L,H125L,125,94,2.071574,0.14903194
GLA_human,H94M,H125M,125,94,1.9548433,0.19500995
GLA_human,H94N,H125N,125,94,1.7812202,0.072848
GLA_human,H94P,H125P,125,94,3.1737518,0.13163777
GLA_human,H94Q,H125Q,125,94,1.4003817,0.081157334
GLA_human,H94R,H125R,125,94,1.5261627,0.23715445
GLA_human,H94S,H125S,125,94,1.7297218,0.11922541
GLA_human,H94T,H125T,125,94,2.340735,0.2791671
GLA_human,H94V,H125V,125,94,2.500305,0.23586981
GLA_human,H94W,H125W,125,94,1.3250948,0.1447024
GLA_human,H94Y,H125Y,125,94,1.5861949,0.2147658
GLA_human,S95T,S126T,126,95,0.9540108,0.040530693
GLA_human,S95V,S126V,126,95,1.177129,0.1252211
GLA_human,S95W,S126W,126,95,0.40861216,0.069780186
GLA_human,S95Y,S126Y,126,95,0.69803905,0.049475953
GLA_human,K96A,K127A,127,96,1.5075057,0.12756917
GLA_human,K96C,K127C,127,96,0.55315894,0.043445483
GLA_human,K96D,K127D,127,96,2.6931515,0.13575268
GLA_human,K96E,K127E,127,96,1.533881,0.07780443
GLA_human,K96F,K127F,127,96,0.371077,0.15046954
GLA_human,K96G,K127G,127,96,2.1775346,0.11743836
GLA_human,K96H,K127H,127,96,0.82382506,0.08296516
GLA_human,K96I,K127I,127,96,0.4836281,0.11863391
GLA_human,K96L,K127L,127,96,-0.47097653,0.09066426
GLA_human,K96M,K127M,127,96,-0.064694785,0.10040229
GLA_human,K96N,K127N,127,96,1.7060986,0.11717827
GLA_human,K96P,K127P,127,96,2.196701,0.14218007
GLA_human,K96Q,K127Q,127,96,0.8725317,0.068951614
GLA_human,K96R,K127R,127,96,0.19302204,0.021782583
GLA_human,K96S,K127S,127,96,1.9541619,0.11257076
GLA_human,K96T,K127T,127,96,1.0991338,0.11121251
GLA_human,K96V,K127V,127,96,0.69032043,0.15725957
GLA_human,K96W,K127W,127,96,0.3446211,0.15499178
GLA_human,K96Y,K127Y,127,96,0.5465293,0.10131398
GLA_human,G97A,G128A,128,97,1.239018,0.064383715
GLA_human,G97C,G128C,128,97,1.2159916,0.06533822
GLA_human,G97D,G128D,128,97,1.1404502,0.1041603
GLA_human,G97E,G128E,128,97,1.2662764,0.12584022
GLA_human,G97F,G128F,128,97,1.2102526,0.11584257
GLA_human,G97H,G128H,128,97,1.2711341,0.12048128
GLA_human,G97N,G128N,128,97,1.4396837,0.06595998
GLA_human,G97P,G128P,128,97,2.1137135,0.062450897
GLA_human,G97Q,G128Q,128,97,1.3020422,0.10701257
GLA_human,G97R,G128R,128,97,1.3566822,0.1048753
GLA_human,G97S,G128S,128,97,1.2156484,0.070554264
GLA_human,G97T,G128T,128,97,1.6136639,0.055789974
GLA_human,G97V,G128V,128,97,1.7649415,0.116886795
GLA_human,G97W,G128W,128,97,1.3473847,0.09804934
GLA_human,G97Y,G128Y,128,97,1.2383983,0.109585695
GLA_human,L98A,L129A,129,98,2.580185,0.16305606
GLA_human,L98C,L129C,129,98,1.8472927,0.05047059
GLA_human,L98D,L129D,129,98,3.671145,0.1464519
GLA_human,L98E,L129E,129,98,3.5534184,0.21713352
GLA_human,L98F,L129F,129,98,2.0392208,0.093711816
GLA_human,L98G,L129G,129,98,2.88833,0.11656263
GLA_human,L98H,L129H,129,98,3.3885293,0.15291841
GLA_human,L98I,L129I,129,98,1.3526663,0.09825498
GLA_human,L98K,L129K,129,98,3.1067238,0.22969232
GLA_human,L98M,L129M,129,98,1.1642655,0.051006846
GLA_human,L98N,L129N,129,98,3.635693,0.13455251
GLA_human,L98P,L129P,129,98,2.9404347,0.06198468
GLA_human,L98Q,L129Q,129,98,3.530274,0.14019138
GLA_human,L98R,L129R,129,98,3.1279645,0.24519184
GLA_human,L98S,L129S,129,98,3.1641865,0.1305252
GLA_human,L98T,L129T,129,98,3.2222633,0.10681496
GLA_human,L98V,L129V,129,98,2.1788096,0.17799419
GLA_human,L98W,L129W,129,98,2.4029698,0.16665795
GLA_human,L98Y,L129Y,129,98,1.9507036,0.1230317
GLA_human,K99A,K130A,130,99,1.2319819,0.15300167
GLA_human,K99C,K130C,130,99,0.8777339,0.11001366
GLA_human,K99D,K130D,130,99,2.2178032,0.09181767
GLA_human,K99E,K130E,130,99,1.5978415,0.050219316
GLA_human,K99F,K130F,130,99,-0.03532471,0.05010125
GLA_human,K99G,K130G,130,99,1.516499,0.1978336
GLA_human,K99H,K130H,130,99,0.6275228,0.050721187
GLA_human,K99I,K130I,130,99,1.3648572,0.20832606
GLA_human,K99L,K130L,130,99,-0.0977186,0.04596574
GLA_human,K99M,K130M,130,99,0.2621886,0.046683077
GLA_human,K99N,K130N,130,99,1.5493805,0.083298184
GLA_human,K99P,K130P,130,99,2.9825776,0.16312331
GLA_human,K99Q,K130Q,130,99,1.0084547,0.058650713
GLA_human,K99R,K130R,130,99,0.08270268,0.0372795
GLA_human,K99S,K130S,130,99,1.5442107,0.14894496
GLA_human,K99T,K130T,130,99,2.0410707,0.09548815
GLA_human,K99V,K130V,130,99,1.4423527,0.08032633
GLA_human,K99W,K130W,130,99,0.50342125,0.05231982
GLA_human,K99Y,K130Y,130,99,-0.0053704046,0.048767876
GLA_human,L100A,L131A,131,100,2.8944142,0.13291773
GLA_human,L100C,L131C,131,100,1.6904638,0.11815285
GLA_human,L100D,L131D,131,100,3.4681382,0.13536267
GLA_human,L100E,L131E,131,100,2.7876942,0.1308156
GLA_human,L100F,L131F,131,100,0.02848123,0.04547152
GLA_human,L100G,L131G,131,100,3.5492127,0.20234127
GLA_human,L100H,L131H,131,100,2.743515,0.07019924
GLA_human,L100I,L131I,131,100,0.83608913,0.060477175
GLA_human,L100K,L131K,131,100,2.6294014,0.102122575
GLA_human,L100M,L131M,131,100,0.63371164,0.027194114
GLA_human,L100N,L131N,131,100,3.3868613,0.1762983
GLA_human,L100P,L131P,131,100,2.910253,0.15278901
GLA_human,L100Q,L131Q,131,100,2.4720929,0.06222456
GLA_human,L100R,L131R,131,100,3.0303402,0.16112088
GLA_human,L100S,L131S,131,100,3.1319919,0.0978166
GLA_human,L100T,L131T,131,100,2.4561532,0.07426857
GLA_human,L100V,L131V,131,100,1.5205415,0.11218024
GLA_human,L100W,L131W,131,100,1.0009557,0.116466664
GLA_human,L100Y,L131Y,131,100,1.4455531,0.13982795
GLA_human,G101A,G132A,132,101,1.2921021,0.059537243
GLA_human,G101C,G132C,132,101,0.5343224,0.06581976
GLA_human,G101D,G132D,132,101,3.397063,0.1430152
GLA_human,G101E,G132E,132,101,3.2773423,0.19015266
GLA_human,G101F,G132F,132,101,2.0637379,0.12550318
GLA_human,G101H,G132H,132,101,2.9877543,0.10454656
GLA_human,G101I,G132I,132,101,2.4943542,0.23006691
GLA_human,G101K,G132K,132,101,3.08317,0.18678762
GLA_human,G101L,G132L,132,101,2.5232732,0.16380617
GLA_human,G101M,G132M,132,101,1.9401582,0.25205514
GLA_human,G101N,G132N,132,101,3.417689,0.15814056
GLA_human,G101P,G132P,132,101,3.754578,0.25622746
GLA_human,G101Q,G132Q,132,101,2.9290824,0.21374863
GLA_human,G101R,G132R,132,101,2.53214,0.21687578
GLA_human,G101S,G132S,132,101,2.206903,0.09937561
GLA_human,G101T,G132T,132,101,2.8017383,0.21492407
GLA_human,G101V,G132V,132,101,2.1894207,0.28830624
GLA_human,G101W,G132W,132,101,2.2825465,0.13166995
GLA_human,G101Y,G132Y,132,101,2.1982176,0.14980958
GLA_human,I102A,I133A,133,102,2.30607,0.11042816
GLA_human,I102C,I133C,133,102,1.4510849,0.10156295
GLA_human,I102D,I133D,133,102,3.0643673,0.15956347
GLA_human,I102E,I133E,133,102,2.5583496,0.16240022
GLA_human,I102F,I133F,133,102,1.4345639,0.11986215
GLA_human,I102G,I133G,133,102,3.3549151,0.23691764
GLA_human,I102H,I133H,133,102,2.5252945,0.11989119
GLA_human,I102K,I133K,133,102,2.3323956,0.062323757
GLA_human,I102L,I133L,133,102,0.19613034,0.058155995
GLA_human,I102M,I133M,133,102,0.75405174,0.038328968
GLA_human,I102N,I133N,133,102,2.942549,0.102113485
GLA_human,I102P,I133P,133,102,2.5300922,0.054828968
GLA_human,I102Q,I133Q,133,102,2.4775958,0.123273455
GLA_human,I102R,I133R,133,102,2.5669587,0.1976214
GLA_human,I102S,I133S,133,102,2.7099638,0.14384109
GLA_human,I102T,I133T,133,102,2.1680863,0.12604977
GLA_human,I102V,I133V,133,102,0.6198672,0.06920899
GLA_human,I102W,I133W,133,102,1.8906609,0.19166103
GLA_human,I102Y,I133Y,133,102,1.7973038,0.21421027
GLA_human,Y103A,Y134A,134,103,1.9904966,0.27672386
GLA_human,Y103C,Y134C,134,103,1.6340656,0.2781746
GLA_human,Y103D,Y134D,134,103,3.0940197,0.1262926
GLA_human,Y103E,Y134E,134,103,2.8825097,0.13066727
GLA_human,Y103F,Y134F,134,103,1.0835388,0.052705288
GLA_human,Y103G,Y134G,134,103,2.4363523,0.24392246
GLA_human,Y103H,Y134H,134,103,1.7643635,0.049550235
GLA_human,Y103I,Y134I,134,103,2.5919232,0.14669673
GLA_human,Y103K,Y134K,134,103,2.9319034,0.129493
GLA_human,Y103L,Y134L,134,103,2.1667695,0.08966043
GLA_human,Y103M,Y134M,134,103,2.4910595,0.12345354
GLA_human,Y103N,Y134N,134,103,2.7573566,0.079128675
GLA_human,Y103P,Y134P,134,103,2.9134803,0.13796176
GLA_human,Y103Q,Y134Q,134,103,2.8632903,0.10552306
GLA_human,Y103R,Y134R,134,103,2.4862208,0.14651853
GLA_human,Y103S,Y134S,134,103,2.2779908,0.27361742
GLA_human,Y103T,Y134T,134,103,2.249473,0.15369563
GLA_human,Y103V,Y134V,134,103,2.3430347,0.059386075
GLA_human,Y103W,Y134W,134,103,1.5889643,0.093222626
GLA_human,A104C,A135C,135,104,0.20801039,0.14104243
GLA_human,A104D,A135D,135,104,1.0015972,0.14058256
GLA_human,A104E,A135E,135,104,0.6882226,0.12387727
GLA_human,A104F,A135F,135,104,0.9905406,0.106899425
GLA_human,A104G,A135G,135,104,0.5927219,0.16699097
GLA_human,A104H,A135H,135,104,0.881498,0.10990106
GLA_human,A104I,A135I,135,104,0.6351656,0.11462544
GLA_human,A104K,A135K,135,104,1.8036731,0.07813723
GLA_human,A104L,A135L,135,104,0.3502561,0.15460819
GLA_human,A104M,A135M,135,104,0.49063712,0.08434334
GLA_human,A104N,A135N,135,104,1.0561063,0.1364944
GLA_human,A104P,A135P,135,104,1.7901795,0.2882173
GLA_human,A104Q,A135Q,135,104,1.0422271,0.09630345
GLA_human,A104R,A135R,135,104,1.9352782,0.046020724
GLA_human,A104S,A135S,135,104,0.5813503,0.07841753
GLA_human,A104T,A135T,135,104,1.3249373,0.17630863
GLA_human,A104V,A135V,135,104,0.5654042,0.20331606
GLA_human,A104W,A135W,135,104,1.4456697,0.08366529
GLA_human,A104Y,A135Y,135,104,1.0845423,0.080298945
GLA_human,D105K,D136K,136,105,2.597899,0.100723065
GLA_human,D105L,D136L,136,105,1.8955657,0.13540956
GLA_human,D105M,D136M,136,105,1.8828262,0.13857391
GLA_human,D105N,D136N,136,105,0.24696708,0.056670185
GLA_human,D105P,D136P,136,105,1.930863,0.18434061
GLA_human,D105Q,D136Q,136,105,1.6902637,0.12589626
GLA_human,D105R,D136R,136,105,2.3004632,0.09141116
GLA_human,D105S,D136S,136,105,0.14561114,0.10526428
GLA_human,D105T,D136T,136,105,0.7077667,0.13331728
GLA_human,D105V,D136V,136,105,0.793112,0.08954644
GLA_human,D105W,D136W,136,105,1.7579228,0.18827051
GLA_human,D105Y,D136Y,136,105,1.7624457,0.15647939
GLA_human,V106A,V137A,137,106,1.1694696,0.17844887
GLA_human,V106C,V137C,137,106,0.5858043,0.11455111
GLA_human,V106D,V137D,137,106,1.5130799,0.06253278
GLA_human,V106E,V137E,137,106,1.5357397,0.087503694
GLA_human,V106F,V137F,137,106,0.80007803,0.11206283
GLA_human,V106G,V137G,137,106,1.7023704,0.22677372
GLA_human,V106H,V137H,137,106,1.2596283,0.08944105
GLA_human,V106I,V137I,137,106,0.2488529,0.10186416
GLA_human,V106K,V137K,137,106,1.7632294,0.13680142
GLA_human,V106L,V137L,137,106,0.060160697,0.06637857
GLA_human,V106M,V137M,137,106,0.71101284,0.088633925
GLA_human,V106N,V137N,137,106,1.2700571,0.037170593
GLA_human,V106P,V137P,137,106,1.4740345,0.07014866
GLA_human,V106Q,V137Q,137,106,1.4717392,0.1268314
GLA_human,V106R,V137R,137,106,1.3833326,0.109651364
GLA_human,V106S,V137S,137,106,1.2508844,0.15027013
GLA_human,V106T,V137T,137,106,0.8680075,0.057139464
GLA_human,V106W,V137W,137,106,1.1200676,0.08360536
GLA_human,V106Y,V137Y,137,106,0.9495632,0.06917631
GLA_human,G107A,G138A,138,107,1.5444143,0.08009626
GLA_human,G107C,G138C,138,107,0.7741569,0.13572486
GLA_human,G107D,G138D,138,107,2.9293973,0.065414384
GLA_human,G107E,G138E,138,107,2.9476938,0.13906032
GLA_human,G107F,G138F,138,107,1.828968,0.23873855
GLA_human,G107H,G138H,138,107,2.075918,0.1470388
GLA_human,G107I,G138I,138,107,2.2468874,0.1713734
GLA_human,G107K,G138K,138,107,2.8694494,0.1471949
GLA_human,G107L,G138L,138,107,2.4890573,0.13203628
GLA_human,G107M,G138M,138,107,2.1267028,0.102668166
GLA_human,G107N,G138N,138,107,2.677753,0.11709761
GLA_human,G107P,G138P,138,107,3.1123023,0.21149662
GLA_human,G107Q,G138Q,138,107,2.677776,0.09909639
GLA_human,G107R,G138R,138,107,2.5250714,0.12675516
GLA_human,G107S,G138S,138,107,1.672136,0.096909285
GLA_human,G107T,G138T,138,107,2.5765738,0.19365901
GLA_human,G107V,G138V,138,107,2.7666693,0.18672618
GLA_human,G107W,G138W,138,107,1.2805786,0.17133518
GLA_human,G107Y,G138Y,138,107,1.2404776,0.17887506
GLA_human,N108A,N139A,139,108,0.45281237,0.11091536
GLA_human,N108C,N139C,139,108,-0.14660111,0.101145975
GLA_human,N108D,N139D,139,108,0.121627964,0.04846679
GLA_human,N108E,N139E,139,108,0.21172085,0.046423286
GLA_human,N108F,N139F,139,108,-0.25996563,0.075129904
GLA_human,N108G,N139G,139,108,0.74427825,0.17089164
GLA_human,N108H,N139H,139,108,-0.17316803,0.027278978
GLA_human,N108I,N139I,139,108,-0.1852307,0.08726872
GLA_human,N108K,N139K,139,108,0.17618313,0.06516001
GLA_human,N108L,N139L,139,108,0.17598921,0.0882497
GLA_human,N108M,N139M,139,108,0.12984404,0.054567583
GLA_human,N108P,N139P,139,108,0.028909635,0.04066038
GLA_human,N108Q,N139Q,139,108,-0.02478917,0.021696458
GLA_human,N108R,N139R,139,108,-0.045044236,0.038990565
GLA_human,N108S,N139S,139,108,-0.22587244,0.061190687
GLA_human,N108T,N139T,139,108,-0.13720605,0.03291598
GLA_human,N108V,N139V,139,108,-0.01083525,0.03390171
GLA_human,N108W,N139W,139,108,-0.113821484,0.11388789
GLA_human,N108Y,N139Y,139,108,-0.22399504,0.09588076
GLA_human,K109Q,K140Q,140,109,0.4066876,0.038594905
GLA_human,K109R,K140R,140,109,0.033569284,0.035809856
GLA_human,K109S,K140S,140,109,0.7592584,0.12495835
GLA_human,K109T,K140T,140,109,1.3699061,0.024920445
GLA_human,K109V,K140V,140,109,1.0235066,0.06821812
GLA_human,K109W,K140W,140,109,0.37293577,0.038131632
GLA_human,K109Y,K140Y,140,109,0.1956406,0.05522685
GLA_human,T110A,T141A,141,110,1.6997417,0.25138184
GLA_human,T110C,T141C,141,110,0.74284446,0.13573812
GLA_human,T110D,T141D,141,110,1.5097561,0.11141365
GLA_human,T110E,T141E,141,110,2.2153206,0.1761837
GLA_human,T110F,T141F,141,110,2.203492,0.10680309
GLA_human,T110G,T141G,141,110,1.9990785,0.34913915
GLA_human,T110H,T141H,141,110,2.2702098,0.16628361
GLA_human,T110I,T141I,141,110,2.0950508,0.14479972
GLA_human,T110K,T141K,141,110,2.2496512,0.1201265
GLA_human,T110L,T141L,141,110,1.971359,0.09414985
GLA_human,T110M,T141M,141,110,1.8767979,0.0770965
GLA_human,T110N,T141N,141,110,1.6663773,0.111273505
GLA_human,T110P,T141P,141,110,2.5001469,0.11068933
GLA_human,T110Q,T141Q,141,110,1.9797199,0.106797814
GLA_human,T110R,T141R,141,110,2.1553388,0.11855995
GLA_human,T110S,T141S,141,110,0.7686994,0.16729484
GLA_human,T110V,T141V,141,110,1.3656218,0.08295326
GLA_human,T110W,T141W,141,110,2.102758,0.1605429
GLA_human,T110Y,T141Y,141,110,2.1064634,0.15394957
GLA_human,C111A,C142A,142,111,1.5100687,0.12501833
GLA_human,C111D,C142D,142,111,2.4491696,0.121793926
GLA_human,C111E,C142E,142,111,2.755549,0.11539431
GLA_human,C111F,C142F,142,111,2.071534,0.21882714
GLA_human,C111G,C142G,142,111,1.7489208,0.2151193
GLA_human,C111H,C142H,142,111,2.4143662,0.116778
GLA_human,C111I,C142I,142,111,2.1676645,0.14839348
GLA_human,C111K,C142K,142,111,2.5346503,0.09015927
GLA_human,C111L,C142L,142,111,2.1414495,0.16423932
GLA_human,C111M,C142M,142,111,2.07212,0.09510301
GLA_human,C111N,C142N,142,111,2.5574632,0.11126394
GLA_human,C111P,C142P,142,111,2.5343792,0.124902956
GLA_human,C111Q,C142Q,142,111,2.5342033,0.11728728
GLA_human,C111R,C142R,142,111,2.3006966,0.15660568
GLA_human,C111S,C142S,142,111,1.9292471,0.08979892
GLA_human,C111T,C142T,142,111,2.56181,0.13841727
GLA_human,C111V,C142V,142,111,2.4069076,0.19961591
GLA_human,C111W,C142W,142,111,1.921541,0.25532633
GLA_human,C111Y,C142Y,142,111,2.0974092,0.22812393
GLA_human,A112C,A143C,143,112,0.2734778,0.071618326
GLA_human,A112D,A143D,143,112,1.1624706,0.11106584
GLA_human,A112E,A143E,143,112,0.9650009,0.16132104
GLA_human,A112F,A143F,143,112,0.8183098,0.10318276
GLA_human,A112G,A143G,143,112,0.17639373,0.10437739
GLA_human,A112H,A143H,143,112,0.986421,0.047455464
GLA_human,A112I,A143I,143,112,0.9252782,0.061777424
GLA_human,A112K,A143K,143,112,1.2115419,0.074424915
GLA_human,A112L,A143L,143,112,1.1088259,0.08554242
GLA_human,A112M,A143M,143,112,0.49696875,0.14044715
GLA_human,A112N,A143N,143,112,1.009227,0.062867746
GLA_human,A112P,A143P,143,112,0.9608065,0.009036845
GLA_human,A112Q,A143Q,143,112,0.8708007,0.1282461
GLA_human,A112R,A143R,143,112,1.298596,0.053627282
GLA_human,A112S,A143S,143,112,0.33184233,0.060768183
GLA_human,A112T,A143T,143,112,0.86693174,0.03817268
GLA_human,A112V,A143V,143,112,0.69813335,0.042942446
GLA_human,A112W,A143W,143,112,0.9066784,0.09256007
GLA_human,A112Y,A143Y,143,112,0.9123484,0.104317784
GLA_human,G113A,G144A,144,113,1.5104699,0.08600259
GLA_human,G113C,G144C,144,113,1.0774959,0.07495749
GLA_human,G113D,G144D,144,113,1.6851885,0.049712475
GLA_human,G113E,G144E,144,113,1.7130646,0.07793319
GLA_human,G113F,G144F,144,113,1.1899346,0.14351065
GLA_human,G113H,G144H,144,113,1.3151877,0.113993764
GLA_human,G113I,G144I,144,113,1.4640583,0.16567224
GLA_human,G113K,G144K,144,113,1.5455773,0.12097712
GLA_human,G113L,G144L,144,113,1.2071669,0.13103646
GLA_human,G113M,G144M,144,113,1.2306911,0.12495253
GLA_human,G113S,G144S,144,113,1.4415413,0.046161324
GLA_human,G113T,G144T,144,113,1.3772438,0.12384512
GLA_human,G113V,G144V,144,113,1.2780325,0.14474434
GLA_human,G113W,G144W,144,113,1.3106258,0.11283697
GLA_human,G113Y,G144Y,144,113,1.2860272,0.13252759
GLA_human,F114A,F145A,145,114,1.9783831,0.13271596
GLA_human,F114C,F145C,145,114,1.2294579,0.1266783
GLA_human,F114D,F145D,145,114,2.543184,0.045448396
GLA_human,F114E,F145E,145,114,2.530667,0.14255369
GLA_human,F114G,F145G,145,114,2.540039,0.092843354
GLA_human,F114H,F145H,145,114,1.6459049,0.10782219
GLA_human,F114I,F145I,145,114,1.7206352,0.13002439
GLA_human,F114K,F145K,145,114,1.7315528,0.106647216
GLA_human,F114L,F145L,145,114,0.97712696,0.05112379
GLA_human,F114M,F145M,145,114,1.0263578,0.084439315
GLA_human,F114N,F145N,145,114,2.3187728,0.05199419
GLA_human,F114P,F145P,145,114,2.543171,0.1680171
GLA_human,F114Q,F145Q,145,114,2.1284485,0.1180212
GLA_human,F114R,F145R,145,114,1.2836437,0.09260479
GLA_human,F114S,F145S,145,114,2.1934037,0.08419647
GLA_human,F114T,F145T,145,114,1.9525387,0.09731829
GLA_human,F114V,F145V,145,114,1.7536974,0.04431184
GLA_human,F114W,F145W,145,114,0.8695239,0.08326453
GLA_human,F114Y,F145Y,145,114,0.10015744,0.045466196
GLA_human,G116A,G147A,147,116,0.8305319,0.14509167
GLA_human,G116C,G147C,147,116,1.8439146,0.21159777
GLA_human,G116D,G147D,147,116,2.7228162,0.15185963
GLA_human,G116E,G147E,147,116,2.7582479,0.16240242
GLA_human,G116F,G147F,147,116,2.6195018,0.19172904
GLA_human,G116H,G147H,147,116,2.6396987,0.15087014
GLA_human,G116I,G147I,147,116,2.3515568,0.14643781
GLA_human,G116K,G147K,147,116,2.8972783,0.13776547
GLA_human,G116L,G147L,147,116,2.6254516,0.10922433
GLA_human,G116M,G147M,147,116,2.3171558,0.20447724
GLA_human,G116N,G147N,147,116,2.7869573,0.19967298
GLA_human,G116P,G147P,147,116,2.8355064,0.24296233
GLA_human,G116Q,G147Q,147,116,2.598537,0.18413468
GLA_human,G116R,G147R,147,116,2.7431962,0.14647292
GLA_human,G116S,G147S,147,116,1.7190571,0.076071754
GLA_human,S117A,S148A,148,117,0.49331528,0.08611862
GLA_human,S117C,S148C,148,117,0.12271345,0.023698926
GLA_human,S117D,S148D,148,117,1.7220476,0.21746536
GLA_human,S117E,S148E,148,117,2.1541371,0.217297
GLA_human,S117F,S148F,148,117,2.4763854,0.17483394
GLA_human,S117G,S148G,148,117,1.0061973,0.20339806
GLA_human,S117H,S148H,148,117,2.7522736,0.21132284
GLA_human,S117I,S148I,148,117,1.8836187,0.2201428
GLA_human,S117K,S148K,148,117,2.4357014,0.2390281
GLA_human,S117L,S148L,148,117,1.8382534,0.16573764
GLA_human,S117M,S148M,148,117,2.1063113,0.12564766
GLA_human,S117N,S148N,148,117,2.2947288,0.23595855
GLA_human,S117P,S148P,148,117,3.6874504,0.3933603
GLA_human,S117Q,S148Q,148,117,2.4105048,0.24824212
GLA_human,S117R,S148R,148,117,2.437605,0.20197122
GLA_human,S117T,S148T,148,117,1.3703445,0.16398844
GLA_human,S117V,S148V,148,117,1.9382241,0.1763031
GLA_human,S117W,S148W,148,117,2.356605,0.15146056
GLA_human,S117Y,S148Y,148,117,2.4270618,0.21033897
GLA_human,F118A,F149A,149,118,1.1763592,0.11058389
GLA_human,F118C,F149C,149,118,0.43732205,0.09524939
GLA_human,F118D,F149D,149,118,1.9505398,0.12929495
GLA_human,F118E,F149E,149,118,1.5846314,0.061950147
GLA_human,F118G,F149G,149,118,1.8294649,0.17411062
GLA_human,F118H,F149H,149,118,1.181925,0.11897126
GLA_human,F118I,F149I,149,118,1.1838645,0.10256972
GLA_human,F118K,F149K,149,118,1.4467971,0.11551027
GLA_human,F118L,F149L,149,118,0.18898836,0.05890004
GLA_human,F118M,F149M,149,118,0.43115783,0.07152618
GLA_human,F118N,F149N,149,118,1.8892457,0.078694634
GLA_human,F118P,F149P,149,118,2.7734513,0.15505868
GLA_human,F118Q,F149Q,149,118,1.3676736,0.06092363
GLA_human,F118R,F149R,149,118,1.5350363,0.089949615
GLA_human,F118S,F149S,149,118,1.2685968,0.09323231
GLA_human,F118T,F149T,149,118,1.4468395,0.073833555
GLA_human,F118V,F149V,149,118,1.2789338,0.07592681
GLA_human,F118W,F149W,149,118,0.16801706,0.054938655
GLA_human,F118Y,F149Y,149,118,-0.025195926,0.016365614
GLA_human,G119A,G150A,150,119,0.76845104,0.050122164
GLA_human,G119C,G150C,150,119,0.53358257,0.052675534
GLA_human,G119D,G150D,150,119,1.1612184,0.092478745
GLA_human,G119E,G150E,150,119,0.8626043,0.07558424
GLA_human,G119F,G150F,150,119,1.0146706,0.1704498
GLA_human,G119H,G150H,150,119,0.65862364,0.089594476
GLA_human,G119I,G150I,150,119,0.94830096,0.12114059
GLA_human,G119K,G150K,150,119,0.68799365,0.07118076
GLA_human,G119L,G150L,150,119,0.7205436,0.08648018
GLA_human,G119M,G150M,150,119,0.92682064,0.107185714
GLA_human,G119N,G150N,150,119,0.72435486,0.08761908
GLA_human,G119P,G150P,150,119,1.1942015,0.09712642
GLA_human,G119Q,G150Q,150,119,0.74713516,0.096242055
GLA_human,G119R,G150R,150,119,0.8267115,0.077545285
GLA_human,G119S,G150S,150,119,0.93659276,0.064130604
GLA_human,G119T,G150T,150,119,1.1377318,0.03028915
GLA_human,G119V,G150V,150,119,0.86542827,0.08134391
GLA_human,G119W,G150W,150,119,1.1305957,0.12205477
GLA_human,G119Y,G150Y,150,119,0.80569637,0.13027142
GLA_human,Y120A,Y151A,151,120,1.1408758,0.14778648
GLA_human,Y120C,Y151C,151,120,0.73195726,0.18616857
GLA_human,Y120D,Y151D,151,120,2.219696,0.1335161
GLA_human,Y120E,Y151E,151,120,2.1583562,0.12094737
GLA_human,Y120F,Y151F,151,120,-0.043029953,0.015138027
GLA_human,Y120G,Y151G,151,120,1.7807099,0.15951231
GLA_human,Y120H,Y151H,151,120,0.68670374,0.04110911
GLA_human,Y120I,Y151I,151,120,2.093687,0.13123037
GLA_human,Y120K,Y151K,151,120,1.4982868,0.11659633
GLA_human,Y120L,Y151L,151,120,1.5177647,0.123267904
GLA_human,Y120M,Y151M,151,120,1.2565663,0.13943361
GLA_human,Y120N,Y151N,151,120,1.6170046,0.077079415
GLA_human,Y120P,Y151P,151,120,3.1048348,0.15197673
GLA_human,Y120Q,Y151Q,151,120,1.8338699,0.089976765
GLA_human,Y120R,Y151R,151,120,1.5797546,0.11108754
GLA_human,Y120S,Y151S,151,120,1.0706583,0.15351419
GLA_human,Y120T,Y151T,151,120,1.6526563,0.12456833
GLA_human,Y120V,Y151V,151,120,1.7598101,0.06946694
GLA_human,Y120W,Y151W,151,120,0.5586449,0.058391318
GLA_human,Y121A,Y152A,152,121,2.6708894,0.23737049
GLA_human,Y121C,Y152C,152,121,1.57288,0.21209414
GLA_human,Y121D,Y152D,152,121,3.2697911,0.088346034
GLA_human,Y121E,Y152E,152,121,2.4846377,0.0765411
GLA_human,Y121F,Y152F,152,121,0.07736729,0.016765887
GLA_human,Y121G,Y152G,152,121,2.874672,0.22376992
GLA_human,Y121H,Y152H,152,121,2.3409178,0.11882514
GLA_human,Y121I,Y152I,152,121,1.5725199,0.109504536
GLA_human,Y121K,Y152K,152,121,3.1164448,0.15840405
GLA_human,Y121L,Y152L,152,121,1.849308,0.13315092
GLA_human,Y121M,Y152M,152,121,1.4105871,0.10345763
GLA_human,Y121N,Y152N,152,121,3.0317822,0.057229728
GLA_human,Y121P,Y152P,152,121,3.168269,0.12145178
GLA_human,Y121R,Y152R,152,121,2.3029919,0.17221615
GLA_human,Y121S,Y152S,152,121,2.827324,0.16300802
GLA_human,Y121T,Y152T,152,121,2.6635964,0.09893399
GLA_human,Y121V,Y152V,152,121,2.3725085,0.08064758
GLA_human,Y121W,Y152W,152,121,0.27762657,0.057088163
GLA_human,D122A,D153A,153,122,0.38341472,0.09068105
GLA_human,D122C,D153C,153,122,0.2731605,0.11141007
GLA_human,D122E,D153E,153,122,0.21597064,0.11227947
GLA_human,D122F,D153F,153,122,-0.06742659,0.11162385
GLA_human,D122G,D153G,153,122,0.5980356,0.19916297
GLA_human,D122H,D153H,153,122,0.7602148,0.17027918
GLA_human,D122I,D153I,153,122,0.16731907,0.03615571
GLA_human,D122K,D153K,153,122,0.55515563,0.0520785
GLA_human,D122L,D153L,153,122,0.085932925,0.07189045
GLA_human,D122M,D153M,153,122,0.30661446,0.090094306
GLA_human,D122N,D153N,153,122,0.3112139,0.014881562
GLA_human,D122P,D153P,153,122,0.65796435,0.053245302
GLA_human,D122Q,D153Q,153,122,0.50393605,0.16665503
GLA_human,D122R,D153R,153,122,0.533299,0.07586744
GLA_human,D122S,D153S,153,122,0.21610908,0.056155987
GLA_human,D122T,D153T,153,122,0.58664334,0.059443917
GLA_human,D122V,D153V,153,122,0.34129462,0.07628026
GLA_human,D122W,D153W,153,122,0.123990335,0.06594543
GLA_human,D122Y,D153Y,153,122,0.036870237,0.11535286
GLA_human,I123A,I154A,154,123,0.91482085,0.09773727
GLA_human,I123C,I154C,154,123,0.37037766,0.063101016
GLA_human,I123D,I154D,154,123,1.6990904,0.16963343
GLA_human,I123E,I154E,154,123,1.3049164,0.13508971
GLA_human,I123F,I154F,154,123,0.9962262,0.087468095
GLA_human,I123G,I154G,154,123,1.6481445,0.17166504
GLA_human,I123H,I154H,154,123,1.5736206,0.095861204
GLA_human,I123K,I154K,154,123,0.855306,0.10573733
GLA_human,I123L,I154L,154,123,-0.38254657,0.022014683
GLA_human,I123M,I154M,154,123,0.25792465,0.054793052
GLA_human,I123N,I154N,154,123,1.5585995,0.07694171
GLA_human,I123P,I154P,154,123,0.9901327,0.094193876
GLA_human,I123Q,I154Q,154,123,0.8640661,0.025737345
GLA_human,I123R,I154R,154,123,1.0942158,0.10616043
GLA_human,I123S,I154S,154,123,0.914038,0.09177119
GLA_human,I123T,I154T,154,123,0.5052187,0.07703822
GLA_human,I123V,I154V,154,123,0.101812266,0.048742957
GLA_human,I123W,I154W,154,123,0.8834739,0.060107555
GLA_human,I123Y,I154Y,154,123,1.041887,0.05602783
GLA_human,D124A,D155A,155,124,1.2869705,0.11588891
GLA_human,D124C,D155C,155,124,0.93081266,0.1800699
GLA_human,D124E,D155E,155,124,1.8206257,0.11971942
GLA_human,D124F,D155F,155,124,2.012389,0.10976874
GLA_human,D124G,D155G,155,124,1.8248041,0.29320538
GLA_human,D124H,D155H,155,124,1.1975883,0.070090234
GLA_human,D124I,D155I,155,124,1.9944365,0.11635255
GLA_human,D124K,D155K,155,124,2.8531518,0.3014478
GLA_human,D124L,D155L,155,124,2.2054243,0.23772344
GLA_human,D124M,D155M,155,124,1.9849584,0.23648386
GLA_human,D124N,D155N,155,124,1.4325559,0.11286364
GLA_human,D124P,D155P,155,124,2.6825078,0.15894853
GLA_human,D124Q,D155Q,155,124,1.9562715,0.16940579
GLA_human,D124R,D155R,155,124,2.6673975,0.27863908
GLA_human,D124S,D155S,155,124,1.2275723,0.09294493
GLA_human,D124T,D155T,155,124,1.3410289,0.119069636
GLA_human,D124V,D155V,155,124,1.570735,0.09543567
GLA_human,D124W,D155W,155,124,2.253574,0.25334156
GLA_human,D124Y,D155Y,155,124,2.0943866,0.19679417
GLA_human,A125C,A156C,156,125,1.6906706,0.15040767
GLA_human,A125D,A156D,156,125,2.9734766,0.12251546
GLA_human,A125E,A156E,156,125,2.934031,0.26681697
GLA_human,A125F,A156F,156,125,2.1652627,0.20759854
GLA_human,A125G,A156G,156,125,1.79181,0.16587517
GLA_human,A125H,A156H,156,125,2.8205993,0.23089704
GLA_human,A125I,A156I,156,125,1.7059662,0.20110439
GLA_human,A125K,A156K,156,125,2.924289,0.25435445
GLA_human,A125L,A156L,156,125,1.7168108,0.1658283
GLA_human,A125M,A156M,156,125,1.1978096,0.20183134
GLA_human,A125N,A156N,156,125,3.0608726,0.23340242
GLA_human,A125P,A156P,156,125,3.026321,0.29536346
GLA_human,A125Q,A156Q,156,125,2.7527325,0.34454358
GLA_human,A125R,A156R,156,125,3.0222125,0.2055353
GLA_human,A125S,A156S,156,125,1.0964706,0.0627177
GLA_human,A125T,A156T,156,125,2.6352253,0.3496363
GLA_human,A125V,A156V,156,125,2.336638,0.31447756
GLA_human,A125W,A156W,156,125,2.3394425,0.18579274
GLA_human,A125Y,A156Y,156,125,2.433198,0.18186168
GLA_human,Q126A,Q157A,157,126,0.9098919,0.04874985
GLA_human,Q126C,Q157C,157,126,0.9254263,0.13857567
GLA_human,Q126D,Q157D,157,126,1.1581615,0.11604205
GLA_human,Q126E,Q157E,157,126,0.8839561,0.08145561
GLA_human,Q126F,Q157F,157,126,1.3485707,0.08715369
GLA_human,Q126G,Q157G,157,126,1.6377945,0.20464434
GLA_human,Q126H,Q157H,157,126,1.4117445,0.07696395
GLA_human,Q126I,Q157I,157,126,1.1280253,0.090047866
GLA_human,Q126K,Q157K,157,126,1.2076269,0.09934338
GLA_human,Q126L,Q157L,157,126,0.971107,0.067386195
GLA_human,Q126M,Q157M,157,126,0.8477001,0.09373446
GLA_human,Q126N,Q157N,157,126,1.1641697,0.10022491
GLA_human,Q126P,Q157P,157,126,2.2388594,0.111946076
GLA_human,Q126R,Q157R,157,126,0.79446745,0.11022379
GLA_human,Q126S,Q157S,157,126,0.9095915,0.062483594
GLA_human,Q126T,Q157T,157,126,1.054605,0.11777841
GLA_human,Q126V,Q157V,157,126,1.1182183,0.09588387
GLA_human,Q126W,Q157W,157,126,1.2591317,0.076752394
GLA_human,Q126Y,Q157Y,157,126,1.5658499,0.10735963
GLA_human,T127A,T158A,158,127,1.2439023,0.25204292
GLA_human,T127C,T158C,158,127,1.3713768,0.1523025
GLA_human,T127D,T158D,158,127,1.6639744,0.09311758
GLA_human,T127E,T158E,158,127,1.9281324,0.0793385
GLA_human,T127F,T158F,158,127,2.3408515,0.19212015
GLA_human,T127G,T158G,158,127,1.371959,0.33934692
GLA_human,T127H,T158H,158,127,2.2466562,0.13477725
GLA_human,T127I,T158I,158,127,1.4782845,0.072796606
GLA_human,T127K,T158K,158,127,2.2629344,0.12263115
GLA_human,T127L,T158L,158,127,0.7500736,0.06488697
GLA_human,T127M,T158M,158,127,1.1230164,0.1425527
GLA_human,T127N,T158N,158,127,1.7716824,0.07090866
GLA_human,T127P,T158P,158,127,2.505022,0.11168317
GLA_human,T127Q,T158Q,158,127,1.3947376,0.115290344
GLA_human,T127R,T158R,158,127,1.1599803,0.15276426
GLA_human,T127S,T158S,158,127,1.1829877,0.2148008
GLA_human,T127V,T158V,158,127,0.6734239,0.106040016
GLA_human,T127W,T158W,158,127,1.2829626,0.05153073
GLA_human,T127Y,T158Y,158,127,2.3439984,0.15011367
GLA_human,F128A,F159A,159,128,2.378056,0.13806356
GLA_human,F128C,F159C,159,128,1.5336859,0.12394564
GLA_human,F128D,F159D,159,128,3.390126,0.043973036
GLA_human,F128E,F159E,159,128,3.0393207,0.08106464
GLA_human,F128G,F159G,159,128,3.2231648,0.120868705
GLA_human,F128I,F159I,159,128,1.3900635,0.061350647
GLA_human,F128K,F159K,159,128,2.596396,0.13433897
GLA_human,F128L,F159L,159,128,1.0071404,0.062084448
GLA_human,F128M,F159M,159,128,0.90741175,0.064368084
GLA_human,F128N,F159N,159,128,3.1052861,0.06573514
GLA_human,F128P,F159P,159,128,3.1811934,0.1270673
GLA_human,F128Q,F159Q,159,128,2.928559,0.090030625
GLA_human,F128R,F159R,159,128,2.7414691,0.1578101
GLA_human,F128S,F159S,159,128,2.8730044,0.112286076
GLA_human,F128T,F159T,159,128,2.3813863,0.12370637
GLA_human,F128V,F159V,159,128,1.8979584,0.13550161
GLA_human,F128W,F159W,159,128,0.5913385,0.044016227
GLA_human,F128Y,F159Y,159,128,0.50263023,0.046214957
GLA_human,A129C,A160C,160,129,0.81929237,0.1463626
GLA_human,A129D,A160D,160,129,2.62612,0.2628401
GLA_human,A129E,A160E,160,129,2.7921295,0.10694184
GLA_human,A129F,A160F,160,129,1.4885371,0.15869881
GLA_human,A129G,A160G,160,129,1.4979273,0.16057262
GLA_human,A129H,A160H,160,129,1.8705652,0.19087018
GLA_human,A129I,A160I,160,129,1.8575737,0.088291615
GLA_human,A129K,A160K,160,129,1.6313988,0.115646124
GLA_human,A129L,A160L,160,129,1.9279283,0.15643233
GLA_human,A129M,A160M,160,129,1.6224868,0.16398543
GLA_human,A129N,A160N,160,129,2.3972507,0.23519115
GLA_human,A129P,A160P,160,129,3.3292747,0.28321278
GLA_human,A129Q,A160Q,160,129,2.4064445,0.17703241
GLA_human,A129R,A160R,160,129,1.2868229,0.081464976
GLA_human,A129S,A160S,160,129,0.707771,0.069550335
GLA_human,A129T,A160T,160,129,2.0865986,0.18931945
GLA_human,A129V,A160V,160,129,1.7981094,0.17752945
GLA_human,A129W,A160W,160,129,1.8146689,0.08315759
GLA_human,A129Y,A160Y,160,129,1.3823723,0.11012696
GLA_human,D130A,D161A,161,130,0.6795248,0.043817993
GLA_human,D130C,D161C,161,130,0.87216693,0.065861516
GLA_human,D130E,D161E,161,130,0.24233286,0.040662773
GLA_human,D130F,D161F,161,130,0.9105588,0.050938986
GLA_human,D130G,D161G,161,130,1.0380327,0.06689064
GLA_human,D130H,D161H,161,130,1.164099,0.15135516
GLA_human,D130I,D161I,161,130,1.0456613,0.060753252
GLA_human,D130K,D161K,161,130,1.2047045,0.10090644
GLA_human,D130L,D161L,161,130,1.1534326,0.05668764
GLA_human,D130M,D161M,161,130,0.9217922,0.053550825
GLA_human,D130N,D161N,161,130,0.43479222,0.019879853
GLA_human,D130P,D161P,161,130,2.5739377,0.08002132
GLA_human,D130Q,D161Q,161,130,0.8188078,0.08225495
GLA_human,D130R,D161R,161,130,1.0131271,0.056204706
GLA_human,D130S,D161S,161,130,0.63554245,0.0356346
GLA_human,D130T,D161T,161,130,1.4366968,0.09948463
GLA_human,D130V,D161V,161,130,1.3608515,0.055160414
GLA_human,D130W,D161W,161,130,0.868979,0.12044125
GLA_human,D130Y,D161Y,161,130,0.8966656,0.06407294
GLA_human,W131A,W162A,162,131,2.6618278,0.30287784
GLA_human,W131C,W162C,162,131,2.148216,0.26648286
GLA_human,W131D,W162D,162,131,3.3181088,0.15862566
GLA_human,W131E,W162E,162,131,3.3502903,0.15781984
GLA_human,W131F,W162F,162,131,1.0085651,0.05655394
GLA_human,W131G,W162G,162,131,3.029842,0.19097207
GLA_human,W131H,W162H,162,131,2.5710893,0.04584484
GLA_human,W131I,W162I,162,131,2.5321453,0.1245049
GLA_human,W131K,W162K,162,131,3.6364636,0.22977902
GLA_human,W131L,W162L,162,131,2.3005226,0.17859994
GLA_human,W131M,W162M,162,131,1.8033787,0.10201011
GLA_human,W131N,W162N,162,131,3.2734904,0.16320755
GLA_human,W131P,W162P,162,131,3.4286838,0.18716095
GLA_human,W131Q,W162Q,162,131,2.951781,0.10343252
GLA_human,W131R,W162R,162,131,2.6677155,0.19603041
GLA_human,W131S,W162S,162,131,2.8889046,0.25569057
GLA_human,W131T,W162T,162,131,3.0448198,0.28455818
GLA_human,W131V,W162V,162,131,2.959142,0.16622204
GLA_human,W131Y,W162Y,162,131,1.3316011,0.07380112
GLA_human,G132A,G163A,163,132,1.0815637,0.13065147
GLA_human,G132C,G163C,163,132,1.0224593,0.09215778
GLA_human,G132D,G163D,163,132,1.4330752,0.17464966
GLA_human,G132E,G163E,163,132,1.3293135,0.23927456
GLA_human,G132F,G163F,163,132,1.0734295,0.19203514
GLA_human,G132H,G163H,163,132,1.1842445,0.10483296
GLA_human,G132I,G163I,163,132,0.9193551,0.14293975
GLA_human,G132K,G163K,163,132,1.3537685,0.13674438
GLA_human,G132L,G163L,163,132,1.0724964,0.14878476
GLA_human,G132M,G163M,163,132,1.1373266,0.15704764
GLA_human,G132N,G163N,163,132,1.411942,0.13657872
GLA_human,G132P,G163P,163,132,1.4956264,0.16010365
GLA_human,G132Q,G163Q,163,132,1.1361254,0.1362294
GLA_human,G132R,G163R,163,132,1.2297436,0.16653672
GLA_human,G132S,G163S,163,132,1.4742362,0.15571684
GLA_human,G132T,G163T,163,132,1.1808565,0.15269609
GLA_human,G132V,G163V,163,132,1.006717,0.1345896
GLA_human,G132W,G163W,163,132,1.0700392,0.20046125
GLA_human,G132Y,G163Y,163,132,1.1057749,0.21124312
GLA_human,V133A,V164A,164,133,1.4460087,0.14879224
GLA_human,V133C,V164C,164,133,0.6635802,0.10150419
GLA_human,V133D,V164D,164,133,2.4746883,0.08545912
GLA_human,V133E,V164E,164,133,2.2387064,0.10260255
GLA_human,V133F,V164F,164,133,1.9036038,0.25939998
GLA_human,V133G,V164G,164,133,2.434575,0.26972178
GLA_human,V133H,V164H,164,133,2.8807416,0.2648783
GLA_human,V133I,V164I,164,133,-0.2242609,0.049265206
GLA_human,V133K,V164K,164,133,2.7778327,0.3146361
GLA_human,V133L,V164L,164,133,1.5312177,0.10811918
GLA_human,V133M,V164M,164,133,0.9464577,0.08683353
GLA_human,V133N,V164N,164,133,2.3026602,0.10486887
GLA_human,V133P,V164P,164,133,2.6123838,0.17056677
GLA_human,V133Q,V164Q,164,133,2.1740928,0.099608175
GLA_human,V133R,V164R,164,133,2.9397106,0.34462625
GLA_human,V133S,V164S,164,133,1.8952885,0.10861457
GLA_human,V133T,V164T,164,133,1.2672056,0.01130917
GLA_human,V133W,V164W,164,133,2.357361,0.26661268
GLA_human,V133Y,V164Y,164,133,2.3905263,0.31947982
GLA_human,D134A,D165A,165,134,0.8960956,0.09802587
GLA_human,D134C,D165C,165,134,0.6985878,0.15492417
GLA_human,D134E,D165E,165,134,1.398675,0.08016611
GLA_human,D134F,D165F,165,134,1.5159384,0.21961069
GLA_human,D134G,D165G,165,134,1.353484,0.17694029
GLA_human,D134H,D165H,165,134,1.3326073,0.07595045
GLA_human,D134I,D165I,165,134,1.7161087,0.14388429
GLA_human,D134K,D165K,165,134,1.900861,0.13782403
GLA_human,D134L,D165L,165,134,1.718153,0.043496605
GLA_human,D134M,D165M,165,134,1.6241045,0.118434735
GLA_human,D134N,D165N,165,134,0.681265,0.057544257
GLA_human,D134P,D165P,165,134,2.7205582,0.28934008
GLA_human,D134Q,D165Q,165,134,1.3974788,0.10990299
GLA_human,D134R,D165R,165,134,1.7030458,0.16623671
GLA_human,D134S,D165S,165,134,0.9148032,0.077219084
GLA_human,D134T,D165T,165,134,1.6109183,0.15133645
GLA_human,D134V,D165V,165,134,1.7090235,0.10892834
GLA_human,D134W,D165W,165,134,1.6090046,0.329205
GLA_human,D134Y,D165Y,165,134,1.6048838,0.2506352
GLA_human,L135A,L166A,166,135,1.7787611,0.1589322
GLA_human,L135C,L166C,166,135,1.0939162,0.09446191
GLA_human,L135D,L166D,166,135,3.0445848,0.09864101
GLA_human,L135E,L166E,166,135,2.427262,0.083992966
GLA_human,L135F,L166F,166,135,0.15222505,0.101082705
GLA_human,L135G,L166G,166,135,2.750909,0.22020921
GLA_human,L135H,L166H,166,135,1.6885426,0.110357754
GLA_human,L135I,L166I,166,135,1.2519035,0.04053347
GLA_human,L135K,L166K,166,135,1.8437197,0.089031585
GLA_human,L135M,L166M,166,135,-0.03119501,0.039251193
GLA_human,L135N,L166N,166,135,3.03748,0.057637762
GLA_human,L135P,L166P,166,135,3.3632214,0.14588556
GLA_human,L135Q,L166Q,166,135,2.305858,0.08032899
GLA_human,L135R,L166R,166,135,1.991836,0.14526546
GLA_human,L135S,L166S,166,135,2.112493,0.13311721
GLA_human,L135T,L166T,166,135,2.6764514,0.070764065
GLA_human,L135V,L166V,166,135,1.8966548,0.042910375
GLA_human,L135W,L166W,166,135,1.0709946,0.1604547
GLA_human,L135Y,L166Y,166,135,0.23401871,0.13762075
GLA_human,L136A,L167A,167,136,2.762537,0.1904613
GLA_human,L136C,L167C,167,136,1.413752,0.10567809
GLA_human,L136D,L167D,167,136,3.6083531,0.10345289
GLA_human,L136E,L167E,167,136,3.2328525,0.15192609
GLA_human,L136F,L167F,167,136,1.6626546,0.10864313
GLA_human,L136G,L167G,167,136,3.679612,0.26320893
GLA_human,L136H,L167H,167,136,3.4410782,0.053567775
GLA_human,L136I,L167I,167,136,1.473541,0.11148795
GLA_human,L136K,L167K,167,136,2.971744,0.13470277
GLA_human,L136M,L167M,167,136,1.576894,0.10404111
GLA_human,L136N,L167N,167,136,3.2603467,0.097431146
GLA_human,L136P,L167P,167,136,3.3301463,0.09837549
GLA_human,L136Q,L167Q,167,136,3.3056588,0.13003704
GLA_human,L136R,L167R,167,136,3.293986,0.19527425
GLA_human,L136S,L167S,167,136,3.1713924,0.09778811
GLA_human,L136T,L167T,167,136,2.6027808,0.048316848
GLA_human,L136V,L167V,167,136,1.1755158,0.10719124
GLA_human,L136W,L167W,167,136,2.166397,0.19168656
GLA_human,L136Y,L167Y,167,136,2.4461782,0.13584489
GLA_human,K137A,K168A,168,137,0.8533386,0.18927725
GLA_human,K137C,K168C,168,137,0.5155612,0.12210711
GLA_human,K137D,K168D,168,137,1.434247,0.087361366
GLA_human,K137E,K168E,168,137,0.9713734,0.021283455
GLA_human,K137F,K168F,168,137,-0.4188118,0.07781364
GLA_human,K137G,K168G,168,137,1.4572401,0.2578116
GLA_human,K137H,K168H,168,137,0.6641117,0.036289126
GLA_human,K137I,K168I,168,137,-0.31523103,0.020517979
GLA_human,K137L,K168L,168,137,-0.29167616,0.048254143
GLA_human,K137M,K168M,168,137,-0.13762179,0.07446287
GLA_human,K137N,K168N,168,137,1.2873051,0.062008623
GLA_human,K137P,K168P,168,137,2.0398915,0.0884005
GLA_human,K137Q,K168Q,168,137,0.6314928,0.054012537
GLA_human,K137R,K168R,168,137,0.114903405,0.021438431
GLA_human,K137S,K168S,168,137,0.9275832,0.14110439
GLA_human,K137T,K168T,168,137,0.7717565,0.045580745
GLA_human,K137V,K168V,168,137,0.20296565,0.04207783
GLA_human,K137W,K168W,168,137,-0.030198177,0.0655841
GLA_human,K137Y,K168Y,168,137,-0.11778498,0.032082155
GLA_human,F138A,F169A,169,138,2.819067,0.099705264
GLA_human,F138C,F169C,169,138,1.600784,0.16422138
GLA_human,F138D,F169D,169,138,3.0647488,0.08443841
GLA_human,F138E,F169E,169,138,2.4416559,0.08219143
GLA_human,F138G,F169G,169,138,3.3236377,0.085593514
GLA_human,F138H,F169H,169,138,1.8669941,0.072111
GLA_human,F138I,F169I,169,138,2.3058796,0.10662009
GLA_human,F138K,F169K,169,138,2.484984,0.14411588
GLA_human,F138L,F169L,169,138,1.1910084,0.14309405
GLA_human,F138M,F169M,169,138,0.86765593,0.112973034
GLA_human,F138N,F169N,169,138,2.7449229,0.11546054
GLA_human,F138P,F169P,169,138,2.6562648,0.12770648
GLA_human,F138Q,F169Q,169,138,2.0710824,0.053052656
GLA_human,F138R,F169R,169,138,2.2860222,0.14841099
GLA_human,F138S,F169S,169,138,2.787191,0.10784097
GLA_human,F138T,F169T,169,138,2.3179913,0.11020202
GLA_human,F138V,F169V,169,138,2.3934765,0.12072811
GLA_human,F138W,F169W,169,138,1.0038841,0.09085261
GLA_human,F138Y,F169Y,169,138,0.089715615,0.038388245
GLA_human,D139A,D170A,170,139,0.30218688,0.08543786
GLA_human,D139C,D170C,170,139,0.3376804,0.10060777
GLA_human,D139E,D170E,170,139,0.8291644,0.09200071
GLA_human,D139F,D170F,170,139,0.93109405,0.12953709
GLA_human,D139G,D170G,170,139,0.7141071,0.25733924
GLA_human,D139H,D170H,170,139,0.9406897,0.10821931
GLA_human,D139I,D170I,170,139,1.1598154,0.07927969
GLA_human,D139K,D170K,170,139,1.4174726,0.1250678
GLA_human,D139L,D170L,170,139,0.9243802,0.10943594
GLA_human,D139M,D170M,170,139,1.0375235,0.114845805
GLA_human,D139N,D170N,170,139,0.78526294,0.09703434
GLA_human,D139P,D170P,170,139,1.881575,0.10095891
GLA_human,D139Q,D170Q,170,139,1.1513563,0.09365061
GLA_human,D139R,D170R,170,139,1.2499688,0.12140884
GLA_human,D139S,D170S,170,139,0.19010353,0.073242284
GLA_human,D139T,D170T,170,139,0.99763995,0.11161863
GLA_human,D139V,D170V,170,139,1.0040723,0.044326734
GLA_human,D139W,D170W,170,139,1.2132822,0.21294402
GLA_human,D139Y,D170Y,170,139,0.97411215,0.13826594
GLA_human,G140A,G171A,171,140,1.0593743,0.09587742
GLA_human,G140C,G171C,171,140,0.34579766,0.06329193
GLA_human,G140D,G171D,171,140,3.0677204,0.085755564
GLA_human,G140E,G171E,171,140,2.9558282,0.16944619
GLA_human,G140F,G171F,171,140,1.7957586,0.14828579
GLA_human,G140H,G171H,171,140,2.2502608,0.13708517
GLA_human,G140I,G171I,171,140,1.9836938,0.21542305
GLA_human,G140K,G171K,171,140,2.5489774,0.21183045
GLA_human,G140L,G171L,171,140,2.0803905,0.09614744
GLA_human,G140M,G171M,171,140,2.1582458,0.14646332
GLA_human,G140N,G171N,171,140,2.5799165,0.14653303
GLA_human,G140P,G171P,171,140,2.4861813,0.20008086
GLA_human,G140Q,G171Q,171,140,2.6712363,0.14376697
GLA_human,G140R,G171R,171,140,2.4596384,0.2853917
GLA_human,G140S,G171S,171,140,2.0090432,0.091876276
GLA_human,G140T,G171T,171,140,2.1631777,0.15581185
GLA_human,G140V,G171V,171,140,1.8466873,0.1781606
GLA_human,G140W,G171W,171,140,1.6510397,0.086151384
GLA_human,G140Y,G171Y,171,140,1.7235721,0.1622487
GLA_human,C141A,C172A,172,141,1.0897589,0.09713239
GLA_human,C141D,C172D,172,141,2.1117852,0.116618514
GLA_human,C141E,C172E,172,141,2.7057292,0.08395759
GLA_human,C141F,C172F,172,141,1.9575112,0.15402067
GLA_human,C141G,C172G,172,141,1.8816105,0.16898721
GLA_human,C141H,C172H,172,141,2.0649638,0.1156118
GLA_human,C141I,C172I,172,141,2.0793824,0.16671471
GLA_human,C141K,C172K,172,141,2.5813634,0.09109552
GLA_human,C141L,C172L,172,141,2.110786,0.14957783
GLA_human,C141M,C172M,172,141,2.1082828,0.10601808
GLA_human,C141N,C172N,172,141,2.2870975,0.12798476
GLA_human,C141P,C172P,172,141,2.72195,0.15060753
GLA_human,C141Q,C172Q,172,141,2.5179608,0.12826566
GLA_human,C141R,C172R,172,141,2.4287088,0.0825234
GLA_human,C141S,C172S,172,141,1.5820782,0.06891317
GLA_human,C141T,C172T,172,141,2.2662683,0.13079034
GLA_human,C141V,C172V,172,141,1.9776663,0.1368445
GLA_human,C141W,C172W,172,141,2.2326705,0.15205464
GLA_human,C141Y,C172Y,172,141,1.9304825,0.1607265
GLA_human,Y142A,Y173A,173,142,1.1921475,0.14272764
GLA_human,Y142C,Y173C,173,142,0.61138844,0.12109087
GLA_human,Y142D,Y173D,173,142,1.7083782,0.16683905
GLA_human,Y142E,Y173E,173,142,1.7663425,0.20481323
GLA_human,Y142F,Y173F,173,142,-0.012325543,0.028330417
GLA_human,Y142G,Y173G,173,142,1.2329924,0.2061337
GLA_human,Y142H,Y173H,173,142,0.7486582,0.058550708
GLA_human,Y142I,Y173I,173,142,1.6868942,0.208465
GLA_human,C143A,C174A,174,143,0.18272899,0.06533153
GLA_human,C143D,C174D,174,143,1.4069846,0.13838711
GLA_human,C143E,C174E,174,143,1.406936,0.19312377
GLA_human,C143F,C174F,174,143,-0.12714097,0.13607903
GLA_human,C143G,C174G,174,143,1.0473661,0.14039218
GLA_human,C143H,C174H,174,143,0.71549034,0.119979635
GLA_human,C143I,C174I,174,143,-0.06826069,0.07211122
GLA_human,C143K,C174K,174,143,1.2881021,0.19459195
GLA_human,C143L,C174L,174,143,0.56258404,0.05842076
GLA_human,C143M,C174M,174,143,0.51164234,0.12973951
GLA_human,C143N,C174N,174,143,0.8272365,0.13124184
GLA_human,C143P,C174P,174,143,1.490124,0.13000563
GLA_human,C143Q,C174Q,174,143,1.0302716,0.1492285
GLA_human,C143R,C174R,174,143,1.1533191,0.1361159
GLA_human,C143S,C174S,174,143,0.2802836,0.03550389
GLA_human,C143T,C174T,174,143,0.33707467,0.038702827
GLA_human,C143V,C174V,174,143,-0.0744522,0.070571244
GLA_human,C143W,C174W,174,143,0.6197483,0.2519838
GLA_human,C143Y,C174Y,174,143,0.23063824,0.15968692
GLA_human,D144A,D175A,175,144,0.602381,0.097978495
GLA_human,D144C,D175C,175,144,0.08755213,0.06439972
GLA_human,D144E,D175E,175,144,0.58530676,0.0859563
GLA_human,D144F,D175F,175,144,0.2659207,0.095621005
GLA_human,D144G,D175G,175,144,0.53485143,0.14980847
GLA_human,D144H,D175H,175,144,0.7227297,0.14096414
GLA_human,D144I,D175I,175,144,0.4263851,0.12010986
GLA_human,D144K,D175K,175,144,0.72102875,0.07521863
GLA_human,D144L,D175L,175,144,0.45412955,0.09613157
GLA_human,D144M,D175M,175,144,0.4361863,0.07352597
GLA_human,D144N,D175N,175,144,0.50021875,0.099588916
GLA_human,D144P,D175P,175,144,0.58649313,0.10262584
GLA_human,D144Q,D175Q,175,144,0.57211417,0.068478696
GLA_human,D144R,D175R,175,144,0.48286906,0.073302224
GLA_human,D144S,D175S,175,144,0.33032298,0.087541
GLA_human,D144T,D175T,175,144,0.8621481,0.10360648
GLA_human,D144V,D175V,175,144,0.81885755,0.12240685
GLA_human,D144W,D175W,175,144,0.17537814,0.072058454
GLA_human,D144Y,D175Y,175,144,0.3499306,0.05702413
GLA_human,S145A,S176A,176,145,0.73140174,0.057175387
GLA_human,S145C,S176C,176,145,0.5347351,0.055010248
GLA_human,S145D,S176D,176,145,0.7246672,0.03372738
GLA_human,S145E,S176E,176,145,1.027737,0.061675042
GLA_human,S145F,S176F,176,145,0.7994422,0.056943025
GLA_human,S145G,S176G,176,145,0.9405743,0.10373108
GLA_human,S145H,S176H,176,145,0.74022996,0.05060367
GLA_human,S145I,S176I,176,145,1.0519142,0.107197866
GLA_human,S145K,S176K,176,145,0.6129379,0.05468
GLA_human,S145L,S176L,176,145,0.99416655,0.12699676
GLA_human,S145M,S176M,176,145,0.8739122,0.10558109
GLA_human,S145N,S176N,176,145,0.42002797,0.08496366
GLA_human,S145P,S176P,176,145,1.5900252,0.06194998
GLA_human,S145Q,S176Q,176,145,0.96234626,0.10274037
GLA_human,S145R,S176R,176,145,0.56669796,0.06856072
GLA_human,S145T,S176T,176,145,0.7246295,0.12568417
GLA_human,S145V,S176V,176,145,1.402659,0.09525645
GLA_human,S145W,S176W,176,145,0.8751782,0.09200151
GLA_human,S145Y,S176Y,176,145,0.8163134,0.010839378
GLA_human,L146A,L177A,177,146,1.197011,0.11256851
GLA_human,L146C,L177C,177,146,0.9676075,0.08542555
GLA_human,L146D,L177D,177,146,1.5394375,0.19035041
GLA_human,L146E,L177E,177,146,1.5763712,0.16623917
GLA_human,L146F,L177F,177,146,0.8734083,0.06545195
GLA_human,L146G,L177G,177,146,1.5613449,0.09533324
GLA_human,L146H,L177H,177,146,1.1433755,0.06383
GLA_human,L146I,L177I,177,146,0.33984053,0.056232292
GLA_human,L146K,L177K,177,146,0.85028696,0.042793304
GLA_human,L146M,L177M,177,146,0.5637728,0.040511828
GLA_human,L146N,L177N,177,146,1.6509144,0.12600079
GLA_human,L146P,L177P,177,146,0.9414517,0.12974247
GLA_human,L146Q,L177Q,177,146,1.3079481,0.12847719
GLA_human,L146R,L177R,177,146,0.96840143,0.021394629
GLA_human,L146S,L177S,177,146,1.3454195,0.054498043
GLA_human,L146T,L177T,177,146,1.266147,0.10390779
GLA_human,L146V,L177V,177,146,0.7519263,0.07728666
GLA_human,L146W,L177W,177,146,0.5651763,0.09102187
GLA_human,L146Y,L177Y,177,146,0.6522356,0.06484479
GLA_human,E147A,E178A,178,147,-0.00766837,0.10116141
GLA_human,E147C,E178C,178,147,0.043775093,0.060580257
GLA_human,E147D,E178D,178,147,0.17692997,0.040584337
GLA_human,E147F,E178F,178,147,-0.29839754,0.03492813
GLA_human,E147G,E178G,178,147,0.22067373,0.095623076
GLA_human,E147H,E178H,178,147,-0.06913367,0.060992483
GLA_human,E147I,E178I,178,147,-0.03404652,0.054690465
GLA_human,E147K,E178K,178,147,-0.29141894,0.060055934
GLA_human,E147L,E178L,178,147,-0.040666573,0.058226712
GLA_human,E147M,E178M,178,147,0.014037105,0.023276828
GLA_human,E147N,E178N,178,147,0.28252286,0.037494328
GLA_human,E147P,E178P,178,147,0.5830611,0.06176746
GLA_human,E147Q,E178Q,178,147,-0.117019795,0.042345352
GLA_human,E147R,E178R,178,147,-0.104483485,0.067829706
GLA_human,E147S,E178S,178,147,-0.02347665,0.068034664
GLA_human,E147T,E178T,178,147,-0.033460103,0.03975852
GLA_human,E147V,E178V,178,147,0.025309116,0.053803965
GLA_human,E147W,E178W,178,147,-0.024690164,0.049580846
GLA_human,E147Y,E178Y,178,147,-0.26748413,0.040862136
GLA_human,N148A,N179A,179,148,0.08290537,0.11179596
GLA_human,N148C,N179C,179,148,-0.24611655,0.1076903
GLA_human,N148D,N179D,179,148,0.39160925,0.033802275
GLA_human,N148E,N179E,179,148,0.51370746,0.0705311
GLA_human,N148F,N179F,179,148,0.36528176,0.063724324
GLA_human,N148G,N179G,179,148,0.46993738,0.15833749
GLA_human,N148H,N179H,179,148,-0.11376295,0.0480434
GLA_human,N148I,N179I,179,148,0.51953334,0.1188818
GLA_human,N148K,N179K,179,148,-0.03032208,0.058857102
GLA_human,N148L,N179L,179,148,-0.10050149,0.08335456
GLA_human,N148M,N179M,179,148,0.022364527,0.07714605
GLA_human,N148P,N179P,179,148,2.0887306,0.15628678
GLA_human,N148Q,N179Q,179,148,0.025744408,0.057491332
GLA_human,N148R,N179R,179,148,-0.050009638,0.062625915
GLA_human,N148S,N179S,179,148,0.23120837,0.10952297
GLA_human,N148T,N179T,179,148,0.44828734,0.015434222
GLA_human,N148V,N179V,179,148,0.8345817,0.04106786
GLA_human,N148W,N179W,179,148,0.21866469,0.040160768
GLA_human,N148Y,N179Y,179,148,0.37722236,0.054687794
GLA_human,L149A,L180A,180,149,1.9633392,0.13044937
GLA_human,L149C,L180C,180,149,1.519647,0.17730547
GLA_human,L149D,L180D,180,149,2.8821404,0.14903904
GLA_human,L149E,L180E,180,149,2.702163,0.16760702
GLA_human,L149F,L180F,180,149,1.8197123,0.11906415
GLA_human,L149G,L180G,180,149,2.6728654,0.10797596
GLA_human,L149H,L180H,180,149,2.8832986,0.06182351
GLA_human,L149I,L180I,180,149,1.2786064,0.12826717
GLA_human,L149K,L180K,180,149,2.6722708,0.18890199
GLA_human,L149M,L180M,180,149,0.70841604,0.07290197
GLA_human,L149N,L180N,180,149,2.738789,0.12877074
GLA_human,L149P,L180P,180,149,2.9991744,0.16343892
GLA_human,L149Q,L180Q,180,149,2.2017968,0.14199081
GLA_human,L149R,L180R,180,149,2.2747188,0.15296327
GLA_human,L149S,L180S,180,149,2.3459835,0.09347917
GLA_human,L149T,L180T,180,149,2.2677302,0.095557325
GLA_human,L149V,L180V,180,149,1.887191,0.16567715
GLA_human,L149W,L180W,180,149,1.6386913,0.10079363
GLA_human,L149Y,L180Y,180,149,1.838315,0.11984586
GLA_human,A150C,A181C,181,150,0.08808675,0.06736033
GLA_human,A150D,A181D,181,150,0.27003604,0.099007875
GLA_human,A150E,A181E,181,150,0.112815276,0.073497206
GLA_human,A150F,A181F,181,150,0.63574207,0.060194682
GLA_human,A150G,A181G,181,150,0.46327597,0.12344385
GLA_human,A150H,A181H,181,150,0.13864248,0.042482473
GLA_human,A150I,A181I,181,150,-0.2466542,0.11763775
GLA_human,A150K,A181K,181,150,-0.014655662,0.08353633
GLA_human,A150L,A181L,181,150,0.82334054,0.10487457
GLA_human,A150M,A181M,181,150,0.15252969,0.08153268
GLA_human,A150N,A181N,181,150,0.04626703,0.090047665
GLA_human,A150P,A181P,181,150,1.3135889,0.16017768
GLA_human,A150Q,A181Q,181,150,0.13729963,0.07437244
GLA_human,A150R,A181R,181,150,-0.22913738,0.055702407
GLA_human,A150S,A181S,181,150,-0.033284478,0.05886661
GLA_human,A150T,A181T,181,150,0.05032475,0.10538264
GLA_human,A150V,A181V,181,150,0.054100323,0.14972138
GLA_human,A150W,A181W,181,150,0.31895903,0.067110516
GLA_human,A150Y,A181Y,181,150,0.3435984,0.08120888
GLA_human,D151A,D182A,182,151,0.07809155,0.08236952
GLA_human,D151C,D182C,182,151,0.18803939,0.065136336
GLA_human,D151E,D182E,182,151,-0.03956514,0.04793385
GLA_human,D151F,D182F,182,151,-0.3130687,0.08335144
GLA_human,D151G,D182G,182,151,0.500178,0.12650399
GLA_human,D151H,D182H,182,151,0.14499652,0.056391194
GLA_human,D151I,D182I,182,151,0.0028326723,0.07521716
GLA_human,D151K,D182K,182,151,-0.0905333,0.076939784
GLA_human,D151L,D182L,182,151,-0.17142458,0.07797091
GLA_human,D151M,D182M,182,151,-0.12618792,0.06741068
GLA_human,D151N,D182N,182,151,-0.21990363,0.02768641
GLA_human,D151P,D182P,182,151,1.0824945,0.06447316
GLA_human,D151Q,D182Q,182,151,-0.283059,0.030060146
GLA_human,D151R,D182R,182,151,-0.20285776,0.036026627
GLA_human,D151S,D182S,182,151,0.04552377,0.07081644
GLA_human,D151T,D182T,182,151,0.26477844,0.05457942
GLA_human,D151V,D182V,182,151,0.37046725,0.070718296
GLA_human,D151W,D182W,182,151,-0.14119938,0.05694211
GLA_human,D151Y,D182Y,182,151,-0.37822524,0.09240937
GLA_human,G152A,G183A,183,152,1.0449044,0.091757245
GLA_human,G152C,G183C,183,152,0.5061603,0.14753532
GLA_human,G152D,G183D,183,152,1.8059727,0.17139791
GLA_human,G152E,G183E,183,152,1.9465992,0.15714742
GLA_human,G152F,G183F,183,152,0.58401376,0.1716452
GLA_human,G152H,G183H,183,152,1.2922623,0.18757021
GLA_human,G152I,G183I,183,152,1.5306944,0.18970169
GLA_human,G152K,G183K,183,152,1.9773124,0.14568946
GLA_human,G152L,G183L,183,152,1.3375304,0.17833304
GLA_human,G152M,G183M,183,152,1.0538937,0.21550655
GLA_human,G152N,G183N,183,152,1.6915525,0.23402327
GLA_human,G152P,G183P,183,152,2.007785,0.23695257
GLA_human,G152Q,G183Q,183,152,1.7108177,0.24752447
GLA_human,G152R,G183R,183,152,1.5643593,0.2018545
GLA_human,G152S,G183S,183,152,1.2821453,0.13027735
GLA_human,G152T,G183T,183,152,2.1192758,0.16614243
GLA_human,G152V,G183V,183,152,1.8074415,0.24366847
GLA_human,G152W,G183W,183,152,0.8307787,0.15163805
GLA_human,G152Y,G183Y,183,152,0.55024517,0.16555883
GLA_human,K154A,K185A,185,154,0.8694828,0.10572829
GLA_human,K154C,K185C,185,154,0.8741249,0.12995791
GLA_human,K154D,K185D,185,154,2.5595238,0.11229418
GLA_human,K154E,K185E,185,154,1.3812726,0.0643671
GLA_human,K154F,K185F,185,154,1.1410701,0.11623521
GLA_human,K154G,K185G,185,154,1.7207825,0.13569643
GLA_human,K154H,K185H,185,154,1.190315,0.055371474
GLA_human,K154I,K185I,185,154,0.37613085,0.071219355
GLA_human,K154L,K185L,185,154,1.2770325,0.08643567
GLA_human,K154M,K185M,185,154,0.39495525,0.028900199
GLA_human,K154N,K185N,185,154,2.1569247,0.06691989
GLA_human,K154P,K185P,185,154,1.8615576,0.061607663
GLA_human,K154Q,K185Q,185,154,1.0493842,0.030007241
GLA_human,K154R,K185R,185,154,0.1675997,0.07860052
GLA_human,K154S,K185S,185,154,1.5146618,0.09834087
GLA_human,K154T,K185T,185,154,1.2016224,0.04700136
GLA_human,K154V,K185V,185,154,0.5928651,0.08414162
GLA_human,K154W,K185W,185,154,0.87816477,0.06535066
GLA_human,K154Y,K185Y,185,154,1.1087948,0.09984298
GLA_human,M156A,M187A,187,156,2.5538764,0.05943292
GLA_human,M156C,M187C,187,156,1.4638536,0.115311
GLA_human,M156D,M187D,187,156,3.2481663,0.14833803
GLA_human,M156E,M187E,187,156,2.8021357,0.18931529
GLA_human,M156F,M187F,187,156,1.7671916,0.15380917
GLA_human,M156G,M187G,187,156,3.436393,0.09851569
GLA_human,M156H,M187H,187,156,2.5254164,0.1235118
GLA_human,M156I,M187I,187,156,2.0555017,0.17210566
GLA_human,M156K,M187K,187,156,2.5774143,0.21248436
GLA_human,M156L,M187L,187,156,1.9368689,0.12697579
GLA_human,M156N,M187N,187,156,2.7815218,0.16148439
GLA_human,M156P,M187P,187,156,3.1762068,0.19071332
GLA_human,M156Q,M187Q,187,156,2.1680036,0.16020302
GLA_human,M156R,M187R,187,156,2.9695275,0.21225105
GLA_human,M156S,M187S,187,156,2.5498662,0.11355462
GLA_human,M156T,M187T,187,156,2.0911765,0.15033498
GLA_human,M156V,M187V,187,156,2.4155889,0.24560808
GLA_human,M156W,M187W,187,156,2.7091641,0.20695852
GLA_human,M156Y,M187Y,187,156,2.3530507,0.12248037
GLA_human,S157A,S188A,188,157,-0.0037960769,0.038778286
GLA_human,S157C,S188C,188,157,0.14923047,0.09234428
GLA_human,S157D,S188D,188,157,1.609369,0.13966556
GLA_human,S157E,S188E,188,157,1.7785673,0.1268444
GLA_human,S157F,S188F,188,157,1.2526246,0.13746107
GLA_human,S157G,S188G,188,157,1.3024269,0.15454388
GLA_human,S157H,S188H,188,157,1.1919858,0.06487087
GLA_human,S157I,S188I,188,157,1.3931942,0.17683041
GLA_human,S157K,S188K,188,157,2.077975,0.12195099
GLA_human,S157L,S188L,188,157,1.5085125,0.1762334
GLA_human,S157M,S188M,188,157,1.3796482,0.13059288
GLA_human,S157N,S188N,188,157,1.3483309,0.13528673
GLA_human,S157P,S188P,188,157,2.1355577,0.18870388
GLA_human,S157Q,S188Q,188,157,1.6488028,0.14005996
GLA_human,S157R,S188R,188,157,1.4906763,0.0839717
GLA_human,S157T,S188T,188,157,1.287711,0.20255017
GLA_human,S157V,S188V,188,157,1.6365025,0.15838706
GLA_human,S157W,S188W,188,157,1.0685513,0.12908603
GLA_human,S157Y,S188Y,188,157,1.272822,0.115054235
GLA_human,L158A,L189A,189,158,0.23791258,0.11172294
GLA_human,L158C,L189C,189,158,0.05194974,0.078205235
GLA_human,L158D,L189D,189,158,0.39753312,0.1691891
GLA_human,L158E,L189E,189,158,0.11747508,0.13474473
GLA_human,L158F,L189F,189,158,0.104339145,0.05420691
GLA_human,L158G,L189G,189,158,0.79325104,0.12690848
GLA_human,A159C,A190C,190,159,0.893006,0.12742208
GLA_human,A159D,A190D,190,159,2.0044188,0.2089544
GLA_human,A159E,A190E,190,159,1.1216328,0.10676306
GLA_human,A159F,A190F,190,159,0.90020704,0.21564998
GLA_human,A159G,A190G,190,159,1.3810526,0.12127409
GLA_human,A159H,A190H,190,159,1.1960995,0.16131248
GLA_human,A159I,A190I,190,159,1.5860894,0.097868174
GLA_human,A159K,A190K,190,159,2.3363678,0.19445537
GLA_human,A159L,A190L,190,159,1.593076,0.09160095
GLA_human,A159M,A190M,190,159,1.5111978,0.21953994
GLA_human,A159N,A190N,190,159,1.6694098,0.20669864
GLA_human,A159P,A190P,190,159,3.4437969,0.17537355
GLA_human,A159Q,A190Q,190,159,1.5327752,0.16387717
GLA_human,A159R,A190R,190,159,1.8216436,0.18957411
GLA_human,A159S,A190S,190,159,0.44748932,0.07168085
GLA_human,A159T,A190T,190,159,2.2558675,0.21275806
GLA_human,A159V,A190V,190,159,1.4700011,0.18228765
GLA_human,A159W,A190W,190,159,1.3291372,0.10377794
GLA_human,A159Y,A190Y,190,159,0.95549285,0.17123848
GLA_human,N161A,N192A,192,161,-0.24651027,0.08006217
GLA_human,N161C,N192C,192,161,-0.0009644359,0.105274655
GLA_human,N161D,N192D,192,161,0.14510298,0.075001016
GLA_human,N161E,N192E,192,161,0.04315958,0.071514785
GLA_human,N161F,N192F,192,161,0.0068133296,0.14083341
GLA_human,N161G,N192G,192,161,0.04864701,0.1028786
GLA_human,N161H,N192H,192,161,0.1585956,0.07117214
GLA_human,N161I,N192I,192,161,-0.24689332,0.09642419
GLA_human,N161K,N192K,192,161,0.06156237,0.12263943
GLA_human,N161L,N192L,192,161,-0.2463022,0.1023432
GLA_human,N161M,N192M,192,161,-0.23884812,0.08754556
GLA_human,N161P,N192P,192,161,1.4794528,0.16868126
GLA_human,N161Q,N192Q,192,161,-0.062063158,0.04938117
GLA_human,N161R,N192R,192,161,-0.14392357,0.11124562
GLA_human,N161S,N192S,192,161,-0.16717096,0.08947332
GLA_human,N161T,N192T,192,161,0.08366537,0.079434186
GLA_human,N161V,N192V,192,161,-0.057966508,0.1025007
GLA_human,N161W,N192W,192,161,-0.14311695,0.09860176
GLA_human,N161Y,N192Y,192,161,-0.004166433,0.13138884
GLA_human,T163A,T194A,194,163,1.496628,0.16894405
GLA_human,T163C,T194C,194,163,1.5163715,0.22007197
GLA_human,T163D,T194D,194,163,2.5674746,0.13681152
GLA_human,T163E,T194E,194,163,2.6973705,0.22459105
GLA_human,T163F,T194F,194,163,2.6739001,0.28006983
GLA_human,T163G,T194G,194,163,1.7063093,0.23103929
GLA_human,T163H,T194H,194,163,2.9307494,0.1012942
GLA_human,T163I,T194I,194,163,2.420372,0.18502033
GLA_human,T163K,T194K,194,163,2.6636014,0.09446278
GLA_human,T163L,T194L,194,163,2.7331364,0.17932259
GLA_human,T163M,T194M,194,163,2.3589976,0.15184118
GLA_human,T163N,T194N,194,163,2.3882165,0.06330927
GLA_human,T163P,T194P,194,163,2.543358,0.073201776
GLA_human,T163Q,T194Q,194,163,2.443097,0.17067672
GLA_human,T163R,T194R,194,163,2.6824274,0.16152093
GLA_human,T163S,T194S,194,163,0.91775215,0.14368086
GLA_human,T163V,T194V,194,163,1.9279749,0.14742008
GLA_human,T163W,T194W,194,163,2.8378944,0.2181491
GLA_human,T163Y,T194Y,194,163,2.9052846,0.30284873
GLA_human,G164A,G195A,195,164,1.3289735,0.07375691
GLA_human,G164C,G195C,195,164,0.9220732,0.10188758
GLA_human,G164D,G195D,195,164,1.1224841,0.0640329
GLA_human,G164E,G195E,195,164,1.1143587,0.08446366
GLA_human,G164F,G195F,195,164,0.93172854,0.13456693
GLA_human,G164H,G195H,195,164,0.75436443,0.13137288
GLA_human,G164I,G195I,195,164,1.5279238,0.16077241
GLA_human,G164K,G195K,195,164,0.85165673,0.12535864
GLA_human,G164L,G195L,195,164,0.9729463,0.14325514
GLA_human,G164M,G195M,195,164,0.91367483,0.14018686
GLA_human,G164N,G195N,195,164,1.0462278,0.12435652
GLA_human,G164P,G195P,195,164,1.4256102,0.11745533
GLA_human,G164Q,G195Q,195,164,1.0387049,0.12960148
GLA_human,G164R,G195R,195,164,0.94423544,0.11045607
GLA_human,G164S,G195S,195,164,1.2194402,0.09176538
GLA_human,G164T,G195T,195,164,1.5830851,0.085405946
GLA_human,G164V,G195V,195,164,1.5446008,0.16575462
GLA_human,G164W,G195W,195,164,1.0738809,0.09907563
GLA_human,G164Y,G195Y,195,164,0.99022007,0.11944745
GLA_human,R165I,R196I,196,165,2.1492324,0.20096447
GLA_human,R165K,R196K,196,165,1.1559479,0.058377974
GLA_human,R165L,R196L,196,165,2.4414315,0.13109821
GLA_human,R165M,R196M,196,165,1.7513683,0.11709731
GLA_human,R165N,R196N,196,165,2.0374405,0.14600907
GLA_human,R165P,R196P,196,165,2.7620404,0.1451525
GLA_human,R165Q,R196Q,196,165,1.4366314,0.07617215
GLA_human,R165S,R196S,196,165,1.5545756,0.09936804
GLA_human,R165T,R196T,196,165,2.3241668,0.17388032
GLA_human,R165V,R196V,196,165,2.0648205,0.22886427
GLA_human,R165W,R196W,196,165,0.47660294,0.13625018
GLA_human,R165Y,R196Y,196,165,1.0678014,0.10180568
GLA_human,S166A,S197A,197,166,-0.13216053,0.06496218
GLA_human,S166C,S197C,197,166,0.3932679,0.017476367
GLA_human,S166D,S197D,197,166,-0.070275255,0.051635183
GLA_human,S166E,S197E,197,166,-0.18917197,0.0527863
GLA_human,S166F,S197F,197,166,-0.2846947,0.05036526
GLA_human,S166G,S197G,197,166,0.030452605,0.08464792
GLA_human,S166H,S197H,197,166,-0.20687695,0.050121795
GLA_human,S166I,S197I,197,166,-0.04557713,0.11233251
GLA_human,S166K,S197K,197,166,-0.4057505,0.06308692
GLA_human,S166L,S197L,197,166,-0.35648593,0.09354791
GLA_human,S166M,S197M,197,166,-0.21827905,0.05380426
GLA_human,S166N,S197N,197,166,-0.10707966,0.055705644
GLA_human,S166P,S197P,197,166,-0.043151744,0.13177899
GLA_human,S166Q,S197Q,197,166,-0.27552098,0.067773394
GLA_human,S166R,S197R,197,166,-0.4902641,0.05303218
GLA_human,S166T,S197T,197,166,0.18583235,0.06775046
GLA_human,S166V,S197V,197,166,0.03379421,0.06208888
GLA_human,S166W,S197W,197,166,-0.23198485,0.068514325
GLA_human,S166Y,S197Y,197,166,-0.2651957,0.055775274
GLA_human,I167A,I198A,198,167,2.3639941,0.064819
GLA_human,I167C,I198C,198,167,1.6964123,0.07792411
GLA_human,I167D,I198D,198,167,3.2482681,0.18844135
GLA_human,I167E,I198E,198,167,3.0089684,0.19456823
GLA_human,I167F,I198F,198,167,0.64567345,0.11940307
GLA_human,I167G,I198G,198,167,2.3937871,0.123247534
GLA_human,I167H,I198H,198,167,2.6539817,0.10059609
GLA_human,I167K,I198K,198,167,2.8324723,0.20043713
GLA_human,I167L,I198L,198,167,1.5052946,0.04095266
GLA_human,I167M,I198M,198,167,0.099814996,0.053027324
GLA_human,I167N,I198N,198,167,2.831294,0.19635522
GLA_human,I167P,I198P,198,167,2.3219054,0.07953622
GLA_human,I167Q,I198Q,198,167,2.5761006,0.070864156
GLA_human,I167R,I198R,198,167,3.182543,0.24565794
GLA_human,I167S,I198S,198,167,2.5511975,0.10655391
GLA_human,I167T,I198T,198,167,1.7725852,0.14879219
GLA_human,I167V,I198V,198,167,0.5971718,0.050229304
GLA_human,I167W,I198W,198,167,1.8902155,0.13877824
GLA_human,I167Y,I198Y,198,167,2.340559,0.08185971
GLA_human,V168A,V199A,199,168,1.410269,0.18497892
GLA_human,V168C,V199C,199,168,0.49248886,0.1272681
GLA_human,V168D,V199D,199,168,2.047025,0.07230578
GLA_human,V168E,V199E,199,168,1.7838881,0.049106885
GLA_human,V168F,V199F,199,168,0.7830041,0.07818753
GLA_human,V168G,V199G,199,168,2.4207103,0.19815823
GLA_human,V168H,V199H,199,168,1.874068,0.056154877
GLA_human,V168I,V199I,199,168,0.13424568,0.06849744
GLA_human,V168K,V199K,199,168,1.8416088,0.0825369
GLA_human,V168L,V199L,199,168,0.32669657,0.033232566
GLA_human,V168M,V199M,199,168,0.9218193,0.05602376
GLA_human,V168N,V199N,199,168,1.736791,0.10606532
GLA_human,V168P,V199P,199,168,2.0542595,0.106586084
GLA_human,V168Q,V199Q,199,168,2.0178268,0.02314504
GLA_human,V168R,V199R,199,168,2.0476778,0.16540109
GLA_human,V168S,V199S,199,168,1.6598766,0.10450742
GLA_human,V168T,V199T,199,168,1.0678266,0.036697425
GLA_human,V168W,V199W,199,168,1.7992325,0.2136997
GLA_human,V168Y,V199Y,199,168,1.076591,0.109219514
GLA_human,Y169A,Y200A,200,169,2.8664403,0.1715749
GLA_human,Y169C,Y200C,200,169,2.0191698,0.1335214
GLA_human,Y169D,Y200D,200,169,2.760889,0.12394184
GLA_human,Y169E,Y200E,200,169,2.248197,0.12174954
GLA_human,Y169F,Y200F,200,169,-0.11818153,0.010080974
GLA_human,Y169G,Y200G,200,169,3.4036841,0.16830377
GLA_human,Y169H,Y200H,200,169,1.6867104,0.10496283
GLA_human,Y169I,Y200I,200,169,1.721846,0.14685929
GLA_human,Y169K,Y200K,200,169,2.0774813,0.15538819
GLA_human,Y169L,Y200L,200,169,0.69063747,0.12245241
GLA_human,Y169M,Y200M,200,169,0.9968275,0.13696784
GLA_human,Y169N,Y200N,200,169,2.6255512,0.1267634
GLA_human,Y169T,Y200T,200,169,2.2786171,0.06239469
GLA_human,Y169V,Y200V,200,169,1.8767782,0.10028381
GLA_human,Y169W,Y200W,200,169,1.2864884,0.08245051
GLA_human,S170A,S201A,201,170,-0.3540339,0.02003512
GLA_human,S170C,S201C,201,170,0.15683818,0.06442138
GLA_human,S170D,S201D,201,170,0.57573617,0.13573787
GLA_human,S170E,S201E,201,170,0.39630723,0.15971217
GLA_human,S170F,S201F,201,170,-0.00824034,0.07681483
GLA_human,S170G,S201G,201,170,0.13552926,0.08646882
GLA_human,S170H,S201H,201,170,0.2424941,0.0725315
GLA_human,S170I,S201I,201,170,0.58097285,0.07746638
GLA_human,S170K,S201K,201,170,0.85227394,0.1070051
GLA_human,S170L,S201L,201,170,0.4208942,0.120374
GLA_human,S170M,S201M,201,170,0.21555729,0.09109183
GLA_human,S170N,S201N,201,170,0.91260946,0.1331438
GLA_human,S170P,S201P,201,170,1.988703,0.26796493
GLA_human,S170Q,S201Q,201,170,0.57345974,0.16575122
GLA_human,S170R,S201R,201,170,0.793676,0.10212798
GLA_human,S170T,S201T,201,170,0.6501793,0.14557159
GLA_human,S170V,S201V,201,170,0.5818963,0.060503144
GLA_human,S170W,S201W,201,170,-0.17052737,0.05566853
GLA_human,S170Y,S201Y,201,170,0.059079956,0.07620812
GLA_human,C171A,C202A,202,171,1.6306938,0.16312836
GLA_human,C171D,C202D,202,171,2.9463117,0.12388552
GLA_human,C171E,C202E,202,171,3.2474465,0.18569271
GLA_human,C171F,C202F,202,171,2.1406634,0.18633159
GLA_human,C171G,C202G,202,171,2.4721396,0.2445284
GLA_human,C171H,C202H,202,171,2.7239933,0.20798855
GLA_human,C171I,C202I,202,171,2.371606,0.20990603
GLA_human,C171K,C202K,202,171,3.946162,0.19979608
GLA_human,C171L,C202L,202,171,2.5795705,0.19483075
GLA_human,C171M,C202M,202,171,2.548345,0.20609441
GLA_human,C171N,C202N,202,171,2.7720618,0.11311473
GLA_human,C171P,C202P,202,171,3.3335586,0.17490445
GLA_human,C171Q,C202Q,202,171,2.9244854,0.2389715
GLA_human,C171R,C202R,202,171,3.979112,0.16913646
GLA_human,C171S,C202S,202,171,1.9748776,0.09387136
GLA_human,C171T,C202T,202,171,2.5155938,0.176562
GLA_human,C171V,C202V,202,171,2.3833716,0.16732553
GLA_human,C171W,C202W,202,171,2.9223104,0.07937945
GLA_human,C171Y,C202Y,202,171,2.2745852,0.17006019
GLA_human,E172A,E203A,203,172,0.420691,0.16249616
GLA_human,E172C,E203C,203,172,0.031248603,0.13182949
GLA_human,E172D,E203D,203,172,0.3486324,0.06047498
GLA_human,E172F,E203F,203,172,0.05359742,0.10140386
GLA_human,E172G,E203G,203,172,1.0577961,0.2921884
GLA_human,E172H,E203H,203,172,0.46940476,0.07211082
GLA_human,E172I,E203I,203,172,0.023743855,0.053173736
GLA_human,E172K,E203K,203,172,0.82617664,0.06540178
GLA_human,E172L,E203L,203,172,0.22147687,0.13814986
GLA_human,E172M,E203M,203,172,0.12272985,0.061648857
GLA_human,E172N,E203N,203,172,0.46249866,0.078347184
GLA_human,E172P,E203P,203,172,0.7915559,0.061030623
GLA_human,E172Q,E203Q,203,172,0.0121142585,0.02723288
GLA_human,E172R,E203R,203,172,0.90015936,0.055760216
GLA_human,E172S,E203S,203,172,0.3619762,0.13300347
GLA_human,E172T,E203T,203,172,0.10439203,0.03752397
GLA_human,E172V,E203V,203,172,-0.10950116,0.039468292
GLA_human,E172W,E203W,203,172,0.555927,0.066715784
GLA_human,E172Y,E203Y,203,172,0.20588024,0.088007115
GLA_human,W173A,W204A,204,173,3.2993722,0.23522384
GLA_human,W173C,W204C,204,173,2.299503,0.21915601
GLA_human,W173D,W204D,204,173,3.4809978,0.17303844
GLA_human,W173E,W204E,204,173,3.3296204,0.08151644
GLA_human,W173F,W204F,204,173,1.6753922,0.096861824
GLA_human,W173G,W204G,204,173,3.5638633,0.22520167
GLA_human,W173H,W204H,204,173,2.5355065,0.091054894
GLA_human,W173I,W204I,204,173,2.7314913,0.30661824
GLA_human,W173K,W204K,204,173,3.8160489,0.2403143
GLA_human,W173L,W204L,204,173,2.7489803,0.22202721
GLA_human,W173M,W204M,204,173,2.4958148,0.17471433
GLA_human,W173N,W204N,204,173,3.4225304,0.20065072
GLA_human,W173P,W204P,204,173,3.3556495,0.24580126
GLA_human,W173Q,W204Q,204,173,3.0567384,0.12443167
GLA_human,W173R,W204R,204,173,2.4921365,0.22726494
GLA_human,W173S,W204S,204,173,3.1672711,0.15738656
GLA_human,W173T,W204T,204,173,3.1960888,0.2736462
GLA_human,W173V,W204V,204,173,3.1240852,0.19159769
GLA_human,W173Y,W204Y,204,173,1.7647431,0.12377988
GLA_human,P174Y,P205Y,205,174,1.8024216,0.058255173
GLA_human,M177A,M208A,208,177,1.3074514,0.15563475
GLA_human,M177C,M208C,208,177,0.427898,0.11326923
GLA_human,M177D,M208D,208,177,0.9448334,0.10915557
GLA_human,M177E,M208E,208,177,0.58628374,0.055335883
GLA_human,M177F,M208F,208,177,0.31829304,0.04205337
GLA_human,M177G,M208G,208,177,2.2937088,0.1900134
GLA_human,M177H,M208H,208,177,1.1339245,0.10190584
GLA_human,M177I,M208I,208,177,0.7978999,0.06792977
GLA_human,M177K,M208K,208,177,1.4707541,0.13465519
GLA_human,M177L,M208L,208,177,0.40816823,0.042666446
GLA_human,M177N,M208N,208,177,1.3512974,0.030388357
GLA_human,M177P,M208P,208,177,1.8749678,0.085138045
GLA_human,M177Q,M208Q,208,177,0.61536443,0.03900907
GLA_human,M177R,M208R,208,177,1.2187853,0.11028717
GLA_human,M177S,M208S,208,177,1.232527,0.15192483
GLA_human,M177T,M208T,208,177,0.55882233,0.08832334
GLA_human,M177V,M208V,208,177,0.5398949,0.059414197
GLA_human,M177W,M208W,208,177,0.6180595,0.11188896
GLA_human,M177Y,M208Y,208,177,0.5388996,0.060996197
GLA_human,W178A,W209A,209,178,2.3499637,0.12712134
GLA_human,W178C,W209C,209,178,2.635704,0.11060952
GLA_human,W178D,W209D,209,178,2.93257,0.061283667
GLA_human,W178E,W209E,209,178,2.3994308,0.06402636
GLA_human,W178F,W209F,209,178,2.069958,0.13485949
GLA_human,W178G,W209G,209,178,2.410039,0.17033185
GLA_human,W178H,W209H,209,178,2.8203056,0.17323086
GLA_human,W178I,W209I,209,178,2.538827,0.11773433
GLA_human,W178K,W209K,209,178,3.0232098,0.15643528
GLA_human,W178L,W209L,209,178,2.201469,0.11450578
GLA_human,W178M,W209M,209,178,2.2284107,0.12241023
GLA_human,W178N,W209N,209,178,2.9165192,0.1164954
GLA_human,W178P,W209P,209,178,3.5461884,0.04269592
GLA_human,W178Q,W209Q,209,178,2.585391,0.119941
GLA_human,W178R,W209R,209,178,2.4687963,0.21301086
GLA_human,W178S,W209S,209,178,2.2124462,0.17349645
GLA_human,W178T,W209T,209,178,2.6911013,0.13283998
GLA_human,W178V,W209V,209,178,2.9519892,0.12570183
GLA_human,W178Y,W209Y,209,178,2.0924284,0.1685697
GLA_human,P179A,P210A,210,179,1.0687312,0.06399752
GLA_human,P179C,P210C,210,179,1.0354915,0.1139106
GLA_human,P179D,P210D,210,179,1.2183424,0.10297123
GLA_human,P179E,P210E,210,179,0.784283,0.09826299
GLA_human,P179F,P210F,210,179,0.74014777,0.09680017
GLA_human,P179G,P210G,210,179,1.0157402,0.11600919
GLA_human,P179H,P210H,210,179,0.7429677,0.06733621
GLA_human,P179I,P210I,210,179,0.855779,0.12912764
GLA_human,P179K,P210K,210,179,0.5862677,0.091150716
GLA_human,P179L,P210L,210,179,0.8647477,0.12354816
GLA_human,P179M,P210M,210,179,0.65501463,0.099128954
GLA_human,P179N,P210N,210,179,0.85748327,0.10569221
GLA_human,P179Q,P210Q,210,179,0.5448164,0.088546455
GLA_human,P179R,P210R,210,179,0.49928865,0.08883115
GLA_human,P179S,P210S,210,179,1.1719809,0.06422192
GLA_human,P179T,P210T,210,179,1.1936991,0.11389734
GLA_human,P179V,P210V,210,179,1.152314,0.08710078
GLA_human,P179W,P210W,210,179,0.58556044,0.072261095
GLA_human,P179Y,P210Y,210,179,0.73481053,0.09857549
GLA_human,Q181A,Q212A,212,181,0.40003076,0.06825963
GLA_human,Q181C,Q212C,212,181,-0.08338306,0.073604256
GLA_human,Q181D,Q212D,212,181,1.224333,0.09553926
GLA_human,Q181E,Q212E,212,181,0.3035551,0.012459984
GLA_human,Q181F,Q212F,212,181,0.6526612,0.2131461
GLA_human,Q181G,Q212G,212,181,0.94598883,0.2042503
GLA_human,Q181H,Q212H,212,181,0.7774911,0.1110159
GLA_human,Q181I,Q212I,212,181,0.28844628,0.011956625
GLA_human,Q181K,Q212K,212,181,-0.02975567,0.040450238
GLA_human,Q181L,Q212L,212,181,0.31364977,0.04482926
GLA_human,Q181M,Q212M,212,181,-0.07871518,0.044109423
GLA_human,Q181N,Q212N,212,181,0.850294,0.06265916
GLA_human,Q181P,Q212P,212,181,1.859532,0.13002972
GLA_human,Q181R,Q212R,212,181,0.0449391,0.053215697
GLA_human,Q181S,Q212S,212,181,0.54526246,0.047608256
GLA_human,Q181T,Q212T,212,181,0.50408745,0.059552424
GLA_human,Q181V,Q212V,212,181,0.40447664,0.04684517
GLA_human,Q181W,Q212W,212,181,0.6707388,0.15358211
GLA_human,Q181Y,Q212Y,212,181,0.8424422,0.2609733
GLA_human,K182A,K213A,213,182,0.076020956,0.071895815
GLA_human,K182C,K213C,213,182,-0.0023242652,0.054115977
GLA_human,K182D,K213D,213,182,0.28067327,0.086885765
GLA_human,K182E,K213E,213,182,-0.18897387,0.12082909
GLA_human,K182F,K213F,213,182,-0.34720075,0.054988608
GLA_human,K182G,K213G,213,182,0.38753644,0.116088696
GLA_human,K182H,K213H,213,182,0.16974895,0.05565688
GLA_human,K182I,K213I,213,182,-0.24316946,0.03998846
GLA_human,K182L,K213L,213,182,-0.2855505,0.063056506
GLA_human,K182M,K213M,213,182,-0.16081691,0.02939064
GLA_human,K182N,K213N,213,182,0.4594562,0.022244152
GLA_human,K182P,K213P,213,182,-0.120615706,0.049115263
GLA_human,K182Q,K213Q,213,182,0.016162736,0.037502367
GLA_human,K182R,K213R,213,182,-0.1552806,0.040589314
GLA_human,K182S,K213S,213,182,0.18572612,0.036438834
GLA_human,K182T,K213T,213,182,-0.10534434,0.056188956
GLA_human,K182V,K213V,213,182,-0.21789828,0.04357432
GLA_human,K182W,K213W,213,182,-0.57442504,0.065078944
GLA_human,K182Y,K213Y,213,182,-0.21949115,0.07019175
GLA_human,P183A,P214A,214,183,1.7525604,0.16163176
GLA_human,P183C,P214C,214,183,1.606473,0.21604232
GLA_human,P183D,P214D,214,183,2.3829517,0.09982065
GLA_human,P183E,P214E,214,183,2.4523592,0.13835317
GLA_human,P183F,P214F,214,183,2.4406447,0.13720652
GLA_human,P183G,P214G,214,183,2.2611272,0.1826949
GLA_human,P183H,P214H,214,183,2.4772472,0.10070835
GLA_human,P183I,P214I,214,183,1.4145945,0.127378
GLA_human,P183K,P214K,214,183,2.4939125,0.06050729
GLA_human,P183L,P214L,214,183,1.896422,0.117888264
GLA_human,P183M,P214M,214,183,1.9601103,0.11361083
GLA_human,P183N,P214N,214,183,1.7444159,0.09880641
GLA_human,P183Q,P214Q,214,183,2.2307186,0.09383725
GLA_human,P183R,P214R,214,183,2.4191716,0.15492758
GLA_human,P183S,P214S,214,183,2.069384,0.07660743
GLA_human,P183T,P214T,214,183,1.463039,0.13288315
GLA_human,P183V,P214V,214,183,0.5288898,0.10898634
GLA_human,P183W,P214W,214,183,2.1041477,0.12466141
GLA_human,P183Y,P214Y,214,183,2.4803581,0.16197196
GLA_human,N184A,N215A,215,184,1.5445633,0.16224217
GLA_human,N184C,N215C,215,184,0.3864165,0.15819703
GLA_human,N184D,N215D,215,184,0.23708944,0.07133617
GLA_human,N184E,N215E,215,184,1.1802073,0.10988109
GLA_human,N184F,N215F,215,184,1.5240653,0.14590514
GLA_human,N184G,N215G,215,184,1.4295065,0.24239576
GLA_human,N184H,N215H,215,184,1.0740254,0.10614912
GLA_human,N184I,N215I,215,184,1.0660362,0.1097095
GLA_human,N184K,N215K,215,184,1.0964605,0.06630616
GLA_human,N184M,N215M,215,184,1.072786,0.09491127
GLA_human,N184P,N215P,215,184,1.154726,0.06538696
GLA_human,N184Q,N215Q,215,184,1.2142133,0.1326808
GLA_human,N184R,N215R,215,184,0.8824216,0.05240535
GLA_human,N184S,N215S,215,184,0.48339072,0.091143854
GLA_human,N184T,N215T,215,184,1.3986813,0.16523558
GLA_human,N184V,N215V,215,184,1.1915576,0.069176644
GLA_human,N184W,N215W,215,184,1.3297137,0.11925743
GLA_human,N184Y,N215Y,215,184,1.5062854,0.123667076
GLA_human,Y185Q,Y216Q,216,185,2.5514665,0.1345824
GLA_human,Y185R,Y216R,216,185,2.452755,0.15591763
GLA_human,Y185S,Y216S,216,185,3.1802678,0.24736845
GLA_human,Y185T,Y216T,216,185,3.3672042,0.1122403
GLA_human,Y185V,Y216V,216,185,2.86235,0.04947951
GLA_human,Y185W,Y216W,216,185,0.38781816,0.07843264
GLA_human,T186A,T217A,217,186,0.21621287,0.14447829
GLA_human,T186C,T217C,217,186,0.26302367,0.09612959
GLA_human,T186D,T217D,217,186,0.06510446,0.043851208
GLA_human,T186E,T217E,217,186,0.003172674,0.041264605
GLA_human,T186F,T217F,217,186,-0.13368931,0.077383585
GLA_human,T186G,T217G,217,186,0.44991297,0.15880895
GLA_human,T186H,T217H,217,186,-0.17879348,0.039548516
GLA_human,T186I,T217I,217,186,-0.14203665,0.049787913
GLA_human,T186K,T217K,217,186,-0.100897595,0.036224775
GLA_human,T186L,T217L,217,186,-0.09016323,0.051879637
GLA_human,T186M,T217M,217,186,0.021006519,0.05799094
GLA_human,T186N,T217N,217,186,-0.10306754,0.04269283
GLA_human,T186P,T217P,217,186,0.09039067,0.04486015
GLA_human,T186Q,T217Q,217,186,-0.05895236,0.040590137
GLA_human,T186R,T217R,217,186,-0.16289715,0.07897145
GLA_human,T186S,T217S,217,186,-0.0019654632,0.087316886
GLA_human,T186V,T217V,217,186,-0.19181788,0.04491279
GLA_human,T186W,T217W,217,186,-0.62757975,0.078150794
GLA_human,T186Y,T217Y,217,186,-0.3420439,0.07912632
GLA_human,E187A,E218A,218,187,0.5386549,0.17158596
GLA_human,E187C,E218C,218,187,0.14987841,0.077019215
GLA_human,E187D,E218D,218,187,0.3699764,0.048759773
GLA_human,E187F,E218F,218,187,0.6925295,0.15256776
GLA_human,E187G,E218G,218,187,1.0533297,0.13215312
GLA_human,E187H,E218H,218,187,1.0292684,0.14380655
GLA_human,E187I,E218I,218,187,0.3680072,0.12524153
GLA_human,E187K,E218K,218,187,1.0372152,0.076669276
GLA_human,E187L,E218L,218,187,0.17435117,0.089265406
GLA_human,E187M,E218M,218,187,0.27942985,0.09510657
GLA_human,E187N,E218N,218,187,1.1299744,0.14661896
GLA_human,E187P,E218P,218,187,1.4610592,0.112441674
GLA_human,E187Q,E218Q,218,187,0.5317851,0.024384296
GLA_human,E187R,E218R,218,187,0.8919241,0.06970844
GLA_human,E187S,E218S,218,187,0.48463374,0.12667671
GLA_human,E187T,E218T,218,187,0.4072102,0.056884892
GLA_human,E187V,E218V,218,187,0.3419233,0.050223384
GLA_human,E187W,E218W,218,187,0.59969574,0.10620024
GLA_human,E187Y,E218Y,218,187,0.64807904,0.14240316
GLA_human,I188A,I219A,219,188,2.7266285,0.17508861
GLA_human,I188C,I219C,219,188,1.8625195,0.14089014
GLA_human,I188D,I219D,219,188,2.9905856,0.14586335
GLA_human,I188F,I219F,219,188,1.2400525,0.071860544
GLA_human,I188G,I219G,219,188,2.8250299,0.29253533
GLA_human,I188H,I219H,219,188,2.6676557,0.103140965
GLA_human,I188K,I219K,219,188,2.7357528,0.07625915
GLA_human,I188L,I219L,219,188,0.9000247,0.059204593
GLA_human,I188M,I219M,219,188,1.4454868,0.037460636
GLA_human,I188N,I219N,219,188,2.7297568,0.13026275
GLA_human,I188P,I219P,219,188,2.5812385,0.11834343
GLA_human,I188Q,I219Q,219,188,2.5261455,0.06581915
GLA_human,I188R,I219R,219,188,2.9795864,0.16622919
GLA_human,I188S,I219S,219,188,2.9641528,0.1153153
GLA_human,I188T,I219T,219,188,2.0417552,0.13073716
GLA_human,I188V,I219V,219,188,0.33112964,0.08666145
GLA_human,R189A,R220A,220,189,1.2419636,0.08776261
GLA_human,R189C,R220C,220,189,1.3017399,0.105617136
GLA_human,R189D,R220D,220,189,2.316682,0.0969641
GLA_human,R189E,R220E,220,189,2.2357914,0.1658554
GLA_human,R189F,R220F,220,189,0.53200114,0.031477883
GLA_human,R189G,R220G,220,189,1.7942196,0.1927134
GLA_human,R189H,R220H,220,189,1.0040329,0.049041692
GLA_human,R189I,R220I,220,189,1.3967258,0.043790698
GLA_human,R189K,R220K,220,189,0.5111936,0.05032363
GLA_human,R189L,R220L,220,189,1.0705982,0.039336957
GLA_human,R189M,R220M,220,189,1.1461827,0.09469451
GLA_human,R189N,R220N,220,189,1.9654967,0.04433447
GLA_human,R189P,R220P,220,189,1.834203,0.14688969
GLA_human,R189Q,R220Q,220,189,1.4442954,0.15849045
GLA_human,R189S,R220S,220,189,1.5369699,0.08428973
GLA_human,R189T,R220T,220,189,1.9952387,0.07728483
GLA_human,R189V,R220V,220,189,1.8799969,0.13887781
GLA_human,R189W,R220W,220,189,0.8435539,0.060779646
GLA_human,R189Y,R220Y,220,189,0.73910916,0.06330166
GLA_human,Q190A,Q221A,221,190,0.19569096,0.08403155
GLA_human,Q190C,Q221C,221,190,0.14260596,0.07827341
GLA_human,Q190D,Q221D,221,190,0.5003962,0.06638711
GLA_human,Q190E,Q221E,221,190,-0.0062317043,0.02676307
GLA_human,Q190F,Q221F,221,190,0.030141901,0.032500856
GLA_human,Q190G,Q221G,221,190,0.70351803,0.12111337
GLA_human,Q190H,Q221H,221,190,0.14643541,0.040030383
GLA_human,Q190I,Q221I,221,190,0.21646535,0.039384272
GLA_human,Q190K,Q221K,221,190,-0.18635473,0.0620315
GLA_human,Q190L,Q221L,221,190,-0.0017117143,0.034042034
GLA_human,Q190M,Q221M,221,190,-0.07775244,0.023585288
GLA_human,Q190N,Q221N,221,190,0.39655572,0.03400551
GLA_human,Q190P,Q221P,221,190,1.3537741,0.10019768
GLA_human,Q190R,Q221R,221,190,-0.15633605,0.059433483
GLA_human,Q190S,Q221S,221,190,0.42692357,0.026518503
GLA_human,Q190T,Q221T,221,190,0.2945636,0.03603382
GLA_human,Q190V,Q221V,221,190,0.35959372,0.03581734
GLA_human,Q190W,Q221W,221,190,0.15286435,0.087507755
GLA_human,Q190Y,Q221Y,221,190,0.03130035,0.056895085
GLA_human,Y191A,Y222A,222,191,1.7047678,0.116553456
GLA_human,Y191C,Y222C,222,191,1.3714173,0.16825455
GLA_human,Y191D,Y222D,222,191,2.6072114,0.14101988
GLA_human,Y191E,Y222E,222,191,2.4824398,0.13207616
GLA_human,Y191F,Y222F,222,191,-0.05914556,0.025121609
GLA_human,Y191G,Y222G,222,191,2.2188964,0.22616605
GLA_human,Y191H,Y222H,222,191,1.4374797,0.066727266
GLA_human,Y191I,Y222I,222,191,2.3216257,0.12489237
GLA_human,Y191K,Y222K,222,191,2.6436563,0.24984056
GLA_human,Y191L,Y222L,222,191,2.2166924,0.1593354
GLA_human,Y191M,Y222M,222,191,1.8714364,0.12284751
GLA_human,Y191N,Y222N,222,191,2.2310948,0.13317655
GLA_human,Y191P,Y222P,222,191,3.2310822,0.14892067
GLA_human,Y191Q,Y222Q,222,191,2.5404196,0.16625299
GLA_human,Y191R,Y222R,222,191,2.215088,0.18806668
GLA_human,Y191S,Y222S,222,191,1.9740642,0.10691364
GLA_human,Y191T,Y222T,222,191,2.6821437,0.18207559
GLA_human,Y191V,Y222V,222,191,2.390716,0.055995896
GLA_human,Y191W,Y222W,222,191,0.5243478,0.03469492
GLA_human,C192A,C223A,223,192,1.5401832,0.13906638
GLA_human,C192D,C223D,223,192,2.43567,0.16277052
GLA_human,C192E,C223E,223,192,3.0283127,0.1847809
GLA_human,C192F,C223F,223,192,2.6530795,0.19175106
GLA_human,C192G,C223G,223,192,2.4121995,0.20527253
GLA_human,C192H,C223H,223,192,2.8324218,0.18843542
GLA_human,C192I,C223I,223,192,2.1057954,0.19193782
GLA_human,C192K,C223K,223,192,3.3469417,0.24352667
GLA_human,C192L,C223L,223,192,2.3680835,0.17673841
GLA_human,C192M,C223M,223,192,2.4759974,0.23237063
GLA_human,C192N,C223N,223,192,2.756369,0.15370497
GLA_human,C192P,C223P,223,192,3.1516688,0.14882335
GLA_human,C192Q,C223Q,223,192,2.9349496,0.22883542
GLA_human,C192R,C223R,223,192,3.3764756,0.1610102
GLA_human,C192S,C223S,223,192,1.7849295,0.119169876
GLA_human,C192T,C223T,223,192,2.5559812,0.15558738
GLA_human,C192V,C223V,223,192,2.3081641,0.16252258
GLA_human,C192W,C223W,223,192,3.0697932,0.1485309
GLA_human,C192Y,C223Y,223,192,3.0209448,0.21806325
GLA_human,N193A,N224A,224,193,1.3400124,0.20157488
GLA_human,N193C,N224C,224,193,0.7520343,0.0998117
GLA_human,N193D,N224D,224,193,0.6772071,0.026586538
GLA_human,N193E,N224E,224,193,1.0514143,0.10066189
GLA_human,H194A,H225A,225,194,0.82412565,0.13257384
GLA_human,H194C,H225C,225,194,0.40010065,0.060498353
GLA_human,H194D,H225D,225,194,0.7767876,0.08509954
GLA_human,H194E,H225E,225,194,0.1361046,0.09499592
GLA_human,H194F,H225F,225,194,0.019191697,0.04521949
GLA_human,H194G,H225G,225,194,1.4030554,0.25749165
GLA_human,H194I,H225I,225,194,-0.22892447,0.05474777
GLA_human,H194K,H225K,225,194,0.97855794,0.071085185
GLA_human,H194L,H225L,225,194,-0.05120816,0.075407505
GLA_human,H194M,H225M,225,194,-0.181945,0.06578651
GLA_human,H194N,H225N,225,194,0.53400004,0.054088887
GLA_human,H194P,H225P,225,194,1.3569835,0.11514466
GLA_human,H194Q,H225Q,225,194,0.104953684,0.03673765
GLA_human,H194R,H225R,225,194,0.81485033,0.11570393
GLA_human,H194S,H225S,225,194,0.5330905,0.05550794
GLA_human,H194T,H225T,225,194,0.75564224,0.10395726
GLA_human,H194V,H225V,225,194,0.3343801,0.06591692
GLA_human,H194W,H225W,225,194,0.07409318,0.1223398
GLA_human,H194Y,H225Y,225,194,0.022151366,0.065984756
GLA_human,W195A,W226A,226,195,3.4802208,0.26172042
GLA_human,W195C,W226C,226,195,2.4690075,0.25090382
GLA_human,W195D,W226D,226,195,4.082101,0.12154211
GLA_human,W195E,W226E,226,195,4.068034,0.15021968
GLA_human,W195G,W226G,226,195,4.0897756,0.29823864
GLA_human,W195H,W226H,226,195,2.6493094,0.048397508
GLA_human,W195I,W226I,226,195,2.8295546,0.13713732
GLA_human,W195K,W226K,226,195,3.6791434,0.18676539
GLA_human,W195L,W226L,226,195,2.9649577,0.14340992
GLA_human,W195M,W226M,226,195,2.5436697,0.14668347
GLA_human,W195N,W226N,226,195,3.7484403,0.14895038
GLA_human,W195P,W226P,226,195,4.1534605,0.13237369
GLA_human,W195Q,W226Q,226,195,3.643781,0.15888694
GLA_human,W195R,W226R,226,195,2.6344495,0.14889775
GLA_human,W195S,W226S,226,195,3.4502563,0.22779454
GLA_human,W195T,W226T,226,195,3.4770103,0.16251083
GLA_human,W195V,W226V,226,195,3.4419618,0.05565339
GLA_human,R196A,R227A,227,196,1.471047,0.16603889
GLA_human,R196C,R227C,227,196,0.9038223,0.057455365
GLA_human,R196D,R227D,227,196,2.3411374,0.12563933
GLA_human,R196E,R227E,227,196,2.0051668,0.10493256
GLA_human,R196F,R227F,227,196,1.0381253,0.069264784
GLA_human,R196G,R227G,227,196,1.8723013,0.21872456
GLA_human,R196H,R227H,227,196,0.7382985,0.040639315
GLA_human,R196I,R227I,227,196,0.85557526,0.1709666
GLA_human,R196K,R227K,227,196,0.71987736,0.097563766
GLA_human,R196L,R227L,227,196,0.66842234,0.121267356
GLA_human,R196M,R227M,227,196,0.76294243,0.09809456
GLA_human,R196N,R227N,227,196,1.9407752,0.11479289
GLA_human,R196P,R227P,227,196,2.3643813,0.07682344
GLA_human,R196Q,R227Q,227,196,1.0280755,0.042239696
GLA_human,R196S,R227S,227,196,1.5311098,0.14441459
GLA_human,R196T,R227T,227,196,1.4799846,0.20032625
GLA_human,R196V,R227V,227,196,1.082885,0.14790164
GLA_human,R196W,R227W,227,196,1.2346239,0.09642302
GLA_human,R196Y,R227Y,227,196,1.26167,0.050965924
GLA_human,N197A,N228A,228,197,1.3884284,0.102349184
GLA_human,N197C,N228C,228,197,0.69597936,0.093072794
GLA_human,N197D,N228D,228,197,0.90737474,0.036734562
GLA_human,N197E,N228E,228,197,1.2119937,0.04572786
GLA_human,N197F,N228F,228,197,0.7796758,0.11392085
GLA_human,N197G,N228G,228,197,1.1492252,0.1783275
GLA_human,N197H,N228H,228,197,0.929873,0.04620019
GLA_human,N197I,N228I,228,197,0.30352497,0.088276386
GLA_human,N197K,N228K,228,197,1.7173986,0.10062978
GLA_human,N197L,N228L,228,197,0.8651842,0.034517195
GLA_human,N197T,N228T,228,197,1.0002446,0.109271444
GLA_human,N197V,N228V,228,197,0.78741574,0.121111356
GLA_human,N197W,N228W,228,197,0.9463518,0.10237293
GLA_human,N197Y,N228Y,228,197,0.4060823,0.13689794
GLA_human,A199C,A230C,230,199,-0.022324437,0.03722344
GLA_human,A199D,A230D,230,199,-0.07162924,0.040354848
GLA_human,A199E,A230E,230,199,-0.24627094,0.04569692
GLA_human,A199F,A230F,230,199,-0.24958894,0.03692889
GLA_human,A199G,A230G,230,199,0.4426093,0.13690275
GLA_human,A199H,A230H,230,199,-0.1910496,0.05678987
GLA_human,A199I,A230I,230,199,-0.11020745,0.07242867
GLA_human,A199K,A230K,230,199,-0.33661333,0.064610615
GLA_human,A199L,A230L,230,199,-0.354364,0.047149472
GLA_human,A199M,A230M,230,199,-0.2962949,0.055598732
GLA_human,A199N,A230N,230,199,-0.050620265,0.024344396
GLA_human,A199P,A230P,230,199,0.39005086,0.03709928
GLA_human,A199Q,A230Q,230,199,-0.28191498,0.05779811
GLA_human,A199R,A230R,230,199,-0.23704699,0.0660689
GLA_human,A199S,A230S,230,199,-0.015087912,0.047172584
GLA_human,A199T,A230T,230,199,0.2101378,0.06180923
GLA_human,A199V,A230V,230,199,0.04981062,0.06159383
GLA_human,A199W,A230W,230,199,-0.22539267,0.067098655
GLA_human,A199Y,A230Y,230,199,-0.27312598,0.06942153
GLA_human,D200A,D231A,231,200,0.05334379,0.07093797
GLA_human,D200C,D231C,231,200,-0.04088645,0.08448171
GLA_human,D200E,D231E,231,200,0.42875656,0.041729774
GLA_human,D200F,D231F,231,200,0.047977842,0.093881786
GLA_human,D200G,D231G,231,200,0.1818336,0.1096636
GLA_human,D200H,D231H,231,200,0.22970185,0.075555645
GLA_human,D200I,D231I,231,200,0.1598594,0.10286287
GLA_human,D200K,D231K,231,200,0.40318766,0.03615613
GLA_human,D200L,D231L,231,200,0.30397704,0.111983836
GLA_human,D200M,D231M,231,200,0.10388459,0.07688717
GLA_human,D200N,D231N,231,200,0.124877885,0.04389796
GLA_human,D200P,D231P,231,200,0.47861806,0.12913655
GLA_human,D200Q,D231Q,231,200,0.23286264,0.043271948
GLA_human,D200R,D231R,231,200,0.15913951,0.043950643
GLA_human,D200S,D231S,231,200,-0.096627034,0.039038546
GLA_human,D200T,D231T,231,200,0.15674809,0.05641011
GLA_human,D200W,D231W,231,200,0.019641113,0.055583987
GLA_human,D200Y,D231Y,231,200,0.055154014,0.093332656
GLA_human,D202A,D233A,233,202,0.1405391,0.12888475
GLA_human,D202C,D233C,233,202,-0.14863218,0.09979286
GLA_human,D202E,D233E,233,202,-0.2962367,0.03404251
GLA_human,D202F,D233F,233,202,-0.5765089,0.08615371
GLA_human,D202G,D233G,233,202,0.44702092,0.19119085
GLA_human,D202H,D233H,233,202,-0.34247184,0.0331229
GLA_human,D202I,D233I,233,202,-0.20960578,0.09839729
GLA_human,D202K,D233K,233,202,-0.27275938,0.05627276
GLA_human,D202L,D233L,233,202,-0.4437252,0.083483174
GLA_human,D202M,D233M,233,202,-0.45657372,0.06465339
GLA_human,D202N,D233N,233,202,-0.0015111476,0.06336206
GLA_human,S204A,S235A,235,204,0.34719855,0.063412316
GLA_human,K206A,K237A,237,206,-0.042066555,0.07895293
GLA_human,K206C,K237C,237,206,-0.019986523,0.042385545
GLA_human,K206D,K237D,237,206,0.088667564,0.045158155
GLA_human,K206E,K237E,237,206,-0.093321785,0.049504362
GLA_human,K206F,K237F,237,206,0.007763685,0.050163757
GLA_human,K206G,K237G,237,206,0.0865462,0.119000964
GLA_human,K206H,K237H,237,206,0.06786613,0.0269511
GLA_human,K206I,K237I,237,206,0.31825358,0.03597876
GLA_human,K206L,K237L,237,206,0.07913418,0.021635987
GLA_human,K206M,K237M,237,206,0.14083603,0.04023567
GLA_human,K206N,K237N,237,206,0.13618371,0.03225092
GLA_human,K206P,K237P,237,206,0.5153662,0.090970226
GLA_human,K206Q,K237Q,237,206,0.10949893,0.07471803
GLA_human,K206R,K237R,237,206,-0.16688558,0.03638914
GLA_human,K206S,K237S,237,206,-0.0015563719,0.049466062
GLA_human,K206T,K237T,237,206,0.007939705,0.07295882
GLA_human,K206V,K237V,237,206,0.2504758,0.066728264
GLA_human,K206W,K237W,237,206,-0.15113199,0.073242836
GLA_human,K206Y,K237Y,237,206,0.0010270923,0.033848837
GLA_human,K209A,K240A,240,209,-0.05421691,0.106046356
GLA_human,K209C,K240C,240,209,-0.23632988,0.068257496
GLA_human,K209D,K240D,240,209,1.3342088,0.123240285
GLA_human,K209E,K240E,240,209,0.3093187,0.0603236
GLA_human,K209F,K240F,240,209,0.48502165,0.06376838
GLA_human,K209G,K240G,240,209,1.0488763,0.24079025
GLA_human,K209H,K240H,240,209,0.9838231,0.024736805
GLA_human,K209I,K240I,240,209,0.030110482,0.17358896
GLA_human,K209L,K240L,240,209,-0.2199795,0.059459344
GLA_human,K209M,K240M,240,209,0.11881477,0.095171236
GLA_human,K209N,K240N,240,209,0.96626216,0.042626977
GLA_human,K209P,K240P,240,209,2.2708764,0.11793365
GLA_human,K209Q,K240Q,240,209,0.17653982,0.030682646
GLA_human,K209R,K240R,240,209,0.117743395,0.025092885
GLA_human,K209S,K240S,240,209,0.24602862,0.07566435
GLA_human,K209T,K240T,240,209,0.27126545,0.045003295
GLA_human,K209V,K240V,240,209,-0.0060041635,0.08323687
GLA_human,K209W,K240W,240,209,0.290768,0.11545193
GLA_human,K209Y,K240Y,240,209,0.56186694,0.075317346
GLA_human,L212P,L243P,243,212,2.7314165,0.20271558
GLA_human,L212Q,L243Q,243,212,2.1072392,0.08280757
GLA_human,L212R,L243R,243,212,1.9850886,0.16538723
GLA_human,L212S,L243S,243,212,2.113717,0.15995035
GLA_human,L212T,L243T,243,212,1.9303567,0.12675714
GLA_human,L212V,L243V,243,212,0.9980267,0.11147004
GLA_human,L212W,L243W,243,212,1.0314786,0.12892722
GLA_human,L212Y,L243Y,243,212,1.2664592,0.19906926
GLA_human,T215A,T246A,246,215,0.68579054,0.26271638
GLA_human,T215C,T246C,246,215,0.23767564,0.089461885
GLA_human,T215D,T246D,246,215,0.8306472,0.035574667
GLA_human,T215E,T246E,246,215,0.9301154,0.08062332
GLA_human,T215F,T246F,246,215,-0.3290339,0.12845276
GLA_human,T215G,T246G,246,215,1.5491035,0.31299734
GLA_human,T215H,T246H,246,215,0.7164876,0.12385571
GLA_human,T215I,T246I,246,215,0.3355893,0.12820035
GLA_human,T215K,T246K,246,215,2.1219432,0.11295371
GLA_human,T215L,T246L,246,215,0.78013605,0.079052016
GLA_human,T215M,T246M,246,215,-0.051300514,0.08871777
GLA_human,T215N,T246N,246,215,0.6519736,0.076073095
GLA_human,T215P,T246P,246,215,2.7195578,0.13777569
GLA_human,T215Q,T246Q,246,215,1.0957779,0.10731361
GLA_human,T215R,T246R,246,215,2.18022,0.26445544
GLA_human,T215S,T246S,246,215,0.41681352,0.18884355
GLA_human,T215V,T246V,246,215,0.03423034,0.067044534
GLA_human,T215W,T246W,246,215,0.79423463,0.12565458
GLA_human,T215Y,T246Y,246,215,0.17827234,0.1618175
GLA_human,F217H,F248H,248,217,0.38679713,0.08617782
GLA_human,F217I,F248I,248,217,0.6459476,0.12524773
GLA_human,F217K,F248K,248,217,0.36289984,0.07746305
GLA_human,F217L,F248L,248,217,0.025446936,0.032558218
GLA_human,F217M,F248M,248,217,0.460292,0.044839278
GLA_human,F217N,F248N,248,217,0.91828746,0.08288919
GLA_human,F217P,F248P,248,217,2.462614,0.17350884
GLA_human,F217Q,F248Q,248,217,0.6598943,0.111181326
GLA_human,F217R,F248R,248,217,0.31619298,0.1091001
GLA_human,F217S,F248S,248,217,0.43904915,0.07975885
GLA_human,F217T,F248T,248,217,0.8394742,0.060224425
GLA_human,F217V,F248V,248,217,0.50846434,0.05738076
GLA_human,F217W,F248W,248,217,0.21341427,0.025252372
GLA_human,F217Y,F248Y,248,217,-0.0135703385,0.019141795
GLA_human,Q219A,Q250A,250,219,1.7609917,0.1368417
GLA_human,Q219C,Q250C,250,219,1.6860447,0.25743952
GLA_human,Q219D,Q250D,250,219,2.658109,0.17333609
GLA_human,Q219E,Q250E,250,219,0.965706,0.10980822
GLA_human,Q219F,Q250F,250,219,1.4228694,0.155955
GLA_human,Q219G,Q250G,250,219,2.03845,0.19295849
GLA_human,Q219H,Q250H,250,219,1.66762,0.09004459
GLA_human,Q219I,Q250I,250,219,2.0862522,0.15477681
GLA_human,Q219K,Q250K,250,219,2.0212705,0.16149975
GLA_human,Q219L,Q250L,250,219,2.0272303,0.18378589
GLA_human,Q219M,Q250M,250,219,1.1387945,0.13670768
GLA_human,Q219N,Q250N,250,219,2.0224257,0.1296538
GLA_human,Q219P,Q250P,250,219,2.8214607,0.21627751
GLA_human,Q219R,Q250R,250,219,1.641897,0.17567779
GLA_human,Q219S,Q250S,250,219,1.8252776,0.09357311
GLA_human,Q219T,Q250T,250,219,2.5553703,0.19728775
GLA_human,Q219V,Q250V,250,219,2.625333,0.24975447
GLA_human,Q219W,Q250W,250,219,1.2234234,0.27817598
GLA_human,Q219Y,Q250Y,250,219,1.535601,0.17152362
GLA_human,E220A,E251A,251,220,-0.052728374,0.031017939
GLA_human,E220C,E251C,251,220,-0.11002644,0.063418664
GLA_human,E220D,E251D,251,220,-0.16981858,0.029778436
GLA_human,E220F,E251F,251,220,-0.05653157,0.07135393
GLA_human,E220G,E251G,251,220,0.12371943,0.056193728
GLA_human,E220H,E251H,251,220,-0.008008299,0.029490283
GLA_human,E220I,E251I,251,220,-0.023383409,0.039049756
GLA_human,E220K,E251K,251,220,0.013497675,0.07159004
GLA_human,E220L,E251L,251,220,-0.052357815,0.046511717
GLA_human,E220M,E251M,251,220,-0.04373927,0.035341583
GLA_human,E220N,E251N,251,220,-0.026461173,0.013156645
GLA_human,E220P,E251P,251,220,0.02256507,0.043075398
GLA_human,E220Q,E251Q,251,220,0.020857897,0.032027584
GLA_human,E220R,E251R,251,220,0.043486826,0.06814449
GLA_human,E220S,E251S,251,220,-0.13729015,0.0269142
GLA_human,E220T,E251T,251,220,-0.00847771,0.05102527
GLA_human,E220V,E251V,251,220,0.15107271,0.06381214
GLA_human,E220W,E251W,251,220,-0.11390166,0.021202412
GLA_human,E220Y,E251Y,251,220,-0.03470658,0.08239869
GLA_human,R221A,R252A,252,221,0.011482562,0.0824483
GLA_human,R221C,R252C,252,221,-0.07578408,0.04407085
GLA_human,R221D,R252D,252,221,0.2640892,0.048546325
GLA_human,R221E,R252E,252,221,-0.11856679,0.04880643
GLA_human,R221F,R252F,252,221,-0.22063732,0.05638124
GLA_human,R221G,R252G,252,221,0.23930638,0.16241461
GLA_human,R221H,R252H,252,221,0.14210987,0.024777856
GLA_human,R221I,R252I,252,221,-0.16442955,0.041019727
GLA_human,R221K,R252K,252,221,0.49083218,0.04027317
GLA_human,R221L,R252L,252,221,-0.41482812,0.039955266
GLA_human,R221M,R252M,252,221,-0.33161378,0.033590026
GLA_human,R221N,R252N,252,221,0.46603847,0.014529029
GLA_human,R221P,R252P,252,221,0.9105501,0.07860752
GLA_human,R221Q,R252Q,252,221,0.09297036,0.023155378
GLA_human,R221S,R252S,252,221,0.08289588,0.05051233
GLA_human,R221T,R252T,252,221,-0.033439137,0.05840659
GLA_human,R221V,R252V,252,221,-0.076910466,0.08772215
GLA_human,R221W,R252W,252,221,-0.32567227,0.03682404
GLA_human,R221Y,R252Y,252,221,-0.3592527,0.055167202
GLA_human,V223A,V254A,254,223,1.4079624,0.14712575
GLA_human,V223C,V254C,254,223,0.8122463,0.09310757
GLA_human,V223D,V254D,254,223,2.1414075,0.08520904
GLA_human,V223E,V254E,254,223,1.5957979,0.044260006
GLA_human,V223F,V254F,254,223,1.1451974,0.16330142
GLA_human,V223G,V254G,254,223,2.015785,0.15225877
GLA_human,V223H,V254H,254,223,1.5934403,0.08315096
GLA_human,V223I,V254I,254,223,0.35721883,0.09823627
GLA_human,V223K,V254K,254,223,1.1227558,0.08154567
GLA_human,V223L,V254L,254,223,0.8567527,0.10157128
GLA_human,V223M,V254M,254,223,0.8597757,0.07063959
GLA_human,V223N,V254N,254,223,1.8732239,0.061714604
GLA_human,V223P,V254P,254,223,1.7216915,0.0679748
GLA_human,V223Q,V254Q,254,223,1.361045,0.080117725
GLA_human,V223R,V254R,254,223,1.0715379,0.10865236
GLA_human,V223S,V254S,254,223,1.7664515,0.081007764
GLA_human,V223T,V254T,254,223,1.0856636,0.012720031
GLA_human,V223W,V254W,254,223,1.3138015,0.22806129
GLA_human,V223Y,V254Y,254,223,1.1798477,0.20645873
GLA_human,V225A,V256A,256,225,0.8206458,0.1432371
GLA_human,V225C,V256C,256,225,0.70657367,0.04349356
GLA_human,V225D,V256D,256,225,1.8371853,0.13361934
GLA_human,V225E,V256E,256,225,1.1400568,0.1614166
GLA_human,V225F,V256F,256,225,0.21996482,0.118603714
GLA_human,V225G,V256G,256,225,1.5213845,0.17066209
GLA_human,V225H,V256H,256,225,0.46922016,0.101994626
GLA_human,V225I,V256I,256,225,-0.17653742,0.036770847
GLA_human,V225K,V256K,256,225,0.55107325,0.111325815
GLA_human,V225L,V256L,256,225,1.0580301,0.12952913
GLA_human,V225M,V256M,256,225,0.27503166,0.0881666
GLA_human,V225N,V256N,256,225,1.3370371,0.06385846
GLA_human,V225P,V256P,256,225,0.7616458,0.084745064
GLA_human,V225Q,V256Q,256,225,0.70590556,0.10135643
GLA_human,V225R,V256R,256,225,0.9612843,0.15290733
GLA_human,V225S,V256S,256,225,1.0325382,0.11029506
GLA_human,V225T,V256T,256,225,0.99415815,0.072776064
GLA_human,V225W,V256W,256,225,0.43700933,0.08397795
GLA_human,V225Y,V256Y,256,225,0.41193932,0.124738656
GLA_human,A226C,A257C,257,226,1.1788412,0.1116944
GLA_human,A226D,A257D,257,226,2.5833,0.19597456
GLA_human,A226E,A257E,257,226,2.2615013,0.17986077
GLA_human,A226F,A257F,257,226,2.376204,0.18438353
GLA_human,A226G,A257G,257,226,1.2451786,0.09885969
GLA_human,A226H,A257H,257,226,2.1807666,0.14205928
GLA_human,A226I,A257I,257,226,2.0607977,0.24977013
GLA_human,A226K,A257K,257,226,2.9117053,0.24254055
GLA_human,A226L,A257L,257,226,2.4656937,0.25152084
GLA_human,A226M,A257M,257,226,2.2807245,0.24076775
GLA_human,A226N,A257N,257,226,2.711077,0.25060555
GLA_human,A226P,A257P,257,226,2.1727443,0.2707785
GLA_human,A226Q,A257Q,257,226,2.0919526,0.2563094
GLA_human,A226R,A257R,257,226,2.9886832,0.15831712
GLA_human,A226S,A257S,257,226,0.6092532,0.07359377
GLA_human,A226T,A257T,257,226,1.8115057,0.26896578
GLA_human,A226V,A257V,257,226,1.4867334,0.26287195
GLA_human,A226W,A257W,257,226,2.5448976,0.10702272
GLA_human,A226Y,A257Y,257,226,2.1656811,0.21093222
GLA_human,G227A,G258A,258,227,1.5387218,0.14708172
GLA_human,G227C,G258C,258,227,1.3636897,0.1585451
GLA_human,G227D,G258D,258,227,2.3198674,0.15665749
GLA_human,G227E,G258E,258,227,2.2871292,0.25164002
GLA_human,G227F,G258F,258,227,0.5764972,0.13130234
GLA_human,G227H,G258H,258,227,1.002063,0.20410767
GLA_human,G227I,G258I,258,227,1.7741871,0.2284465
GLA_human,G227K,G258K,258,227,1.4699199,0.18589026
GLA_human,G227L,G258L,258,227,1.4993845,0.23075381
GLA_human,G227M,G258M,258,227,1.2858504,0.18812162
GLA_human,G227N,G258N,258,227,2.003589,0.20867541
GLA_human,G227P,G258P,258,227,2.8536518,0.117541835
GLA_human,G227Q,G258Q,258,227,1.8358818,0.23801719
GLA_human,G227R,G258R,258,227,1.093508,0.12728839
GLA_human,G227S,G258S,258,227,1.5108764,0.0828608
GLA_human,G227T,G258T,258,227,1.6255096,0.24230455
GLA_human,G227V,G258V,258,227,1.6681015,0.24030282
GLA_human,G227W,G258W,258,227,0.86877024,0.14525624
GLA_human,G227Y,G258Y,258,227,0.48410922,0.14959598
GLA_human,P228A,P259A,259,228,1.1330037,0.19181684
GLA_human,P228C,P259C,259,228,1.121104,0.10922485
GLA_human,P228D,P259D,259,228,1.6192939,0.065273926
GLA_human,P228E,P259E,259,228,1.3452743,0.093880735
GLA_human,P228F,P259F,259,228,0.973193,0.09060324
GLA_human,P228G,P259G,259,228,1.6631563,0.26042402
GLA_human,P228H,P259H,259,228,0.8996235,0.087956265
GLA_human,P228I,P259I,259,228,0.38983762,0.07884553
GLA_human,P228K,P259K,259,228,0.98824674,0.13355081
GLA_human,P228L,P259L,259,228,1.1368215,0.12176874
GLA_human,P228M,P259M,259,228,0.74736226,0.10317869
GLA_human,P228N,P259N,259,228,1.1706978,0.051259816
GLA_human,P228Q,P259Q,259,228,1.1003292,0.13269061
GLA_human,P228R,P259R,259,228,0.7789418,0.13047393
GLA_human,P228S,P259S,259,228,0.9032833,0.066575214
GLA_human,P228T,P259T,259,228,0.85142154,0.031593386
GLA_human,P228V,P259V,259,228,0.40720278,0.07439816
GLA_human,P228W,P259W,259,228,0.67360884,0.124426596
GLA_human,P228Y,P259Y,259,228,0.92883396,0.09418035
GLA_human,G229A,G260A,260,229,1.5617731,0.04001709
GLA_human,G229C,G260C,260,229,0.7115011,0.09840235
GLA_human,G229D,G260D,260,229,1.9128832,0.15609814
GLA_human,G229E,G260E,260,229,2.1978922,0.116390154
GLA_human,G229F,G260F,260,229,0.80326813,0.12552188
GLA_human,G229H,G260H,260,229,0.9645152,0.06598097
GLA_human,G229I,G260I,260,229,1.8723282,0.07213063
GLA_human,G229K,G260K,260,229,2.3943558,0.030901106
GLA_human,G229L,G260L,260,229,2.18409,0.06718799
GLA_human,G229M,G260M,260,229,1.9527836,0.07065534
GLA_human,G229N,G260N,260,229,1.8569654,0.1408315
GLA_human,G229P,G260P,260,229,3.2355328,0.11331856
GLA_human,G229Q,G260Q,260,229,2.1864073,0.05949267
GLA_human,G229R,G260R,260,229,1.877392,0.09815612
GLA_human,G229S,G260S,260,229,1.4002125,0.048737574
GLA_human,G229T,G260T,260,229,1.7586803,0.11349179
GLA_human,G229V,G260V,260,229,1.7661129,0.08800422
GLA_human,G229W,G260W,260,229,0.8569366,0.15090862
GLA_human,G229Y,G260Y,260,229,0.61033714,0.13380735
GLA_human,G230A,G261A,261,230,0.92252445,0.12004329
GLA_human,G230C,G261C,261,230,1.1889235,0.14363115
GLA_human,G230D,G261D,261,230,2.7117107,0.199061
GLA_human,G230E,G261E,261,230,2.7245755,0.17611843
GLA_human,G230F,G261F,261,230,1.261163,0.17109399
GLA_human,G230H,G261H,261,230,1.3003935,0.27887473
GLA_human,G230I,G261I,261,230,1.6409969,0.18676507
GLA_human,G230K,G261K,261,230,1.8636869,0.2511219
GLA_human,G230L,G261L,261,230,1.5736324,0.18766415
GLA_human,G230M,G261M,261,230,1.7320597,0.19688712
GLA_human,G230N,G261N,261,230,2.0395892,0.29472122
GLA_human,G230P,G261P,261,230,2.1947632,0.24284984
GLA_human,G230Q,G261Q,261,230,2.097094,0.25718728
GLA_human,G230R,G261R,261,230,1.4938446,0.18911712
GLA_human,G230S,G261S,261,230,1.4657724,0.12295444
GLA_human,G230T,G261T,261,230,1.8988149,0.24329361
GLA_human,G230V,G261V,261,230,1.2912571,0.25738272
GLA_human,G230W,G261W,261,230,1.3235071,0.12898614
GLA_human,G230Y,G261Y,261,230,1.2567961,0.17498301
GLA_human,N232L,N263L,263,232,1.5146828,0.15673786
GLA_human,N232M,N263M,263,232,1.2719698,0.11829127
GLA_human,N232P,N263P,263,232,1.9186018,0.13255608
GLA_human,N232Q,N263Q,263,232,1.1394118,0.08805153
GLA_human,N232R,N263R,263,232,1.7239764,0.12927027
GLA_human,N232S,N263S,263,232,1.8027642,0.092492975
GLA_human,N232T,N263T,263,232,1.5966437,0.1426576
GLA_human,N232V,N263V,263,232,1.7363704,0.10581365
GLA_human,N232W,N263W,263,232,1.7949126,0.124677375
GLA_human,N232Y,N263Y,263,232,1.5600264,0.18121934
GLA_human,D233V,D264V,264,233,0.6553409,0.13010378
GLA_human,D233W,D264W,264,233,0.08770905,0.1723576
GLA_human,D233Y,D264Y,264,233,0.17274816,0.13183765
GLA_human,P234A,P265A,265,234,1.1416125,0.18149659
GLA_human,P234C,P265C,265,234,0.9338174,0.062216092
GLA_human,P234D,P265D,265,234,1.6566054,0.085934974
GLA_human,P234E,P265E,265,234,1.2977784,0.12211561
GLA_human,P234F,P265F,265,234,0.09733219,0.07839341
GLA_human,P234G,P265G,265,234,1.9762274,0.20896353
GLA_human,P234H,P265H,265,234,0.73576194,0.115737215
GLA_human,P234I,P265I,265,234,0.880637,0.050084103
GLA_human,P234K,P265K,265,234,1.405765,0.12009493
GLA_human,P234L,P265L,265,234,0.4228539,0.09713432
GLA_human,P234M,P265M,265,234,0.3158011,0.109423704
GLA_human,P234N,P265N,265,234,1.3080499,0.08905305
GLA_human,P234Q,P265Q,265,234,0.7300485,0.12918417
GLA_human,P234R,P265R,265,234,1.3670543,0.13231342
GLA_human,P234S,P265S,265,234,1.2798083,0.0521798
GLA_human,P234T,P265T,265,234,0.94176656,0.049347572
GLA_human,P234V,P265V,265,234,1.0410749,0.07470278
GLA_human,P234W,P265W,265,234,0.48366633,0.08515945
GLA_human,P234Y,P265Y,265,234,0.35117188,0.058035553
GLA_human,D235A,D266A,266,235,0.5208496,0.12930012
GLA_human,D235C,D266C,266,235,0.42363563,0.08725996
GLA_human,D235E,D266E,266,235,1.178508,0.11429467
GLA_human,D235F,D266F,266,235,0.7102626,0.10461409
GLA_human,D235G,D266G,266,235,0.701083,0.19322592
GLA_human,D235H,D266H,266,235,0.47578493,0.08315412
GLA_human,D235I,D266I,266,235,1.1011659,0.12030042
GLA_human,D235K,D266K,266,235,1.2169869,0.12181497
GLA_human,D235L,D266L,266,235,1.1715734,0.12656817
GLA_human,D235M,D266M,266,235,0.9400443,0.10619625
GLA_human,D235N,D266N,266,235,0.59885216,0.06599176
GLA_human,D235P,D266P,266,235,1.6663707,0.07896058
GLA_human,D235Q,D266Q,266,235,1.0900686,0.07899155
GLA_human,D235R,D266R,266,235,1.0076867,0.14505263
GLA_human,D235S,D266S,266,235,0.47704315,0.08536746
GLA_human,D235T,D266T,266,235,1.1121259,0.11686949
GLA_human,D235V,D266V,266,235,1.1605184,0.16253342
GLA_human,D235W,D266W,266,235,0.8356265,0.09337287
GLA_human,D235Y,D266Y,266,235,0.7664735,0.11339585
GLA_human,M236A,M267A,267,236,1.0659711,0.13664444
GLA_human,M236C,M267C,267,236,0.2041939,0.107899606
GLA_human,M236D,M267D,267,236,1.3850056,0.122374155
GLA_human,M236E,M267E,267,236,1.1581577,0.10552667
GLA_human,M236F,M267F,267,236,0.17761627,0.041189402
GLA_human,M236G,M267G,267,236,1.4007632,0.22727531
GLA_human,M236H,M267H,267,236,0.855584,0.108973935
GLA_human,M236I,M267I,267,236,0.3280365,0.059853166
GLA_human,M236K,M267K,267,236,1.1062417,0.12576526
GLA_human,M236L,M267L,267,236,-0.013898785,0.043579787
GLA_human,M236N,M267N,267,236,1.186093,0.069767155
GLA_human,M236P,M267P,267,236,0.6009706,0.050669968
GLA_human,M236Q,M267Q,267,236,1.071079,0.072726764
GLA_human,M236R,M267R,267,236,1.1810611,0.11829327
GLA_human,M236S,M267S,267,236,1.1928768,0.15219344
GLA_human,M236T,M267T,267,236,0.6057924,0.043165095
GLA_human,M236V,M267V,267,236,0.110576175,0.03521729
GLA_human,M236W,M267W,267,236,0.8153631,0.09404454
GLA_human,M236Y,M267Y,267,236,0.6132539,0.013955882
GLA_human,L237A,L268A,268,237,2.522824,0.1378665
GLA_human,L237C,L268C,268,237,1.6770699,0.055935487
GLA_human,L237D,L268D,268,237,2.6682522,0.09888961
GLA_human,L237E,L268E,268,237,2.2824962,0.121559024
GLA_human,L237F,L268F,268,237,1.9157375,0.05474422
GLA_human,L237G,L268G,268,237,2.8693676,0.23406214
GLA_human,L237H,L268H,268,237,2.6979427,0.040683396
GLA_human,L237I,L268I,268,237,1.4285711,0.09913761
GLA_human,L237K,L268K,268,237,2.4253435,0.10941635
GLA_human,L237M,L268M,268,237,0.9167864,0.065895066
GLA_human,L237N,L268N,268,237,2.6144755,0.10085465
GLA_human,L237P,L268P,268,237,2.3687782,0.15198843
GLA_human,L237Q,L268Q,268,237,2.3483007,0.105612606
GLA_human,L237R,L268R,268,237,2.6641154,0.12918228
GLA_human,L237S,L268S,268,237,2.62952,0.14314924
GLA_human,L237T,L268T,268,237,2.0874226,0.13680966
GLA_human,L237V,L268V,268,237,1.4569017,0.11422364
GLA_human,L237W,L268W,268,237,2.4377866,0.17110473
GLA_human,L237Y,L268Y,268,237,2.3535118,0.06887186
GLA_human,V238A,V269A,269,238,1.5955825,0.1044149
GLA_human,V238C,V269C,269,238,0.8685293,0.11276194
GLA_human,V238D,V269D,269,238,2.0155706,0.08375476
GLA_human,V238E,V269E,269,238,1.5341923,0.044137772
GLA_human,V238F,V269F,269,238,1.744286,0.122636884
GLA_human,V238G,V269G,269,238,2.4392352,0.17450857
GLA_human,V238H,V269H,269,238,2.211746,0.11886719
GLA_human,V238I,V269I,269,238,-0.028626,0.037366625
GLA_human,V238K,V269K,269,238,2.0175405,0.0925407
GLA_human,V238L,V269L,269,238,0.22017908,0.06869361
GLA_human,V238M,V269M,269,238,0.5672492,0.069938496
GLA_human,V238N,V269N,269,238,2.0495965,0.062047176
GLA_human,V238P,V269P,269,238,1.3317186,0.04953098
GLA_human,V238Q,V269Q,269,238,1.6095746,0.035752635
GLA_human,V238R,V269R,269,238,2.088071,0.09806075
GLA_human,V238S,V269S,269,238,1.7927005,0.10741732
GLA_human,V238T,V269T,269,238,1.3132198,0.04814369
GLA_human,V238W,V269W,269,238,1.8492377,0.12176172
GLA_human,V238Y,V269Y,269,238,1.8384444,0.089662194
GLA_human,I239E,I270E,270,239,2.3233337,0.0600029
GLA_human,I239F,I270F,270,239,1.2016217,0.12814702
GLA_human,I239G,I270G,270,239,2.2309213,0.21061233
GLA_human,I239H,I270H,270,239,2.3806863,0.1548911
GLA_human,I239K,I270K,270,239,2.1784773,0.215126
GLA_human,I239L,I270L,270,239,1.0171688,0.074918725
GLA_human,I239M,I270M,270,239,1.4044387,0.05141448
GLA_human,I239N,I270N,270,239,2.235572,0.12159096
GLA_human,I239P,I270P,270,239,1.7327785,0.074943714
GLA_human,I239Q,I270Q,270,239,2.293008,0.07791823
GLA_human,I239R,I270R,270,239,2.182939,0.20278504
GLA_human,I239S,I270S,270,239,2.1684844,0.10000196
GLA_human,I239T,I270T,270,239,1.9245186,0.09489261
GLA_human,I239V,I270V,270,239,0.8464611,0.066985615
GLA_human,I239W,I270W,270,239,2.105234,0.22666833
GLA_human,I239Y,I270Y,270,239,1.8013643,0.13318221
GLA_human,G240A,G271A,271,240,0.66512793,0.079530366
GLA_human,G240C,G271C,271,240,0.93049306,0.110412255
GLA_human,G240D,G271D,271,240,1.2526121,0.13509236
GLA_human,G240E,G271E,271,240,1.8748715,0.08268775
GLA_human,G240F,G271F,271,240,1.8112923,0.05911482
GLA_human,G240H,G271H,271,240,2.029115,0.08991273
GLA_human,G240I,G271I,271,240,2.1528115,0.10919016
GLA_human,G240K,G271K,271,240,2.666093,0.10837042
GLA_human,G240L,G271L,271,240,2.4646668,0.10982197
GLA_human,G240M,G271M,271,240,2.108541,0.10982103
GLA_human,G240N,G271N,271,240,1.425836,0.15200645
GLA_human,G240P,G271P,271,240,2.3566086,0.12384695
GLA_human,G240Q,G271Q,271,240,1.7084341,0.11425831
GLA_human,G240R,G271R,271,240,2.7868314,0.13987489
GLA_human,G240S,G271S,271,240,1.7226603,0.09294369
GLA_human,G240T,G271T,271,240,2.4218307,0.071087725
GLA_human,G240V,G271V,271,240,2.033776,0.11357933
GLA_human,G240W,G271W,271,240,1.9216735,0.1121989
GLA_human,G240Y,G271Y,271,240,2.0144665,0.101841874
GLA_human,N241A,N272A,272,241,1.0024842,0.11918347
GLA_human,N241C,N272C,272,241,0.4442193,0.17262015
GLA_human,N241D,N272D,272,241,0.5466579,0.10456237
GLA_human,N241E,N272E,272,241,1.4149554,0.17040569
GLA_human,N241F,N272F,272,241,1.2475977,0.15647134
GLA_human,N241G,N272G,272,241,1.1085671,0.1631697
GLA_human,N241H,N272H,272,241,0.97160184,0.10739073
GLA_human,N241I,N272I,272,241,0.71449536,0.092431605
GLA_human,N241K,N272K,272,241,1.7474276,0.11218253
GLA_human,N241L,N272L,272,241,0.944981,0.17435578
GLA_human,N241M,N272M,272,241,0.9637042,0.13010243
GLA_human,N241P,N272P,272,241,1.1228421,0.21684386
GLA_human,N241Q,N272Q,272,241,0.53532445,0.086066134
GLA_human,N241R,N272R,272,241,1.2231766,0.1733652
GLA_human,N241S,N272S,272,241,0.5931932,0.10612428
GLA_human,N241T,N272T,272,241,0.8422572,0.069447644
GLA_human,N241V,N272V,272,241,1.4174079,0.08890819
GLA_human,N241W,N272W,272,241,1.3181543,0.27138317
GLA_human,N241Y,N272Y,272,241,1.1542577,0.20552474
GLA_human,F242A,F273A,273,242,0.9204103,0.15142222
GLA_human,F242C,F273C,273,242,0.99129564,0.119120054
GLA_human,F242D,F273D,273,242,1.4439352,0.15883352
GLA_human,F242E,F273E,273,242,1.0610836,0.15916628
GLA_human,F242G,F273G,273,242,0.94628745,0.13310239
GLA_human,F242H,F273H,273,242,0.61654985,0.10921209
GLA_human,F242I,F273I,273,242,0.71148306,0.07750162
GLA_human,F242K,F273K,273,242,0.90601176,0.13650382
GLA_human,F242L,F273L,273,242,0.80940735,0.09389024
GLA_human,F242M,F273M,273,242,0.9162896,0.029924743
GLA_human,F242N,F273N,273,242,1.3486719,0.16608563
GLA_human,F242P,F273P,273,242,0.43106356,0.09761633
GLA_human,F242Q,F273Q,273,242,1.1161302,0.15878427
GLA_human,F242R,F273R,273,242,0.80797607,0.13109054
GLA_human,F242S,F273S,273,242,1.1503603,0.13113883
GLA_human,F242T,F273T,273,242,1.0321178,0.111608855
GLA_human,F242V,F273V,273,242,0.66235715,0.055774495
GLA_human,F242W,F273W,273,242,0.24302442,0.09541493
GLA_human,F242Y,F273Y,273,242,-0.03809101,0.03767493
GLA_human,G243A,G274A,274,243,0.2318712,0.07653324
GLA_human,G243C,G274C,274,243,0.37498632,0.07839426
GLA_human,G243D,G274D,274,243,1.1527231,0.12972257
GLA_human,G243E,G274E,274,243,0.863506,0.096252196
GLA_human,G243F,G274F,274,243,0.44477016,0.1479476
GLA_human,G243H,G274H,274,243,0.855357,0.04438324
GLA_human,G243I,G274I,274,243,0.6526731,0.101306066
GLA_human,G243K,G274K,274,243,0.6345253,0.13172229
GLA_human,G243L,G274L,274,243,0.81406385,0.15597302
GLA_human,G243M,G274M,274,243,0.6670321,0.119215205
GLA_human,G243N,G274N,274,243,0.5369595,0.11077079
GLA_human,G243P,G274P,274,243,1.805068,0.113686815
GLA_human,G243Q,G274Q,274,243,0.67920697,0.06868562
GLA_human,G243R,G274R,274,243,0.37734854,0.093406945
GLA_human,G243S,G274S,274,243,0.70468634,0.07376987
GLA_human,G243T,G274T,274,243,1.0316823,0.10750968
GLA_human,G243V,G274V,274,243,0.5634538,0.12970392
GLA_human,G243W,G274W,274,243,0.5752384,0.13750431
GLA_human,G243Y,G274Y,274,243,0.5266131,0.11153974
GLA_human,L244A,L275A,275,244,2.2599137,0.16493148
GLA_human,L244C,L275C,275,244,1.6321408,0.109103255
GLA_human,L244D,L275D,275,244,2.8823707,0.084879346
GLA_human,L244E,L275E,275,244,2.554353,0.16462952
GLA_human,L244F,L275F,275,244,2.0679917,0.19642712
GLA_human,L244G,L275G,275,244,2.622164,0.18031514
GLA_human,L244H,L275H,275,244,2.7597528,0.1711276
GLA_human,L244I,L275I,275,244,1.0885497,0.056563605
GLA_human,L244K,L275K,275,244,2.442988,0.2111793
GLA_human,L244M,L275M,275,244,1.4288082,0.077582434
GLA_human,L244N,L275N,275,244,2.5054405,0.16610141
GLA_human,L244P,L275P,275,244,1.7581526,0.05733518
GLA_human,L244Q,L275Q,275,244,2.3527272,0.132617
GLA_human,L244R,L275R,275,244,2.787969,0.23297924
GLA_human,L244S,L275S,275,244,2.466428,0.11299103
GLA_human,L244T,L275T,275,244,2.1786282,0.083204575
GLA_human,L244V,L275V,275,244,1.4601512,0.038101595
GLA_human,L244W,L275W,275,244,2.7455235,0.26229787
GLA_human,L244Y,L275Y,275,244,2.1557953,0.17484836
GLA_human,S245H,S276H,276,245,0.72706354,0.018162353
GLA_human,S245I,S276I,276,245,0.82057905,0.05461119
GLA_human,S245K,S276K,276,245,1.1910162,0.09820046
GLA_human,S245L,S276L,276,245,1.1090199,0.09430899
GLA_human,S245M,S276M,276,245,1.0934207,0.091385834
GLA_human,S245N,S276N,276,245,0.17586637,0.12372477
GLA_human,S245P,S276P,276,245,1.3999461,0.09540752
GLA_human,S245Q,S276Q,276,245,0.58120906,0.057594694
GLA_human,S245R,S276R,276,245,1.0395305,0.088978864
GLA_human,S245T,S276T,276,245,0.46445256,0.041342344
GLA_human,S245V,S276V,276,245,1.0552844,0.10975349
GLA_human,S245W,S276W,276,245,1.057904,0.035779126
GLA_human,S245Y,S276Y,276,245,0.9454071,0.05760475
GLA_human,N247A,N278A,278,247,-0.09827018,0.09446653
GLA_human,N247C,N278C,278,247,-0.0676026,0.09521717
GLA_human,N247D,N278D,278,247,-0.20003867,0.037081346
GLA_human,N247E,N278E,278,247,-0.040180467,0.09990578
GLA_human,N247F,N278F,278,247,-0.048357204,0.114787534
GLA_human,N247G,N278G,278,247,0.66369283,0.21640484
GLA_human,N247H,N278H,278,247,0.26285943,0.035907827
GLA_human,N247I,N278I,278,247,0.17775698,0.07941217
GLA_human,N247K,N278K,278,247,1.4343171,0.069046
GLA_human,N247L,N278L,278,247,0.65548444,0.062640965
GLA_human,N247M,N278M,278,247,0.17965266,0.07407516
GLA_human,N247P,N278P,278,247,0.18302843,0.06151204
GLA_human,N247Q,N278Q,278,247,0.016182479,0.120127685
GLA_human,N247R,N278R,278,247,0.78020895,0.06132155
GLA_human,N247S,N278S,278,247,-0.15229496,0.10172633
GLA_human,N247T,N278T,278,247,0.4086873,0.067698084
GLA_human,N247V,N278V,278,247,0.2732994,0.052337732
GLA_human,N247W,N278W,278,247,0.06057792,0.09507679
GLA_human,N247Y,N278Y,278,247,0.0055926978,0.11798491
GLA_human,Q248A,Q279A,279,248,0.91994494,0.17073458
GLA_human,Q248C,Q279C,279,248,0.8277693,0.23104319
GLA_human,Q248D,Q279D,279,248,1.638876,0.14522116
GLA_human,Q248E,Q279E,279,248,0.6300284,0.05528778
GLA_human,Q248F,Q279F,279,248,1.8915918,0.057954505
GLA_human,Q248G,Q279G,279,248,2.0021377,0.2215706
GLA_human,Q248H,Q279H,279,248,1.1665752,0.15151228
GLA_human,Q248I,Q279I,279,248,1.7838964,0.093522586
GLA_human,Q248K,Q279K,279,248,1.6845738,0.15884998
GLA_human,Q248L,Q279L,279,248,2.0485702,0.042714007
GLA_human,Q248M,Q279M,279,248,0.4081222,0.036315415
GLA_human,Q248N,Q279N,279,248,1.4892153,0.1269542
GLA_human,Q248P,Q279P,279,248,2.0072868,0.10943042
GLA_human,Q248R,Q279R,279,248,1.438669,0.18075095
GLA_human,Q248S,Q279S,279,248,1.1497899,0.13761796
GLA_human,Q248T,Q279T,279,248,1.4931679,0.037534423
GLA_human,Q248V,Q279V,279,248,1.4655302,0.115689024
GLA_human,Q248Y,Q279Y,279,248,1.8604695,0.1290046
GLA_human,Q249A,Q280A,280,249,0.7841573,0.19975646
GLA_human,Q249C,Q280C,280,249,0.21659203,0.15372781
GLA_human,Q249D,Q280D,280,249,1.0147644,0.14712411
GLA_human,Q249E,Q280E,280,249,0.36619726,0.064672254
GLA_human,Q249F,Q280F,280,249,0.56951076,0.07423088
GLA_human,Q249G,Q280G,280,249,1.6964836,0.2671629
GLA_human,Q249H,Q280H,280,249,0.702551,0.12551358
GLA_human,Q249I,Q280I,280,249,1.2289643,0.073559046
GLA_human,Q249K,Q280K,280,249,1.250044,0.11352515
GLA_human,Q249L,Q280L,280,249,1.2539152,0.07972249
GLA_human,Q249M,Q280M,280,249,0.022788523,0.0826839
GLA_human,Q249N,Q280N,280,249,0.94238347,0.095340595
GLA_human,V250A,V281A,281,250,1.7666267,0.18288437
GLA_human,V250C,V281C,281,250,0.9168626,0.117243074
GLA_human,V250D,V281D,281,250,2.1807575,0.087192826
GLA_human,V250E,V281E,281,250,1.589234,0.05276187
GLA_human,V250F,V281F,281,250,1.5370535,0.21509245
GLA_human,V250G,V281G,281,250,2.4066484,0.22212084
GLA_human,V250H,V281H,281,250,1.9638933,0.114219844
GLA_human,V250I,V281I,281,250,-0.042036988,0.037595924
GLA_human,V250K,V281K,281,250,1.6507063,0.103364535
GLA_human,V250L,V281L,281,250,0.4768456,0.06142585
GLA_human,V250M,V281M,281,250,0.80354214,0.07270151
GLA_human,V250N,V281N,281,250,1.7449951,0.08292045
GLA_human,V250P,V281P,281,250,2.4284592,0.14834458
GLA_human,V250Q,V281Q,281,250,1.2671807,0.091462314
GLA_human,V250R,V281R,281,250,1.8665383,0.14737652
GLA_human,V250S,V281S,281,250,2.086353,0.124637
GLA_human,V250T,V281T,281,250,1.2997853,0.063600466
GLA_human,V250W,V281W,281,250,2.0021555,0.1698864
GLA_human,V250Y,V281Y,281,250,0.8226902,0.11804981
GLA_human,T251A,T282A,282,251,0.6720426,0.20149097
GLA_human,T251C,T282C,282,251,0.56473005,0.14375642
GLA_human,T251D,T282D,282,251,1.4060547,0.09608914
GLA_human,T251E,T282E,282,251,2.0719423,0.14515115
GLA_human,T251F,T282F,282,251,1.4399803,0.10140594
GLA_human,T251G,T282G,282,251,1.6921575,0.40331942
GLA_human,T251H,T282H,282,251,2.0448349,0.18878092
GLA_human,T251I,T282I,282,251,0.33656597,0.14805312
GLA_human,T251K,T282K,282,251,2.585836,0.21670412
GLA_human,T251L,T282L,282,251,0.92486364,0.20855992
GLA_human,T251M,T282M,282,251,1.1109049,0.16432711
GLA_human,T251N,T282N,282,251,1.3748376,0.0819409
GLA_human,T251P,T282P,282,251,1.6098988,0.13832903
GLA_human,T251Q,T282Q,282,251,1.7677759,0.17156935
GLA_human,T251R,T282R,282,251,2.2828813,0.20014587
GLA_human,T251S,T282S,282,251,0.5060488,0.20867118
GLA_human,T251V,T282V,282,251,0.12809643,0.06594466
GLA_human,T251W,T282W,282,251,2.462293,0.29583782
GLA_human,T251Y,T282Y,282,251,2.1727502,0.2345083
GLA_human,M253C,M284C,284,253,1.0633018,0.13630065
GLA_human,M253D,M284D,284,253,2.7797656,0.16060264
GLA_human,M253E,M284E,284,253,2.4339411,0.12606148
GLA_human,M253F,M284F,284,253,0.5321881,0.07638419
GLA_human,M253G,M284G,284,253,3.1572986,0.16940273
GLA_human,M253H,M284H,284,253,2.3139274,0.13188712
GLA_human,M253I,M284I,284,253,1.5224844,0.11017852
GLA_human,M253K,M284K,284,253,2.229671,0.19435741
GLA_human,M253L,M284L,284,253,1.0998138,0.10962144
GLA_human,M253N,M284N,284,253,2.7313473,0.1618105
GLA_human,M253P,M284P,284,253,2.672926,0.19250943
GLA_human,M253Q,M284Q,284,253,2.0635161,0.08174498
GLA_human,M253R,M284R,284,253,2.760374,0.1893698
GLA_human,A254C,A285C,285,254,0.9244172,0.14699925
GLA_human,A254D,A285D,285,254,2.5738614,0.23417148
GLA_human,A254E,A285E,285,254,2.4846678,0.17925386
GLA_human,A254F,A285F,285,254,2.0492103,0.26125547
GLA_human,A254G,A285G,285,254,1.1654183,0.15448734
GLA_human,A254H,A285H,285,254,2.5617967,0.19291885
GLA_human,A254I,A285I,285,254,0.43162313,0.27817908
GLA_human,A254K,A285K,285,254,2.9925654,0.22416112
GLA_human,A254M,A285M,285,254,1.8553652,0.3083846
GLA_human,A254N,A285N,285,254,2.8289533,0.25423247
GLA_human,A254P,A285P,285,254,3.0192142,0.23278634
GLA_human,A254Q,A285Q,285,254,2.5481033,0.22004165
GLA_human,A254R,A285R,285,254,3.001203,0.20265009
GLA_human,A254S,A285S,285,254,0.1968893,0.06901808
GLA_human,A254T,A285T,285,254,0.9034613,0.3071319
GLA_human,A254V,A285V,285,254,0.3278577,0.31693915
GLA_human,A254W,A285W,285,254,2.1725128,0.2164053
GLA_human,A254Y,A285Y,285,254,2.1404471,0.24285056
GLA_human,L255A,L286A,286,255,1.75649,0.18664958
GLA_human,L255C,L286C,286,255,0.9120641,0.12651473
GLA_human,L255D,L286D,286,255,2.660407,0.12651227
GLA_human,L255E,L286E,286,255,2.1812131,0.12065476
GLA_human,L255F,L286F,286,255,0.10626179,0.04604392
GLA_human,L255G,L286G,286,255,2.6850438,0.13789518
GLA_human,L255H,L286H,286,255,2.092071,0.10184745
GLA_human,L255I,L286I,286,255,0.34382,0.06760554
GLA_human,L255K,L286K,286,255,2.5579684,0.10215347
GLA_human,L255M,L286M,286,255,0.091706835,0.07256304
GLA_human,L255N,L286N,286,255,2.7414353,0.07333558
GLA_human,L255P,L286P,286,255,2.9951577,0.13048527
GLA_human,L255Q,L286Q,286,255,2.1878605,0.13345762
GLA_human,L255R,L286R,286,255,2.3819857,0.114982486
GLA_human,L255S,L286S,286,255,1.7998346,0.14336114
GLA_human,L255T,L286T,286,255,1.3659464,0.029252108
GLA_human,L255V,L286V,286,255,0.6537957,0.056361534
GLA_human,L255W,L286W,286,255,1.0197294,0.09938472
GLA_human,L255Y,L286Y,286,255,0.7731115,0.1151024
GLA_human,W256F,W287F,287,256,1.235055,0.07113434
GLA_human,W256G,W287G,287,256,4.123251,0.22512528
GLA_human,W256H,W287H,287,256,2.5181592,0.10515126
GLA_human,W256I,W287I,287,256,2.5447476,0.14675738
GLA_human,W256K,W287K,287,256,3.2445157,0.29439417
GLA_human,W256L,W287L,287,256,2.4349551,0.09560721
GLA_human,W256M,W287M,287,256,2.0425124,0.15670642
GLA_human,W256N,W287N,287,256,3.4864292,0.08970208
GLA_human,W256P,W287P,287,256,4.068866,0.26367444
GLA_human,W256Q,W287Q,287,256,2.9597132,0.12569176
GLA_human,W256R,W287R,287,256,2.6344604,0.28321838
GLA_human,W256S,W287S,287,256,3.0466175,0.25426185
GLA_human,W256T,W287T,287,256,3.04211,0.1877018
GLA_human,W256V,W287V,287,256,2.929814,0.16416918
GLA_human,W256Y,W287Y,287,256,1.0670639,0.07792026
GLA_human,A257C,A288C,288,257,0.20622866,0.07799948
GLA_human,A257D,A288D,288,257,1.4562242,0.25791943
GLA_human,A257E,A288E,288,257,1.7621132,0.12636584
GLA_human,I258A,I289A,289,258,2.699511,0.11446627
GLA_human,I258C,I289C,289,258,1.7390484,0.088199355
GLA_human,I258D,I289D,289,258,2.7802572,0.17092027
GLA_human,I258E,I289E,289,258,2.2553167,0.07454184
GLA_human,I258F,I289F,289,258,1.3467244,0.1340698
GLA_human,I258G,I289G,289,258,2.763768,0.18512516
GLA_human,I258H,I289H,289,258,2.8285244,0.06873123
GLA_human,I258K,I289K,289,258,2.451556,0.04880275
GLA_human,I258L,I289L,289,258,0.26154444,0.019868186
GLA_human,I258M,I289M,289,258,0.47015962,0.08314936
GLA_human,I258N,I289N,289,258,2.5532558,0.11777003
GLA_human,I258P,I289P,289,258,2.7243066,0.1892598
GLA_human,I258Q,I289Q,289,258,2.4011292,0.11640492
GLA_human,I258R,I289R,289,258,2.6122346,0.06781357
GLA_human,I258S,I289S,289,258,2.7995925,0.07448931
GLA_human,I258T,I289T,289,258,1.792194,0.16666216
GLA_human,I258V,I289V,289,258,0.6305133,0.0699625
GLA_human,I258W,I289W,289,258,1.9780184,0.2155982
GLA_human,I258Y,I289Y,289,258,2.011805,0.22112785
GLA_human,P262A,P293A,293,262,1.4118376,0.18952313
GLA_human,P262C,P293C,293,262,1.1500987,0.052509233
GLA_human,P262D,P293D,293,262,1.6525314,0.07064154
GLA_human,P262E,P293E,293,262,1.8581617,0.08893567
GLA_human,P262F,P293F,293,262,1.7300123,0.10939045
GLA_human,P262G,P293G,293,262,1.6965116,0.30104
GLA_human,P262H,P293H,293,262,1.9824852,0.12839967
GLA_human,P262I,P293I,293,262,1.1386533,0.11586365
GLA_human,P262K,P293K,293,262,1.9669014,0.13360484
GLA_human,P262L,P293L,293,262,1.1919596,0.08054669
GLA_human,P262M,P293M,293,262,1.5488749,0.115221724
GLA_human,P262N,P293N,293,262,1.4846264,0.07554038
GLA_human,P262Q,P293Q,293,262,1.7326539,0.04013506
GLA_human,P262R,P293R,293,262,1.7930466,0.20274001
GLA_human,P262S,P293S,293,262,1.5346477,0.09497446
GLA_human,P262T,P293T,293,262,1.1919459,0.07819147
GLA_human,P262V,P293V,293,262,0.772838,0.06582546
GLA_human,P262W,P293W,293,262,1.2861259,0.15536837
GLA_human,P262Y,P293Y,293,262,1.777091,0.13535997
GLA_human,L263A,L294A,294,263,2.5607681,0.098712005
GLA_human,L263C,L294C,294,263,1.6386774,0.044554323
GLA_human,L263D,L294D,294,263,3.2211902,0.23440537
GLA_human,L263E,L294E,294,263,2.846518,0.14111474
GLA_human,L263F,L294F,294,263,0.03108407,0.05338645
GLA_human,L263G,L294G,294,263,3.228105,0.0716894
GLA_human,L263H,L294H,294,263,2.9061906,0.08395594
GLA_human,L263I,L294I,294,263,1.1182506,0.039038736
GLA_human,L263K,L294K,294,263,2.6998858,0.053117704
GLA_human,L263M,L294M,294,263,0.40651187,0.0548578
GLA_human,L263N,L294N,294,263,3.2793717,0.18210594
GLA_human,L263P,L294P,294,263,2.863552,0.16361018
GLA_human,L263Q,L294Q,294,263,2.933334,0.11594785
GLA_human,L263R,L294R,294,263,2.9407947,0.09084574
GLA_human,L263S,L294S,294,263,2.8837967,0.12161046
GLA_human,L263T,L294T,294,263,2.5584612,0.13127583
GLA_human,L263V,L294V,294,263,1.6800123,0.08057021
GLA_human,L263W,L294W,294,263,0.95265865,0.14754122
GLA_human,L263Y,L294Y,294,263,1.3921182,0.14101389
GLA_human,F264A,F295A,295,264,2.3239834,0.120738596
GLA_human,F264C,F295C,295,264,1.657593,0.12579769
GLA_human,F264D,F295D,295,264,2.5625112,0.1698439
GLA_human,F264E,F295E,295,264,2.0099483,0.1683957
GLA_human,F264G,F295G,295,264,2.5323155,0.18028894
GLA_human,F264H,F295H,295,264,1.2329417,0.13517193
GLA_human,F264I,F295I,295,264,0.94294894,0.12750775
GLA_human,F264K,F295K,295,264,1.9933708,0.20287305
GLA_human,F264L,F295L,295,264,0.5841611,0.07756847
GLA_human,F264M,F295M,295,264,0.5106237,0.054392178
GLA_human,F264N,F295N,295,264,2.317779,0.18397577
GLA_human,F264P,F295P,295,264,2.605441,0.15297419
GLA_human,F264Q,F295Q,295,264,1.6696564,0.12337146
GLA_human,F264R,F295R,295,264,2.0221975,0.14451039
GLA_human,F264S,F295S,295,264,2.551035,0.07607392
GLA_human,F264T,F295T,295,264,2.2573256,0.14321272
GLA_human,F264V,F295V,295,264,1.4444561,0.23397821
GLA_human,F264W,F295W,295,264,-0.03589942,0.07358012
GLA_human,F264Y,F295Y,295,264,0.035033345,0.021579422
GLA_human,S266A,S297A,297,266,0.31204194,0.03591357
GLA_human,S266C,S297C,297,266,0.46549815,0.050935715
GLA_human,S266D,S297D,297,266,1.5100286,0.10093056
GLA_human,S266E,S297E,297,266,1.4936228,0.09600336
GLA_human,S266F,S297F,297,266,1.5188563,0.09570259
GLA_human,S266G,S297G,297,266,0.758481,0.1753944
GLA_human,S266H,S297H,297,266,1.8097166,0.10513474
GLA_human,S266I,S297I,297,266,1.4000531,0.08801978
GLA_human,S266K,S297K,297,266,2.1579022,0.032784924
GLA_human,S266L,S297L,297,266,1.2382482,0.11024913
GLA_human,S266M,S297M,297,266,1.4300843,0.124830395
GLA_human,S266N,S297N,297,266,1.6596178,0.16853051
GLA_human,S266P,S297P,297,266,2.3471694,0.20278914
GLA_human,S266Q,S297Q,297,266,1.642977,0.11200995
GLA_human,S266R,S297R,297,266,1.9338659,0.06660426
GLA_human,S266T,S297T,297,266,1.0202692,0.09552854
GLA_human,S266V,S297V,297,266,1.1826665,0.053923424
GLA_human,S266W,S297W,297,266,1.6123917,0.12477171
GLA_human,S266Y,S297Y,297,266,1.3015271,0.109504774
GLA_human,N267A,N298A,298,267,0.93017375,0.17570423
GLA_human,N267C,N298C,298,267,0.10993822,0.18255241
GLA_human,N267D,N298D,298,267,0.7126936,0.045134325
GLA_human,N267E,N298E,298,267,1.5959098,0.102116756
GLA_human,N267F,N298F,298,267,1.2436693,0.11667871
GLA_human,N267G,N298G,298,267,1.3497732,0.36703926
GLA_human,N267H,N298H,298,267,1.278229,0.12407907
GLA_human,N267I,N298I,298,267,0.8421755,0.09441056
GLA_human,N267K,N298K,298,267,1.8621982,0.14937168
GLA_human,N267L,N298L,298,267,0.5978247,0.10108741
GLA_human,N267M,N298M,298,267,1.1747204,0.059465524
GLA_human,N267P,N298P,298,267,1.0873231,0.14788213
GLA_human,N267Q,N298Q,298,267,1.2424045,0.06443588
GLA_human,N267R,N298R,298,267,1.8367083,0.19262171
GLA_human,N267S,N298S,298,267,1.1235621,0.10461562
GLA_human,N267T,N298T,298,267,0.9013764,0.066091396
GLA_human,N267V,N298V,298,267,0.55637896,0.045274045
GLA_human,N267W,N298W,298,267,1.8096088,0.15962082
GLA_human,N267Y,N298Y,298,267,1.8138087,0.18382391
GLA_human,D268A,D299A,299,268,1.9398625,0.16961275
GLA_human,D268C,D299C,299,268,1.4225161,0.12533039
GLA_human,D268E,D299E,299,268,1.9189737,0.09362292
GLA_human,D268F,D299F,299,268,2.338405,0.25642076
GLA_human,D268G,D299G,299,268,1.8796724,0.26801726
GLA_human,D268H,D299H,299,268,2.2529576,0.1688726
GLA_human,D268I,D299I,299,268,1.9271635,0.17081682
GLA_human,D268K,D299K,299,268,2.1503348,0.17075777
GLA_human,D268L,D299L,299,268,2.1902783,0.17152324
GLA_human,D268M,D299M,299,268,2.2280617,0.22078131
GLA_human,D268N,D299N,299,268,1.3768647,0.09351279
GLA_human,D268P,D299P,299,268,2.5603607,0.2045236
GLA_human,D268Q,D299Q,299,268,2.4837852,0.14780205
GLA_human,D268R,D299R,299,268,2.4130833,0.20238082
GLA_human,D268S,D299S,299,268,1.7034353,0.11088175
GLA_human,D268T,D299T,299,268,2.58293,0.2132028
GLA_human,D268V,D299V,299,268,2.2950273,0.20861408
GLA_human,D268W,D299W,299,268,2.0139995,0.17423299
GLA_human,D268Y,D299Y,299,268,2.2208507,0.19297913
GLA_human,L269A,L300A,300,269,2.3766377,0.058838703
GLA_human,L269C,L300C,300,269,1.7378588,0.10194298
GLA_human,L269D,L300D,300,269,2.932573,0.10825087
GLA_human,L269E,L300E,300,269,2.6305976,0.1034351
GLA_human,L269F,L300F,300,269,1.2969393,0.10220476
GLA_human,L269G,L300G,300,269,2.5953982,0.07467529
GLA_human,L269H,L300H,300,269,3.0565047,0.010712939
GLA_human,L269I,L300I,300,269,0.95097846,0.06312679
GLA_human,L269K,L300K,300,269,2.5494246,0.16871995
GLA_human,L269M,L300M,300,269,1.1950264,0.08410824
GLA_human,L269N,L300N,300,269,2.9863477,0.15826112
GLA_human,L269P,L300P,300,269,2.2172525,0.085074924
GLA_human,L269Q,L300Q,300,269,2.6233902,0.09188834
GLA_human,L269R,L300R,300,269,2.8376734,0.15291598
GLA_human,L269S,L300S,300,269,2.7597363,0.043285433
GLA_human,L269T,L300T,300,269,2.6334362,0.05060529
GLA_human,L269V,L300V,300,269,1.5977218,0.08285548
GLA_human,L269W,L300W,300,269,2.2351499,0.13624692
GLA_human,L269Y,L300Y,300,269,2.1603131,0.11978851
GLA_human,R270A,R301A,301,270,2.532312,0.10045991
GLA_human,R270C,R301C,301,270,2.374136,0.11835631
GLA_human,R270D,R301D,301,270,3.1752756,0.03272497
GLA_human,R270E,R301E,301,270,2.534694,0.09140951
GLA_human,R270F,R301F,301,270,2.3358014,0.24538353
GLA_human,R270G,R301G,301,270,2.204098,0.14714052
GLA_human,R270H,R301H,301,270,1.7266527,0.0863391
GLA_human,R270I,R301I,301,270,3.1327503,0.22278047
GLA_human,R270K,R301K,301,270,2.0991104,0.13962522
GLA_human,R270L,R301L,301,270,2.9098706,0.21393827
GLA_human,R270M,R301M,301,270,2.165668,0.16286413
GLA_human,R270N,R301N,301,270,2.6990738,0.09673973
GLA_human,R270P,R301P,301,270,2.804448,0.20284708
GLA_human,R270Q,R301Q,301,270,2.3133597,0.10185467
GLA_human,R270S,R301S,301,270,2.4241843,0.18608262
GLA_human,R270T,R301T,301,270,2.7606034,0.19382234
GLA_human,R270V,R301V,301,270,3.0301273,0.21295881
GLA_human,R270W,R301W,301,270,1.7706484,0.1819327
GLA_human,R270Y,R301Y,301,270,2.0584817,0.24373125
GLA_human,H271A,H302A,302,271,0.5211809,0.08695932
GLA_human,H271C,H302C,302,271,0.06604164,0.06522217
GLA_human,H271D,H302D,302,271,0.9537117,0.07747587
GLA_human,H271E,H302E,302,271,0.8643457,0.07581608
GLA_human,H271F,H302F,302,271,-0.11265421,0.040035814
GLA_human,H271G,H302G,302,271,0.60417736,0.12347876
GLA_human,H271I,H302I,302,271,-0.052870966,0.073863976
GLA_human,H271K,H302K,302,271,0.22115993,0.06314744
GLA_human,H271L,H302L,302,271,0.15661831,0.052859843
GLA_human,H271M,H302M,302,271,0.3818415,0.041891113
GLA_human,H271N,H302N,302,271,0.8786977,0.06830633
GLA_human,H271P,H302P,302,271,0.79124755,0.19118902
GLA_human,H271Q,H302Q,302,271,0.50219625,0.045238893
GLA_human,H271R,H302R,302,271,0.035248883,0.042781264
GLA_human,H271S,H302S,302,271,0.43017784,0.06108783
GLA_human,H271T,H302T,302,271,0.331877,0.030164255
GLA_human,H271V,H302V,302,271,-0.003810038,0.093306564
GLA_human,H271W,H302W,302,271,-0.06962075,0.037930403
GLA_human,H271Y,H302Y,302,271,-0.19051886,0.038616363
GLA_human,I272A,I303A,303,272,1.9217857,0.06107745
GLA_human,I272C,I303C,303,272,1.0384634,0.093831606
GLA_human,I272D,I303D,303,272,2.6362083,0.1585702
GLA_human,I272E,I303E,303,272,2.3113873,0.097690955
GLA_human,I272F,I303F,303,272,1.6668732,0.18288407
GLA_human,I272G,I303G,303,272,2.1755188,0.23695035
GLA_human,I272H,I303H,303,272,2.2446654,0.12833129
GLA_human,I272K,I303K,303,272,2.4440591,0.09742544
GLA_human,I272L,I303L,303,272,-0.102034315,0.042323455
GLA_human,I272M,I303M,303,272,0.14806186,0.03093123
GLA_human,I272N,I303N,303,272,2.4396656,0.031819616
GLA_human,I272P,I303P,303,272,2.475943,0.0905959
GLA_human,I272Q,I303Q,303,272,2.0675132,0.12828474
GLA_human,I272R,I303R,303,272,2.6151333,0.13594837
GLA_human,I272S,I303S,303,272,2.1759632,0.08179978
GLA_human,I272T,I303T,303,272,1.4370162,0.088216975
GLA_human,I272V,I303V,303,272,0.31645977,0.036101684
GLA_human,I272W,I303W,303,272,2.017556,0.20235185
GLA_human,I272Y,I303Y,303,272,1.7770195,0.10754516
GLA_human,S273A,S304A,304,273,0.8422597,0.06913935
GLA_human,S273C,S304C,304,273,0.3625916,0.054035638
GLA_human,S273D,S304D,304,273,0.34692347,0.071959585
GLA_human,S273E,S304E,304,273,0.75957674,0.09151685
GLA_human,S273F,S304F,304,273,0.7682187,0.07645428
GLA_human,S273G,S304G,304,273,0.60170627,0.13093407
GLA_human,S273H,S304H,304,273,0.8008127,0.035676695
GLA_human,S273I,S304I,304,273,0.81936157,0.11884515
GLA_human,S273K,S304K,304,273,1.0663314,0.04407222
GLA_human,S273L,S304L,304,273,1.128588,0.075879075
GLA_human,S273M,S304M,304,273,0.6654603,0.05735802
GLA_human,S273N,S304N,304,273,0.46256477,0.09201635
GLA_human,S273P,S304P,304,273,1.0613678,0.121653385
GLA_human,S273Q,S304Q,304,273,0.63454115,0.051120203
GLA_human,S273R,S304R,304,273,0.7864793,0.085589826
GLA_human,S273T,S304T,304,273,0.7091854,0.116702825
GLA_human,S273V,S304V,304,273,1.0736197,0.11568169
GLA_human,S273W,S304W,304,273,0.68055916,0.082382575
GLA_human,S273Y,S304Y,304,273,0.60944283,0.06905509
GLA_human,P274A,P305A,305,274,0.15664473,0.117131196
GLA_human,P274C,P305C,305,274,0.39407694,0.06355442
GLA_human,P274D,P305D,305,274,0.13946232,0.060264222
GLA_human,P274E,P305E,305,274,0.25074703,0.09022376
GLA_human,P274F,P305F,305,274,0.6133913,0.14683165
GLA_human,P274G,P305G,305,274,0.56007135,0.09317398
GLA_human,P274H,P305H,305,274,0.55156994,0.1234896
GLA_human,P274I,P305I,305,274,0.41400138,0.051583216
GLA_human,P274K,P305K,305,274,0.30737406,0.07533475
GLA_human,P274L,P305L,305,274,0.25243753,0.042362623
GLA_human,P274M,P305M,305,274,0.5006685,0.08695045
GLA_human,P274N,P305N,305,274,0.2519112,0.05464546
GLA_human,P274Q,P305Q,305,274,0.36724097,0.105993055
GLA_human,P274R,P305R,305,274,0.37396967,0.09720363
GLA_human,P274S,P305S,305,274,0.17182252,0.040305823
GLA_human,P274T,P305T,305,274,0.31097147,0.03576918
GLA_human,P274V,P305V,305,274,0.32409978,0.0517941
GLA_human,P274W,P305W,305,274,0.48153257,0.2043562
GLA_human,P274Y,P305Y,305,274,0.75987136,0.16556752
GLA_human,K277A,K308A,308,277,0.88147736,0.15649042
GLA_human,K277C,K308C,308,277,1.1292677,0.11773044
GLA_human,K277D,K308D,308,277,2.2602217,0.09582091
GLA_human,K277E,K308E,308,277,1.2528213,0.039259877
GLA_human,K277F,K308F,308,277,0.8582036,0.13638455
GLA_human,K277G,K308G,308,277,2.018581,0.2577747
GLA_human,K277H,K308H,308,277,0.9531104,0.038967125
GLA_human,K277I,K308I,308,277,0.7575195,0.115360156
GLA_human,K277L,K308L,308,277,0.7931257,0.13779467
GLA_human,K277M,K308M,308,277,0.3240656,0.06449743
GLA_human,K277N,K308N,308,277,2.1007385,0.07100499
GLA_human,K277P,K308P,308,277,2.6711392,0.17220876
GLA_human,K277Q,K308Q,308,277,0.57251406,0.060488034
GLA_human,K277R,K308R,308,277,-0.029523099,0.020263264
GLA_human,K277S,K308S,308,277,1.1298398,0.052002504
GLA_human,K277T,K308T,308,277,1.1031315,0.04338886
GLA_human,K277V,K308V,308,277,1.143702,0.116632454
GLA_human,K277W,K308W,308,277,0.69068056,0.1717876
GLA_human,K277Y,K308Y,308,277,1.0322467,0.10520491
GLA_human,A278L,A309L,309,278,0.38271397,0.10487544
GLA_human,A278M,A309M,309,278,0.33047146,0.09508425
GLA_human,A278N,A309N,309,278,0.582261,0.09767215
GLA_human,A278P,A309P,309,278,1.8389374,0.07371136
GLA_human,A278Q,A309Q,309,278,0.32555288,0.09104157
GLA_human,A278R,A309R,309,278,0.1127877,0.045374136
GLA_human,A278S,A309S,309,278,0.35550705,0.031257704
GLA_human,A278T,A309T,309,278,0.6786033,0.10672892
GLA_human,A278V,A309V,309,278,0.5135516,0.1054984
GLA_human,A278W,A309W,309,278,0.2232224,0.086458564
GLA_human,A278Y,A309Y,309,278,0.5372027,0.11333722
GLA_human,L279A,L310A,310,279,2.1096647,0.20957464
GLA_human,L279C,L310C,310,279,1.657423,0.13865386
GLA_human,L279D,L310D,310,279,2.88307,0.13143834
GLA_human,L279E,L310E,310,279,2.840094,0.2138977
GLA_human,L279F,L310F,310,279,1.9856017,0.13840045
GLA_human,L279G,L310G,310,279,2.3792834,0.22027212
GLA_human,L279H,L310H,310,279,2.7543952,0.124851696
GLA_human,L279I,L310I,310,279,1.3733664,0.100632355
GLA_human,L279K,L310K,310,279,2.8492289,0.13614085
GLA_human,L279M,L310M,310,279,1.1000081,0.08616445
GLA_human,L279N,L310N,310,279,2.7731047,0.07457702
GLA_human,L279P,L310P,310,279,2.3231761,0.0975894
GLA_human,L279Q,L310Q,310,279,2.906493,0.16902274
GLA_human,L279R,L310R,310,279,3.101844,0.20224789
GLA_human,L279S,L310S,310,279,2.3520455,0.16295256
GLA_human,L279T,L310T,310,279,2.3790863,0.13838512
GLA_human,L279V,L310V,310,279,1.5413601,0.08394621
GLA_human,L279W,L310W,310,279,2.045126,0.14234999
GLA_human,L279Y,L310Y,310,279,2.151526,0.13671269
GLA_human,L280A,L311A,311,280,2.374426,0.07490098
GLA_human,L280C,L311C,311,280,1.5727895,0.034118343
GLA_human,L280D,L311D,311,280,3.4418018,0.11594047
GLA_human,L280E,L311E,311,280,2.9291134,0.12995401
GLA_human,L280F,L311F,311,280,1.9032387,0.087072745
GLA_human,L280G,L311G,311,280,2.6292813,0.07521866
GLA_human,L280H,L311H,311,280,3.1175182,0.04508137
GLA_human,L280I,L311I,311,280,1.1287848,0.073370636
GLA_human,L280K,L311K,311,280,2.9953663,0.16231555
GLA_human,L280M,L311M,311,280,0.9236013,0.05645266
GLA_human,L280N,L311N,311,280,3.38325,0.0589154
GLA_human,L280P,L311P,311,280,2.5934925,0.0810371
GLA_human,L280Q,L311Q,311,280,2.9286861,0.08864888
GLA_human,L280R,L311R,311,280,3.3182092,0.20429455
GLA_human,L280S,L311S,311,280,2.8084886,0.09005451
GLA_human,L280T,L311T,311,280,2.09066,0.06920038
GLA_human,L280V,L311V,311,280,1.6983969,0.07797861
GLA_human,L280W,L311W,311,280,2.0544338,0.20507382
GLA_human,L280Y,L311Y,311,280,1.9307249,0.11637057
GLA_human,Q281W,Q312W,312,281,0.92206395,0.17387092
GLA_human,Q281Y,Q312Y,312,281,1.6338196,0.12827362
GLA_human,D282A,D313A,313,282,0.672655,0.13859051
GLA_human,D282C,D313C,313,282,0.12768064,0.12350804
GLA_human,D282E,D313E,313,282,0.82835704,0.22718237
GLA_human,D282F,D313F,313,282,0.561359,0.2416714
GLA_human,D282G,D313G,313,282,1.0192287,0.23901862
GLA_human,D282H,D313H,313,282,-0.026518757,0.1380618
GLA_human,D282I,D313I,313,282,1.1984441,0.0978689
GLA_human,D282K,D313K,313,282,1.1220316,0.32085302
GLA_human,D282L,D313L,313,282,0.95424175,0.18431194
GLA_human,D282M,D313M,313,282,0.1434818,0.16006799
GLA_human,D282N,D313N,313,282,-0.3031862,0.04815037
GLA_human,D282P,D313P,313,282,2.7989793,0.2845148
GLA_human,D282Q,D313Q,313,282,0.54812574,0.19666298
GLA_human,D282R,D313R,313,282,0.9899562,0.27642533
GLA_human,D282S,D313S,313,282,0.270578,0.06585077
GLA_human,D282T,D313T,313,282,1.3411791,0.09774478
GLA_human,D282V,D313V,313,282,1.8953193,0.09701527
GLA_human,D282W,D313W,313,282,0.76212454,0.1777256
GLA_human,D282Y,D313Y,313,282,0.81166935,0.2083996
GLA_human,K283A,K314A,314,283,0.16854021,0.0767163
GLA_human,K283C,K314C,314,283,0.32518885,0.06287869
GLA_human,K283D,K314D,314,283,0.76788694,0.06181627
GLA_human,K283E,K314E,314,283,0.33474112,0.037416514
GLA_human,K283F,K314F,314,283,-0.25236696,0.0834186
GLA_human,K283G,K314G,314,283,0.444353,0.15933448
GLA_human,K283H,K314H,314,283,0.11948885,0.037075073
GLA_human,K283I,K314I,314,283,0.3390214,0.111841284
GLA_human,K283L,K314L,314,283,-0.038003772,0.12056792
GLA_human,K283M,K314M,314,283,0.32537538,0.12059726
GLA_human,K283N,K314N,314,283,0.6826956,0.033960428
GLA_human,K283P,K314P,314,283,0.4930672,0.16381493
GLA_human,K283Q,K314Q,314,283,0.20742452,0.03370045
GLA_human,K283R,K314R,314,283,-0.26802397,0.041439127
GLA_human,K283S,K314S,314,283,0.32120755,0.043527134
GLA_human,K283T,K314T,314,283,0.44480577,0.052139767
GLA_human,K283V,K314V,314,283,0.38169488,0.11110878
GLA_human,K283W,K314W,314,283,-0.11326808,0.059854444
GLA_human,K283Y,K314Y,314,283,-0.40387565,0.07838309
GLA_human,D284A,D315A,315,284,0.18281028,0.08734655
GLA_human,D284C,D315C,315,284,0.37036043,0.094170034
GLA_human,D284E,D315E,315,284,0.62895906,0.24949789
GLA_human,D284F,D315F,315,284,0.14659497,0.11053418
GLA_human,D284G,D315G,315,284,0.47286925,0.15097328
GLA_human,D284H,D315H,315,284,0.493467,0.07839463
GLA_human,D284I,D315I,315,284,1.3091965,0.10195431
GLA_human,D284K,D315K,315,284,1.2831557,0.14164028
GLA_human,D284L,D315L,315,284,0.50801647,0.11016126
GLA_human,D284M,D315M,315,284,0.4980538,0.116495036
GLA_human,D284N,D315N,315,284,0.64171517,0.03452524
GLA_human,D284P,D315P,315,284,1.15281,0.1293208
GLA_human,D284Q,D315Q,315,284,0.7092942,0.16481052
GLA_human,D284R,D315R,315,284,0.45307964,0.13080333
GLA_human,D284S,D315S,315,284,0.14108115,0.02868373
GLA_human,D284T,D315T,315,284,1.0957482,0.12313339
GLA_human,D284V,D315V,315,284,1.2983654,0.05035939
GLA_human,D284W,D315W,315,284,0.2359864,0.11465782
GLA_human,D284Y,D315Y,315,284,0.07674275,0.112847485
GLA_human,V285A,V316A,316,285,1.2916362,0.10282759
GLA_human,V285C,V316C,316,285,1.0357168,0.087594554
GLA_human,V285D,V316D,316,285,2.2763271,0.148512
GLA_human,V285E,V316E,316,285,2.5136623,0.10073997
GLA_human,V285F,V316F,316,285,1.7495358,0.20540775
GLA_human,V285G,V316G,316,285,2.7310593,0.21191394
GLA_human,V285H,V316H,316,285,3.1345487,0.116356745
GLA_human,V285I,V316I,316,285,0.21097675,0.05969702
GLA_human,V285K,V316K,316,285,2.4768167,0.18920667
GLA_human,V285L,V316L,316,285,0.12273735,0.09013239
GLA_human,V285M,V316M,316,285,1.3964512,0.124876834
GLA_human,V285N,V316N,316,285,2.1202443,0.12276142
GLA_human,V285P,V316P,316,285,1.3142312,0.08057353
GLA_human,V285Q,V316Q,316,285,2.5051436,0.107196674
GLA_human,V285S,V316S,316,285,1.77458,0.08313504
GLA_human,V285T,V316T,316,285,1.0386692,0.035942934
GLA_human,V285W,V316W,316,285,2.1695814,0.24652176
GLA_human,V285Y,V316Y,316,285,2.175004,0.12353748
GLA_human,I286A,I317A,317,286,2.2977192,0.09691032
GLA_human,I286C,I317C,317,286,1.7840106,0.08360307
GLA_human,I286D,I317D,317,286,2.835241,0.19693716
GLA_human,I286E,I317E,317,286,2.8596387,0.13821054
GLA_human,I286F,I317F,317,286,2.3208575,0.18439694
GLA_human,I286G,I317G,317,286,2.4831076,0.16286965
GLA_human,I286H,I317H,317,286,2.7105663,0.04359782
GLA_human,I286K,I317K,317,286,2.4143746,0.08631946
GLA_human,I286L,I317L,317,286,0.18319535,0.048013616
GLA_human,I286M,I317M,317,286,2.0053377,0.07520778
GLA_human,I286N,I317N,317,286,2.6359136,0.023537766
GLA_human,I286P,I317P,317,286,2.8240242,0.105872706
GLA_human,I286Q,I317Q,317,286,2.9521348,0.14074229
GLA_human,I286R,I317R,317,286,2.4225235,0.102033935
GLA_human,I286S,I317S,317,286,2.388003,0.061755564
GLA_human,I286T,I317T,317,286,2.1018186,0.13382424
GLA_human,I286V,I317V,317,286,0.7409894,0.057521515
GLA_human,I286W,I317W,317,286,1.9885128,0.18488085
GLA_human,I286Y,I317Y,317,286,2.27244,0.22201829
GLA_human,A287C,A318C,318,287,0.61015624,0.113935925
GLA_human,A287D,A318D,318,287,0.36619776,0.08363767
GLA_human,A287E,A318E,318,287,0.3049391,0.062579155
GLA_human,A287F,A318F,318,287,0.6925792,0.119613916
GLA_human,A287G,A318G,318,287,0.5821489,0.039445225
GLA_human,A287H,A318H,318,287,0.5421489,0.08628937
GLA_human,A287I,A318I,318,287,0.5572424,0.08276793
GLA_human,A287K,A318K,318,287,0.081142314,0.070544176
GLA_human,A287L,A318L,318,287,0.57527936,0.12043073
GLA_human,A287M,A318M,318,287,0.714986,0.113067284
GLA_human,A287N,A318N,318,287,0.38980407,0.061476517
GLA_human,A287P,A318P,318,287,1.8777136,0.07585966
GLA_human,A287Q,A318Q,318,287,0.4234069,0.088232934
GLA_human,A287R,A318R,318,287,0.08032895,0.06299162
GLA_human,A287S,A318S,318,287,0.3090616,0.03762112
GLA_human,A287T,A318T,318,287,0.9351145,0.10208261
GLA_human,A287V,A318V,318,287,0.8248911,0.090082124
GLA_human,A287W,A318W,318,287,0.39289302,0.12180734
GLA_human,A287Y,A318Y,318,287,0.6167792,0.11817352
GLA_human,I288A,I319A,319,288,2.2047157,0.12812376
GLA_human,I288C,I319C,319,288,1.8637117,0.08977345
GLA_human,I288D,I319D,319,288,2.7346923,0.12998453
GLA_human,I288E,I319E,319,288,2.7879589,0.15618305
GLA_human,I288F,I319F,319,288,1.7230104,0.1838563
GLA_human,I288G,I319G,319,288,2.403436,0.17615893
GLA_human,I288H,I319H,319,288,2.7067945,0.14528176
GLA_human,I288K,I319K,319,288,2.4111583,0.11851144
GLA_human,I288L,I319L,319,288,0.5079236,0.045231543
GLA_human,I288M,I319M,319,288,0.47361112,0.04653195
GLA_human,I288N,I319N,319,288,2.6176076,0.045203656
GLA_human,I288P,I319P,319,288,2.1894832,0.049315155
GLA_human,I288Q,I319Q,319,288,1.979051,0.06860674
GLA_human,I288R,I319R,319,288,2.3281834,0.2000548
GLA_human,I288S,I319S,319,288,2.5873387,0.0846077
GLA_human,I288T,I319T,319,288,1.7397029,0.09071297
GLA_human,I288V,I319V,319,288,0.35906768,0.053179782
GLA_human,I288W,I319W,319,288,2.013925,0.26316857
GLA_human,I288Y,I319Y,319,288,1.9742422,0.20099461
GLA_human,N289A,N320A,320,289,1.617399,0.101900436
GLA_human,N289C,N320C,320,289,1.0424466,0.089931294
GLA_human,N289D,N320D,320,289,0.22965665,0.0685868
GLA_human,N289E,N320E,320,289,1.6358948,0.15858659
GLA_human,N289F,N320F,320,289,1.8383356,0.2016715
GLA_human,N289G,N320G,320,289,1.8003595,0.17803448
GLA_human,N289H,N320H,320,289,1.2726187,0.12139248
GLA_human,N289I,N320I,320,289,1.6000118,0.12167673
GLA_human,N289K,N320K,320,289,2.2626672,0.24255225
GLA_human,N289L,N320L,320,289,1.5217555,0.11000817
GLA_human,N289M,N320M,320,289,1.4752439,0.15642208
GLA_human,N289P,N320P,320,289,2.1141388,0.12714987
GLA_human,N289Q,N320Q,320,289,1.533911,0.12582351
GLA_human,N289R,N320R,320,289,2.3284602,0.27841988
GLA_human,N289S,N320S,320,289,2.0216002,0.116924964
GLA_human,N289T,N320T,320,289,1.8946781,0.20350084
GLA_human,N289V,N320V,320,289,1.6940682,0.112714455
GLA_human,N289W,N320W,320,289,2.1067336,0.21047403
GLA_human,N289Y,N320Y,320,289,2.402226,0.2388195
GLA_human,Q290A,Q321A,321,290,1.9304978,0.17410393
GLA_human,Q290C,Q321C,321,290,1.4559004,0.15155184
GLA_human,Q290D,Q321D,321,290,2.178813,0.16594565
GLA_human,Q290E,Q321E,321,290,1.0008748,0.08232569
GLA_human,Q290F,Q321F,321,290,1.6860292,0.07626157
GLA_human,Q290G,Q321G,321,290,1.953406,0.07788339
GLA_human,Q290H,Q321H,321,290,1.2139614,0.09697646
GLA_human,Q290I,Q321I,321,290,1.4351633,0.093095616
GLA_human,Q290K,Q321K,321,290,1.593618,0.13876991
GLA_human,Q290L,Q321L,321,290,1.5469943,0.10912623
GLA_human,Q290M,Q321M,321,290,0.99383575,0.048492953
GLA_human,Q290N,Q321N,321,290,1.6972523,0.14003715
GLA_human,Q290P,Q321P,321,290,2.4428444,0.0918542
GLA_human,Q290R,Q321R,321,290,1.0910046,0.11743903
GLA_human,Q290S,Q321S,321,290,1.88009,0.13862869
GLA_human,Q290T,Q321T,321,290,1.4573946,0.17098303
GLA_human,Q290V,Q321V,321,290,1.5156437,0.19168195
GLA_human,Q290W,Q321W,321,290,1.1998062,0.11683659
GLA_human,Q290Y,Q321Y,321,290,1.7487001,0.12393133
GLA_human,D291A,D322A,322,291,1.4410225,0.1374313
GLA_human,D291C,D322C,322,291,1.0095024,0.16557358
GLA_human,D291E,D322E,322,291,2.1499178,0.18327053
GLA_human,D291F,D322F,322,291,1.6062956,0.18902482
GLA_human,D291G,D322G,322,291,1.5852712,0.16010043
GLA_human,D291H,D322H,322,291,1.0837147,0.04137234
GLA_human,D291I,D322I,322,291,2.447237,0.137627
GLA_human,D291K,D322K,322,291,2.643178,0.25438672
GLA_human,D291L,D322L,322,291,2.607348,0.16908386
GLA_human,D291M,D322M,322,291,1.9754444,0.16345404
GLA_human,D291N,D322N,322,291,0.8854624,0.099661544
GLA_human,D291P,D322P,322,291,2.7581296,0.24419658
GLA_human,D291Q,D322Q,322,291,2.1794925,0.20674607
GLA_human,D291R,D322R,322,291,2.3261294,0.21979405
GLA_human,D291S,D322S,322,291,1.1765077,0.07408262
GLA_human,D291T,D322T,322,291,2.225543,0.1407995
GLA_human,D291V,D322V,322,291,2.6996236,0.1121444
GLA_human,D291W,D322W,322,291,1.3207246,0.2245801
GLA_human,D291Y,D322Y,322,291,1.850405,0.21088266
GLA_human,P292A,P323A,323,292,0.48125634,0.09264271
GLA_human,P292C,P323C,323,292,0.49630135,0.029961541
GLA_human,P292D,P323D,323,292,0.33447012,0.07027067
GLA_human,P292E,P323E,323,292,0.28078833,0.10517138
GLA_human,P292F,P323F,323,292,0.32468683,0.11572267
GLA_human,P292G,P323G,323,292,0.81063986,0.11442755
GLA_human,P292H,P323H,323,292,0.39681125,0.12631923
GLA_human,P292I,P323I,323,292,-0.047686435,0.07451627
GLA_human,P292K,P323K,323,292,0.2835738,0.10940052
GLA_human,P292L,P323L,323,292,0.15757199,0.08288463
GLA_human,P292M,P323M,323,292,0.14408147,0.11941004
GLA_human,P292N,P323N,323,292,0.38315395,0.104148015
GLA_human,P292Q,P323Q,323,292,0.2983635,0.118106425
GLA_human,P292R,P323R,323,292,0.23385902,0.14423223
GLA_human,P292S,P323S,323,292,0.30822694,0.06559936
GLA_human,P292T,P323T,323,292,0.40471515,0.032004457
GLA_human,P292V,P323V,323,292,0.051849283,0.06252721
GLA_human,P292W,P323W,323,292,0.20816341,0.13647401
GLA_human,P292Y,P323Y,323,292,0.33875015,0.13295889
GLA_human,L293A,L324A,324,293,0.8050674,0.12503475
GLA_human,L293D,L324D,324,293,1.1312243,0.14550488
GLA_human,L293E,L324E,324,293,1.4582382,0.11245208
GLA_human,L293F,L324F,324,293,0.83433807,0.07140266
GLA_human,L293G,L324G,324,293,1.4173409,0.098144494
GLA_human,L293H,L324H,324,293,1.4139669,0.05650863
GLA_human,L293I,L324I,324,293,1.1237481,0.09367813
GLA_human,L293K,L324K,324,293,1.2258079,0.047902115
GLA_human,L293M,L324M,324,293,0.6762868,0.064955086
GLA_human,L293N,L324N,324,293,1.5047305,0.11254183
GLA_human,L293P,L324P,324,293,1.6014798,0.195156
GLA_human,L293Q,L324Q,324,293,1.4928106,0.06636267
GLA_human,L293R,L324R,324,293,1.2745075,0.04813221
GLA_human,L293S,L324S,324,293,0.90046805,0.113714814
GLA_human,G294A,G325A,325,294,0.47851372,0.049674843
GLA_human,G294C,G325C,325,294,0.5813816,0.10447373
GLA_human,G294D,G325D,325,294,2.045076,0.05641004
GLA_human,G294K,G325K,325,294,1.7330716,0.1008372
GLA_human,G294L,G325L,325,294,1.5543083,0.12754208
GLA_human,G294M,G325M,325,294,1.3943164,0.08717402
GLA_human,G294N,G325N,325,294,1.6522238,0.071232975
GLA_human,G294P,G325P,325,294,1.8948847,0.1182044
GLA_human,G294Q,G325Q,325,294,1.6420672,0.07891338
GLA_human,G294R,G325R,325,294,1.6415713,0.13489896
GLA_human,G294S,G325S,325,294,1.0201212,0.060408533
GLA_human,G294T,G325T,325,294,1.6477581,0.09720476
GLA_human,G294V,G325V,325,294,1.5437388,0.08892863
GLA_human,G294W,G325W,325,294,1.0663573,0.06703737
GLA_human,G294Y,G325Y,325,294,0.5801383,0.07436797
GLA_human,K295A,K326A,326,295,0.543115,0.14095347
GLA_human,K295C,K326C,326,295,0.55215895,0.14967115
GLA_human,K295D,K326D,326,295,1.7520329,0.12069004
GLA_human,K295E,K326E,326,295,1.2447695,0.061077464
GLA_human,K295F,K326F,326,295,0.91910094,0.10791089
GLA_human,K295G,K326G,326,295,1.3461773,0.19025756
GLA_human,K295H,K326H,326,295,0.9177701,0.06935717
GLA_human,K295I,K326I,326,295,0.55310327,0.109813206
GLA_human,K295L,K326L,326,295,0.42118153,0.0970882
GLA_human,K295M,K326M,326,295,0.25973004,0.04335909
GLA_human,K295N,K326N,326,295,1.5244474,0.07623647
GLA_human,K295P,K326P,326,295,2.5475533,0.1448871
GLA_human,K295Q,K326Q,326,295,0.70739776,0.034567058
GLA_human,K295R,K326R,326,295,0.030666914,0.053954974
GLA_human,K295S,K326S,326,295,0.88366014,0.096353896
GLA_human,K295T,K326T,326,295,1.3596929,0.12517963
GLA_human,K295V,K326V,326,295,1.0426848,0.16379671
GLA_human,K295W,K326W,326,295,0.90013313,0.09308539
GLA_human,K295Y,K326Y,326,295,1.016485,0.09095294
GLA_human,Q296A,Q327A,327,296,1.38376,0.09751191
GLA_human,Q296C,Q327C,327,296,1.0417135,0.15917099
GLA_human,Q296D,Q327D,327,296,1.766025,0.13402396
GLA_human,Q296E,Q327E,327,296,0.5157703,0.07810808
GLA_human,Q296F,Q327F,327,296,1.531538,0.06341563
GLA_human,Q296G,Q327G,327,296,1.7391865,0.12964155
GLA_human,Q296H,Q327H,327,296,1.01093,0.11491681
GLA_human,Q296I,Q327I,327,296,1.876234,0.1265305
GLA_human,Q296K,Q327K,327,296,1.5533084,0.100015946
GLA_human,Q296L,Q327L,327,296,1.9337603,0.091475055
GLA_human,Q296M,Q327M,327,296,-0.074812606,0.07364183
GLA_human,Q296N,Q327N,327,296,1.3934625,0.093823075
GLA_human,Q296P,Q327P,327,296,1.1089157,0.08479049
GLA_human,Q296R,Q327R,327,296,1.1177381,0.06661316
GLA_human,Q296S,Q327S,327,296,1.4290621,0.037367452
GLA_human,Q296T,Q327T,327,296,1.5214232,0.15130131
GLA_human,Q296V,Q327V,327,296,1.417742,0.1898828
GLA_human,Q296W,Q327W,327,296,1.5820801,0.084164664
GLA_human,Q296Y,Q327Y,327,296,1.7233158,0.086772576
GLA_human,G297A,G328A,328,297,0.78155947,0.11963347
GLA_human,G297C,G328C,328,297,1.1188595,0.03024571
GLA_human,G297D,G328D,328,297,2.69689,0.09721296
GLA_human,G297E,G328E,328,297,2.6746387,0.19542845
GLA_human,G297F,G328F,328,297,2.0705955,0.10567111
GLA_human,G297H,G328H,328,297,2.4679894,0.16936271
GLA_human,G297I,G328I,328,297,2.1460617,0.13173257
GLA_human,G297K,G328K,328,297,2.5922012,0.18176322
GLA_human,G297Q,G328Q,328,297,2.4459488,0.17425221
GLA_human,G297R,G328R,328,297,2.4060938,0.15844323
GLA_human,G297S,G328S,328,297,1.6666601,0.10139542
GLA_human,G297T,G328T,328,297,2.3367393,0.16820414
GLA_human,G297V,G328V,328,297,2.248386,0.13748689
GLA_human,G297W,G328W,328,297,1.1074636,0.20988403
GLA_human,G297Y,G328Y,328,297,1.9745617,0.16354927
GLA_human,Y298A,Y329A,329,298,2.045765,0.1721143
GLA_human,Y298C,Y329C,329,298,1.3816481,0.17083241
GLA_human,Y298D,Y329D,329,298,3.2822354,0.1138961
GLA_human,Y298E,Y329E,329,298,2.995129,0.13163555
GLA_human,Y298F,Y329F,329,298,0.8478592,0.07643101
GLA_human,Y298G,Y329G,329,298,2.5665061,0.17145292
GLA_human,Y298H,Y329H,329,298,1.589277,0.066577226
GLA_human,Y298I,Y329I,329,298,1.6757753,0.16176282
GLA_human,Y298K,Y329K,329,298,2.2458813,0.17982514
GLA_human,Y298L,Y329L,329,298,1.7284817,0.20787583
GLA_human,Y298M,Y329M,329,298,1.9198071,0.16270865
GLA_human,Y298N,Y329N,329,298,2.5937371,0.059984762
GLA_human,Y298P,Y329P,329,298,2.8783584,0.097240835
GLA_human,Y298Q,Y329Q,329,298,2.4231887,0.113046326
GLA_human,Y298R,Y329R,329,298,1.2180903,0.089806266
GLA_human,Y298S,Y329S,329,298,1.8855997,0.16764684
GLA_human,Y298T,Y329T,329,298,2.082661,0.119814724
GLA_human,Y298V,Y329V,329,298,1.796943,0.12625855
GLA_human,Y298W,Y329W,329,298,0.5445881,0.04037691
GLA_human,Q299A,Q330A,330,299,1.010667,0.19322066
GLA_human,Q299C,Q330C,330,299,0.01555756,0.093421526
GLA_human,Q299D,Q330D,330,299,1.0931314,0.07238899
GLA_human,Q299E,Q330E,330,299,0.23383537,0.042553935
GLA_human,Q299F,Q330F,330,299,0.53736126,0.12831974
GLA_human,Q299G,Q330G,330,299,1.9465411,0.2769865
GLA_human,Q299H,Q330H,330,299,0.7527557,0.07557896
GLA_human,Q299I,Q330I,330,299,1.136443,0.0899601
GLA_human,Q299K,Q330K,330,299,0.2371443,0.0616717
GLA_human,Q299L,Q330L,330,299,0.052627765,0.14687514
GLA_human,Q299M,Q330M,330,299,-0.12544978,0.0663516
GLA_human,Q299N,Q330N,330,299,0.77200586,0.065050945
GLA_human,Q299P,Q330P,330,299,1.6819661,0.04211267
GLA_human,Q299R,Q330R,330,299,0.0292274,0.0875312
GLA_human,Q299S,Q330S,330,299,1.206003,0.13523486
GLA_human,Q299T,Q330T,330,299,1.028283,0.09127038
GLA_human,Q299V,Q330V,330,299,1.1088326,0.07555684
GLA_human,Q299W,Q330W,330,299,0.78157014,0.15697393
GLA_human,Q299Y,Q330Y,330,299,1.2935019,0.17732082
GLA_human,R301A,R332A,332,301,0.5440811,0.072130874
GLA_human,R301C,R332C,332,301,0.002265796,0.043947324
GLA_human,R301D,R332D,332,301,1.455387,0.036520332
GLA_human,R301E,R332E,332,301,0.7718013,0.044803966
GLA_human,R301F,R332F,332,301,-0.19176127,0.033628266
GLA_human,R301G,R332G,332,301,1.0684698,0.18053983
GLA_human,R301H,R332H,332,301,0.3733759,0.07130431
GLA_human,R301I,R332I,332,301,0.46474472,0.11180079
GLA_human,R301K,R332K,332,301,0.52623296,0.12392544
GLA_human,R301L,R332L,332,301,0.18829866,0.05902276
GLA_human,R301M,R332M,332,301,-0.036001023,0.053660978
GLA_human,R301N,R332N,332,301,0.9119462,0.07291459
GLA_human,R301P,R332P,332,301,1.867327,0.22007652
GLA_human,R301Q,R332Q,332,301,0.44052824,0.03557279
GLA_human,R301S,R332S,332,301,0.37586585,0.04091859
GLA_human,R301T,R332T,332,301,0.5989709,0.06135635
GLA_human,R301V,R332V,332,301,0.8201529,0.13482082
GLA_human,R301W,R332W,332,301,-0.41180506,0.04801328
GLA_human,R301Y,R332Y,332,301,-0.300784,0.012066689
GLA_human,Q302A,Q333A,333,302,-0.15163329,0.1142235
GLA_human,Q302C,Q333C,333,302,-0.08980554,0.11521958
GLA_human,Q302D,Q333D,333,302,0.6129103,0.077314235
GLA_human,Q302E,Q333E,333,302,0.18717568,0.032342162
GLA_human,Q302F,Q333F,333,302,-0.22154078,0.06488331
GLA_human,Q302G,Q333G,333,302,0.6896309,0.22412902
GLA_human,Q302H,Q333H,333,302,0.26991606,0.035012424
GLA_human,Q302I,Q333I,333,302,0.18162397,0.008017912
GLA_human,Q302K,Q333K,333,302,-0.1632441,0.05806598
GLA_human,Q302L,Q333L,333,302,0.05197824,0.025126262
GLA_human,Q302M,Q333M,333,302,-0.103899695,0.03571117
GLA_human,Q302N,Q333N,333,302,0.34852475,0.043835375
GLA_human,Q302P,Q333P,333,302,2.290091,0.15996023
GLA_human,Q302R,Q333R,333,302,-0.08698428,0.04796188
GLA_human,Q302S,Q333S,333,302,-0.17603861,0.030509172
GLA_human,Q302T,Q333T,333,302,-0.03345311,0.040287476
GLA_human,Q302V,Q333V,333,302,0.12452992,0.0383655
GLA_human,Q302W,Q333W,333,302,-0.09734686,0.11152292
GLA_human,Q302Y,Q333Y,333,302,-0.2189816,0.0851647
GLA_human,G303A,G334A,334,303,0.6316174,0.07773631
GLA_human,G303C,G334C,334,303,0.040807534,0.043636028
GLA_human,G303D,G334D,334,303,0.1789051,0.083889514
GLA_human,G303E,G334E,334,303,-0.17222604,0.06634716
GLA_human,G303F,G334F,334,303,-0.010797502,0.045506205
GLA_human,G303H,G334H,334,303,0.041813936,0.05294525
GLA_human,G303I,G334I,334,303,0.28659594,0.077657916
GLA_human,G303K,G334K,334,303,0.4338588,0.12580906
GLA_human,G303L,G334L,334,303,0.30794477,0.10536773
GLA_human,G303M,G334M,334,303,0.32653627,0.0750201
GLA_human,G303N,G334N,334,303,0.28697285,0.102516614
GLA_human,G303P,G334P,334,303,1.6904835,0.16023098
GLA_human,G303Q,G334Q,334,303,0.06533595,0.045875974
GLA_human,G303W,G334W,334,303,0.24153557,0.04205612
GLA_human,G303Y,G334Y,334,303,0.05600974,0.037836164
GLA_human,D304A,D335A,335,304,0.78337383,0.11250833
GLA_human,D304C,D335C,335,304,0.42878237,0.100783914
GLA_human,D304E,D335E,335,304,0.4151949,0.03800422
GLA_human,D304F,D335F,335,304,0.57625955,0.08218852
GLA_human,D304G,D335G,335,304,0.22857177,0.120747216
GLA_human,D304H,D335H,335,304,0.47689086,0.06896283
GLA_human,D304I,D335I,335,304,1.0694218,0.16909988
GLA_human,D304K,D335K,335,304,0.9053939,0.0990723
GLA_human,D304L,D335L,335,304,0.60859185,0.060598325
GLA_human,D304M,D335M,335,304,0.39773756,0.049807735
GLA_human,D304N,D335N,335,304,0.20838313,0.05823356
GLA_human,D304P,D335P,335,304,1.4958525,0.22088817
GLA_human,D304Q,D335Q,335,304,0.3017458,0.030496437
GLA_human,D304R,D335R,335,304,0.72599494,0.05351625
GLA_human,D304S,D335S,335,304,0.5463699,0.116525896
GLA_human,D304T,D335T,335,304,1.23745,0.14952753
GLA_human,D304V,D335V,335,304,1.5537179,0.149498
GLA_human,D304W,D335W,335,304,0.556907,0.04622246
GLA_human,D304Y,D335Y,335,304,0.6063553,0.09757377
GLA_human,N305A,N336A,336,305,0.17630747,0.122414894
GLA_human,N305C,N336C,336,305,0.08921614,0.08897207
GLA_human,N305D,N336D,336,305,0.25597662,0.043452382
GLA_human,N305E,N336E,336,305,0.33698854,0.05387316
GLA_human,N305F,N336F,336,305,-0.18100874,0.11367285
GLA_human,N305G,N336G,336,305,0.61859065,0.20940654
GLA_human,N305H,N336H,336,305,0.19314656,0.04028388
GLA_human,N305I,N336I,336,305,0.36165756,0.1481553
GLA_human,N305K,N336K,336,305,0.29394487,0.053151354
GLA_human,N305L,N336L,336,305,-0.0071827485,0.08520794
GLA_human,N305M,N336M,336,305,-0.113068864,0.0877552
GLA_human,N305P,N336P,336,305,1.3987219,0.06801654
GLA_human,N305Q,N336Q,336,305,0.09330155,0.060220595
GLA_human,N305R,N336R,336,305,0.0975264,0.02333164
GLA_human,N305S,N336S,336,305,0.08246821,0.07538037
GLA_human,N305T,N336T,336,305,1.1797081,0.052495997
GLA_human,N305V,N336V,336,305,0.7346033,0.122792855
GLA_human,N305W,N336W,336,305,0.018793475,0.118709005
GLA_human,N305Y,N336Y,336,305,-0.17270672,0.10847865
GLA_human,F306A,F337A,337,306,2.2686481,0.099861965
GLA_human,F306C,F337C,337,306,1.6891034,0.24140674
GLA_human,F306D,F337D,337,306,2.6641128,0.14909926
GLA_human,F306E,F337E,337,306,2.180561,0.14108418
GLA_human,F306G,F337G,337,306,2.2645495,0.105959415
GLA_human,F306H,F337H,337,306,2.0018673,0.16289306
GLA_human,F306I,F337I,337,306,0.44850922,0.08924708
GLA_human,F306K,F337K,337,306,2.6175504,0.22075841
GLA_human,F306L,F337L,337,306,1.4929434,0.13743162
GLA_human,F306M,F337M,337,306,1.0254596,0.065950826
GLA_human,F306N,F337N,337,306,2.5666704,0.17929463
GLA_human,F306P,F337P,337,306,2.5343127,0.15206037
GLA_human,F306Q,F337Q,337,306,2.466236,0.20682208
GLA_human,F306R,F337R,337,306,2.249261,0.17504779
GLA_human,F306S,F337S,337,306,2.3705955,0.066780314
GLA_human,F306T,F337T,337,306,2.3601472,0.06018008
GLA_human,F306V,F337V,337,306,1.3253572,0.13661614
GLA_human,F306W,F337W,337,306,0.40654516,0.059703298
GLA_human,F306Y,F337Y,337,306,0.9028467,0.021789078
GLA_human,E307A,E338A,338,307,0.41180277,0.147712
GLA_human,E307C,E338C,338,307,0.3603252,0.18614268
GLA_human,E307D,E338D,338,307,0.47735137,0.10881535
GLA_human,E307F,E338F,338,307,0.8919948,0.03571821
GLA_human,E307G,E338G,338,307,1.4928881,0.30434385
GLA_human,E307H,E338H,338,307,1.0010009,0.10066134
GLA_human,E307I,E338I,338,307,1.0557392,0.09015877
GLA_human,E307K,E338K,338,307,1.349673,0.13956435
GLA_human,E307L,E338L,338,307,0.6594536,0.12116662
GLA_human,E307M,E338M,338,307,0.39477363,0.043798856
GLA_human,V308A,V339A,339,308,1.7347801,0.25670603
GLA_human,V308C,V339C,339,308,0.9679265,0.09474392
GLA_human,V308D,V339D,339,308,2.4605546,0.13485894
GLA_human,V308E,V339E,339,308,2.0275383,0.059321623
GLA_human,V308F,V339F,339,308,1.0969714,0.10122792
GLA_human,V308G,V339G,339,308,2.77562,0.31370097
GLA_human,V308H,V339H,339,308,2.2334847,0.11537302
GLA_human,V308I,V339I,339,308,0.25367492,0.059603874
GLA_human,V308K,V339K,339,308,2.2010512,0.12175181
GLA_human,W309A,W340A,340,309,3.2673008,0.28704786
GLA_human,W309C,W340C,340,309,2.3254786,0.18233672
GLA_human,W309D,W340D,340,309,3.838353,0.21318771
GLA_human,W309E,W340E,340,309,3.5276642,0.13324635
GLA_human,W309F,W340F,340,309,1.1933992,0.07666241
GLA_human,W309G,W340G,340,309,4.0417147,0.24088109
GLA_human,W309H,W340H,340,309,2.3927555,0.17198993
GLA_human,W309I,W340I,340,309,3.0402133,0.16190335
GLA_human,W309K,W340K,340,309,3.516758,0.22447738
GLA_human,W309L,W340L,340,309,2.9358556,0.16394532
GLA_human,W309M,W340M,340,309,2.5367112,0.12431912
GLA_human,W309N,W340N,340,309,3.611813,0.16205442
GLA_human,W309P,W340P,340,309,3.9414876,0.20833053
GLA_human,W309Q,W340Q,340,309,3.2722104,0.13401024
GLA_human,W309R,W340R,340,309,2.6417506,0.2174974
GLA_human,W309S,W340S,340,309,3.2771118,0.2457719
GLA_human,W309T,W340T,340,309,3.5675182,0.18765703
GLA_human,W309V,W340V,340,309,3.3543503,0.10171472
GLA_human,W309Y,W340Y,340,309,1.1129614,0.09295447
GLA_human,R311A,R342A,342,311,0.76883566,0.18371053
GLA_human,R311C,R342C,342,311,0.57111657,0.15380923
GLA_human,R311D,R342D,342,311,2.0519776,0.07318301
GLA_human,R311E,R342E,342,311,1.6789929,0.1057004
GLA_human,R311F,R342F,342,311,1.4537728,0.06475736
GLA_human,R311G,R342G,342,311,1.8746849,0.21109746
GLA_human,R311H,R342H,342,311,1.2826288,0.13603778
GLA_human,R311I,R342I,342,311,-0.038120165,0.06444289
GLA_human,R311K,R342K,342,311,-0.1255235,0.099162936
GLA_human,R311L,R342L,342,311,0.3092692,0.0698369
GLA_human,R311M,R342M,342,311,-0.045122474,0.05603926
GLA_human,R311N,R342N,342,311,1.7429823,0.06481675
GLA_human,R311P,R342P,342,311,2.0646214,0.1220685
GLA_human,R311Q,R342Q,342,311,0.95573246,0.09185199
GLA_human,R311S,R342S,342,311,1.2338121,0.12817577
GLA_human,R311T,R342T,342,311,0.7268613,0.058532804
GLA_human,R311V,R342V,342,311,0.24639896,0.08254163
GLA_human,R311W,R342W,342,311,1.2471312,0.09671235
GLA_human,R311Y,R342Y,342,311,0.95113724,0.054382503
GLA_human,P312A,P343A,343,312,1.0437213,0.17440833
GLA_human,P312C,P343C,343,312,0.9238802,0.038557876
GLA_human,P312D,P343D,343,312,1.5267129,0.070722766
GLA_human,P312E,P343E,343,312,0.62661743,0.04857317
GLA_human,P312F,P343F,343,312,0.6155063,0.14596626
GLA_human,P312G,P343G,343,312,1.5486811,0.18289968
GLA_human,P312H,P343H,343,312,0.80938184,0.08097689
GLA_human,P312I,P343I,343,312,1.0276506,0.11014738
GLA_human,P312L,P343L,343,312,0.90779686,0.14931181
GLA_human,P312M,P343M,343,312,0.7724729,0.10534628
GLA_human,P312N,P343N,343,312,1.2977812,0.09148538
GLA_human,P312Q,P343Q,343,312,0.40186048,0.04339797
GLA_human,P312R,P343R,343,312,0.58317304,0.10850598
GLA_human,P312S,P343S,343,312,1.0120198,0.035418563
GLA_human,P312T,P343T,343,312,1.1580535,0.05206411
GLA_human,P312V,P343V,343,312,1.2227296,0.07070995
GLA_human,P312W,P343W,343,312,0.72375184,0.10770802
GLA_human,P312Y,P343Y,343,312,0.60472167,0.119484276
GLA_human,S314A,S345A,345,314,-0.1817882,0.042827893
GLA_human,S314C,S345C,345,314,0.23426545,0.024622506
GLA_human,S314D,S345D,345,314,1.0061119,0.10635167
GLA_human,S314E,S345E,345,314,0.8168168,0.09948144
GLA_human,S314F,S345F,345,314,0.3322634,0.16310368
GLA_human,S314G,S345G,345,314,0.39296156,0.114869505
GLA_human,S314H,S345H,345,314,0.7243094,0.03962991
GLA_human,S314I,S345I,345,314,0.68239254,0.11545211
GLA_human,S314K,S345K,345,314,0.9823469,0.060478453
GLA_human,S314L,S345L,345,314,0.56307507,0.10790849
GLA_human,S314M,S345M,345,314,0.5123877,0.071132064
GLA_human,S314N,S345N,345,314,0.9976369,0.07299114
GLA_human,S314P,S345P,345,314,1.8559288,0.11716269
GLA_human,S314Q,S345Q,345,314,0.63890374,0.08898584
GLA_human,S314R,S345R,345,314,0.87247837,0.069720544
GLA_human,S314T,S345T,345,314,0.3821271,0.04878989
GLA_human,S314V,S345V,345,314,0.4856789,0.09974919
GLA_human,S314W,S345W,345,314,0.39786506,0.172936
GLA_human,S314Y,S345Y,345,314,0.39373976,0.16276278
GLA_human,G315A,G346A,346,315,0.9602066,0.05330769
GLA_human,G315C,G346C,346,315,0.6943734,0.07079759
GLA_human,G315D,G346D,346,315,0.5444253,0.10593979
GLA_human,G315E,G346E,346,315,0.6469565,0.1306676
GLA_human,G315F,G346F,346,315,0.43238735,0.15328433
GLA_human,G315H,G346H,346,315,0.3359278,0.10683801
GLA_human,G315I,G346I,346,315,1.2388884,0.14652501
GLA_human,G315K,G346K,346,315,0.47889718,0.08917124
GLA_human,G315L,G346L,346,315,0.6066386,0.11811637
GLA_human,G315M,G346M,346,315,0.6411303,0.11951205
GLA_human,G315N,G346N,346,315,0.3616869,0.11695484
GLA_human,G315P,G346P,346,315,2.3219275,0.22490649
GLA_human,G315Q,G346Q,346,315,0.6092721,0.12313571
GLA_human,G315R,G346R,346,315,0.50455844,0.089236595
GLA_human,G315S,G346S,346,315,0.68405604,0.08443527
GLA_human,G315T,G346T,346,315,1.4524621,0.0965105
GLA_human,G315V,G346V,346,315,1.5192478,0.11617487
GLA_human,G315W,G346W,346,315,0.47452345,0.12093287
GLA_human,A317C,A348C,348,317,0.33528,0.14279103
GLA_human,A317D,A348D,348,317,1.288321,0.14924486
GLA_human,A317E,A348E,348,317,0.67767227,0.05955734
GLA_human,A317F,A348F,348,317,0.36619115,0.18080069
GLA_human,A317G,A348G,348,317,1.1792037,0.16868122
GLA_human,A317H,A348H,348,317,0.85370827,0.13603123
GLA_human,A317I,A348I,348,317,0.15736423,0.17027228
GLA_human,A317K,A348K,348,317,0.05128488,0.07968658
GLA_human,A317L,A348L,348,317,0.45849332,0.21187383
GLA_human,A317M,A348M,348,317,0.08092604,0.12752718
GLA_human,A317N,A348N,348,317,1.0425322,0.21233836
GLA_human,A317P,A348P,348,317,2.005278,0.20274404
GLA_human,A317Q,A348Q,348,317,0.3585309,0.068208516
GLA_human,A317R,A348R,348,317,-0.102994956,0.051362477
GLA_human,A317S,A348S,348,317,0.37144578,0.07529557
GLA_human,A317T,A348T,348,317,0.8277299,0.16195054
GLA_human,A317V,A348V,348,317,0.21659088,0.1546363
GLA_human,A317W,A348W,348,317,0.5588772,0.07219725
GLA_human,A317Y,A348Y,348,317,0.32324785,0.12832628
GLA_human,W318A,W349A,349,318,2.2841911,0.23564287
GLA_human,W318C,W349C,349,318,1.4725621,0.19599342
GLA_human,W318D,W349D,349,318,2.9515233,0.16375016
GLA_human,W318E,W349E,349,318,2.5241256,0.16829978
GLA_human,W318F,W349F,349,318,0.5413442,0.03603998
GLA_human,W318G,W349G,349,318,2.9149394,0.1429746
GLA_human,W318H,W349H,349,318,1.7948614,0.055257283
GLA_human,W318I,W349I,349,318,2.2808459,0.08530085
GLA_human,W318K,W349K,349,318,2.8133767,0.22312179
GLA_human,W318L,W349L,349,318,1.819751,0.08501313
GLA_human,W318M,W349M,349,318,1.8849329,0.11589677
GLA_human,W318N,W349N,349,318,2.793552,0.110094
GLA_human,W318P,W349P,349,318,3.1855397,0.17808914
GLA_human,W318Q,W349Q,349,318,2.438858,0.15991814
GLA_human,W318R,W349R,349,318,1.9200634,0.1497842
GLA_human,W318S,W349S,349,318,2.405007,0.16015834
GLA_human,W318T,W349T,349,318,2.1866245,0.05846965
GLA_human,W318V,W349V,349,318,2.0105138,0.035659015
GLA_human,W318Y,W349Y,349,318,0.5487766,0.048355374
GLA_human,A319C,A350C,350,319,1.0617278,0.17054299
GLA_human,A319D,A350D,350,319,2.7743015,0.19972908
GLA_human,A319E,A350E,350,319,2.328055,0.24985494
GLA_human,A319F,A350F,350,319,2.3299294,0.32602233
GLA_human,A319G,A350G,350,319,1.1817182,0.14307305
GLA_human,A319H,A350H,350,319,2.7067318,0.21860868
GLA_human,A319I,A350I,350,319,1.2487694,0.22187915
GLA_human,A319K,A350K,350,319,3.1145914,0.23241091
GLA_human,A319L,A350L,350,319,1.6986811,0.28350237
GLA_human,A319M,A350M,350,319,1.967077,0.33560658
GLA_human,A319N,A350N,350,319,2.8104873,0.24133669
GLA_human,A319P,A350P,350,319,2.9701087,0.34600225
GLA_human,A319Q,A350Q,350,319,2.6869733,0.3039267
GLA_human,A319R,A350R,350,319,2.686254,0.28543353
GLA_human,A319S,A350S,350,319,0.94896984,0.110710636
GLA_human,A319T,A350T,350,319,2.007996,0.29043272
GLA_human,A319V,A350V,350,319,1.4080502,0.32271576
GLA_human,A319W,A350W,350,319,2.474334,0.24302797
GLA_human,A319Y,A350Y,350,319,2.0957162,0.32754555
GLA_human,A321C,A352C,352,321,0.614977,0.17904933
GLA_human,A321D,A352D,352,321,2.466589,0.29145637
GLA_human,A321E,A352E,352,321,2.3702588,0.2202264
GLA_human,A321F,A352F,352,321,1.3382088,0.22882125
GLA_human,A321G,A352G,352,321,1.0469167,0.10841525
GLA_human,A321H,A352H,352,321,2.793285,0.2068183
GLA_human,A321I,A352I,352,321,1.4934767,0.29955986
GLA_human,A321K,A352K,352,321,2.9674702,0.24735251
GLA_human,A321L,A352L,352,321,0.9590376,0.19665024
GLA_human,A321M,A352M,352,321,1.1125138,0.2230331
GLA_human,A321N,A352N,352,321,2.416776,0.316652
GLA_human,A321P,A352P,352,321,2.9204926,0.39856085
GLA_human,A321Q,A352Q,352,321,1.9592493,0.1752856
GLA_human,A321R,A352R,352,321,3.0919566,0.21344961
GLA_human,A321S,A352S,352,321,0.7949767,0.11102644
GLA_human,A321T,A352T,352,321,1.8791167,0.35112578
GLA_human,A321V,A352V,352,321,1.5205066,0.34902024
GLA_human,A321W,A352W,352,321,1.5319828,0.17654774
GLA_human,A321Y,A352Y,352,321,1.6269102,0.24255708
GLA_human,I323A,I354A,354,323,1.1456656,0.11258187
GLA_human,I323C,I354C,354,323,0.69341177,0.12158674
GLA_human,I323D,I354D,354,323,1.4139359,0.049967606
GLA_human,I323E,I354E,354,323,1.3102324,0.05561205
GLA_human,I323F,I354F,354,323,-0.1926187,0.06540925
GLA_human,I323G,I354G,354,323,2.2372577,0.18711138
GLA_human,I323H,I354H,354,323,0.2309833,0.0787698
GLA_human,I323K,I354K,354,323,1.2013571,0.06117913
GLA_human,I323L,I354L,354,323,-0.07815419,0.06894349
GLA_human,I323M,I354M,354,323,-0.03916714,0.036034945
GLA_human,I323N,I354N,354,323,1.4208397,0.0966505
GLA_human,I323P,I354P,354,323,1.6937336,0.12707588
GLA_human,I323Q,I354Q,354,323,1.2461468,0.08700029
GLA_human,I323R,I354R,354,323,0.87326354,0.08099418
GLA_human,I323S,I354S,354,323,1.374474,0.11813831
GLA_human,I323T,I354T,354,323,0.8280325,0.070846744
GLA_human,I323V,I354V,354,323,0.042925492,0.037179567
GLA_human,I323W,I354W,354,323,0.1762879,0.0788921
GLA_human,I323Y,I354Y,354,323,-0.0591288,0.110453255
GLA_human,N324A,N355A,355,324,1.8807703,0.18082395
GLA_human,N324C,N355C,355,324,0.44328985,0.10401582
GLA_human,N324D,N355D,355,324,0.48712063,0.043853916
GLA_human,N324E,N355E,355,324,1.8362248,0.07632923
GLA_human,N324F,N355F,355,324,0.84260577,0.15506962
GLA_human,N324G,N355G,355,324,2.0327287,0.31407818
GLA_human,N324H,N355H,355,324,1.1021029,0.06876748
GLA_human,N324I,N355I,355,324,2.6380153,0.23256873
GLA_human,N324K,N355K,355,324,2.2613206,0.118582346
GLA_human,N324L,N355L,355,324,0.7020949,0.095175326
GLA_human,N324M,N355M,355,324,1.3153751,0.10954671
GLA_human,N324P,N355P,355,324,2.9271617,0.17870502
GLA_human,N324Q,N355Q,355,324,1.1278428,0.076158114
GLA_human,N324R,N355R,355,324,2.0948884,0.16150314
GLA_human,N324S,N355S,355,324,1.2232982,0.099622995
GLA_human,N324T,N355T,355,324,2.1460044,0.12468463
GLA_human,N324V,N355V,355,324,2.0737772,0.08965495
GLA_human,N324W,N355W,355,324,1.8734207,0.17761497
GLA_human,N324Y,N355Y,355,324,0.92256224,0.19863291
GLA_human,R325A,R356A,356,325,0.96794164,0.18287179
GLA_human,R325C,R356C,356,325,0.33574623,0.13138632
GLA_human,R325D,R356D,356,325,0.9677824,0.06312173
GLA_human,R325E,R356E,356,325,1.226507,0.16305949
GLA_human,R325F,R356F,356,325,0.055520795,0.05737844
GLA_human,R325G,R356G,356,325,1.435317,0.23552038
GLA_human,R325H,R356H,356,325,0.853762,0.10605426
GLA_human,R325I,R356I,356,325,0.7464487,0.046222094
GLA_human,R325K,R356K,356,325,0.85894805,0.091409415
GLA_human,R325L,R356L,356,325,0.30872014,0.044603016
GLA_human,R325M,R356M,356,325,0.2176034,0.08282556
GLA_human,R325N,R356N,356,325,0.8092068,0.056603044
GLA_human,R325P,R356P,356,325,1.7696301,0.1382223
GLA_human,R325Q,R356Q,356,325,1.1383405,0.090685844
GLA_human,R325S,R356S,356,325,0.9085108,0.1607863
GLA_human,R325T,R356T,356,325,0.80336535,0.10658835
GLA_human,R325W,R356W,356,325,0.09887935,0.04219382
GLA_human,R325Y,R356Y,356,325,0.40250593,0.022333093
GLA_human,Q326A,Q357A,357,326,0.39975673,0.093988284
GLA_human,Q326C,Q357C,357,326,-0.090353146,0.09895793
GLA_human,Q326D,Q357D,357,326,0.51176536,0.06766241
GLA_human,Q326E,Q357E,357,326,0.41475147,0.057108447
GLA_human,Q326F,Q357F,357,326,0.5914542,0.12727208
GLA_human,Q326G,Q357G,357,326,1.0643913,0.24227414
GLA_human,Q326H,Q357H,357,326,0.65726644,0.05990971
GLA_human,Q326I,Q357I,357,326,0.7610904,0.04285467
GLA_human,Q326K,Q357K,357,326,0.33529216,0.04486339
GLA_human,Q326L,Q357L,357,326,-0.004434666,0.056530785
GLA_human,Q326M,Q357M,357,326,-0.066128954,0.0336419
GLA_human,Q326N,Q357N,357,326,0.6967653,0.030671885
GLA_human,Q326P,Q357P,357,326,2.3091836,0.08058529
GLA_human,Q326R,Q357R,357,326,-0.021937218,0.07292274
GLA_human,Q326S,Q357S,357,326,0.16799721,0.051770918
GLA_human,Q326T,Q357T,357,326,0.433953,0.05837673
GLA_human,Q326V,Q357V,357,326,0.9588312,0.07998816
GLA_human,Q326W,Q357W,357,326,0.6740221,0.1389958
GLA_human,Q326Y,Q357Y,357,326,0.56652206,0.14480057
GLA_human,I328A,I359A,359,328,0.48090425,0.08615511
GLA_human,I328C,I359C,359,328,0.25814694,0.038898878
GLA_human,I328D,I359D,359,328,0.6749451,0.11753025
GLA_human,I328E,I359E,359,328,0.69054157,0.1328534
GLA_human,I328F,I359F,359,328,0.11061908,0.059897557
GLA_human,I328G,I359G,359,328,0.50680894,0.16649956
GLA_human,I328H,I359H,359,328,0.5619372,0.058101114
GLA_human,I328K,I359K,359,328,0.61884505,0.078142166
GLA_human,I328L,I359L,359,328,0.13729295,0.036015905
GLA_human,I328M,I359M,359,328,0.15838411,0.058260024
GLA_human,I328N,I359N,359,328,0.83059424,0.09145105
GLA_human,I328P,I359P,359,328,0.44317952,0.0771615
GLA_human,I328Q,I359Q,359,328,0.81883985,0.1110116
GLA_human,I328R,I359R,359,328,0.42778167,0.04399184
GLA_human,I328S,I359S,359,328,0.5141711,0.094552994
GLA_human,I328T,I359T,359,328,0.76506263,0.06558794
GLA_human,I328V,I359V,359,328,0.17041889,0.02209931
GLA_human,I328W,I359W,359,328,0.17480707,0.092585094
GLA_human,I328Y,I359Y,359,328,0.23509891,0.05791029
GLA_human,G329E,G360E,360,329,1.6541979,0.049572542
GLA_human,G329F,G360F,360,329,1.0769743,0.062070254
GLA_human,G329H,G360H,360,329,1.378719,0.05906319
GLA_human,G329I,G360I,360,329,1.5674298,0.03896402
GLA_human,G329K,G360K,360,329,1.6737124,0.08082823
GLA_human,G329L,G360L,360,329,1.5251503,0.04732316
GLA_human,G329M,G360M,360,329,1.3828224,0.084089346
GLA_human,G329N,G360N,360,329,1.3915088,0.08288399
GLA_human,G329P,G360P,360,329,1.5553312,0.072691165
GLA_human,G329Q,G360Q,360,329,1.4827149,0.03257649
GLA_human,G329R,G360R,360,329,1.588134,0.060685225
GLA_human,G329S,G360S,360,329,1.1221982,0.02336666
GLA_human,G329T,G360T,360,329,1.5599331,0.067940086
GLA_human,G329V,G360V,360,329,1.6427896,0.04947765
GLA_human,G329W,G360W,360,329,1.4148104,0.09073789
GLA_human,G329Y,G360Y,360,329,1.1542542,0.08222452
GLA_human,G330A,G361A,361,330,1.1993654,0.12570423
GLA_human,G330C,G361C,361,330,0.55312645,0.0666494
GLA_human,G330D,G361D,361,330,1.3892151,0.09728874
GLA_human,G330E,G361E,361,330,1.3253567,0.1366305
GLA_human,G330F,G361F,361,330,0.7038969,0.13192883
GLA_human,G330H,G361H,361,330,0.8286271,0.11249082
GLA_human,G330I,G361I,361,330,1.4586118,0.20046827
GLA_human,G330K,G361K,361,330,1.249379,0.1741396
GLA_human,G330L,G361L,361,330,1.5950855,0.20249613
GLA_human,G330M,G361M,361,330,1.046537,0.18314976
GLA_human,G330N,G361N,361,330,1.3982241,0.14200118
GLA_human,G330P,G361P,361,330,0.7401825,0.095005415
GLA_human,G330Q,G361Q,361,330,1.1715894,0.128001
GLA_human,G330R,G361R,361,330,1.2166094,0.21486406
GLA_human,G330S,G361S,361,330,1.0987027,0.10106494
GLA_human,G330T,G361T,361,330,1.4296204,0.089107156
GLA_human,G330V,G361V,361,330,1.3465313,0.1653112
GLA_human,G330W,G361W,361,330,0.80251646,0.14677437
GLA_human,G330Y,G361Y,361,330,0.7496811,0.15481329
GLA_human,P331A,P362A,362,331,0.2497263,0.17879613
GLA_human,P331C,P362C,362,331,0.73976743,0.11083664
GLA_human,P331D,P362D,362,331,0.8225306,0.08077466
GLA_human,R332A,R363A,363,332,1.6760321,0.14665325
GLA_human,R332C,R363C,363,332,1.4764321,0.10618726
GLA_human,R332D,R363D,363,332,2.465116,0.049736906
GLA_human,R332E,R363E,363,332,2.0942369,0.10462156
GLA_human,R332F,R363F,363,332,1.7658455,0.05982393
GLA_human,R332G,R363G,363,332,1.7114818,0.22045289
GLA_human,R332H,R363H,363,332,1.8704036,0.13338926
GLA_human,R332I,R363I,363,332,1.8024553,0.11417707
GLA_human,R332K,R363K,363,332,1.8587898,0.09168315
GLA_human,R332L,R363L,363,332,1.3408148,0.120018214
GLA_human,R332M,R363M,363,332,1.4146258,0.11656236
GLA_human,S333A,S364A,364,333,-0.2209712,0.032391682
GLA_human,S333C,S364C,364,333,-0.016354952,0.026881695
GLA_human,S333D,S364D,364,333,-0.2199086,0.06718724
GLA_human,S333E,S364E,364,333,0.007406704,0.08119606
GLA_human,S333F,S364F,364,333,-0.23776254,0.06902732
GLA_human,S333G,S364G,364,333,0.27091965,0.09322093
GLA_human,S333H,S364H,364,333,0.22543354,0.062090244
GLA_human,S333I,S364I,364,333,-0.020613018,0.094530426
GLA_human,S333K,S364K,364,333,0.98514855,0.14159702
GLA_human,S333L,S364L,364,333,-0.31039172,0.089593805
GLA_human,S333M,S364M,364,333,0.0065199756,0.064434044
GLA_human,S333N,S364N,364,333,0.4707086,0.096181
GLA_human,S333P,S364P,364,333,0.6773691,0.13702433
GLA_human,S333Q,S364Q,364,333,0.24115796,0.08635353
GLA_human,S333R,S364R,364,333,0.73049754,0.086291805
GLA_human,S333T,S364T,364,333,-0.0361258,0.07595365
GLA_human,S333V,S364V,364,333,-0.13768105,0.09426642
GLA_human,S333W,S364W,364,333,-0.3606692,0.06465377
GLA_human,S333Y,S364Y,364,333,-0.25929755,0.07501781
GLA_human,Y334A,Y365A,365,334,1.6027386,0.2054452
GLA_human,Y334C,Y365C,365,334,0.8768425,0.19883999
GLA_human,Y334D,Y365D,365,334,2.47902,0.07113459
GLA_human,Y334E,Y365E,365,334,2.3872166,0.08539901
GLA_human,Y334F,Y365F,365,334,0.05707566,0.03315201
GLA_human,Y334G,Y365G,365,334,2.3521783,0.09293753
GLA_human,Y334H,Y365H,365,334,1.3343695,0.06290535
GLA_human,Y334I,Y365I,365,334,1.2637925,0.025763638
GLA_human,Y334K,Y365K,365,334,2.1160958,0.13459414
GLA_human,Y334L,Y365L,365,334,0.6261577,0.09292007
GLA_human,Y334M,Y365M,365,334,1.3472271,0.15786667
GLA_human,Y334N,Y365N,365,334,2.274217,0.06418167
GLA_human,Y334P,Y365P,365,334,2.6051402,0.12340194
GLA_human,Y334Q,Y365Q,365,334,2.24435,0.12425271
GLA_human,Y334R,Y365R,365,334,1.662249,0.097231716
GLA_human,Y334S,Y365S,365,334,1.8275524,0.17214331
GLA_human,Y334T,Y365T,365,334,1.9015061,0.0631905
GLA_human,Y334V,Y365V,365,334,1.733057,0.04369558
GLA_human,Y334W,Y365W,365,334,0.69650733,0.02158412
GLA_human,T335A,T366A,366,335,0.7092546,0.11706257
GLA_human,T335C,T366C,366,335,0.5108717,0.10346217
GLA_human,T335D,T366D,366,335,0.25999677,0.092544325
GLA_human,T335E,T366E,366,335,0.23596248,0.021339554
GLA_human,T335F,T366F,366,335,0.2848649,0.074959055
GLA_human,T335G,T366G,366,335,1.3086426,0.20143338
GLA_human,T335H,T366H,366,335,1.0981814,0.06153976
GLA_human,T335I,T366I,366,335,0.21889246,0.048901472
GLA_human,T335K,T366K,366,335,1.1313884,0.08353171
GLA_human,T335L,T366L,366,335,0.3894899,0.085327074
GLA_human,T335M,T366M,366,335,0.34518647,0.07815908
GLA_human,T335N,T366N,366,335,0.9695241,0.035100393
GLA_human,T335P,T366P,366,335,1.3139634,0.14128563
GLA_human,T335Q,T366Q,366,335,0.81049407,0.100119345
GLA_human,T335R,T366R,366,335,0.8508978,0.07580212
GLA_human,T335S,T366S,366,335,0.48707932,0.10988753
GLA_human,T335V,T366V,366,335,0.085205,0.06795194
GLA_human,T335W,T366W,366,335,0.0914074,0.053120177
GLA_human,T335Y,T366Y,366,335,0.29262128,0.07925509
GLA_human,I336A,I367A,367,336,1.4397429,0.061158378
GLA_human,I336C,I367C,367,336,0.70209837,0.09353671
GLA_human,I336D,I367D,367,336,2.4534318,0.10296577
GLA_human,I336E,I367E,367,336,1.2829015,0.1434034
GLA_human,I336F,I367F,367,336,0.13036498,0.062390137
GLA_human,I336G,I367G,367,336,2.488886,0.12181474
GLA_human,I336H,I367H,367,336,1.867238,0.13796853
GLA_human,I336K,I367K,367,336,2.28974,0.09916882
GLA_human,I336L,I367L,367,336,-0.07082383,0.088575326
GLA_human,I336M,I367M,367,336,0.12595527,0.07124657
GLA_human,I336N,I367N,367,336,2.3364315,0.12504333
GLA_human,I336P,I367P,367,336,2.0799885,0.15525436
GLA_human,I336Q,I367Q,367,336,1.6917607,0.10486731
GLA_human,I336R,I367R,367,336,2.179694,0.14098771
GLA_human,I336S,I367S,367,336,1.9682966,0.04679796
GLA_human,I336T,I367T,367,336,1.1164633,0.09766002
GLA_human,I336V,I367V,367,336,0.2566124,0.02876485
GLA_human,I336W,I367W,367,336,0.7192693,0.1345243
GLA_human,I336Y,I367Y,367,336,0.9060365,0.07831272
GLA_human,A337C,A368C,368,337,0.13416883,0.05584218
GLA_human,A337D,A368D,368,337,0.22447006,0.12436474
GLA_human,A337E,A368E,368,337,-0.057343185,0.06734445
GLA_human,A337F,A368F,368,337,0.05798977,0.086422205
GLA_human,A337G,A368G,368,337,0.4896298,0.072206646
GLA_human,A337H,A368H,368,337,0.17156106,0.07836152
GLA_human,A337I,A368I,368,337,0.19207136,0.06036435
GLA_human,A337K,A368K,368,337,0.30600426,0.10379772
GLA_human,A337L,A368L,368,337,0.04470064,0.05682707
GLA_human,A337M,A368M,368,337,0.11007706,0.06616998
GLA_human,A337N,A368N,368,337,0.47625628,0.11527305
GLA_human,A337P,A368P,368,337,0.42970198,0.14983198
GLA_human,A337Q,A368Q,368,337,0.17983834,0.06694029
GLA_human,A337R,A368R,368,337,0.32554945,0.052863218
GLA_human,A337S,A368S,368,337,0.20120208,0.08916067
GLA_human,A337T,A368T,368,337,0.57061946,0.10880069
GLA_human,A337V,A368V,368,337,0.29729718,0.08005315
GLA_human,A337W,A368W,368,337,0.020371864,0.06808165
GLA_human,A337Y,A368Y,368,337,0.07603453,0.088415205
GLA_human,A339C,A370C,370,339,-0.10749266,0.06284696
GLA_human,A339D,A370D,370,339,0.5439968,0.08910801
GLA_human,A339E,A370E,370,339,0.1272309,0.027321644
GLA_human,A339F,A370F,370,339,-0.12204033,0.12323389
GLA_human,A339G,A370G,370,339,0.91778773,0.15077826
GLA_human,A339H,A370H,370,339,-0.051927216,0.078266725
GLA_human,A339I,A370I,370,339,0.30830556,0.08583526
GLA_human,A339K,A370K,370,339,0.20548077,0.033612553
GLA_human,A339L,A370L,370,339,0.42274123,0.045728657
GLA_human,A339M,A370M,370,339,-0.08473686,0.030595863
GLA_human,A339N,A370N,370,339,0.28912994,0.071613275
GLA_human,A339P,A370P,370,339,1.3049265,0.2355478
GLA_human,A339Q,A370Q,370,339,-0.006678513,0.0320903
GLA_human,A339R,A370R,370,339,0.12122722,0.079143
GLA_human,A339S,A370S,370,339,0.020870028,0.07010254
GLA_human,A339T,A370T,370,339,0.69459796,0.122537486
GLA_human,A339V,A370V,370,339,0.44952494,0.105503425
GLA_human,A339W,A370W,370,339,-0.08526014,0.14508927
GLA_human,A339Y,A370Y,370,339,-0.055278957,0.13160224
GLA_human,S340A,S371A,371,340,0.09398444,0.047025025
GLA_human,S340C,S371C,371,340,0.15142575,0.054463487
GLA_human,S340D,S371D,371,340,0.3599785,0.11180172
GLA_human,S340E,S371E,371,340,0.19452098,0.08696521
GLA_human,S340F,S371F,371,340,0.3659068,0.06003892
GLA_human,S340G,S371G,371,340,0.4727816,0.11064296
GLA_human,S340H,S371H,371,340,0.47262627,0.04155872
GLA_human,S340I,S371I,371,340,0.03698299,0.08070545
GLA_human,S340K,S371K,371,340,1.0899546,0.12837428
GLA_human,S340L,S371L,371,340,0.21423168,0.075742126
GLA_human,S340M,S371M,371,340,0.27866298,0.05159296
GLA_human,S340N,S371N,371,340,0.7265544,0.10729247
GLA_human,S340P,S371P,371,340,0.4515544,0.11770296
GLA_human,S340Q,S371Q,371,340,0.33432978,0.090629324
GLA_human,S340R,S371R,371,340,0.91176283,0.064840145
GLA_human,S340T,S371T,371,340,0.24176565,0.031671852
GLA_human,S340V,S371V,371,340,0.19363311,0.07797722
GLA_human,S340W,S371W,371,340,0.27703673,0.08437872
GLA_human,S340Y,S371Y,371,340,0.32023403,0.06782589
GLA_human,G342A,G373A,373,342,1.2928019,0.06460776
GLA_human,G342C,G373C,373,342,1.2986863,0.14816496
GLA_human,G342D,G373D,373,342,2.4555001,0.12006425
GLA_human,G342E,G373E,373,342,2.4200807,0.0738855
GLA_human,G342F,G373F,373,342,1.1787701,0.11287278
GLA_human,G342H,G373H,373,342,1.7221644,0.09133053
GLA_human,G342I,G373I,373,342,1.7051462,0.061288625
GLA_human,G342K,G373K,373,342,2.486547,0.05435518
GLA_human,G342L,G373L,373,342,1.6654009,0.07698211
GLA_human,G342M,G373M,373,342,1.7573382,0.054020125
GLA_human,G342N,G373N,373,342,2.422196,0.132755
GLA_human,G342P,G373P,373,342,2.491403,0.12369793
GLA_human,G342Q,G373Q,373,342,2.3111086,0.10365963
GLA_human,G342R,G373R,373,342,2.062093,0.049476605
GLA_human,G342S,G373S,373,342,1.3657777,0.06057519
GLA_human,G342T,G373T,373,342,2.1454387,0.102248184
GLA_human,G342V,G373V,373,342,1.8900576,0.09857646
GLA_human,G342W,G373W,373,342,0.9829944,0.091919236
GLA_human,G342Y,G373Y,373,342,0.9186808,0.100001626
GLA_human,K343A,K374A,374,343,0.033681657,0.065783
GLA_human,K343C,K374C,374,343,0.03477108,0.05152159
GLA_human,K343E,K374E,374,343,0.31929284,0.030346183
GLA_human,K343F,K374F,374,343,-0.19728419,0.046170827
GLA_human,K343G,K374G,374,343,0.041958317,0.087674476
GLA_human,K343H,K374H,374,343,-0.020448964,0.025799759
GLA_human,K343I,K374I,374,343,0.34634036,0.02488956
GLA_human,K343L,K374L,374,343,0.08059989,0.040486906
GLA_human,K343M,K374M,374,343,0.018523484,0.03608019
GLA_human,K343N,K374N,374,343,0.32231045,0.058086462
GLA_human,K343P,K374P,374,343,0.7119745,0.121299624
GLA_human,K343Q,K374Q,374,343,0.07286115,0.027990544
GLA_human,K343R,K374R,374,343,-0.17022069,0.037045553
GLA_human,K343S,K374S,374,343,0.11413183,0.031878263
GLA_human,K343T,K374T,374,343,0.36251387,0.057642236
GLA_human,G344A,G375A,375,344,0.9152274,0.059394866
GLA_human,G344C,G375C,375,344,0.45158935,0.08096304
GLA_human,G344D,G375D,375,344,1.2563467,0.11860026
GLA_human,G344E,G375E,375,344,1.2272584,0.08383085
GLA_human,G344F,G375F,375,344,0.4255348,0.041326676
GLA_human,G344H,G375H,375,344,0.59641355,0.024927245
GLA_human,G344I,G375I,375,344,0.85359114,0.09136695
GLA_human,G344K,G375K,375,344,1.1077322,0.039199647
GLA_human,G344L,G375L,375,344,0.9445974,0.071032725
GLA_human,G344M,G375M,375,344,0.85179317,0.049074735
GLA_human,G344N,G375N,375,344,0.9920031,0.07506829
GLA_human,G344P,G375P,375,344,1.4346225,0.12446839
GLA_human,G344Q,G375Q,375,344,1.0419842,0.06828926
GLA_human,G344R,G375R,375,344,0.92213756,0.0385772
GLA_human,G344S,G375S,375,344,0.49070054,0.067185245
GLA_human,G344T,G375T,375,344,1.1462082,0.09538428
GLA_human,G344V,G375V,375,344,0.85188055,0.07868448
GLA_human,G344W,G375W,375,344,0.4076132,0.051973198
GLA_human,G344Y,G375Y,375,344,0.33723432,0.049194396
GLA_human,A346C,A377C,377,346,0.5056671,0.16609563
GLA_human,A346D,A377D,377,346,2.1965938,0.09380012
GLA_human,A346E,A377E,377,346,2.4249816,0.08341435
GLA_human,A346F,A377F,377,346,1.2104095,0.06087949
GLA_human,A346G,A377G,377,346,1.169053,0.11682241
GLA_human,A346H,A377H,377,346,1.9426692,0.06799984
GLA_human,A346I,A377I,377,346,1.6299722,0.1154431
GLA_human,A346K,A377K,377,346,2.3410656,0.06378826
GLA_human,A346L,A377L,377,346,1.6628082,0.090320595
GLA_human,A346M,A377M,377,346,1.5941646,0.08231655
GLA_human,A346N,A377N,377,346,1.9326513,0.09682699
GLA_human,A346P,A377P,377,346,1.715326,0.23072314
GLA_human,A346Q,A377Q,377,346,2.2910347,0.07757552
GLA_human,A346R,A377R,377,346,2.2839637,0.08606266
GLA_human,A346S,A377S,377,346,1.1237056,0.045289937
GLA_human,A346T,A377T,377,346,1.5780233,0.19857006
GLA_human,A346V,A377V,377,346,0.8362547,0.18106289
GLA_human,A346W,A377W,377,346,1.5409935,0.11755864
GLA_human,A346Y,A377Y,377,346,1.6717625,0.06312404
GLA_human,C347A,C378A,378,347,1.5634706,0.1796412
GLA_human,C347D,C378D,378,347,2.566383,0.14260179
GLA_human,N348A,N379A,379,348,0.44218826,0.14599381
GLA_human,N348C,N379C,379,348,-0.07651377,0.10562669
GLA_human,N348D,N379D,379,348,0.26078463,0.041575983
GLA_human,N348E,N379E,379,348,0.49942112,0.067649156
GLA_human,N348F,N379F,379,348,-0.08741404,0.096051194
GLA_human,N348G,N379G,379,348,0.9794389,0.16884139
GLA_human,N348H,N379H,379,348,0.45786062,0.032362718
GLA_human,N348I,N379I,379,348,0.27162856,0.07640984
GLA_human,N348K,N379K,379,348,0.16150941,0.012026825
GLA_human,N348L,N379L,379,348,-0.1805975,0.07204899
GLA_human,N348M,N379M,379,348,-0.059873134,0.06967425
GLA_human,N348P,N379P,379,348,1.3274505,0.1556975
GLA_human,N348Q,N379Q,379,348,0.16072698,0.05093508
GLA_human,N348R,N379R,379,348,0.07067865,0.033637732
GLA_human,N348S,N379S,379,348,0.20136437,0.068079
GLA_human,N348T,N379T,379,348,0.92179346,0.08655642
GLA_human,N348V,N379V,379,348,0.60181403,0.09063636
GLA_human,N348W,N379W,379,348,-0.1865934,0.10162334
GLA_human,N348Y,N379Y,379,348,-0.010761621,0.09576889
GLA_human,A350C,A381C,381,350,0.45339817,0.11052011
GLA_human,A350D,A381D,381,350,1.4450994,0.10273766
GLA_human,A350E,A381E,381,350,1.4257767,0.11960073
GLA_human,A350F,A381F,381,350,0.6830913,0.14056826
GLA_human,A350G,A381G,381,350,0.21803042,0.09146147
GLA_human,A350H,A381H,381,350,1.1731374,0.14725871
GLA_human,A350I,A381I,381,350,0.7039701,0.12343758
GLA_human,A350K,A381K,381,350,1.4308581,0.15646593
GLA_human,A350L,A381L,381,350,0.5936589,0.13373704
GLA_human,A350M,A381M,381,350,0.7404934,0.14454488
GLA_human,A350N,A381N,381,350,1.4647253,0.10698273
GLA_human,A350P,A381P,381,350,1.382639,0.08603034
GLA_human,A350Q,A381Q,381,350,1.3994896,0.1636632
GLA_human,A350R,A381R,381,350,1.0832319,0.08862244
GLA_human,A350S,A381S,381,350,0.44961724,0.07112636
GLA_human,A350T,A381T,381,350,1.4337109,0.17768002
GLA_human,A350V,A381V,381,350,0.75369215,0.12937103
GLA_human,A350Y,A381Y,381,350,0.64206207,0.11864825
GLA_human,F352A,F383A,383,352,1.3596958,0.17850165
GLA_human,F352C,F383C,383,352,0.3308198,0.059155874
GLA_human,F352D,F383D,383,352,1.4470627,0.12905502
GLA_human,F352E,F383E,383,352,1.1100419,0.14014933
GLA_human,F352G,F383G,383,352,1.9179503,0.2724241
GLA_human,F352H,F383H,383,352,0.6339978,0.04190525
GLA_human,F352I,F383I,383,352,0.2372806,0.055248022
GLA_human,F352K,F383K,383,352,1.189139,0.20114137
GLA_human,F352L,F383L,383,352,0.41684937,0.036446236
GLA_human,F352M,F383M,383,352,0.25261813,0.073690906
GLA_human,F352N,F383N,383,352,0.92328346,0.047424972
GLA_human,F352P,F383P,383,352,1.6217811,0.050319035
GLA_human,F352Q,F383Q,383,352,0.8007312,0.060477227
GLA_human,F352R,F383R,383,352,1.0710121,0.205184
GLA_human,F352S,F383S,383,352,1.1531082,0.15971725
GLA_human,F352T,F383T,383,352,0.81165254,0.11412958
GLA_human,F352V,F383V,383,352,0.43579087,0.05808323
GLA_human,F352W,F383W,383,352,0.34503108,0.09345217
GLA_human,F352Y,F383Y,383,352,0.067553565,0.018682882
GLA_human,I353A,I384A,384,353,2.107884,0.119390085
GLA_human,I353C,I384C,384,353,1.6845108,0.17026079
GLA_human,I353D,I384D,384,353,3.340381,0.24622212
GLA_human,I353E,I384E,384,353,3.109916,0.21936579
GLA_human,I353F,I384F,384,353,1.4177557,0.13939582
GLA_human,I353G,I384G,384,353,2.8152328,0.11925317
GLA_human,I353H,I384H,384,353,3.0144854,0.15922068
GLA_human,T354A,T385A,385,354,1.2297919,0.16962299
GLA_human,T354C,T385C,385,354,0.6636337,0.14243165
GLA_human,T354D,T385D,385,354,1.0886999,0.12165625
GLA_human,T354E,T385E,385,354,1.0423151,0.09939692
GLA_human,T354F,T385F,385,354,0.45337477,0.050807584
GLA_human,T354H,T385H,385,354,1.2837957,0.14348936
GLA_human,T354I,T385I,385,354,0.8339316,0.08092249
GLA_human,T354K,T385K,385,354,1.5095452,0.1653251
GLA_human,T354L,T385L,385,354,0.748818,0.06538724
GLA_human,T354M,T385M,385,354,0.46264082,0.065468185
GLA_human,T354N,T385N,385,354,1.259272,0.06865681
GLA_human,T354P,T385P,385,354,2.6780863,0.104962364
GLA_human,T354Q,T385Q,385,354,0.97885275,0.13196325
GLA_human,T354R,T385R,385,354,0.8784703,0.17800449
GLA_human,T354S,T385S,385,354,0.99758804,0.12165676
GLA_human,T354V,T385V,385,354,0.6091212,0.04162435
GLA_human,T354W,T385W,385,354,0.6564988,0.08316258
GLA_human,T354Y,T385Y,385,354,0.57525456,0.08274387
GLA_human,Q355A,Q386A,386,355,0.99737346,0.1790503
GLA_human,Q355C,Q386C,386,355,0.5330165,0.11526478
GLA_human,Q355D,Q386D,386,355,2.0423503,0.11660589
GLA_human,Q355E,Q386E,386,355,0.59529173,0.05685566
GLA_human,Q355F,Q386F,386,355,1.8652294,0.1439229
GLA_human,Q355G,Q386G,386,355,2.011831,0.15900207
GLA_human,Q355H,Q386H,386,355,1.3801279,0.08267283
GLA_human,Q355I,Q386I,386,355,1.1610895,0.08498756
GLA_human,Q355K,Q386K,386,355,0.9136082,0.11578524
GLA_human,Q355L,Q386L,386,355,1.2063574,0.16204554
GLA_human,Q355M,Q386M,386,355,0.22311553,0.036461927
GLA_human,Q355N,Q386N,386,355,1.5651819,0.07977046
GLA_human,Q355P,Q386P,386,355,2.0669346,0.10522458
GLA_human,Q355R,Q386R,386,355,0.5210117,0.11368973
GLA_human,Q355S,Q386S,386,355,1.2026428,0.13830289
GLA_human,Q355T,Q386T,386,355,1.2333667,0.13289653
GLA_human,Q355V,Q386V,386,355,1.0428985,0.14622094
GLA_human,Q355W,Q386W,386,355,1.7436011,0.11784926
GLA_human,Q355Y,Q386Y,386,355,1.9278189,0.13151883
GLA_human,L356C,L387C,387,356,1.4639654,0.072261624
GLA_human,L356D,L387D,387,356,2.8303018,0.12533814
GLA_human,L356E,L387E,387,356,2.059117,0.02644295
GLA_human,L356F,L387F,387,356,0.98690236,0.049196653
GLA_human,L356G,L387G,387,356,2.574055,0.15942515
GLA_human,L356H,L387H,387,356,1.8811195,0.041019205
GLA_human,L356I,L387I,387,356,0.47528544,0.056735076
GLA_human,L356K,L387K,387,356,2.2225263,0.095047355
GLA_human,L356M,L387M,387,356,1.1964277,0.08657652
GLA_human,L356N,L387N,387,356,2.6070561,0.08735339
GLA_human,L356P,L387P,387,356,2.3422046,0.07755505
GLA_human,L356Q,L387Q,387,356,1.7732754,0.052562956
GLA_human,L356R,L387R,387,356,1.9176747,0.058604818
GLA_human,L356S,L387S,387,356,2.619001,0.11094748
GLA_human,L356T,L387T,387,356,2.3792098,0.065801755
GLA_human,L356V,L387V,387,356,1.066966,0.09860874
GLA_human,L356W,L387W,387,356,1.1589062,0.14316718
GLA_human,L356Y,L387Y,387,356,1.208182,0.107462294
GLA_human,L357A,L388A,388,357,1.7528737,0.06364992
GLA_human,L357C,L388C,388,357,1.2292491,0.12400277
GLA_human,L357D,L388D,388,357,2.7421534,0.12737107
GLA_human,L357E,L388E,388,357,2.5240998,0.098541275
GLA_human,L357F,L388F,388,357,1.4022173,0.08044311
GLA_human,L357G,L388G,388,357,2.8375,0.05023884
GLA_human,L357H,L388H,388,357,2.218766,0.057359
GLA_human,L357I,L388I,388,357,1.3993516,0.056691464
GLA_human,L357K,L388K,388,357,2.2384355,0.1273675
GLA_human,L357M,L388M,388,357,1.2286003,0.098463625
GLA_human,L357N,L388N,388,357,2.9871635,0.1494382
GLA_human,L357P,L388P,388,357,2.859097,0.11439166
GLA_human,L357Q,L388Q,388,357,2.5627265,0.1450274
GLA_human,L357R,L388R,388,357,2.393979,0.13127223
GLA_human,L357S,L388S,388,357,2.1243165,0.15947868
GLA_human,L357T,L388T,388,357,2.2200444,0.052205842
GLA_human,L357V,L388V,388,357,1.6232235,0.062657155
GLA_human,L357W,L388W,388,357,2.1909602,0.18777436
GLA_human,L357Y,L388Y,388,357,1.6359909,0.13308522
GLA_human,V359R,V390R,390,359,0.28567642,0.123762846
GLA_human,V359S,V390S,390,359,0.3002457,0.104167946
GLA_human,V359T,V390T,390,359,0.42931008,0.03682878
GLA_human,V359W,V390W,390,359,0.11517541,0.13537681
GLA_human,V359Y,V390Y,390,359,-0.11128809,0.0918807
GLA_human,L363A,L394A,394,363,2.2241983,0.1159823
GLA_human,L363C,L394C,394,363,0.80798274,0.05754551
GLA_human,L363D,L394D,394,363,2.5920267,0.12916493
GLA_human,L363E,L394E,394,363,2.213829,0.066467896
GLA_human,L363F,L394F,394,363,1.1239961,0.057198737
GLA_human,L363G,L394G,394,363,2.502468,0.06990671
GLA_human,L363H,L394H,394,363,2.2004879,0.13819696
GLA_human,L363I,L394I,394,363,1.1580626,0.07557956
GLA_human,L363K,L394K,394,363,2.059228,0.07663776
GLA_human,L363M,L394M,394,363,0.7364358,0.05841862
GLA_human,L363N,L394N,394,363,2.6244376,0.07112882
GLA_human,L363P,L394P,394,363,2.8852456,0.08972287
GLA_human,L363Q,L394Q,394,363,2.5788286,0.08981174
GLA_human,L363R,L394R,394,363,1.5832468,0.10167177
GLA_human,L363S,L394S,394,363,2.3996758,0.086052895
GLA_human,L363T,L394T,394,363,2.5540814,0.11248091
GLA_human,L363V,L394V,394,363,1.3441417,0.109640986
GLA_human,L363W,L394W,394,363,0.432084,0.10304265
GLA_human,L363Y,L394Y,394,363,0.9945369,0.095663965
GLA_human,G364A,G395A,395,364,1.5442492,0.10175464
GLA_human,G364C,G395C,395,364,1.151962,0.042509176
GLA_human,G364D,G395D,395,364,1.5279225,0.06199704
GLA_human,G364E,G395E,395,364,1.7408766,0.17468755
GLA_human,G364F,G395F,395,364,1.3508872,0.108893126
GLA_human,G364H,G395H,395,364,1.4385569,0.10955439
GLA_human,G364I,G395I,395,364,1.808451,0.108644925
GLA_human,G364K,G395K,395,364,1.893742,0.11195813
GLA_human,G364L,G395L,395,364,1.7240502,0.1170574
GLA_human,G364M,G395M,395,364,1.5187759,0.14623888
GLA_human,G364N,G395N,395,364,1.5072881,0.054455277
GLA_human,G364P,G395P,395,364,2.3789413,0.1831662
GLA_human,G364Q,G395Q,395,364,1.6164405,0.13335426
GLA_human,G364R,G395R,395,364,1.8855789,0.120298244
GLA_human,G364S,G395S,395,364,1.345471,0.09300919
GLA_human,G364T,G395T,395,364,2.019443,0.08222536
GLA_human,G364V,G395V,395,364,1.7839264,0.10323689
GLA_human,G364W,G395W,395,364,1.5619127,0.15200707
GLA_human,G364Y,G395Y,395,364,1.4395945,0.12534523
GLA_human,F365A,F396A,396,365,1.2817888,0.17028312
GLA_human,F365C,F396C,396,365,0.6149908,0.1934662
GLA_human,F365D,F396D,396,365,1.7925313,0.11962486
GLA_human,F365E,F396E,396,365,1.7025201,0.11009518
GLA_human,F365G,F396G,396,365,1.6006006,0.18451345
GLA_human,F365H,F396H,396,365,0.91427994,0.10737012
GLA_human,F365I,F396I,396,365,0.6153933,0.12760448
GLA_human,F365K,F396K,396,365,1.0878346,0.13038398
GLA_human,F365L,F396L,396,365,0.2871466,0.026224308
GLA_human,F365M,F396M,396,365,0.5128761,0.10871883
GLA_human,F365N,F396N,396,365,1.382346,0.18789683
GLA_human,F365P,F396P,396,365,1.0951099,0.08992304
GLA_human,F365Q,F396Q,396,365,1.3097252,0.1271718
GLA_human,F365R,F396R,396,365,0.7655406,0.07973815
GLA_human,F365S,F396S,396,365,1.2396421,0.12781142
GLA_human,F365T,F396T,396,365,0.793425,0.12598136
GLA_human,F365V,F396V,396,365,0.5083075,0.08943341
GLA_human,F365W,F396W,396,365,0.425124,0.036039747
GLA_human,F365Y,F396Y,396,365,0.12990306,0.028993756
GLA_human,Y366A,Y397A,397,366,1.4962183,0.16499928
GLA_human,Y366C,Y397C,397,366,0.89894867,0.2040077
GLA_human,Y366D,Y397D,397,366,2.5844886,0.28453416
GLA_human,Y366E,Y397E,397,366,2.273859,0.12623218
GLA_human,Y366F,Y397F,397,366,-0.24203014,0.043914486
GLA_human,Y366G,Y397G,397,366,2.3428464,0.088808656
GLA_human,Y366H,Y397H,397,366,0.93695086,0.06678847
GLA_human,Y366I,Y397I,397,366,1.299206,0.112845816
GLA_human,Y366K,Y397K,397,366,1.4281162,0.091924824
GLA_human,Y366L,Y397L,397,366,1.3786695,0.14997025
GLA_human,Y366M,Y397M,397,366,0.8238184,0.17028312
GLA_human,Y366N,Y397N,397,366,1.8590883,0.059840847
GLA_human,Y366P,Y397P,397,366,2.8952653,0.22082779
GLA_human,Y366Q,Y397Q,397,366,1.5322617,0.051982462
GLA_human,Y366R,Y397R,397,366,1.3942779,0.07270882
GLA_human,Y366S,Y397S,397,366,1.8041856,0.16065352
GLA_human,Y366T,Y397T,397,366,1.6856148,0.15126906
GLA_human,Y366V,Y397V,397,366,1.3394254,0.082036376
GLA_human,Y366W,Y397W,397,366,0.62988204,0.058942843
GLA_human,E367T,E398T,398,367,-0.0030407228,0.032284614
GLA_human,E367V,E398V,398,367,-0.05439446,0.056891225
GLA_human,E367W,E398W,398,367,-0.059970163,0.08827454
GLA_human,E367Y,E398Y,398,367,-0.11023466,0.08708972
GLA_human,W368A,W399A,399,368,1.4456018,0.13028003
GLA_human,W368C,W399C,399,368,0.95021963,0.09634922
GLA_human,W368D,W399D,399,368,2.618069,0.088875055
GLA_human,W368E,W399E,399,368,2.4043782,0.06145231
GLA_human,W368F,W399F,399,368,0.36844593,0.036092438
GLA_human,W368G,W399G,399,368,1.5971668,0.15893847
GLA_human,W368H,W399H,399,368,1.5163381,0.045887887
GLA_human,W368I,W399I,399,368,1.1668,0.08002388
GLA_human,W368K,W399K,399,368,2.5037665,0.17219684
GLA_human,W368L,W399L,399,368,1.0430738,0.11639568
GLA_human,W368M,W399M,399,368,1.3252641,0.1165493
GLA_human,W368N,W399N,399,368,2.103865,0.07170683
GLA_human,W368P,W399P,399,368,2.1026409,0.08774624
GLA_human,W368Q,W399Q,399,368,2.2031913,0.0947916
GLA_human,W368R,W399R,399,368,2.1310844,0.16007462
GLA_human,W368S,W399S,399,368,1.4208237,0.12665191
GLA_human,W368T,W399T,399,368,2.0090299,0.105974644
GLA_human,W368V,W399V,399,368,1.4371203,0.035821553
GLA_human,W368Y,W399Y,399,368,0.39545482,0.03789254
GLA_human,S370A,S401A,401,370,0.051055856,0.04681403
GLA_human,S370C,S401C,401,370,0.7983216,0.051892303
GLA_human,S370D,S401D,401,370,0.09467013,0.080961965
GLA_human,S370E,S401E,401,370,0.14594632,0.119073555
GLA_human,S370F,S401F,401,370,0.68383485,0.113685355
GLA_human,S370G,S401G,401,370,0.65278846,0.06443564
GLA_human,S370H,S401H,401,370,0.7540446,0.12792635
GLA_human,S370I,S401I,401,370,1.2824379,0.13953203
GLA_human,S370K,S401K,401,370,1.3551611,0.053295415
GLA_human,S370L,S401L,401,370,0.81966275,0.092410505
GLA_human,S370M,S401M,401,370,-0.0049084113,0.0811885
GLA_human,S370N,S401N,401,370,0.85513514,0.09261203
GLA_human,S370P,S401P,401,370,2.0801067,0.13593875
GLA_human,S370Q,S401Q,401,370,0.12281573,0.12001808
GLA_human,S370R,S401R,401,370,0.87159175,0.07602246
GLA_human,S370V,S401V,401,370,1.4628601,0.13652082
GLA_human,S370W,S401W,401,370,0.11218035,0.08911043
GLA_human,S370Y,S401Y,401,370,0.6227254,0.10331749
GLA_human,L372A,L403A,403,372,1.9305303,0.09004215
GLA_human,L372C,L403C,403,372,1.2103533,0.08043285
GLA_human,L372D,L403D,403,372,2.5184035,0.069233775
GLA_human,L372E,L403E,403,372,1.7508476,0.06311149
GLA_human,L372F,L403F,403,372,0.11051661,0.038505763
GLA_human,L372G,L403G,403,372,2.6366498,0.09066366
GLA_human,L372H,L403H,403,372,1.5972999,0.095316276
GLA_human,L372I,L403I,403,372,0.57529414,0.054569144
GLA_human,L372K,L403K,403,372,1.9189484,0.105216496
GLA_human,L372M,L403M,403,372,0.6627172,0.03413763
GLA_human,L372N,L403N,403,372,2.50065,0.075018615
GLA_human,L372P,L403P,403,372,2.5626376,0.08080216
GLA_human,L372Q,L403Q,403,372,1.7302523,0.10840126
GLA_human,L372R,L403R,403,372,2.175056,0.08594196
GLA_human,L372S,L403S,403,372,2.3739767,0.086210124
GLA_human,L372T,L403T,403,372,2.2859817,0.07599105
GLA_human,L372V,L403V,403,372,0.96970683,0.08795521
GLA_human,L372W,L403W,403,372,0.838688,0.09199728
GLA_human,L372Y,L403Y,403,372,0.22669074,0.036237426
GLA_human,S374A,S405A,405,374,-0.27099198,0.033689186
GLA_human,S374C,S405C,405,374,-0.2105337,0.043603808
GLA_human,S374D,S405D,405,374,1.1263361,0.18323565
GLA_human,S374E,S405E,405,374,0.11549194,0.06934376
GLA_human,S374F,S405F,405,374,-0.9592842,0.09711501
GLA_human,S374G,S405G,405,374,0.57877123,0.05005251
GLA_human,S374H,S405H,405,374,0.304531,0.04996164
GLA_human,S374I,S405I,405,374,-0.7645874,0.1254512
GLA_human,S374K,S405K,405,374,0.120592795,0.048111394
GLA_human,S374L,S405L,405,374,-0.588457,0.08419877
GLA_human,H375A,H406A,406,375,0.10879254,0.06439178
GLA_human,H375C,H406C,406,375,-0.19980204,0.05714142
GLA_human,H375D,H406D,406,375,0.0892642,0.050568037
GLA_human,H375E,H406E,406,375,-0.14339194,0.075368546
GLA_human,H375F,H406F,406,375,-0.43589926,0.054055672
GLA_human,H375G,H406G,406,375,0.9315175,0.16649848
GLA_human,H375I,H406I,406,375,-0.22557743,0.044037472
GLA_human,H375K,H406K,406,375,0.02243968,0.036509596
GLA_human,H375L,H406L,406,375,-0.25840917,0.05621369
GLA_human,H375M,H406M,406,375,-0.31139052,0.04704501
GLA_human,H375N,H406N,406,375,-0.07199736,0.024594434
GLA_human,H375P,H406P,406,375,0.44791913,0.08353214
GLA_human,H375Q,H406Q,406,375,-0.21614957,0.030829739
GLA_human,H375R,H406R,406,375,-0.3575277,0.069387786
GLA_human,H375S,H406S,406,375,-0.20633729,0.054724693
GLA_human,H375T,H406T,406,375,-0.06686488,0.041545715
GLA_human,H375V,H406V,406,375,-0.041259408,0.03081583
GLA_human,H375W,H406W,406,375,-0.49994573,0.11001849
GLA_human,H375Y,H406Y,406,375,-0.44389668,0.056612276
GLA_human,N377A,N408A,408,377,0.57231104,0.18672793
GLA_human,N377C,N408C,408,377,0.18418008,0.120601945
GLA_human,N377D,N408D,408,377,0.043661624,0.062279917
GLA_human,N377E,N408E,408,377,0.5785098,0.09180771
GLA_human,N377F,N408F,408,377,0.9782233,0.16392435
GLA_human,N377G,N408G,408,377,0.6210892,0.25032485
GLA_human,N377H,N408H,408,377,0.8434588,0.13645901
GLA_human,N377I,N408I,408,377,1.0227703,0.1204525
GLA_human,N377K,N408K,408,377,1.1795177,0.13654147
GLA_human,N377L,N408L,408,377,0.9963587,0.08393873
GLA_human,N377M,N408M,408,377,0.6575677,0.19415446
GLA_human,N377P,N408P,408,377,0.35938746,0.09473438
GLA_human,N377Q,N408Q,408,377,0.57787,0.1702247
GLA_human,N377R,N408R,408,377,1.1857401,0.14976963
GLA_human,N377S,N408S,408,377,0.3283001,0.08735574
GLA_human,N377T,N408T,408,377,0.6677382,0.11978812
GLA_human,N377V,N408V,408,377,0.85460246,0.122015394
GLA_human,N377W,N408W,408,377,0.83137053,0.18501154
GLA_human,P378A,P409A,409,378,0.71985155,0.19922952
GLA_human,P378C,P409C,409,378,0.7707893,0.090834215
GLA_human,P378D,P409D,409,378,1.4330406,0.08602433
GLA_human,P378E,P409E,409,378,1.5404339,0.08842961
GLA_human,P378F,P409F,409,378,1.546605,0.10364905
GLA_human,P378G,P409G,409,378,1.3372949,0.2862965
GLA_human,P378H,P409H,409,378,1.4558893,0.07954428
GLA_human,P378I,P409I,409,378,1.3508133,0.13570535
GLA_human,P378K,P409K,409,378,1.5699093,0.1286325
GLA_human,P378L,P409L,409,378,1.4164861,0.14411211
GLA_human,P378M,P409M,409,378,1.3753527,0.11856314
GLA_human,P378N,P409N,409,378,0.8640256,0.03439165
GLA_human,P378Q,P409Q,409,378,1.3606484,0.06722316
GLA_human,P378R,P409R,409,378,1.1814626,0.061549988
GLA_human,P378S,P409S,409,378,0.8649808,0.067243636
GLA_human,G380A,G411A,411,380,1.4229724,0.029769236
GLA_human,G380C,G411C,411,380,0.4861671,0.08793501
GLA_human,G380D,G411D,411,380,2.047114,0.19607657
GLA_human,G380E,G411E,411,380,2.3714666,0.21702959
GLA_human,G380F,G411F,411,380,1.9278507,0.21329153
GLA_human,G380H,G411H,411,380,2.0031238,0.15126188
GLA_human,G380I,G411I,411,380,1.8270226,0.22384252
GLA_human,G380K,G411K,411,380,3.1840234,0.15879703
GLA_human,G380L,G411L,411,380,1.3500133,0.16338882
GLA_human,G380M,G411M,411,380,1.4990009,0.18893206
GLA_human,G380N,G411N,411,380,2.1119554,0.1945961
GLA_human,G380P,G411P,411,380,3.299466,0.1340598
GLA_human,G380Q,G411Q,411,380,2.0122685,0.22624435
GLA_human,G380R,G411R,411,380,2.193233,0.24318846
GLA_human,G380S,G411S,411,380,1.051394,0.08451066
GLA_human,G380T,G411T,411,380,1.9676536,0.21210968
GLA_human,G380V,G411V,411,380,2.0563016,0.2118978
GLA_human,G380W,G411W,411,380,1.9533749,0.12473381
GLA_human,G380Y,G411Y,411,380,1.8690159,0.2170258
GLA_human,V382A,V413A,413,382,1.3798774,0.20476554
GLA_human,V382C,V413C,413,382,0.9127439,0.062708266
GLA_human,V382D,V413D,413,382,2.132958,0.08276395
GLA_human,V382E,V413E,413,382,1.3894155,0.08698547
GLA_human,V382F,V413F,413,382,1.2449154,0.13511541
GLA_human,V382G,V413G,413,382,2.688291,0.37128285
GLA_human,V382H,V413H,413,382,1.3326988,0.10137637
GLA_human,V382I,V413I,413,382,0.31278366,0.057188515
GLA_human,V382K,V413K,413,382,1.253939,0.14659028
GLA_human,V382L,V413L,413,382,0.5694612,0.06610498
GLA_human,V382M,V413M,413,382,0.824409,0.08490274
GLA_human,V382N,V413N,413,382,1.9079132,0.034196828
GLA_human,V382P,V413P,413,382,2.2058024,0.14571416
GLA_human,V382Q,V413Q,413,382,1.1511263,0.028838404
GLA_human,V382R,V413R,413,382,1.4443797,0.21171255
GLA_human,V382S,V413S,413,382,1.4738568,0.09823084
GLA_human,V382T,V413T,413,382,1.0012907,0.04923671
GLA_human,V382W,V413W,413,382,1.5096374,0.18192658
GLA_human,V382Y,V413Y,413,382,1.3791909,0.10189759
GLA_human,L383A,L414A,414,383,2.7801957,0.11256176
GLA_human,L383C,L414C,414,383,1.6173913,0.098369576
GLA_human,L383D,L414D,414,383,3.641704,0.22936285
GLA_human,L383E,L414E,414,383,3.109583,0.19669832
GLA_human,L383F,L414F,414,383,1.0310148,0.09670832
GLA_human,L383G,L414G,414,383,3.4351952,0.12822784
GLA_human,L383H,L414H,414,383,3.4624715,0.08714153
GLA_human,L383I,L414I,414,383,1.878244,0.11939293
GLA_human,L383K,L414K,414,383,3.1431382,0.20171693
GLA_human,L383M,L414M,414,383,0.99940664,0.063520774
GLA_human,L383N,L414N,414,383,3.5550797,0.19708158
GLA_human,L383P,L414P,414,383,3.8350914,0.1762459
GLA_human,L383Q,L414Q,414,383,3.0552733,0.12664177
GLA_human,L383R,L414R,414,383,3.5803254,0.2660672
GLA_human,L383S,L414S,414,383,3.184393,0.11440446
GLA_human,L383T,L414T,414,383,2.7800217,0.11863321
GLA_human,L383V,L414V,414,383,1.4593692,0.06275283
GLA_human,L383W,L414W,414,383,3.0251915,0.26106775
GLA_human,L383Y,L414Y,414,383,2.2456214,0.17624377
GLA_human,L384A,L415A,415,384,2.345185,0.097275324
GLA_human,L384C,L415C,415,384,1.1580318,0.11969904
GLA_human,L384D,L415D,415,384,2.7923243,0.1593943
GLA_human,L384E,L415E,415,384,2.7900023,0.15174745
GLA_human,L384F,L415F,415,384,-0.04145681,0.03455121
GLA_human,L384G,L415G,415,384,3.2445087,0.1411201
GLA_human,L384H,L415H,415,384,2.0831685,0.12679677
GLA_human,L384I,L415I,415,384,0.4854536,0.054164898
GLA_human,L384K,L415K,415,384,2.3251812,0.027734756
GLA_human,L384M,L415M,415,384,0.9533804,0.04157127
GLA_human,L384N,L415N,415,384,2.6582007,0.12739114
GLA_human,L384P,L415P,415,384,3.0528119,0.031078698
GLA_human,L384Q,L415Q,415,384,2.6945744,0.13007237
GLA_human,L384R,L415R,415,384,2.6860073,0.074672475
GLA_human,L384S,L415S,415,384,2.3265867,0.088012464
GLA_human,L384T,L415T,415,384,2.348589,0.07497355
GLA_human,L384V,L415V,415,384,1.0555191,0.09234606
GLA_human,L384W,L415W,415,384,0.8163742,0.116168015
GLA_human,L384Y,L415Y,415,384,0.331495,0.07676064
GLA_human,Q385A,Q416A,416,385,0.70369583,0.2255614
GLA_human,Q385C,Q416C,416,385,0.14999136,0.12291981
GLA_human,Q385D,Q416D,416,385,0.904236,0.074143365
GLA_human,Q385E,Q416E,416,385,0.15888378,0.020264579
GLA_human,Q385F,Q416F,416,385,-0.53903157,0.08271636
GLA_human,Q385G,Q416G,416,385,1.4744427,0.31169912
GLA_human,Q385H,Q416H,416,385,-0.034220967,0.046055652
GLA_human,Q385I,Q416I,416,385,0.18043724,0.13260794
GLA_human,Q385K,Q416K,416,385,-0.11779883,0.0631854
GLA_human,Q385L,Q416L,416,385,-0.43781123,0.04992774
GLA_human,Q385M,Q416M,416,385,-0.15895031,0.0561728
GLA_human,Q385N,Q416N,416,385,0.7432704,0.061592065
GLA_human,Q385P,Q416P,416,385,2.7290847,0.1142483
GLA_human,Q385R,Q416R,416,385,-0.11567664,0.08008733
GLA_human,Q385S,Q416S,416,385,0.6365686,0.1328069
GLA_human,Q385T,Q416T,416,385,0.19880286,0.081593946
GLA_human,Q385V,Q416V,416,385,-0.05203683,0.11413364
GLA_human,Q385W,Q416W,416,385,-0.10537231,0.09625552
GLA_human,Q385Y,Q416Y,416,385,-0.39922833,0.07670873
GLA_human,L386A,L417A,417,386,1.9440705,0.1129982
GLA_human,L386C,L417C,417,386,1.126667,0.06886603
GLA_human,L386D,L417D,417,386,2.7711864,0.14346059
GLA_human,L386E,L417E,417,386,2.6321535,0.19142732
GLA_human,L386F,L417F,417,386,0.39435524,0.08566232
GLA_human,L386G,L417G,417,386,2.831184,0.067916475
GLA_human,L386H,L417H,417,386,2.711312,0.19471882
GLA_human,L386I,L417I,417,386,0.5106348,0.07711391
GLA_human,L386K,L417K,417,386,2.416842,0.21025047
GLA_human,L386M,L417M,417,386,0.88032264,0.041760866
GLA_human,L386N,L417N,417,386,2.6098492,0.24517173
GLA_human,L386P,L417P,417,386,2.630459,0.08715057
GLA_human,L386Q,L417Q,417,386,2.595243,0.19869441
GLA_human,L386R,L417R,417,386,2.559359,0.19462615
GLA_human,L386S,L417S,417,386,2.3696787,0.090498365
GLA_human,L386T,L417T,417,386,2.2203634,0.040205903
GLA_human,L386V,L417V,417,386,0.6559441,0.06385248
GLA_human,L386W,L417W,417,386,1.8210971,0.15106577
GLA_human,L386Y,L417Y,417,386,1.5354729,0.1192667
GLA_human,E387A,E418A,418,387,0.4595034,0.17145129
GLA_human,E387C,E418C,418,387,0.21442239,0.13927424
GLA_human,E387D,E418D,418,387,-0.22861882,0.066383205
GLA_human,E387F,E418F,418,387,0.25475615,0.11956323
GLA_human,E387G,E418G,418,387,0.80131996,0.17821084
GLA_human,E387H,E418H,418,387,0.16895998,0.043255437
GLA_human,E387I,E418I,418,387,-0.07663844,0.07291073
GLA_human,E387K,E418K,418,387,0.20665851,0.026741076
GLA_human,E387L,E418L,418,387,0.0724416,0.05048662
GLA_human,E387M,E418M,418,387,0.044881277,0.036888663
GLA_human,E387N,E418N,418,387,0.08667503,0.05403819
GLA_human,E387P,E418P,418,387,2.7239158,0.1231933
GLA_human,E387Q,E418Q,418,387,-0.020231279,0.035444807
GLA_human,E387R,E418R,418,387,-0.07567595,0.048530363
GLA_human,E387S,E418S,418,387,0.26221195,0.1447718
GLA_human,E387T,E418T,418,387,0.03803232,0.044487275
GLA_human,E387V,E418V,418,387,-0.027075702,0.06497093
GLA_human,E387W,E418W,418,387,0.2533067,0.099893235
GLA_human,E387Y,E418Y,418,387,0.2904904,0.15232307
GLA_human,N388A,N419A,419,388,0.8121336,0.0868653
GLA_human,N388C,N419C,419,388,0.40531665,0.08373961
GLA_human,N388D,N419D,419,388,1.1785446,0.07235349
GLA_human,N388E,N419E,419,388,1.1096056,0.07676725
GLA_human,N388F,N419F,419,388,0.8345648,0.09319575
GLA_human,N388G,N419G,419,388,0.7845787,0.17100555
GLA_human,N388H,N419H,419,388,0.8554369,0.1017875
GLA_human,N388I,N419I,419,388,0.7476684,0.087271206
GLA_human,N388K,N419K,419,388,0.8945575,0.16449271
GLA_human,N388L,N419L,419,388,0.82477283,0.06076409
GLA_human,N388M,N419M,419,388,0.7968345,0.066879205
GLA_human,N388P,N419P,419,388,0.19958587,0.06495396
GLA_human,N388Q,N419Q,419,388,0.7894556,0.08457545
GLA_human,Q391A,Q422A,422,391,-0.20185176,0.03781639
GLA_human,Q391C,Q422C,422,391,0.059132744,0.10517625
GLA_human,Q391D,Q422D,422,391,0.39966407,0.082194425
GLA_human,Q391E,Q422E,422,391,0.1967065,0.06463392
GLA_human,Q391F,Q422F,422,391,-0.23947954,0.06576371
GLA_human,Q391G,Q422G,422,391,-0.009600848,0.06143431
GLA_human,Q391H,Q422H,422,391,0.12608254,0.05811205
GLA_human,Q391I,Q422I,422,391,0.014006878,0.04363077
GLA_human,Q391K,Q422K,422,391,0.19358823,0.06002583
GLA_human,Q391L,Q422L,422,391,0.011012571,0.058933623
GLA_human,Q391M,Q422M,422,391,-0.16318448,0.023989066
GLA_human,Q391N,Q422N,422,391,0.06653437,0.03993892
GLA_human,Q391P,Q422P,422,391,0.22258134,0.12792744
GLA_human,Q391R,Q422R,422,391,0.02065084,0.04413189
GLA_human,Q391S,Q422S,422,391,-0.062254854,0.037578102
GLA_human,Q391T,Q422T,422,391,-0.11562314,0.05225036
GLA_human,Q391V,Q422V,422,391,-0.055249404,0.048870835
GLA_human,Q391W,Q422W,422,391,-0.3559621,0.13327046
GLA_human,Q391Y,Q422Y,422,391,-0.37090716,0.11592446
GLA_human,M392A,M423A,423,392,0.2045348,0.07226931
GLA_human,M392C,M423C,423,392,0.37078568,0.08037705
GLA_human,M392D,M423D,423,392,0.7377949,0.06252989
GLA_human,M392E,M423E,423,392,0.5763238,0.053481042
GLA_human,M392F,M423F,423,392,0.21640022,0.05956538
GLA_human,M392G,M423G,423,392,0.3116739,0.12633531
GLA_human,M392H,M423H,423,392,0.5454954,0.058565088
GLA_human,M392I,M423I,423,392,0.05076645,0.028586132
GLA_human,M392K,M423K,423,392,0.67554843,0.0680272
GLA_human,M392L,M423L,423,392,0.0771184,0.034362726
GLA_human,M392N,M423N,423,392,0.986783,0.10585895
GLA_human,M392P,M423P,423,392,0.4559865,0.05334211
GLA_human,M392Q,M423Q,423,392,0.50400686,0.0656515
GLA_human,M392R,M423R,423,392,0.42587456,0.074999996
GLA_human,M392S,M423S,423,392,0.43082386,0.036671616
GLA_human,M392T,M423T,423,392,0.51103985,0.0728981
GLA_human,M392V,M423V,423,392,0.4383344,0.035718355
GLA_human,M392W,M423W,423,392,0.26962426,0.05827544
GLA_human,M392Y,M423Y,423,392,0.28692627,0.06239309
GLA_human,L394A,L425A,425,394,0.22177403,0.091547035
GLA_human,L394C,L425C,425,394,0.8144363,0.115585215
GLA_human,L394D,L425D,425,394,0.2988316,0.12827882
GLA_human,L394E,L425E,425,394,0.26501107,0.13521032
GLA_human,L394F,L425F,425,394,0.2036815,0.055913478
GLA_human,L394G,L425G,425,394,0.4652006,0.12542291
GLA_human,L394H,L425H,425,394,0.4040753,0.110563524
GLA_human,L394I,L425I,425,394,-0.012391138,0.019392183
GLA_human,L394K,L425K,425,394,0.48695597,0.106990926
GLA_human,L394M,L425M,425,394,0.02562474,0.050720073
GLA_human,L394P,L425P,425,394,0.27699107,0.072656274
GLA_human,L394Q,L425Q,425,394,0.27860838,0.07867631
GLA_human,L394R,L425R,425,394,0.3822578,0.09682642
GLA_human,L394S,L425S,425,394,0.4352005,0.073753186
GLA_human,L394T,L425T,425,394,0.24340856,0.037371296
GLA_human,L394V,L425V,425,394,0.1326008,0.026832942
GLA_human,L394W,L425W,425,394,0.09669842,0.05167776
GLA_human,L394Y,L425Y,425,394,0.037639715,0.061272882
GLA_human,D396A,D427A,427,396,-0.0015633535,0.052811563
GLA_human,L397A,L428A,428,397,0.40016776,0.07427941
GLA_human,L397C,L428C,428,397,0.82960236,0.09258258
GLA_human,L397D,L428D,428,397,0.7770787,0.13695018
GLA_human,L397E,L428E,428,397,0.85988694,0.11694388
GLA_human,L397F,L428F,428,397,0.323954,0.08164723
