wt_id,mutation,position,wt_aa,mut_aa,ddg_diag,seed_sd
GLA_human,D33A,33,D,A,-0.06265565,0.06363062
GLA_human,D33C,33,D,C,0.3987728,0.07517773
GLA_human,D33E,33,D,E,-0.42882934,0.04278137
GLA_human,D33F,33,D,F,0.07020996,0.083423726
GLA_human,D33G,33,D,G,0.0687844,0.15149154
GLA_human,D33H,33,D,H,0.29209462,0.11341582
GLA_human,D33I,33,D,I,0.19494706,0.12869644
GLA_human,D33K,33,D,K,0.15112793,0.073646314
GLA_human,D33L,33,D,L,0.12518959,0.084938794
GLA_human,D33M,33,D,M,0.108698174,0.070633434
GLA_human,D33N,33,D,N,0.23909648,0.06672499
GLA_human,D33P,33,D,P,-0.019327875,0.06177695
GLA_human,D33Q,33,D,Q,-0.07321565,0.04108545
GLA_human,D33R,33,D,R,0.113852665,0.07089775
GLA_human,D33S,33,D,S,-0.058644712,0.038450718
GLA_human,D33T,33,D,T,0.18108603,0.040884487
GLA_human,D33V,33,D,V,0.3886899,0.09800411
GLA_human,D33W,33,D,W,0.07595835,0.06603774
GLA_human,D33Y,33,D,Y,0.09942151,0.08490053
GLA_human,G35A,35,G,A,1.4236009,0.08496221
GLA_human,G35C,35,G,C,1.2790587,0.05187949
GLA_human,G35D,35,G,D,1.0126451,0.15359713
GLA_human,G35E,35,G,E,1.2212279,0.10507328
GLA_human,G35F,35,G,F,1.0354183,0.11949872
GLA_human,G35H,35,G,H,1.0816897,0.077982545
GLA_human,G35I,35,G,I,1.6487551,0.16971824
GLA_human,G35K,35,G,K,1.3102627,0.10190837
GLA_human,G35L,35,G,L,1.4762236,0.14837013
GLA_human,G35M,35,G,M,1.156523,0.11214993
GLA_human,G35N,35,G,N,1.086616,0.12723677
GLA_human,G35P,35,G,P,1.5943758,0.08787918
GLA_human,G35Q,35,G,Q,1.0938567,0.1132134
GLA_human,G35R,35,G,R,1.4539604,0.055067223
GLA_human,G35S,35,G,S,1.272493,0.057650123
GLA_human,G35T,35,G,T,1.441157,0.13388002
GLA_human,G35V,35,G,V,1.5578569,0.16781665
GLA_human,G35W,35,G,W,1.0017182,0.14467792
GLA_human,G35Y,35,G,Y,0.9622816,0.12745437
GLA_human,L36N,36,L,N,1.5490901,0.07532853
GLA_human,L36P,36,L,P,1.6074167,0.15465403
GLA_human,L36Q,36,L,Q,1.497226,0.08718281
GLA_human,L36R,36,L,R,1.635706,0.10481521
GLA_human,L36S,36,L,S,1.7262262,0.023165701
GLA_human,L36T,36,L,T,1.3506707,0.13821287
GLA_human,L36V,36,L,V,1.5582994,0.1857468
GLA_human,L36W,36,L,W,1.2550123,0.1306604
GLA_human,L36Y,36,L,Y,1.158247,0.0954082
GLA_human,R38A,38,R,A,0.73068094,0.15438727
GLA_human,R38C,38,R,C,0.39150885,0.12285209
GLA_human,R38D,38,R,D,0.9364689,0.092082195
GLA_human,R38E,38,R,E,0.43028313,0.07174111
GLA_human,R38F,38,R,F,0.51594603,0.07350443
GLA_human,R38G,38,R,G,0.8661312,0.204536
GLA_human,R38H,38,R,H,0.38582578,0.03904498
GLA_human,R38I,38,R,I,0.1637988,0.060732715
GLA_human,R38K,38,R,K,0.44986838,0.071253546
GLA_human,R38L,38,R,L,0.07656251,0.0614108
GLA_human,R38M,38,R,M,-0.21338594,0.056186434
GLA_human,R38N,38,R,N,0.4718887,0.10183244
GLA_human,R38P,38,R,P,0.60031843,0.07458099
GLA_human,R38Q,38,R,Q,-0.10296126,0.06305583
GLA_human,R38S,38,R,S,0.5722028,0.12636954
GLA_human,R38T,38,R,T,0.44364923,0.10003618
GLA_human,R38V,38,R,V,0.39313072,0.094695084
GLA_human,R38W,38,R,W,0.27420396,0.0696989
GLA_human,R38Y,38,R,Y,0.54864264,0.08839074
GLA_human,T39G,39,T,G,1.0339032,0.33832553
GLA_human,T39H,39,T,H,1.1117728,0.16831237
GLA_human,T39I,39,T,I,0.5235657,0.092818834
GLA_human,T39K,39,T,K,0.65790236,0.13177879
GLA_human,T39L,39,T,L,0.190383,0.06395493
GLA_human,T39M,39,T,M,0.8390981,0.0736041
GLA_human,T39N,39,T,N,0.522934,0.07895857
GLA_human,T39P,39,T,P,0.5646045,0.10290362
GLA_human,T39Q,39,T,Q,0.9717202,0.1445197
GLA_human,T39R,39,T,R,0.44832715,0.09663021
GLA_human,T39S,39,T,S,0.5458212,0.16364945
GLA_human,T39V,39,T,V,0.0835594,0.0713198
GLA_human,T39W,39,T,W,0.656427,0.092464864
GLA_human,T39Y,39,T,Y,0.4271059,0.09527119
GLA_human,P40A,40,P,A,1.2528603,0.18132022
GLA_human,P40C,40,P,C,0.97775,0.08296185
GLA_human,P40D,40,P,D,1.7677696,0.024364077
GLA_human,P40E,40,P,E,1.8040693,0.04199445
GLA_human,P40F,40,P,F,1.5609218,0.22136927
GLA_human,P40G,40,P,G,1.8216591,0.24292739
GLA_human,P40H,40,P,H,1.7962803,0.16348475
GLA_human,P40I,40,P,I,1.1702037,0.06994812
GLA_human,P40K,40,P,K,1.7578443,0.1825938
GLA_human,P40L,40,P,L,1.3417352,0.043416567
GLA_human,P40M,40,P,M,1.4466465,0.07600584
GLA_human,P40N,40,P,N,1.5373155,0.11345403
GLA_human,P40Q,40,P,Q,1.582621,0.1145751
GLA_human,P40R,40,P,R,1.5079046,0.17681426
GLA_human,P40S,40,P,S,1.479894,0.05942633
GLA_human,P40T,40,P,T,0.8267849,0.058506142
GLA_human,P40V,40,P,V,1.1508001,0.078764826
GLA_human,P40W,40,P,W,1.58021,0.16781491
GLA_human,P40Y,40,P,Y,1.6414595,0.18499914
GLA_human,T41A,41,T,A,0.99147195,0.28854543
GLA_human,T41C,41,T,C,0.47944513,0.17247674
GLA_human,T41D,41,T,D,0.6747613,0.080558434
GLA_human,T41E,41,T,E,0.7617279,0.029629033
GLA_human,T41F,41,T,F,0.74295473,0.08680544
GLA_human,T41G,41,T,G,1.439842,0.30444926
GLA_human,T41H,41,T,H,1.1140106,0.12746756
GLA_human,T41I,41,T,I,-0.011009926,0.048340272
GLA_human,T41K,41,T,K,1.5104808,0.21403913
GLA_human,T41L,41,T,L,0.6831416,0.10636804
GLA_human,T41M,41,T,M,0.34559166,0.02683184
GLA_human,T41N,41,T,N,0.49328694,0.030312914
GLA_human,T41P,41,T,P,-0.15467173,0.033766568
GLA_human,T41Q,41,T,Q,0.27397937,0.04557123
GLA_human,T41R,41,T,R,1.4759277,0.23354776
GLA_human,T41S,41,T,S,0.7696314,0.24503943
GLA_human,T41V,41,T,V,-0.21331164,0.05185489
GLA_human,T41W,41,T,W,0.99700034,0.2209348
GLA_human,T41Y,41,T,Y,0.95623857,0.12513745
GLA_human,M42A,42,M,A,2.0539784,0.10599765
GLA_human,M42C,42,M,C,1.6285286,0.17863183
GLA_human,M42D,42,M,D,3.38413,0.1776699
GLA_human,M42E,42,M,E,2.6681106,0.11982202
GLA_human,M42F,42,M,F,1.846627,0.09002235
GLA_human,M42G,42,M,G,2.640147,0.0803401
GLA_human,M42H,42,M,H,2.550791,0.12226145
GLA_human,M42I,42,M,I,1.6630862,0.1756578
GLA_human,M42K,42,M,K,1.9656372,0.19151273
GLA_human,M42L,42,M,L,1.058199,0.08876094
GLA_human,M42N,42,M,N,2.6592045,0.14378874
GLA_human,M42P,42,M,P,2.7302747,0.039000828
GLA_human,M42Q,42,M,Q,1.989595,0.06620367
GLA_human,M42R,42,M,R,1.9165903,0.14821625
GLA_human,M42S,42,M,S,2.6984413,0.03430044
GLA_human,M42T,42,M,T,2.5114865,0.09784574
GLA_human,M42V,42,M,V,2.2621377,0.14930099
GLA_human,M42W,42,M,W,1.926203,0.14970405
GLA_human,M42Y,42,M,Y,1.7559319,0.06573741
GLA_human,G43A,43,G,A,0.87284976,0.040998466
GLA_human,G43H,43,G,H,1.8693256,0.15669444
GLA_human,G43I,43,G,I,1.3286725,0.28200385
GLA_human,G43K,43,G,K,2.7121205,0.11120785
GLA_human,G43L,43,G,L,1.3717119,0.2569684
GLA_human,G43M,43,G,M,1.3644192,0.19904578
GLA_human,G43N,43,G,N,2.0159545,0.2635438
GLA_human,G43P,43,G,P,2.5588639,0.34420907
GLA_human,G43Q,43,G,Q,2.2802835,0.19403058
GLA_human,G43R,43,G,R,2.587944,0.12309692
GLA_human,G43S,43,G,S,1.7218279,0.062084965
GLA_human,G43T,43,G,T,1.8508663,0.2869085
GLA_human,G43V,43,G,V,1.0161939,0.35444987
GLA_human,G43W,43,G,W,1.2419748,0.16475834
GLA_human,G43Y,43,G,Y,1.3106083,0.17765664
GLA_human,W44A,44,W,A,3.1853147,0.3016919
GLA_human,W44C,44,W,C,2.2326524,0.30444384
GLA_human,W44D,44,W,D,3.6674736,0.11715273
GLA_human,W44E,44,W,E,3.1045992,0.14650498
GLA_human,W44F,44,W,F,1.1024374,0.11207576
GLA_human,W44G,44,W,G,3.6649806,0.30596986
GLA_human,W44H,44,W,H,2.3528023,0.08451965
GLA_human,W44I,44,W,I,2.5191069,0.2469783
GLA_human,W44K,44,W,K,2.9918282,0.28074905
GLA_human,W44L,44,W,L,2.4863687,0.17946024
GLA_human,W44M,44,W,M,2.1704745,0.18494338
GLA_human,W44N,44,W,N,3.3969212,0.094306014
GLA_human,W44P,44,W,P,3.385725,0.23653477
GLA_human,W44Q,44,W,Q,2.9584026,0.21065299
GLA_human,W44R,44,W,R,2.4839103,0.24169528
GLA_human,W44S,44,W,S,3.1186728,0.18634135
GLA_human,W44T,44,W,T,2.9661493,0.21313554
GLA_human,W44V,44,W,V,2.8161025,0.17833629
GLA_human,W44Y,44,W,Y,1.2230552,0.1079965
GLA_human,L45A,45,L,A,2.1350071,0.16567454
GLA_human,L45C,45,L,C,0.48581347,0.13565467
GLA_human,L45D,45,L,D,1.7370412,0.10107864
GLA_human,L45E,45,L,E,1.8755897,0.09229338
GLA_human,L45F,45,L,F,1.1627599,0.07860055
GLA_human,L45G,45,L,G,2.9750743,0.26748252
GLA_human,L45H,45,L,H,1.8375905,0.031375106
GLA_human,L45I,45,L,I,-0.010034825,0.051419333
GLA_human,L45K,45,L,K,1.8876508,0.09134808
GLA_human,L45M,45,L,M,-0.02028062,0.04456331
GLA_human,L45N,45,L,N,1.7332761,0.100826524
GLA_human,L45Q,45,L,Q,1.8289887,0.042018674
GLA_human,L45R,45,L,R,1.5471394,0.11868728
GLA_human,L45S,45,L,S,2.1334908,0.15253815
GLA_human,L45T,45,L,T,1.5757636,0.055740613
GLA_human,L45V,45,L,V,0.5757655,0.06858688
GLA_human,L45W,45,L,W,0.92840564,0.10311287
GLA_human,L45Y,45,L,Y,1.067482,0.13618346
GLA_human,H46R,46,H,R,1.4543234,0.074221805
GLA_human,H46S,46,H,S,1.3233032,0.1719736
GLA_human,H46T,46,H,T,1.833246,0.13095191
GLA_human,H46V,46,H,V,1.8908631,0.13168268
GLA_human,H46W,46,H,W,1.3944653,0.11012971
GLA_human,H46Y,46,H,Y,1.3397439,0.105128616
GLA_human,W47A,47,W,A,2.204526,0.2111294
GLA_human,W47C,47,W,C,1.6320343,0.19953558
GLA_human,W47D,47,W,D,3.070084,0.08649236
GLA_human,W47E,47,W,E,2.9171584,0.031231299
GLA_human,W47F,47,W,F,1.2104614,0.110874265
GLA_human,W47G,47,W,G,2.3216724,0.084102795
GLA_human,W47H,47,W,H,2.047441,0.08042833
GLA_human,W47I,47,W,I,1.70385,0.17266019
GLA_human,W47K,47,W,K,2.6443594,0.12782328
GLA_human,W47L,47,W,L,1.982798,0.16107191
GLA_human,W47M,47,W,M,1.6901858,0.128792
GLA_human,W47N,47,W,N,2.8550553,0.0716124
GLA_human,W47P,47,W,P,2.092092,0.19220218
GLA_human,W47Q,47,W,Q,2.582621,0.08216756
GLA_human,W47R,47,W,R,2.0049558,0.086753
GLA_human,W47S,47,W,S,2.2245643,0.14239548
GLA_human,W47T,47,W,T,2.1806598,0.17990945
GLA_human,W47V,47,W,V,2.1569858,0.10035136
GLA_human,W47Y,47,W,Y,1.2628807,0.114888445
GLA_human,E48A,48,E,A,0.10841061,0.11024695
GLA_human,E48C,48,E,C,-0.13399863,0.10610483
GLA_human,E48D,48,E,D,0.08526488,0.10774031
GLA_human,E48F,48,E,F,-0.03229796,0.09827624
GLA_human,E48G,48,E,G,0.47917208,0.15421115
GLA_human,E48H,48,E,H,0.03196969,0.068729736
GLA_human,E48I,48,E,I,-0.35591054,0.058216866
GLA_human,E48K,48,E,K,0.3392791,0.062191367
GLA_human,E48L,48,E,L,-0.20485325,0.061672024
GLA_human,E48M,48,E,M,-0.31995115,0.054488618
GLA_human,E48N,48,E,N,-0.010805577,0.09709271
GLA_human,E48P,48,E,P,0.21267223,0.11423805
GLA_human,E48Q,48,E,Q,-0.25630903,0.047905702
GLA_human,E48R,48,E,R,0.50865716,0.08856672
GLA_human,E48S,48,E,S,0.12558012,0.07267097
GLA_human,E48T,48,E,T,-0.0025578574,0.0747697
GLA_human,E48V,48,E,V,-0.26577273,0.046497386
GLA_human,E48W,48,E,W,-0.056919206,0.15620634
GLA_human,E48Y,48,E,Y,-0.16460583,0.103298895
GLA_human,R49A,49,R,A,0.73880225,0.141432
GLA_human,R49C,49,R,C,0.35698363,0.12324906
GLA_human,R49D,49,R,D,2.2358928,0.111058906
GLA_human,R49E,49,R,E,1.4527967,0.109446526
GLA_human,R49F,49,R,F,0.35907933,0.09312934
GLA_human,R49G,49,R,G,1.3648603,0.21471971
GLA_human,R49H,49,R,H,0.2767128,0.114566654
GLA_human,R49I,49,R,I,0.7911865,0.09161272
GLA_human,R49K,49,R,K,0.4246809,0.10040183
GLA_human,R49L,49,R,L,0.8905784,0.1719749
GLA_human,R49M,49,R,M,0.28888968,0.073721886
GLA_human,R49N,49,R,N,1.5035608,0.09580199
GLA_human,R49P,49,R,P,1.2048864,0.15354721
GLA_human,R49Q,49,R,Q,1.0019398,0.06179767
GLA_human,R49S,49,R,S,1.0918943,0.05456679
GLA_human,R49T,49,R,T,1.213557,0.10793721
GLA_human,R49V,49,R,V,1.0963613,0.08884983
GLA_human,R49W,49,R,W,0.6811055,0.13918826
GLA_human,R49Y,49,R,Y,0.4052953,0.10584523
GLA_human,M51A,51,M,A,0.6475948,0.115489736
GLA_human,M51C,51,M,C,0.14070621,0.097787075
GLA_human,M51D,51,M,D,1.160709,0.043761928
GLA_human,M51E,51,M,E,0.61483264,0.06468444
GLA_human,M51F,51,M,F,0.29592997,0.029508665
GLA_human,M51G,51,M,G,0.86713743,0.14301056
GLA_human,M51H,51,M,H,0.30909103,0.0574979
GLA_human,M51I,51,M,I,0.43811393,0.03293778
GLA_human,M51K,51,M,K,0.16187161,0.05408959
GLA_human,M51L,51,M,L,0.014687459,0.035826605
GLA_human,M51N,51,M,N,0.7167481,0.041677255
GLA_human,M51P,51,M,P,1.4458613,0.06487114
GLA_human,M51Q,51,M,Q,0.09496287,0.028160926
GLA_human,M51R,51,M,R,-0.14610341,0.047305185
GLA_human,M51S,51,M,S,0.5360986,0.07782347
GLA_human,M51T,51,M,T,0.46082568,0.05613732
GLA_human,M51V,51,M,V,0.47824168,0.050336383
GLA_human,M51W,51,M,W,0.2957123,0.071243554
GLA_human,M51Y,51,M,Y,0.4205326,0.081467025
GLA_human,C52A,52,C,A,0.78474283,0.10334363
GLA_human,C52D,52,C,D,1.7600864,0.12544668
GLA_human,C52E,52,C,E,2.7957778,0.11727087
GLA_human,C52F,52,C,F,1.982879,0.19001906
GLA_human,C52G,52,C,G,1.7736067,0.23248118
GLA_human,C52H,52,C,H,2.1541505,0.09562749
GLA_human,C52I,52,C,I,2.2471428,0.18134764
GLA_human,C52K,52,C,K,2.7020957,0.11610007
GLA_human,C52L,52,C,L,2.4310162,0.21900773
GLA_human,C52M,52,C,M,1.9347652,0.12288592
GLA_human,C52N,52,C,N,1.9165987,0.09111556
GLA_human,C52P,52,C,P,2.2518826,0.08233069
GLA_human,C52Q,52,C,Q,2.4061038,0.10732943
GLA_human,C52R,52,C,R,2.4906812,0.09548137
GLA_human,C52S,52,C,S,1.112949,0.069868684
GLA_human,C52T,52,C,T,2.4281306,0.16235235
GLA_human,C52V,52,C,V,2.1851363,0.15899496
GLA_human,C52W,52,C,W,2.0754707,0.20807375
GLA_human,C52Y,52,C,Y,2.0079403,0.18757704
GLA_human,L54A,54,L,A,1.2784507,0.1131275
GLA_human,L54C,54,L,C,0.3582119,0.048295267
GLA_human,L54D,54,L,D,1.8660424,0.0822592
GLA_human,L54E,54,L,E,1.6663185,0.11540337
GLA_human,L54F,54,L,F,0.8321804,0.07040534
GLA_human,L54G,54,L,G,1.6308796,0.14493439
GLA_human,L54H,54,L,H,1.2774141,0.052451085
GLA_human,L54I,54,L,I,0.16673748,0.020475054
GLA_human,L54K,54,L,K,1.3442894,0.10279106
GLA_human,L54M,54,L,M,0.48530155,0.01248649
GLA_human,L54N,54,L,N,1.3789831,0.08628956
GLA_human,L54P,54,L,P,1.524216,0.018025357
GLA_human,L54Q,54,L,Q,1.4174324,0.07342886
GLA_human,L54R,54,L,R,1.2874072,0.06932329
GLA_human,L54S,54,L,S,1.4110363,0.03276441
GLA_human,L54T,54,L,T,0.8220256,0.054868877
GLA_human,L54V,54,L,V,0.26326934,0.061956543
GLA_human,L54W,54,L,W,1.0321804,0.12567718
GLA_human,L54Y,54,L,Y,1.0194696,0.08691957
GLA_human,D55A,55,D,A,0.27872196,0.127009
GLA_human,D55C,55,D,C,0.693648,0.12980483
GLA_human,D55E,55,D,E,0.9927454,0.07819558
GLA_human,D55F,55,D,F,0.92494047,0.10332665
GLA_human,D55G,55,D,G,0.6975075,0.18105909
GLA_human,D55H,55,D,H,0.97408354,0.08092329
GLA_human,D55I,55,D,I,1.1285403,0.1153575
GLA_human,D55K,55,D,K,0.8446845,0.09705639
GLA_human,D55L,55,D,L,0.5735099,0.12172342
GLA_human,D55M,55,D,M,0.5696652,0.116558515
GLA_human,D55N,55,D,N,0.1771261,0.031387046
GLA_human,D55P,55,D,P,1.4162278,0.050058074
GLA_human,D55Q,55,D,Q,0.8679808,0.04665776
GLA_human,D55R,55,D,R,0.5667788,0.13012718
GLA_human,D55S,55,D,S,0.44116887,0.07423672
GLA_human,D55T,55,D,T,1.1481167,0.13480717
GLA_human,D55V,55,D,V,1.3616135,0.12194347
GLA_human,D55W,55,D,W,1.0478431,0.14749628
GLA_human,D55Y,55,D,Y,0.9931669,0.12857462
GLA_human,C56A,56,C,A,1.4100312,0.16534066
GLA_human,C56D,56,C,D,2.605431,0.14316341
GLA_human,C56E,56,C,E,3.0601945,0.1921496
GLA_human,C56F,56,C,F,2.0409858,0.17863685
GLA_human,C56G,56,C,G,1.8220268,0.25229335
GLA_human,C56H,56,C,H,2.4742603,0.15958354
GLA_human,C56I,56,C,I,2.306888,0.1825004
GLA_human,C56K,56,C,K,3.143769,0.13336667
GLA_human,C56L,56,C,L,2.2868462,0.16874243
GLA_human,C56M,56,C,M,2.2763007,0.12726788
GLA_human,C56N,56,C,N,2.5389905,0.13701129
GLA_human,C56P,56,C,P,2.861568,0.12218236
GLA_human,C56Q,56,C,Q,2.7932808,0.17372705
GLA_human,C56R,56,C,R,2.890802,0.10234165
GLA_human,C56S,56,C,S,1.6366818,0.10597647
GLA_human,C56T,56,C,T,2.4244168,0.10616485
GLA_human,C56V,56,C,V,2.3813908,0.16315597
GLA_human,C56W,56,C,W,2.0814133,0.18922561
GLA_human,C56Y,56,C,Y,2.224577,0.1836683
GLA_human,E58A,58,E,A,-0.27011287,0.11747575
GLA_human,E58C,58,E,C,-0.31522554,0.07882551
GLA_human,E58D,58,E,D,-0.24039121,0.020109933
GLA_human,E58F,58,E,F,-0.30467415,0.038941246
GLA_human,E58G,58,E,G,-0.38009208,0.11675139
GLA_human,E58H,58,E,H,-0.5970724,0.07366583
GLA_human,E58I,58,E,I,-0.08084794,0.045174062
GLA_human,E58K,58,E,K,-0.41319233,0.07396628
GLA_human,E58L,58,E,L,-0.2650981,0.055629753
GLA_human,E58M,58,E,M,-0.2696293,0.037112664
GLA_human,E58N,58,E,N,-0.49396482,0.02207727
GLA_human,E58P,58,E,P,1.0173975,0.14065768
GLA_human,E58Q,58,E,Q,-0.2541069,0.027438927
GLA_human,E58R,58,E,R,-0.43275443,0.07595058
GLA_human,E58S,58,E,S,-0.51972795,0.09384417
GLA_human,E58T,58,E,T,-0.51125807,0.074288666
GLA_human,E58V,58,E,V,-0.08267018,0.0672499
GLA_human,E58W,58,E,W,0.14216423,0.13978328
GLA_human,E58Y,58,E,Y,-0.18552855,0.054596063
GLA_human,E59A,59,E,A,0.13591722,0.08340138
GLA_human,E59C,59,E,C,-0.02924633,0.13614036
GLA_human,E59D,59,E,D,0.1532721,0.04579384
GLA_human,E59F,59,E,F,-0.46148235,0.04322447
GLA_human,E59G,59,E,G,0.62541103,0.17530783
GLA_human,E59H,59,E,H,-0.1432306,0.080204986
GLA_human,E59I,59,E,I,0.8659829,0.07388076
GLA_human,E59K,59,E,K,0.25503486,0.04176838
GLA_human,E59L,59,E,L,0.16449848,0.06402851
GLA_human,E59M,59,E,M,-0.06338908,0.06333346
GLA_human,E59N,59,E,N,0.11281983,0.05553419
GLA_human,E59P,59,E,P,2.0335498,0.058709126
GLA_human,E59Q,59,E,Q,-0.19924404,0.048433766
GLA_human,E59R,59,E,R,0.2025661,0.06352882
GLA_human,E59S,59,E,S,0.12073491,0.0778236
GLA_human,E59V,59,E,V,0.78339875,0.11435032
GLA_human,E59W,59,E,W,-0.061272305,0.04765318
GLA_human,E59Y,59,E,Y,-0.36617547,0.060305875
GLA_human,P60A,60,P,A,0.9776018,0.12655807
GLA_human,P60C,60,P,C,0.8152207,0.12030804
GLA_human,P60D,60,P,D,1.3124641,0.06198886
GLA_human,P60E,60,P,E,1.1907749,0.14006853
GLA_human,P60F,60,P,F,1.0414064,0.10963255
GLA_human,P60G,60,P,G,1.220529,0.10350617
GLA_human,P60H,60,P,H,0.92445385,0.1263737
GLA_human,P60I,60,P,I,0.84976274,0.13688579
GLA_human,P60K,60,P,K,0.72026914,0.077127665
GLA_human,P60L,60,P,L,0.9862951,0.12859346
GLA_human,P60M,60,P,M,0.9781815,0.13197717
GLA_human,P60N,60,P,N,1.0261902,0.04992856
GLA_human,P60Q,60,P,Q,0.79069734,0.11607177
GLA_human,P60R,60,P,R,0.54417294,0.058538023
GLA_human,P60S,60,P,S,1.0457143,0.11501896
GLA_human,P60T,60,P,T,1.0746604,0.0935279
GLA_human,P60V,60,P,V,0.8817231,0.07726453
GLA_human,P60W,60,P,W,0.7273998,0.11139982
GLA_human,P60Y,60,P,Y,0.9446623,0.091199644
GLA_human,D61A,61,D,A,0.25152975,0.08887985
GLA_human,D61C,61,D,C,0.2900375,0.079379685
GLA_human,D61E,61,D,E,-0.026603322,0.04452547
GLA_human,D61F,61,D,F,-0.076701954,0.10451439
GLA_human,D61G,61,D,G,0.3177276,0.12168793
GLA_human,D61H,61,D,H,-0.0005600631,0.12838055
GLA_human,D61K,61,D,K,-0.073526606,0.08235291
GLA_human,D61L,61,D,L,-0.02664175,0.095144376
GLA_human,D61M,61,D,M,-0.0065627405,0.07150042
GLA_human,D61N,61,D,N,0.20226946,0.045677166
GLA_human,D61P,61,D,P,1.1503515,0.14892998
GLA_human,D61Q,61,D,Q,-0.18916427,0.045328632
GLA_human,D61R,61,D,R,-0.2766615,0.0562375
GLA_human,D61S,61,D,S,0.086680375,0.045530368
GLA_human,D61T,61,D,T,0.60260344,0.054594714
GLA_human,D61V,61,D,V,0.6318749,0.08164807
GLA_human,D61W,61,D,W,0.057638396,0.08490672
GLA_human,D61Y,61,D,Y,-0.047524102,0.11173398
GLA_human,S62A,62,S,A,-0.078203365,0.016026942
GLA_human,S62C,62,S,C,0.07225876,0.03541008
GLA_human,S62D,62,S,D,0.28215653,0.08101845
GLA_human,S62E,62,S,E,0.18973398,0.08112099
GLA_human,S62F,62,S,F,-0.09565188,0.10634445
GLA_human,S62G,62,S,G,0.13707641,0.08029628
GLA_human,S62H,62,S,H,0.0810105,0.09298396
GLA_human,S62I,62,S,I,0.14410609,0.08495514
GLA_human,S62K,62,S,K,0.29594636,0.053211108
GLA_human,S62L,62,S,L,0.14299552,0.10702135
GLA_human,S62M,62,S,M,0.020849574,0.09819311
GLA_human,S62N,62,S,N,0.057701923,0.012947559
GLA_human,S62P,62,S,P,0.8980299,0.14622863
GLA_human,S62Q,62,S,Q,0.07789861,0.052876174
GLA_human,S62R,62,S,R,-0.0112119485,0.07947457
GLA_human,S62T,62,S,T,0.44495502,0.08502991
GLA_human,S62V,62,S,V,0.37793297,0.09147513
GLA_human,S62W,62,S,W,-0.0216618,0.10428131
GLA_human,S62Y,62,S,Y,-0.1865315,0.0988903
GLA_human,C63A,63,C,A,1.0705696,0.16226485
GLA_human,C63D,63,C,D,2.266,0.09531157
GLA_human,C63E,63,C,E,3.1112194,0.119538166
GLA_human,C63F,63,C,F,2.2912037,0.14921609
GLA_human,C63G,63,C,G,1.8867178,0.26483724
GLA_human,C63H,63,C,H,2.399734,0.14590602
GLA_human,C63I,63,C,I,2.1068168,0.12504864
GLA_human,C63L,63,C,L,1.9467614,0.06440448
GLA_human,C63M,63,C,M,2.343204,0.13688701
GLA_human,C63N,63,C,N,2.4506946,0.11699251
GLA_human,C63P,63,C,P,2.8646934,0.1948083
GLA_human,C63Q,63,C,Q,2.9705765,0.13962547
GLA_human,C63R,63,C,R,2.9155078,0.08549727
GLA_human,C63S,63,C,S,1.2571331,0.08976557
GLA_human,C63T,63,C,T,2.3714213,0.12943186
GLA_human,C63V,63,C,V,1.82719,0.124637544
GLA_human,C63W,63,C,W,2.5510736,0.14151815
GLA_human,C63Y,63,C,Y,2.3243847,0.15634699
GLA_human,I64A,64,I,A,1.7901933,0.10222367
GLA_human,I64C,64,I,C,1.3861732,0.117989816
GLA_human,I64D,64,I,D,2.0954347,0.093735635
GLA_human,I64E,64,I,E,2.1039307,0.088878155
GLA_human,I64F,64,I,F,1.6050816,0.14325005
GLA_human,I64G,64,I,G,2.488359,0.21715726
GLA_human,I64H,64,I,H,2.019453,0.063868634
GLA_human,I64K,64,I,K,2.1981483,0.09456829
GLA_human,I64L,64,I,L,0.04765207,0.01969064
GLA_human,I64M,64,I,M,1.2146916,0.06808986
GLA_human,I64N,64,I,N,1.9401572,0.07505632
GLA_human,I64P,64,I,P,1.3569082,0.09299532
GLA_human,I64R,64,I,R,2.3482168,0.09012641
GLA_human,I64S,64,I,S,2.1567845,0.0892809
GLA_human,I64T,64,I,T,1.405636,0.09275132
GLA_human,I64V,64,I,V,0.17496356,0.038646456
GLA_human,I64W,64,I,W,1.7658154,0.15566802
GLA_human,I64Y,64,I,Y,1.8159666,0.18958738
GLA_human,S65A,65,S,A,0.2971596,0.059994277
GLA_human,S65C,65,S,C,0.21697383,0.073928356
GLA_human,S65D,65,S,D,0.74566805,0.10158127
GLA_human,S65E,65,S,E,1.1951854,0.13621646
GLA_human,S65F,65,S,F,1.0962522,0.08650559
GLA_human,S65G,65,S,G,0.25066125,0.1712138
GLA_human,S65H,65,S,H,0.5720962,0.04028662
GLA_human,S65I,65,S,I,0.97935027,0.1452741
GLA_human,S65K,65,S,K,1.0043914,0.068529025
GLA_human,S65L,65,S,L,1.0638268,0.12673675
GLA_human,S65M,65,S,M,0.6636071,0.07401457
GLA_human,S65N,65,S,N,0.8177166,0.07125945
GLA_human,S65P,65,S,P,2.059552,0.16121577
GLA_human,S65Q,65,S,Q,0.6640576,0.09203054
GLA_human,S65R,65,S,R,0.28422612,0.06603989
GLA_human,S65T,65,S,T,1.1902425,0.12207188
GLA_human,S65V,65,S,V,1.1721439,0.13072908
GLA_human,S65W,65,S,W,0.36012393,0.09122507
GLA_human,S65Y,65,S,Y,0.8239331,0.056164786
GLA_human,L68A,68,L,A,2.6454475,0.095854975
GLA_human,L68C,68,L,C,1.7188475,0.09910358
GLA_human,L68D,68,L,D,3.3381577,0.113836646
GLA_human,L68E,68,L,E,3.0875795,0.11677243
GLA_human,L68F,68,L,F,1.2454118,0.09202161
GLA_human,L68G,68,L,G,3.08188,0.1590368
GLA_human,L68H,68,L,H,2.9124413,0.06632622
GLA_human,L68I,68,L,I,1.535931,0.08554811
GLA_human,L68K,68,L,K,2.736617,0.2036737
GLA_human,L68M,68,L,M,1.5841873,0.09560198
GLA_human,L68N,68,L,N,3.1632702,0.11659117
GLA_human,L68P,68,L,P,2.6732833,0.114974044
GLA_human,L68Q,68,L,Q,3.1057315,0.099962905
GLA_human,L68R,68,L,R,3.0804222,0.24267206
GLA_human,L68S,68,L,S,2.850282,0.13886005
GLA_human,L68T,68,L,T,2.2991495,0.07802581
GLA_human,L68V,68,L,V,1.7097734,0.09719692
GLA_human,L68W,68,L,W,2.5855756,0.26325876
GLA_human,L68Y,68,L,Y,2.4124732,0.21796198
GLA_human,F69A,69,F,A,2.4456496,0.13557354
GLA_human,F69C,69,F,C,1.6005179,0.21084838
GLA_human,F69D,69,F,D,3.197833,0.03919089
GLA_human,F69E,69,F,E,2.8346286,0.033559695
GLA_human,F69G,69,F,G,3.0928319,0.115776286
GLA_human,F69H,69,F,H,2.0783725,0.11181216
GLA_human,F69I,69,F,I,1.6907161,0.092202924
GLA_human,F69K,69,F,K,2.73258,0.10391638
GLA_human,F69L,69,F,L,1.5696208,0.14581947
GLA_human,F69M,69,F,M,1.1038526,0.09711449
GLA_human,F69N,69,F,N,3.1361244,0.05624656
GLA_human,F69P,69,F,P,2.5739298,0.06855103
GLA_human,F69Q,69,F,Q,2.6088977,0.039118752
GLA_human,F69R,69,F,R,2.7432227,0.14145449
GLA_human,F69S,69,F,S,2.7652433,0.14292835
GLA_human,F69T,69,F,T,2.801355,0.08979117
GLA_human,F69V,69,F,V,2.1988668,0.12958151
GLA_human,F69W,69,F,W,1.110598,0.06243715
GLA_human,F69Y,69,F,Y,0.4307743,0.07319701
GLA_human,M70A,70,M,A,1.1310668,0.12212457
GLA_human,M70C,70,M,C,0.6712369,0.12988856
GLA_human,M70D,70,M,D,2.0219507,0.13707161
GLA_human,M70E,70,M,E,1.1448412,0.12264254
GLA_human,M70F,70,M,F,0.94981,0.06559169
GLA_human,M70G,70,M,G,1.8658111,0.19871551
GLA_human,M70H,70,M,H,1.1848236,0.07900388
GLA_human,M70I,70,M,I,0.5331369,0.088911586
GLA_human,M70K,70,M,K,0.17231703,0.06701732
GLA_human,M70L,70,M,L,1.0894029,0.063828446
GLA_human,M70N,70,M,N,1.9414623,0.06577151
GLA_human,M70P,70,M,P,2.9892082,0.07171836
GLA_human,M70Q,70,M,Q,0.7654551,0.10931555
GLA_human,M70R,70,M,R,0.47722498,0.08415112
GLA_human,M70S,70,M,S,1.2632053,0.06129945
GLA_human,M70T,70,M,T,1.0775199,0.06673718
GLA_human,M70V,70,M,V,0.7206871,0.11665927
GLA_human,M70W,70,M,W,1.0377083,0.21935153
GLA_human,M70Y,70,M,Y,1.185653,0.12270465
GLA_human,E71A,71,E,A,0.24996527,0.07491452
GLA_human,E71C,71,E,C,0.06541434,0.08041429
GLA_human,E71D,71,E,D,0.3931649,0.03120943
GLA_human,E71F,71,E,F,0.5570744,0.021382956
GLA_human,E71G,71,E,G,0.99493134,0.18590225
GLA_human,E71H,71,E,H,0.8880021,0.10210538
GLA_human,E71I,71,E,I,0.35475224,0.043521836
GLA_human,E71K,71,E,K,0.4398728,0.06322858
GLA_human,E71L,71,E,L,0.37037906,0.06263373
GLA_human,E71M,71,E,M,0.22348252,0.06632969
GLA_human,E71N,71,E,N,0.8176626,0.054724462
GLA_human,E71P,71,E,P,2.1742377,0.06708096
GLA_human,E71Q,71,E,Q,-0.008574391,0.037900064
GLA_human,E71R,71,E,R,0.37266713,0.062410608
GLA_human,E71S,71,E,S,0.4344303,0.08273155
GLA_human,E71T,71,E,T,0.3906058,0.066087134
GLA_human,E71V,71,E,V,0.61780584,0.097130075
GLA_human,E71W,71,E,W,0.21565571,0.077068046
GLA_human,E71Y,71,E,Y,0.6260602,0.08640676
GLA_human,M72A,72,M,A,1.6838608,0.039674185
GLA_human,M72C,72,M,C,1.4493802,0.15406081
GLA_human,M72D,72,M,D,3.006267,0.16064559
GLA_human,M72E,72,M,E,1.831782,0.1443258
GLA_human,M72F,72,M,F,1.1082923,0.07704922
GLA_human,M72G,72,M,G,2.729608,0.12411195
GLA_human,M72H,72,M,H,0.6768658,0.11056185
GLA_human,M72I,72,M,I,0.72174805,0.07632067
GLA_human,M72K,72,M,K,1.8700755,0.17395398
GLA_human,M72L,72,M,L,1.9338572,0.14814779
GLA_human,M72N,72,M,N,2.4184132,0.20024621
GLA_human,M72P,72,M,P,3.2868018,0.20866814
GLA_human,M72Q,72,M,Q,1.3505309,0.063317545
GLA_human,M72R,72,M,R,2.2923555,0.15321513
GLA_human,M72S,72,M,S,2.1333337,0.12970588
GLA_human,M72T,72,M,T,1.4794018,0.05007687
GLA_human,M72V,72,M,V,1.223798,0.1015265
GLA_human,M72W,72,M,W,2.2246342,0.21997069
GLA_human,M72Y,72,M,Y,1.9410385,0.20712431
GLA_human,A73C,73,A,C,0.3368576,0.13671263
GLA_human,A73D,73,A,D,2.6682165,0.13514926
GLA_human,A73E,73,A,E,2.275678,0.21105076
GLA_human,A73F,73,A,F,1.649772,0.25909784
GLA_human,A73G,73,A,G,1.1915263,0.14140801
GLA_human,A73H,73,A,H,2.0581994,0.20162581
GLA_human,A73I,73,A,I,1.5230253,0.27138162
GLA_human,A73K,73,A,K,2.4606502,0.27159595
GLA_human,A73L,73,A,L,1.2630584,0.15492226
GLA_human,A73M,73,A,M,0.9340291,0.23653047
GLA_human,A73N,73,A,N,2.658216,0.24192858
GLA_human,A73P,73,A,P,3.1210837,0.26769224
GLA_human,E74A,74,E,A,0.12894826,0.089712225
GLA_human,E74C,74,E,C,0.268458,0.1283648
GLA_human,E74D,74,E,D,-0.096620575,0.014234718
GLA_human,E74F,74,E,F,0.20175076,0.08371457
GLA_human,E74G,74,E,G,0.8601446,0.16254754
GLA_human,E74H,74,E,H,0.3609054,0.08119843
GLA_human,E74I,74,E,I,0.56613904,0.055312343
GLA_human,E74K,74,E,K,0.520852,0.04637258
GLA_human,E74L,74,E,L,0.53195184,0.056877196
GLA_human,E74M,74,E,M,0.43413955,0.07148068
GLA_human,E74N,74,E,N,0.28288102,0.030462286
GLA_human,E74P,74,E,P,1.9301695,0.08452167
GLA_human,E74Q,74,E,Q,0.29772198,0.04974646
GLA_human,E74R,74,E,R,0.08489442,0.043110233
GLA_human,E74S,74,E,S,0.19797775,0.08273225
GLA_human,E74T,74,E,T,0.5000679,0.047043465
GLA_human,E74V,74,E,V,0.77568454,0.059427626
GLA_human,E74W,74,E,W,0.5698603,0.11861885
GLA_human,E74Y,74,E,Y,0.26206264,0.08792375
GLA_human,M76A,76,M,A,2.2121594,0.183882
GLA_human,M76C,76,M,C,1.1235316,0.14673427
GLA_human,M76D,76,M,D,3.227777,0.13951029
GLA_human,M76E,76,M,E,2.6693473,0.152635
GLA_human,M76F,76,M,F,1.6150334,0.07895604
GLA_human,M76G,76,M,G,2.270303,0.176433
GLA_human,M76H,76,M,H,2.574426,0.11830082
GLA_human,M76I,76,M,I,1.1604377,0.038548663
GLA_human,M76K,76,M,K,2.566555,0.28655094
GLA_human,M76L,76,M,L,0.42780727,0.05904426
GLA_human,M76N,76,M,N,2.905767,0.17303877
GLA_human,M76P,76,M,P,3.4191155,0.15137324
GLA_human,M76Q,76,M,Q,2.1400292,0.10734881
GLA_human,M76R,76,M,R,2.8315654,0.31980965
GLA_human,M76S,76,M,S,2.2131143,0.20049512
GLA_human,M76T,76,M,T,2.1673493,0.1658573
GLA_human,M76V,76,M,V,1.7201862,0.1495291
GLA_human,M76W,76,M,W,2.3072686,0.29837728
GLA_human,M76Y,76,M,Y,2.2031941,0.13649262
GLA_human,V77A,77,V,A,1.0258152,0.17091143
GLA_human,V77C,77,V,C,0.9869623,0.06873208
GLA_human,V77D,77,V,D,1.4842169,0.13908604
GLA_human,V77E,77,V,E,0.9878211,0.06913833
GLA_human,V77F,77,V,F,0.9637286,0.08877897
GLA_human,V77G,77,V,G,1.9930394,0.17676659
GLA_human,V77H,77,V,H,1.1489468,0.06926876
GLA_human,V77I,77,V,I,0.45493522,0.120900765
GLA_human,V77K,77,V,K,1.3135523,0.10424982
GLA_human,V77L,77,V,L,0.84663725,0.06286125
GLA_human,V77M,77,V,M,0.86945736,0.09906638
GLA_human,V77N,77,V,N,1.6561639,0.05782798
GLA_human,V77P,77,V,P,1.5509298,0.11526289
GLA_human,V77Q,77,V,Q,0.88192093,0.06199012
GLA_human,V77R,77,V,R,1.4001524,0.15265627
GLA_human,V77S,77,V,S,1.3955309,0.11528587
GLA_human,V77T,77,V,T,1.0333683,0.052079994
GLA_human,V77W,77,V,W,1.0788212,0.09203004
GLA_human,V77Y,77,V,Y,0.9957105,0.07582658
GLA_human,E79A,79,E,A,0.6140322,0.14720707
GLA_human,E79C,79,E,C,0.53676033,0.14529182
GLA_human,E79D,79,E,D,0.4348453,0.038774904
GLA_human,E79F,79,E,F,0.78990954,0.0808891
GLA_human,E79G,79,E,G,1.1728156,0.22154564
GLA_human,E79H,79,E,H,1.155906,0.13078707
GLA_human,E79I,79,E,I,1.2343647,0.10710321
GLA_human,E79K,79,E,K,1.1099203,0.100133225
GLA_human,E79L,79,E,L,0.28193188,0.11405125
GLA_human,E79M,79,E,M,-0.16490546,0.07628206
GLA_human,E79N,79,E,N,1.0935296,0.06236112
GLA_human,E79P,79,E,P,3.4591134,0.05507646
GLA_human,E79Q,79,E,Q,0.123212054,0.09379434
GLA_human,E79R,79,E,R,0.8662388,0.09852998
GLA_human,E79S,79,E,S,0.58657825,0.09348355
GLA_human,E79T,79,E,T,1.0641773,0.06289401
GLA_human,E79V,79,E,V,1.5475271,0.07559901
GLA_human,E79W,79,E,W,1.1856197,0.137412
GLA_human,E79Y,79,E,Y,0.90403414,0.07004486
GLA_human,G80A,80,G,A,1.2915035,0.06679347
GLA_human,G80C,80,G,C,1.0285677,0.135478
GLA_human,G80D,80,G,D,1.340725,0.21136661
GLA_human,G80E,80,G,E,1.4623451,0.1391349
GLA_human,G80F,80,G,F,0.58541435,0.11583656
GLA_human,G80H,80,G,H,0.8017542,0.124342404
GLA_human,G80I,80,G,I,1.5927819,0.09028759
GLA_human,G80K,80,G,K,0.96595985,0.15191963
GLA_human,G80L,80,G,L,0.915545,0.102942206
GLA_human,G80M,80,G,M,0.7517725,0.08969819
GLA_human,G80N,80,G,N,1.0340917,0.15402706
GLA_human,G80P,80,G,P,1.9212526,0.15001816
GLA_human,G80Q,80,G,Q,1.1650149,0.10380913
GLA_human,G80R,80,G,R,1.1386303,0.096933365
GLA_human,G80S,80,G,S,1.185065,0.09081856
GLA_human,G80T,80,G,T,1.389478,0.17231138
GLA_human,G80V,80,G,V,1.4573376,0.13951868
GLA_human,G80W,80,G,W,0.73267263,0.10652487
GLA_human,G80Y,80,G,Y,0.60151017,0.13484333
GLA_human,W81A,81,W,A,3.3549225,0.31132695
GLA_human,W81C,81,W,C,2.5196922,0.18666048
GLA_human,W81D,81,W,D,3.9903374,0.16272259
GLA_human,W81E,81,W,E,3.9673774,0.14749768
GLA_human,W81F,81,W,F,0.5496031,0.06131056
GLA_human,W81G,81,W,G,4.381744,0.30587134
GLA_human,W81H,81,W,H,2.6358328,0.12257895
GLA_human,W81I,81,W,I,2.890175,0.17496224
GLA_human,W81K,81,W,K,3.9765918,0.19569217
GLA_human,W81L,81,W,L,2.086285,0.1513568
GLA_human,W81M,81,W,M,2.0201206,0.10191145
GLA_human,W81N,81,W,N,3.8813558,0.11265208
GLA_human,W81P,81,W,P,3.8010693,0.14298497
GLA_human,W81Q,81,W,Q,3.7817314,0.14806987
GLA_human,W81R,81,W,R,3.5733254,0.18742797
GLA_human,W81S,81,W,S,3.5255363,0.17885476
GLA_human,W81T,81,W,T,3.6438832,0.090860516
GLA_human,W81V,81,W,V,3.3343074,0.10630536
GLA_human,W81Y,81,W,Y,0.7460371,0.06409522
GLA_human,K82D,82,K,D,1.9476818,0.02542604
GLA_human,K82E,82,K,E,1.3139789,0.03861035
GLA_human,K82F,82,K,F,0.4996875,0.11744291
GLA_human,K82G,82,K,G,1.6727606,0.12535496
GLA_human,K82H,82,K,H,0.73498696,0.026656456
GLA_human,K82I,82,K,I,1.1803161,0.17174795
GLA_human,K82L,82,K,L,0.03675423,0.09130065
GLA_human,K82M,82,K,M,0.17515591,0.066243574
GLA_human,K82N,82,K,N,1.411999,0.058818974
GLA_human,K82P,82,K,P,2.164226,0.12975593
GLA_human,K82Q,82,K,Q,0.58005625,0.06687174
GLA_human,K82R,82,K,R,-0.2708115,0.038305577
GLA_human,K82S,82,K,S,0.97264194,0.07540569
GLA_human,K82T,82,K,T,1.7549326,0.0466233
GLA_human,K82V,82,K,V,1.407644,0.055194374
GLA_human,K82W,82,K,W,0.8163484,0.0694139
GLA_human,K82Y,82,K,Y,0.5505617,0.11260378
GLA_human,G85A,85,G,A,1.3058627,0.071157195
GLA_human,G85C,85,G,C,1.0978764,0.16389197
GLA_human,G85D,85,G,D,1.8358189,0.25862643
GLA_human,G85E,85,G,E,1.9409332,0.15208977
GLA_human,G85F,85,G,F,1.2341745,0.08914734
GLA_human,G85H,85,G,H,1.2996922,0.06861341
GLA_human,G85I,85,G,I,1.8038807,0.17666599
GLA_human,G85K,85,G,K,1.4376581,0.09951995
GLA_human,G85L,85,G,L,1.325297,0.12610927
GLA_human,G85M,85,G,M,1.3863262,0.07617054
GLA_human,G85N,85,G,N,1.5950167,0.21324734
GLA_human,G85P,85,G,P,2.6737726,0.09271858
GLA_human,G85Q,85,G,Q,1.5616162,0.07302926
GLA_human,G85R,85,G,R,1.4873221,0.09839856
GLA_human,G85S,85,G,S,1.3872694,0.11634934
GLA_human,G85T,85,G,T,1.9223744,0.14491373
GLA_human,G85V,85,G,V,1.8279543,0.15994902
GLA_human,G85W,85,G,W,1.0876663,0.063858
GLA_human,G85Y,85,G,Y,1.1742629,0.11461031
GLA_human,Y86A,86,Y,A,2.6403046,0.21517877
GLA_human,Y86C,86,Y,C,1.7222573,0.282578
GLA_human,Y86D,86,Y,D,3.413358,0.11991821
GLA_human,Y86E,86,Y,E,3.2739735,0.121124916
GLA_human,Y86F,86,Y,F,0.30162334,0.03885709
GLA_human,Y86G,86,Y,G,3.0614467,0.13008079
GLA_human,Y86H,86,Y,H,2.180374,0.12266852
GLA_human,Y86I,86,Y,I,2.4833474,0.083230756
GLA_human,Y86K,86,Y,K,3.0421166,0.11751487
GLA_human,Y86L,86,Y,L,2.348229,0.08239491
GLA_human,Y86M,86,Y,M,2.018804,0.047589403
GLA_human,Y86N,86,Y,N,3.1236138,0.062543176
GLA_human,Y86P,86,Y,P,3.371821,0.13377264
GLA_human,Y86Q,86,Y,Q,3.1854224,0.09855958
GLA_human,Y86R,86,Y,R,2.5063071,0.17393494
GLA_human,Y86S,86,Y,S,2.685701,0.19674534
GLA_human,Y86T,86,Y,T,3.0594988,0.08432879
GLA_human,Y86V,86,Y,V,2.6544805,0.05297053
GLA_human,Y86W,86,Y,W,0.9058798,0.08743232
GLA_human,E87A,87,E,A,0.57783866,0.18357094
GLA_human,E87C,87,E,C,0.24930024,0.12587126
GLA_human,E87D,87,E,D,0.64256716,0.08196577
GLA_human,E87F,87,E,F,-0.095541656,0.10346771
GLA_human,E87G,87,E,G,0.736641,0.22300823
GLA_human,E87H,87,E,H,0.058598407,0.051152557
GLA_human,E87I,87,E,I,-0.46229345,0.12122164
GLA_human,E87K,87,E,K,0.057121407,0.09148752
GLA_human,E87L,87,E,L,-0.32252464,0.10431534
GLA_human,E87M,87,E,M,-0.30178732,0.069519915
GLA_human,E87N,87,E,N,0.54421645,0.096887335
GLA_human,E87P,87,E,P,0.9711607,0.17451182
GLA_human,E87Q,87,E,Q,-0.036362328,0.03208152
GLA_human,E87R,87,E,R,-0.16880222,0.084807105
GLA_human,E87S,87,E,S,0.5929128,0.1456791
GLA_human,E87T,87,E,T,0.10355137,0.081589274
GLA_human,E87V,87,E,V,-0.23094377,0.08396087
GLA_human,E87W,87,E,W,-0.0031034395,0.09578039
GLA_human,E87Y,87,E,Y,-0.10685824,0.099013165
GLA_human,Y88A,88,Y,A,2.495994,0.13799667
GLA_human,Y88C,88,Y,C,1.3188818,0.15561017
GLA_human,Y88D,88,Y,D,2.8253067,0.035641313
GLA_human,Y88E,88,Y,E,2.559361,0.039505288
GLA_human,Y88F,88,Y,F,-0.21836743,0.038397163
GLA_human,Y88G,88,Y,G,2.923653,0.12513603
GLA_human,Y88H,88,Y,H,1.7709792,0.06084086
GLA_human,Y88I,88,Y,I,1.1560279,0.097254515
GLA_human,Y88K,88,Y,K,2.4468071,0.14230187
GLA_human,Y88L,88,Y,L,1.1255022,0.104117095
GLA_human,Y88M,88,Y,M,1.2755778,0.08176612
GLA_human,Y88N,88,Y,N,2.6192431,0.042418063
GLA_human,Y88P,88,Y,P,3.2207336,0.075747825
GLA_human,Y88Q,88,Y,Q,2.5002415,0.104649
GLA_human,Y88R,88,Y,R,2.1052265,0.073605634
GLA_human,Y88S,88,Y,S,2.5100422,0.12692949
GLA_human,Y88T,88,Y,T,2.0590887,0.05357224
GLA_human,Y88V,88,Y,V,1.6634582,0.12922262
GLA_human,Y88W,88,Y,W,0.7072808,0.072212555
GLA_human,W95A,95,W,A,3.843141,0.28423348
GLA_human,W95C,95,W,C,3.069016,0.24664548
GLA_human,W95D,95,W,D,4.4095383,0.15114945
GLA_human,W95E,95,W,E,3.783503,0.17438263
GLA_human,W95F,95,W,F,1.3965528,0.13321184
GLA_human,W95G,95,W,G,4.13479,0.27113283
GLA_human,W95H,95,W,H,2.6427941,0.13326457
GLA_human,W95I,95,W,I,3.1627336,0.27115667
GLA_human,W95K,95,W,K,3.748652,0.22270378
GLA_human,W95L,95,W,L,3.1627362,0.18508193
GLA_human,W95M,95,W,M,2.66603,0.14301996
GLA_human,W95N,95,W,N,4.320006,0.213266
GLA_human,W95P,95,W,P,4.2617064,0.18665734
GLA_human,W95Q,95,W,Q,3.6345737,0.22656445
GLA_human,W95R,95,W,R,2.2678757,0.20316412
GLA_human,W95S,95,W,S,3.9191709,0.19908696
GLA_human,W95T,95,W,T,3.9800706,0.28799376
GLA_human,W95V,95,W,V,4.093876,0.25832248
GLA_human,W95Y,95,W,Y,1.2295634,0.13807102
GLA_human,M96A,96,M,A,1.5752494,0.104754135
GLA_human,M96C,96,M,C,0.9118551,0.05953062
GLA_human,M96D,96,M,D,2.2769725,0.17618495
GLA_human,M96E,96,M,E,1.3715346,0.16487779
GLA_human,M96F,96,M,F,0.20942207,0.046021134
GLA_human,M96G,96,M,G,2.1053336,0.20310031
GLA_human,M96H,96,M,H,0.94262946,0.08694636
GLA_human,M96I,96,M,I,1.3516033,0.12864305
GLA_human,M96K,96,M,K,1.4802945,0.16870354
GLA_human,M96L,96,M,L,0.3617774,0.0741313
GLA_human,M96N,96,M,N,1.8734722,0.13536488
GLA_human,M96P,96,M,P,1.5553,0.19305307
GLA_human,M96Q,96,M,Q,0.8731287,0.06871881
GLA_human,M96R,96,M,R,1.1932757,0.08935588
GLA_human,M96S,96,M,S,1.5181147,0.106876396
GLA_human,M96T,96,M,T,1.6112999,0.12273647
GLA_human,M96V,96,M,V,1.6001003,0.16041563
GLA_human,M96W,96,M,W,1.8902318,0.22600025
GLA_human,M96Y,96,M,Y,0.9320614,0.09157114
GLA_human,P98K,98,P,K,0.22263062,0.068503685
GLA_human,P98L,98,P,L,0.026950544,0.093467385
GLA_human,P98M,98,P,M,-0.12612557,0.05565944
GLA_human,P98N,98,P,N,0.26953092,0.027985156
GLA_human,P98Q,98,P,Q,0.12270556,0.036385838
GLA_human,P98R,98,P,R,-0.22575346,0.045003008
GLA_human,P98S,98,P,S,0.4073523,0.056427225
GLA_human,P98T,98,P,T,0.40164065,0.012477395
GLA_human,P98V,98,P,V,0.4563535,0.07786437
GLA_human,P98W,98,P,W,-0.43984622,0.061385874
GLA_human,P98Y,98,P,Y,-0.050425243,0.031287666
GLA_human,Q99A,99,Q,A,0.099917404,0.034813
GLA_human,Q99C,99,Q,C,-0.1345576,0.046436038
GLA_human,Q99D,99,Q,D,0.028645197,0.056502957
GLA_human,Q99E,99,Q,E,-0.008386578,0.016464887
GLA_human,Q99F,99,Q,F,-0.15909103,0.047090556
GLA_human,Q99G,99,Q,G,0.38077465,0.11583747
GLA_human,Q99H,99,Q,H,-0.05538261,0.051154863
GLA_human,Q99K,99,Q,K,-0.038869374,0.03929367
GLA_human,Q99L,99,Q,L,0.023097213,0.057851665
GLA_human,Q99M,99,Q,M,-0.06547747,0.054791573
GLA_human,Q99N,99,Q,N,0.031570826,0.03561919
GLA_human,Q99P,99,Q,P,1.1888707,0.10136716
GLA_human,Q99R,99,Q,R,-0.066276744,0.049534883
GLA_human,Q99S,99,Q,S,0.09729866,0.01492333
GLA_human,Q99T,99,Q,T,0.17823473,0.035280067
GLA_human,Q99V,99,Q,V,0.113090016,0.03893314
GLA_human,Q99W,99,Q,W,-0.04886973,0.05288222
GLA_human,Q99Y,99,Q,Y,-0.12438361,0.032896396
GLA_human,R100V,100,R,V,2.8035088,0.1841233
GLA_human,R100W,100,R,W,1.8347635,0.21346693
GLA_human,R100Y,100,R,Y,2.0071926,0.06960306
GLA_human,D101I,101,D,I,2.5466866,0.20463854
GLA_human,D101K,101,D,K,2.0326395,0.13065179
GLA_human,D101L,101,D,L,2.043069,0.18184024
GLA_human,D101M,101,D,M,1.6267754,0.11754825
GLA_human,D101N,101,D,N,0.252639,0.050118674
GLA_human,D101P,101,D,P,2.7627654,0.1666975
GLA_human,D101Q,101,D,Q,1.617536,0.102773
GLA_human,D101R,101,D,R,1.8467144,0.17812423
GLA_human,D101S,101,D,S,0.7259326,0.09994438
GLA_human,D101T,101,D,T,0.94589776,0.08126325
GLA_human,D101V,101,D,V,2.7676551,0.15705146
GLA_human,D101W,101,D,W,2.2866096,0.23692964
GLA_human,D101Y,101,D,Y,2.4592083,0.31120527
GLA_human,E103A,103,E,A,0.12822133,0.101302765
GLA_human,E103C,103,E,C,0.10279326,0.0900762
GLA_human,E103D,103,E,D,0.094471276,0.01826836
GLA_human,E103F,103,E,F,0.024936136,0.09955245
GLA_human,E103G,103,E,G,0.42791635,0.138117
GLA_human,E103H,103,E,H,0.17260718,0.0918371
GLA_human,E103I,103,E,I,0.21150744,0.069614485
GLA_human,E103K,103,E,K,0.023460591,0.08307953
GLA_human,E103L,103,E,L,-0.103035964,0.060098212
GLA_human,E103M,103,E,M,-0.028344195,0.04872619
GLA_human,E103N,103,E,N,0.28978252,0.02241441
GLA_human,E103P,103,E,P,1.9189678,0.10826332
GLA_human,E103Q,103,E,Q,-0.099734366,0.027376868
GLA_human,E103R,103,E,R,-0.0668556,0.10009924
GLA_human,E103S,103,E,S,0.092257656,0.07441087
GLA_human,E103T,103,E,T,0.24045798,0.06760952
GLA_human,E103V,103,E,V,0.47567827,0.059116613
GLA_human,E103W,103,E,W,0.31591016,0.08957345
GLA_human,E103Y,103,E,Y,0.087080084,0.122613735
GLA_human,G104A,104,G,A,0.89948606,0.032792047
GLA_human,G104C,104,G,C,0.7747825,0.08305079
GLA_human,G104D,104,G,D,1.4040846,0.14445123
GLA_human,G104E,104,G,E,1.4566977,0.16294646
GLA_human,G104F,104,G,F,1.1701434,0.17033125
GLA_human,G104H,104,G,H,1.1773193,0.13117976
GLA_human,G104I,104,G,I,1.4113941,0.21813372
GLA_human,G104K,104,G,K,1.4260757,0.13121308
GLA_human,G104L,104,G,L,1.2631258,0.1842454
GLA_human,G104M,104,G,M,1.2238461,0.20298956
GLA_human,G104N,104,G,N,1.4139612,0.17594808
GLA_human,G104P,104,G,P,1.6435435,0.13722809
GLA_human,G104Q,104,G,Q,1.3216729,0.1821895
GLA_human,G104R,104,G,R,1.3983023,0.11940088
GLA_human,G104S,104,G,S,0.96251965,0.093437
GLA_human,G104T,104,G,T,1.579458,0.11589315
GLA_human,G104V,104,G,V,1.4328268,0.15260357
GLA_human,G104W,104,G,W,1.2054726,0.15524271
GLA_human,G104Y,104,G,Y,1.2136673,0.15654913
GLA_human,R105A,105,R,A,1.3491764,0.17889278
GLA_human,R105C,105,R,C,1.0444127,0.1495479
GLA_human,R105D,105,R,D,2.5690346,0.16092908
GLA_human,R105E,105,R,E,2.1904783,0.15728374
GLA_human,R105F,105,R,F,1.0192173,0.09395351
GLA_human,R105G,105,R,G,1.5460701,0.32225215
GLA_human,R105H,105,R,H,0.9617769,0.116646186
GLA_human,R105I,105,R,I,1.0360698,0.12010207
GLA_human,R105K,105,R,K,0.660957,0.12591042
GLA_human,R105L,105,R,L,1.2138956,0.12410404
GLA_human,R105M,105,R,M,1.4217792,0.112562045
GLA_human,R105N,105,R,N,1.6789325,0.11676577
GLA_human,R105P,105,R,P,2.9558036,0.28343636
GLA_human,R105Q,105,R,Q,1.5444267,0.0956555
GLA_human,R105S,105,R,S,1.3971037,0.16610797
GLA_human,R105T,105,R,T,1.7780845,0.15456472
GLA_human,R105V,105,R,V,1.3712081,0.15073769
GLA_human,R105W,105,R,W,1.2155707,0.10726029
GLA_human,R105Y,105,R,Y,1.0098436,0.09701176
GLA_human,L106A,106,L,A,2.1613047,0.09189289
GLA_human,L106C,106,L,C,1.5961487,0.08271521
GLA_human,L106D,106,L,D,2.4688358,0.12850936
GLA_human,L106E,106,L,E,1.9673874,0.11102648
GLA_human,L106F,106,L,F,0.9232052,0.092549965
GLA_human,L106G,106,L,G,2.430998,0.095522605
GLA_human,L106H,106,L,H,2.004986,0.03259315
GLA_human,L106I,106,L,I,0.5624383,0.044622425
GLA_human,L106K,106,L,K,1.8842728,0.07112434
GLA_human,L106M,106,L,M,1.1510837,0.054819874
GLA_human,L106N,106,L,N,2.4211125,0.1059733
GLA_human,L106P,106,L,P,1.7180898,0.07826466
GLA_human,L106Q,106,L,Q,1.6876342,0.08073967
GLA_human,L106R,106,L,R,2.3643556,0.11722624
GLA_human,L106S,106,L,S,2.4386258,0.032432556
GLA_human,L106T,106,L,T,2.2034678,0.06305425
GLA_human,L106V,106,L,V,1.0713485,0.12717879
GLA_human,L106W,106,L,W,1.7437893,0.10083035
GLA_human,L106Y,106,L,Y,0.5504823,0.094412796
GLA_human,Q107A,107,Q,A,1.0365493,0.13023478
GLA_human,Q107C,107,Q,C,0.3118217,0.14814138
GLA_human,A108W,108,A,W,1.2701886,0.06145156
GLA_human,A108Y,108,A,Y,1.2729431,0.05490972
GLA_human,D109A,109,D,A,0.98383236,0.17394304
GLA_human,D109C,109,D,C,0.3350022,0.06695405
GLA_human,D109E,109,D,E,1.104921,0.2526843
GLA_human,D109F,109,D,F,1.373347,0.21920015
GLA_human,D109G,109,D,G,1.2105902,0.20377149
GLA_human,D109H,109,D,H,0.69637144,0.14444244
GLA_human,D109I,109,D,I,1.990229,0.22386076
GLA_human,D109K,109,D,K,1.960274,0.12699449
GLA_human,D109L,109,D,L,1.8419138,0.18883704
GLA_human,D109M,109,D,M,1.220309,0.17927952
GLA_human,D109N,109,D,N,0.6558002,0.06735273
GLA_human,D109P,109,D,P,2.3400111,0.049861588
GLA_human,D109Q,109,D,Q,1.4260967,0.21789612
GLA_human,D109R,109,D,R,1.8517053,0.18151832
GLA_human,D109S,109,D,S,0.55247945,0.07919776
GLA_human,D109T,109,D,T,1.6670465,0.119669616
GLA_human,D109V,109,D,V,2.1468415,0.081153
GLA_human,D109W,109,D,W,1.7520382,0.18048793
GLA_human,D109Y,109,D,Y,1.4208633,0.2400729
GLA_human,P110A,110,P,A,0.43643928,0.14358583
GLA_human,P110C,110,P,C,0.57747763,0.051651575
GLA_human,P110D,110,P,D,0.6199932,0.058681957
GLA_human,P110E,110,P,E,0.49156585,0.033598334
GLA_human,P110F,110,P,F,0.44694027,0.091710225
GLA_human,P110G,110,P,G,0.704763,0.13263264
GLA_human,P110H,110,P,H,0.5031297,0.08346158
GLA_human,P110I,110,P,I,0.48035374,0.087257154
GLA_human,P110K,110,P,K,0.2785266,0.038599603
GLA_human,P110L,110,P,L,0.4041779,0.07550583
GLA_human,P110M,110,P,M,0.47153902,0.05429054
GLA_human,P110N,110,P,N,0.5590719,0.0502683
GLA_human,P110Q,110,P,Q,0.36159688,0.05120645
GLA_human,P110R,110,P,R,0.29765862,0.09873991
GLA_human,P110S,110,P,S,0.2815073,0.065143555
GLA_human,P110T,110,P,T,0.7367031,0.04131323
GLA_human,P110V,110,P,V,0.66128254,0.07551777
GLA_human,P110W,110,P,W,0.4500875,0.15676615
GLA_human,P110Y,110,P,Y,0.47821435,0.111332156
GLA_human,R112A,112,R,A,1.6795666,0.17507175
GLA_human,R112C,112,R,C,1.255659,0.15921995
GLA_human,R112D,112,R,D,2.6306977,0.10047369
GLA_human,R112E,112,R,E,2.2191372,0.17444304
GLA_human,R112F,112,R,F,1.250938,0.10938734
GLA_human,R112G,112,R,G,2.0911937,0.1585799
GLA_human,R112H,112,R,H,0.81560344,0.045403812
GLA_human,R112I,112,R,I,2.0081475,0.13628404
GLA_human,R112K,112,R,K,1.7932348,0.21274847
GLA_human,R112L,112,R,L,1.2401364,0.14818788
GLA_human,R112M,112,R,M,1.5629528,0.09740529
GLA_human,R112N,112,R,N,1.8684924,0.10336725
GLA_human,R112P,112,R,P,2.3524392,0.2050208
GLA_human,R112Q,112,R,Q,1.5944908,0.10699542
GLA_human,R112S,112,R,S,1.971872,0.122022614
GLA_human,R112T,112,R,T,2.2006004,0.11388197
GLA_human,R112V,112,R,V,1.9955333,0.18920429
GLA_human,R112W,112,R,W,1.0856042,0.14214885
GLA_human,R112Y,112,R,Y,0.9592732,0.09174305
GLA_human,F113A,113,F,A,3.206433,0.20780389
GLA_human,F113C,113,F,C,2.1909966,0.32360196
GLA_human,F113D,113,F,D,3.6885762,0.23498876
GLA_human,F113E,113,F,E,3.3501472,0.16264217
GLA_human,F113G,113,F,G,3.2102368,0.19200309
GLA_human,F113H,113,F,H,2.6416864,0.1207833
GLA_human,F113I,113,F,I,1.8283107,0.1115852
GLA_human,F113K,113,F,K,3.0978446,0.22522494
GLA_human,F113L,113,F,L,2.33774,0.10011107
GLA_human,F113M,113,F,M,2.0187182,0.07273942
GLA_human,F113N,113,F,N,3.4643064,0.21389289
GLA_human,F113P,113,F,P,3.8073642,0.2673376
GLA_human,F113Q,113,F,Q,3.21524,0.15152292
GLA_human,F113R,113,F,R,3.1142807,0.19188683
GLA_human,F113S,113,F,S,3.3398361,0.204738
GLA_human,F113T,113,F,T,3.1174614,0.12498228
GLA_human,F113V,113,F,V,2.718483,0.032668926
GLA_human,F113W,113,F,W,1.0301408,0.09573819
GLA_human,F113Y,113,F,Y,1.0762163,0.06269855
GLA_human,P114A,114,P,A,1.355635,0.12336824
GLA_human,P114C,114,P,C,1.0283506,0.118001945
GLA_human,P114D,114,P,D,1.9173912,0.04461426
GLA_human,P114E,114,P,E,1.087618,0.06270518
GLA_human,P114F,114,P,F,0.7192606,0.10211294
GLA_human,P114G,114,P,G,1.3645794,0.07470495
GLA_human,P114H,114,P,H,0.87100345,0.07612433
GLA_human,P114I,114,P,I,0.8107108,0.107843444
GLA_human,P114K,114,P,K,0.81199247,0.091425866
GLA_human,P114L,114,P,L,0.9505251,0.080676004
GLA_human,P114M,114,P,M,0.85829765,0.055272017
GLA_human,P114N,114,P,N,1.5518681,0.061880764
GLA_human,P114Q,114,P,Q,0.79927385,0.07499676
GLA_human,P114R,114,P,R,0.65806305,0.061148968
GLA_human,P114S,114,P,S,1.5707924,0.14704508
GLA_human,P114T,114,P,T,1.4142872,0.054562736
GLA_human,P114V,114,P,V,1.0425785,0.0781609
GLA_human,P114W,114,P,W,0.57327664,0.072143584
GLA_human,P114Y,114,P,Y,0.6624738,0.09497347
GLA_human,H115A,115,H,A,0.5329484,0.066052504
GLA_human,H115C,115,H,C,0.36973017,0.115585804
GLA_human,H115D,115,H,D,0.90186435,0.12624028
GLA_human,H115E,115,H,E,1.0131568,0.06036597
GLA_human,H115F,115,H,F,0.876613,0.085624576
GLA_human,H115G,115,H,G,0.7491786,0.1267393
GLA_human,H115I,115,H,I,0.9731951,0.07980982
GLA_human,H115K,115,H,K,0.80433893,0.0466637
GLA_human,H115L,115,H,L,1.0546585,0.07434449
GLA_human,H115M,115,H,M,0.610513,0.051583387
GLA_human,H115N,115,H,N,0.38698143,0.07827121
GLA_human,H115P,115,H,P,2.107017,0.091882005
GLA_human,H115Q,115,H,Q,0.4307018,0.02179112
GLA_human,H115R,115,H,R,0.27718073,0.10616029
GLA_human,H115S,115,H,S,0.25578648,0.07007181
GLA_human,H115T,115,H,T,0.6391458,0.09199292
GLA_human,H115V,115,H,V,1.5198944,0.10421221
GLA_human,H115W,115,H,W,1.0563667,0.15269059
GLA_human,H115Y,115,H,Y,0.9540256,0.0889471
GLA_human,G116A,116,G,A,1.5893726,0.11017516
GLA_human,G116H,116,G,H,1.3908842,0.0666407
GLA_human,G116I,116,G,I,1.950218,0.07789861
GLA_human,G116K,116,G,K,1.7961979,0.027950885
GLA_human,G116L,116,G,L,2.114338,0.0815872
GLA_human,G116M,116,G,M,1.7888209,0.0453287
GLA_human,G116N,116,G,N,1.3852695,0.09655389
GLA_human,G116P,116,G,P,1.5931491,0.109003864
GLA_human,G116Q,116,G,Q,1.4360179,0.10337467
GLA_human,G116R,116,G,R,1.901211,0.10994274
GLA_human,G116S,116,G,S,0.8098386,0.0823179
GLA_human,G116T,116,G,T,1.1687214,0.11727489
GLA_human,G116V,116,G,V,1.9061092,0.06885393
GLA_human,G116W,116,G,W,1.6790712,0.12084252
GLA_human,G116Y,116,G,Y,1.5397495,0.11750057
GLA_human,R118A,118,R,A,0.43147808,0.11094419
GLA_human,R118C,118,R,C,0.23755114,0.08909516
GLA_human,R118D,118,R,D,0.8048174,0.049206853
GLA_human,R118E,118,R,E,0.5742237,0.07040846
GLA_human,R118F,118,R,F,0.16854247,0.08515425
GLA_human,R118G,118,R,G,0.778868,0.1396904
GLA_human,R118H,118,R,H,0.24961948,0.05544719
GLA_human,R118I,118,R,I,0.6832508,0.11942064
GLA_human,R118K,118,R,K,0.041866135,0.05524842
GLA_human,R118L,118,R,L,0.28835696,0.11959942
GLA_human,R118M,118,R,M,0.18025485,0.058947787
GLA_human,R118N,118,R,N,0.7035711,0.045481287
GLA_human,R118P,118,R,P,1.3354763,0.12108853
GLA_human,R118Q,118,R,Q,0.262432,0.049095362
GLA_human,R118S,118,R,S,0.38349432,0.08376688
GLA_human,R118T,118,R,T,0.5382105,0.074932896
GLA_human,R118V,118,R,V,0.904916,0.1315157
GLA_human,R118W,118,R,W,0.25571224,0.069594115
GLA_human,R118Y,118,R,Y,0.14090218,0.055398293
GLA_human,L120A,120,L,A,2.7693677,0.111301325
GLA_human,L120C,120,L,C,1.9184332,0.06495852
GLA_human,L120D,120,L,D,3.4559827,0.12244408
GLA_human,L120E,120,L,E,3.2341952,0.14589764
GLA_human,L120F,120,L,F,1.6990963,0.112307206
GLA_human,L120G,120,L,G,3.0386212,0.20072713
GLA_human,L120H,120,L,H,3.6329865,0.13579965
GLA_human,L120I,120,L,I,1.6885006,0.10222447
GLA_human,L120K,120,L,K,3.1968765,0.239664
GLA_human,L120M,120,L,M,1.5920893,0.060713008
GLA_human,L120N,120,L,N,3.5300622,0.16642673
GLA_human,L120P,120,L,P,2.8508878,0.10766703
GLA_human,L120Q,120,L,Q,3.3280683,0.14308332
GLA_human,L120R,120,L,R,3.3419757,0.31508604
GLA_human,L120S,120,L,S,3.1959047,0.099701844
GLA_human,L120T,120,L,T,2.650129,0.066673785
GLA_human,L120V,120,L,V,1.4738263,0.07063511
GLA_human,L120W,120,L,W,2.6474018,0.3025598
GLA_human,L120Y,120,L,Y,2.2868762,0.25237963
GLA_human,A121C,121,A,C,0.53763354,0.13658012
GLA_human,A121D,121,A,D,2.1139545,0.21499206
GLA_human,A121E,121,A,E,2.162955,0.17611219
GLA_human,A121F,121,A,F,1.9794943,0.23449528
GLA_human,A121G,121,A,G,1.5952755,0.17818317
GLA_human,A121H,121,A,H,2.3602538,0.18958141
GLA_human,A121I,121,A,I,1.7577654,0.23497424
GLA_human,A121K,121,A,K,2.0789657,0.14729178
GLA_human,A121L,121,A,L,1.9809154,0.23208623
GLA_human,A121M,121,A,M,2.1327286,0.23511398
GLA_human,A121N,121,A,N,2.1661,0.26068184
GLA_human,A121P,121,A,P,3.0847754,0.23882662
GLA_human,A121Q,121,A,Q,2.2580523,0.22511534
GLA_human,A121R,121,A,R,1.8741316,0.17141174
GLA_human,A121S,121,A,S,0.69152004,0.08604974
GLA_human,A121T,121,A,T,0.9941369,0.22622387
GLA_human,A121V,121,A,V,1.1847603,0.2949264
GLA_human,A121W,121,A,W,1.8454748,0.13679346
GLA_human,A121Y,121,A,Y,1.8533186,0.24440944
GLA_human,Y123A,123,Y,A,1.8186458,0.14200005
GLA_human,Y123C,123,Y,C,1.433272,0.22320102
GLA_human,Y123D,123,Y,D,2.3077695,0.09380344
GLA_human,Y123E,123,Y,E,1.9799058,0.11231686
GLA_human,Y123F,123,Y,F,-0.14939997,0.03345568
GLA_human,Y123G,123,Y,G,2.1996608,0.087869346
GLA_human,Y123H,123,Y,H,1.6387942,0.05838627
GLA_human,Y123I,123,Y,I,1.8455393,0.040438924
GLA_human,Y123K,123,Y,K,2.3582008,0.13101493
GLA_human,Y123L,123,Y,L,2.002483,0.06391521
GLA_human,Y123M,123,Y,M,1.7559683,0.096954554
GLA_human,Y123N,123,Y,N,2.4476168,0.06845127
GLA_human,Y123P,123,Y,P,3.5708003,0.13032787
GLA_human,Y123Q,123,Y,Q,2.152462,0.056226026
GLA_human,Y123R,123,Y,R,1.8060391,0.13690132
GLA_human,Y123S,123,Y,S,2.0452585,0.0829739
GLA_human,Y123T,123,Y,T,2.073743,0.11172005
GLA_human,Y123V,123,Y,V,1.9870287,0.20059964
GLA_human,Y123W,123,Y,W,0.711549,0.04949008
GLA_human,V124A,124,V,A,1.5639006,0.1725429
GLA_human,V124C,124,V,C,0.85871154,0.120434836
GLA_human,V124D,124,V,D,2.9725254,0.08396282
GLA_human,V124E,124,V,E,2.677817,0.14078122
GLA_human,V124F,124,V,F,1.0553906,0.0860129
GLA_human,V124G,124,V,G,2.6925313,0.23953378
GLA_human,V124H,124,V,H,3.2556572,0.17288382
GLA_human,V124I,124,V,I,0.25888062,0.0436425
GLA_human,V124K,124,V,K,3.0792327,0.3135706
GLA_human,V124L,124,V,L,0.40911466,0.07580602
GLA_human,V124M,124,V,M,1.0072762,0.14227389
GLA_human,V124N,124,V,N,2.5721889,0.09872564
GLA_human,V124P,124,V,P,2.7877584,0.09582989
GLA_human,V124Q,124,V,Q,2.835783,0.13875984
GLA_human,V124R,124,V,R,3.340014,0.36930388
GLA_human,V124S,124,V,S,1.9767395,0.105170086
GLA_human,V124T,124,V,T,1.1263305,0.06763718
GLA_human,V124W,124,V,W,3.079659,0.2785279
GLA_human,V124Y,124,V,Y,2.319343,0.21889822
GLA_human,H125A,125,H,A,1.5208232,0.16382256
GLA_human,H125C,125,H,C,1.9082199,0.21412866
GLA_human,H125D,125,H,D,2.5189788,0.13781433
GLA_human,H125E,125,H,E,2.322142,0.10869511
GLA_human,H125F,125,H,F,1.4995482,0.22690111
GLA_human,H125G,125,H,G,1.8186548,0.10418468
GLA_human,H125I,125,H,I,2.047411,0.17566657
GLA_human,H125K,125,H,K,1.6425291,0.1984264
GLA_human,H125L,125,H,L,2.071574,0.14903194
GLA_human,H125M,125,H,M,1.9548433,0.19500995
GLA_human,H125N,125,H,N,1.7812202,0.072848
GLA_human,H125P,125,H,P,3.1737518,0.13163777
GLA_human,H125Q,125,H,Q,1.4003817,0.081157334
GLA_human,H125R,125,H,R,1.5261627,0.23715445
GLA_human,H125S,125,H,S,1.7297218,0.11922541
GLA_human,H125T,125,H,T,2.340735,0.2791671
GLA_human,H125V,125,H,V,2.500305,0.23586981
GLA_human,H125W,125,H,W,1.3250948,0.1447024
GLA_human,H125Y,125,H,Y,1.5861949,0.2147658
GLA_human,S126T,126,S,T,0.9540108,0.040530693
GLA_human,S126V,126,S,V,1.177129,0.1252211
GLA_human,S126W,126,S,W,0.40861216,0.069780186
GLA_human,S126Y,126,S,Y,0.69803905,0.049475953
GLA_human,K127A,127,K,A,1.5075057,0.12756917
GLA_human,K127C,127,K,C,0.55315894,0.043445483
GLA_human,K127D,127,K,D,2.6931515,0.13575268
GLA_human,K127E,127,K,E,1.533881,0.07780443
GLA_human,K127F,127,K,F,0.371077,0.15046954
GLA_human,K127G,127,K,G,2.1775346,0.11743836
GLA_human,K127H,127,K,H,0.82382506,0.08296516
GLA_human,K127I,127,K,I,0.4836281,0.11863391
GLA_human,K127L,127,K,L,-0.47097653,0.09066426
GLA_human,K127M,127,K,M,-0.064694785,0.10040229
GLA_human,K127N,127,K,N,1.7060986,0.11717827
GLA_human,K127P,127,K,P,2.196701,0.14218007
GLA_human,K127Q,127,K,Q,0.8725317,0.068951614
GLA_human,K127R,127,K,R,0.19302204,0.021782583
GLA_human,K127S,127,K,S,1.9541619,0.11257076
GLA_human,K127T,127,K,T,1.0991338,0.11121251
GLA_human,K127V,127,K,V,0.69032043,0.15725957
GLA_human,K127W,127,K,W,0.3446211,0.15499178
GLA_human,K127Y,127,K,Y,0.5465293,0.10131398
GLA_human,G128A,128,G,A,1.239018,0.064383715
GLA_human,G128C,128,G,C,1.2159916,0.06533822
GLA_human,G128D,128,G,D,1.1404502,0.1041603
GLA_human,G128E,128,G,E,1.2662764,0.12584022
GLA_human,G128F,128,G,F,1.2102526,0.11584257
GLA_human,G128H,128,G,H,1.2711341,0.12048128
GLA_human,G128N,128,G,N,1.4396837,0.06595998
GLA_human,G128P,128,G,P,2.1137135,0.062450897
GLA_human,G128Q,128,G,Q,1.3020422,0.10701257
GLA_human,G128R,128,G,R,1.3566822,0.1048753
GLA_human,G128S,128,G,S,1.2156484,0.070554264
GLA_human,G128T,128,G,T,1.6136639,0.055789974
GLA_human,G128V,128,G,V,1.7649415,0.116886795
GLA_human,G128W,128,G,W,1.3473847,0.09804934
GLA_human,G128Y,128,G,Y,1.2383983,0.109585695
GLA_human,L129A,129,L,A,2.580185,0.16305606
GLA_human,L129C,129,L,C,1.8472927,0.05047059
GLA_human,L129D,129,L,D,3.671145,0.1464519
GLA_human,L129E,129,L,E,3.5534184,0.21713352
GLA_human,L129F,129,L,F,2.0392208,0.093711816
GLA_human,L129G,129,L,G,2.88833,0.11656263
GLA_human,L129H,129,L,H,3.3885293,0.15291841
GLA_human,L129I,129,L,I,1.3526663,0.09825498
GLA_human,L129K,129,L,K,3.1067238,0.22969232
GLA_human,L129M,129,L,M,1.1642655,0.051006846
GLA_human,L129N,129,L,N,3.635693,0.13455251
GLA_human,L129P,129,L,P,2.9404347,0.06198468
GLA_human,L129Q,129,L,Q,3.530274,0.14019138
GLA_human,L129R,129,L,R,3.1279645,0.24519184
GLA_human,L129S,129,L,S,3.1641865,0.1305252
GLA_human,L129T,129,L,T,3.2222633,0.10681496
GLA_human,L129V,129,L,V,2.1788096,0.17799419
GLA_human,L129W,129,L,W,2.4029698,0.16665795
GLA_human,L129Y,129,L,Y,1.9507036,0.1230317
GLA_human,K130A,130,K,A,1.2319819,0.15300167
GLA_human,K130C,130,K,C,0.8777339,0.11001366
GLA_human,K130D,130,K,D,2.2178032,0.09181767
GLA_human,K130E,130,K,E,1.5978415,0.050219316
GLA_human,K130F,130,K,F,-0.03532471,0.05010125
GLA_human,K130G,130,K,G,1.516499,0.1978336
GLA_human,K130H,130,K,H,0.6275228,0.050721187
GLA_human,K130I,130,K,I,1.3648572,0.20832606
GLA_human,K130L,130,K,L,-0.0977186,0.04596574
GLA_human,K130M,130,K,M,0.2621886,0.046683077
GLA_human,K130N,130,K,N,1.5493805,0.083298184
GLA_human,K130P,130,K,P,2.9825776,0.16312331
GLA_human,K130Q,130,K,Q,1.0084547,0.058650713
GLA_human,K130R,130,K,R,0.08270268,0.0372795
GLA_human,K130S,130,K,S,1.5442107,0.14894496
GLA_human,K130T,130,K,T,2.0410707,0.09548815
GLA_human,K130V,130,K,V,1.4423527,0.08032633
GLA_human,K130W,130,K,W,0.50342125,0.05231982
GLA_human,K130Y,130,K,Y,-0.0053704046,0.048767876
GLA_human,L131A,131,L,A,2.8944142,0.13291773
GLA_human,L131C,131,L,C,1.6904638,0.11815285
GLA_human,L131D,131,L,D,3.4681382,0.13536267
GLA_human,L131E,131,L,E,2.7876942,0.1308156
GLA_human,L131F,131,L,F,0.02848123,0.04547152
GLA_human,L131G,131,L,G,3.5492127,0.20234127
GLA_human,L131H,131,L,H,2.743515,0.07019924
GLA_human,L131I,131,L,I,0.83608913,0.060477175
GLA_human,L131K,131,L,K,2.6294014,0.102122575
GLA_human,L131M,131,L,M,0.63371164,0.027194114
GLA_human,L131N,131,L,N,3.3868613,0.1762983
GLA_human,L131P,131,L,P,2.910253,0.15278901
GLA_human,L131Q,131,L,Q,2.4720929,0.06222456
GLA_human,L131R,131,L,R,3.0303402,0.16112088
GLA_human,L131S,131,L,S,3.1319919,0.0978166
GLA_human,L131T,131,L,T,2.4561532,0.07426857
GLA_human,L131V,131,L,V,1.5205415,0.11218024
GLA_human,L131W,131,L,W,1.0009557,0.116466664
GLA_human,L131Y,131,L,Y,1.4455531,0.13982795
GLA_human,G132A,132,G,A,1.2921021,0.059537243
GLA_human,G132C,132,G,C,0.5343224,0.06581976
GLA_human,G132D,132,G,D,3.397063,0.1430152
GLA_human,G132E,132,G,E,3.2773423,0.19015266
GLA_human,G132F,132,G,F,2.0637379,0.12550318
GLA_human,G132H,132,G,H,2.9877543,0.10454656
GLA_human,G132I,132,G,I,2.4943542,0.23006691
GLA_human,G132K,132,G,K,3.08317,0.18678762
GLA_human,G132L,132,G,L,2.5232732,0.16380617
GLA_human,G132M,132,G,M,1.9401582,0.25205514
GLA_human,G132N,132,G,N,3.417689,0.15814056
GLA_human,G132P,132,G,P,3.754578,0.25622746
GLA_human,G132Q,132,G,Q,2.9290824,0.21374863
GLA_human,G132R,132,G,R,2.53214,0.21687578
GLA_human,G132S,132,G,S,2.206903,0.09937561
GLA_human,G132T,132,G,T,2.8017383,0.21492407
GLA_human,G132V,132,G,V,2.1894207,0.28830624
GLA_human,G132W,132,G,W,2.2825465,0.13166995
GLA_human,G132Y,132,G,Y,2.1982176,0.14980958
GLA_human,I133A,133,I,A,2.30607,0.11042816
GLA_human,I133C,133,I,C,1.4510849,0.10156295
GLA_human,I133D,133,I,D,3.0643673,0.15956347
GLA_human,I133E,133,I,E,2.5583496,0.16240022
GLA_human,I133F,133,I,F,1.4345639,0.11986215
GLA_human,I133G,133,I,G,3.3549151,0.23691764
GLA_human,I133H,133,I,H,2.5252945,0.11989119
GLA_human,I133K,133,I,K,2.3323956,0.062323757
GLA_human,I133L,133,I,L,0.19613034,0.058155995
GLA_human,I133M,133,I,M,0.75405174,0.038328968
GLA_human,I133N,133,I,N,2.942549,0.102113485
GLA_human,I133P,133,I,P,2.5300922,0.054828968
GLA_human,I133Q,133,I,Q,2.4775958,0.123273455
GLA_human,I133R,133,I,R,2.5669587,0.1976214
GLA_human,I133S,133,I,S,2.7099638,0.14384109
GLA_human,I133T,133,I,T,2.1680863,0.12604977
GLA_human,I133V,133,I,V,0.6198672,0.06920899
GLA_human,I133W,133,I,W,1.8906609,0.19166103
GLA_human,I133Y,133,I,Y,1.7973038,0.21421027
GLA_human,Y134A,134,Y,A,1.9904966,0.27672386
GLA_human,Y134C,134,Y,C,1.6340656,0.2781746
GLA_human,Y134D,134,Y,D,3.0940197,0.1262926
GLA_human,Y134E,134,Y,E,2.8825097,0.13066727
GLA_human,Y134F,134,Y,F,1.0835388,0.052705288
GLA_human,Y134G,134,Y,G,2.4363523,0.24392246
GLA_human,Y134H,134,Y,H,1.7643635,0.049550235
GLA_human,Y134I,134,Y,I,2.5919232,0.14669673
GLA_human,Y134K,134,Y,K,2.9319034,0.129493
GLA_human,Y134L,134,Y,L,2.1667695,0.08966043
GLA_human,Y134M,134,Y,M,2.4910595,0.12345354
GLA_human,Y134N,134,Y,N,2.7573566,0.079128675
GLA_human,Y134P,134,Y,P,2.9134803,0.13796176
GLA_human,Y134Q,134,Y,Q,2.8632903,0.10552306
GLA_human,Y134R,134,Y,R,2.4862208,0.14651853
GLA_human,Y134S,134,Y,S,2.2779908,0.27361742
GLA_human,Y134T,134,Y,T,2.249473,0.15369563
GLA_human,Y134V,134,Y,V,2.3430347,0.059386075
GLA_human,Y134W,134,Y,W,1.5889643,0.093222626
GLA_human,A135C,135,A,C,0.20801039,0.14104243
GLA_human,A135D,135,A,D,1.0015972,0.14058256
GLA_human,A135E,135,A,E,0.6882226,0.12387727
GLA_human,A135F,135,A,F,0.9905406,0.106899425
GLA_human,A135G,135,A,G,0.5927219,0.16699097
GLA_human,A135H,135,A,H,0.881498,0.10990106
GLA_human,A135I,135,A,I,0.6351656,0.11462544
GLA_human,A135K,135,A,K,1.8036731,0.07813723
GLA_human,A135L,135,A,L,0.3502561,0.15460819
GLA_human,A135M,135,A,M,0.49063712,0.08434334
GLA_human,A135N,135,A,N,1.0561063,0.1364944
GLA_human,A135P,135,A,P,1.7901795,0.2882173
GLA_human,A135Q,135,A,Q,1.0422271,0.09630345
GLA_human,A135R,135,A,R,1.9352782,0.046020724
GLA_human,A135S,135,A,S,0.5813503,0.07841753
GLA_human,A135T,135,A,T,1.3249373,0.17630863
GLA_human,A135V,135,A,V,0.5654042,0.20331606
GLA_human,A135W,135,A,W,1.4456697,0.08366529
GLA_human,A135Y,135,A,Y,1.0845423,0.080298945
GLA_human,D136K,136,D,K,2.597899,0.100723065
GLA_human,D136L,136,D,L,1.8955657,0.13540956
GLA_human,D136M,136,D,M,1.8828262,0.13857391
GLA_human,D136N,136,D,N,0.24696708,0.056670185
GLA_human,D136P,136,D,P,1.930863,0.18434061
GLA_human,D136Q,136,D,Q,1.6902637,0.12589626
GLA_human,D136R,136,D,R,2.3004632,0.09141116
GLA_human,D136S,136,D,S,0.14561114,0.10526428
GLA_human,D136T,136,D,T,0.7077667,0.13331728
GLA_human,D136V,136,D,V,0.793112,0.08954644
GLA_human,D136W,136,D,W,1.7579228,0.18827051
GLA_human,D136Y,136,D,Y,1.7624457,0.15647939
GLA_human,V137A,137,V,A,1.1694696,0.17844887
GLA_human,V137C,137,V,C,0.5858043,0.11455111
GLA_human,V137D,137,V,D,1.5130799,0.06253278
GLA_human,V137E,137,V,E,1.5357397,0.087503694
GLA_human,V137F,137,V,F,0.80007803,0.11206283
GLA_human,V137G,137,V,G,1.7023704,0.22677372
GLA_human,V137H,137,V,H,1.2596283,0.08944105
GLA_human,V137I,137,V,I,0.2488529,0.10186416
GLA_human,V137K,137,V,K,1.7632294,0.13680142
GLA_human,V137L,137,V,L,0.060160697,0.06637857
GLA_human,V137M,137,V,M,0.71101284,0.088633925
GLA_human,V137N,137,V,N,1.2700571,0.037170593
GLA_human,V137P,137,V,P,1.4740345,0.07014866
GLA_human,V137Q,137,V,Q,1.4717392,0.1268314
GLA_human,V137R,137,V,R,1.3833326,0.109651364
GLA_human,V137S,137,V,S,1.2508844,0.15027013
GLA_human,V137T,137,V,T,0.8680075,0.057139464
GLA_human,V137W,137,V,W,1.1200676,0.08360536
GLA_human,V137Y,137,V,Y,0.9495632,0.06917631
GLA_human,G138A,138,G,A,1.5444143,0.08009626
GLA_human,G138C,138,G,C,0.7741569,0.13572486
GLA_human,G138D,138,G,D,2.9293973,0.065414384
GLA_human,G138E,138,G,E,2.9476938,0.13906032
GLA_human,G138F,138,G,F,1.828968,0.23873855
GLA_human,G138H,138,G,H,2.075918,0.1470388
GLA_human,G138I,138,G,I,2.2468874,0.1713734
GLA_human,G138K,138,G,K,2.8694494,0.1471949
GLA_human,G138L,138,G,L,2.4890573,0.13203628
GLA_human,G138M,138,G,M,2.1267028,0.102668166
GLA_human,G138N,138,G,N,2.677753,0.11709761
GLA_human,G138P,138,G,P,3.1123023,0.21149662
GLA_human,G138Q,138,G,Q,2.677776,0.09909639
GLA_human,G138R,138,G,R,2.5250714,0.12675516
GLA_human,G138S,138,G,S,1.672136,0.096909285
GLA_human,G138T,138,G,T,2.5765738,0.19365901
GLA_human,G138V,138,G,V,2.7666693,0.18672618
GLA_human,G138W,138,G,W,1.2805786,0.17133518
GLA_human,G138Y,138,G,Y,1.2404776,0.17887506
GLA_human,N139A,139,N,A,0.45281237,0.11091536
GLA_human,N139C,139,N,C,-0.14660111,0.101145975
GLA_human,N139D,139,N,D,0.121627964,0.04846679
GLA_human,N139E,139,N,E,0.21172085,0.046423286
GLA_human,N139F,139,N,F,-0.25996563,0.075129904
GLA_human,N139G,139,N,G,0.74427825,0.17089164
GLA_human,N139H,139,N,H,-0.17316803,0.027278978
GLA_human,N139I,139,N,I,-0.1852307,0.08726872
GLA_human,N139K,139,N,K,0.17618313,0.06516001
GLA_human,N139L,139,N,L,0.17598921,0.0882497
GLA_human,N139M,139,N,M,0.12984404,0.054567583
GLA_human,N139P,139,N,P,0.028909635,0.04066038
GLA_human,N139Q,139,N,Q,-0.02478917,0.021696458
GLA_human,N139R,139,N,R,-0.045044236,0.038990565
GLA_human,N139S,139,N,S,-0.22587244,0.061190687
GLA_human,N139T,139,N,T,-0.13720605,0.03291598
GLA_human,N139V,139,N,V,-0.01083525,0.03390171
GLA_human,N139W,139,N,W,-0.113821484,0.11388789
GLA_human,N139Y,139,N,Y,-0.22399504,0.09588076
GLA_human,K140Q,140,K,Q,0.4066876,0.038594905
GLA_human,K140R,140,K,R,0.033569284,0.035809856
GLA_human,K140S,140,K,S,0.7592584,0.12495835
GLA_human,K140T,140,K,T,1.3699061,0.024920445
GLA_human,K140V,140,K,V,1.0235066,0.06821812
GLA_human,K140W,140,K,W,0.37293577,0.038131632
GLA_human,K140Y,140,K,Y,0.1956406,0.05522685
GLA_human,T141A,141,T,A,1.6997417,0.25138184
GLA_human,T141C,141,T,C,0.74284446,0.13573812
GLA_human,T141D,141,T,D,1.5097561,0.11141365
GLA_human,T141E,141,T,E,2.2153206,0.1761837
GLA_human,T141F,141,T,F,2.203492,0.10680309
GLA_human,T141G,141,T,G,1.9990785,0.34913915
GLA_human,T141H,141,T,H,2.2702098,0.16628361
GLA_human,T141I,141,T,I,2.0950508,0.14479972
GLA_human,T141K,141,T,K,2.2496512,0.1201265
GLA_human,T141L,141,T,L,1.971359,0.09414985
GLA_human,T141M,141,T,M,1.8767979,0.0770965
GLA_human,T141N,141,T,N,1.6663773,0.111273505
GLA_human,T141P,141,T,P,2.5001469,0.11068933
GLA_human,T141Q,141,T,Q,1.9797199,0.106797814
GLA_human,T141R,141,T,R,2.1553388,0.11855995
GLA_human,T141S,141,T,S,0.7686994,0.16729484
GLA_human,T141V,141,T,V,1.3656218,0.08295326
GLA_human,T141W,141,T,W,2.102758,0.1605429
GLA_human,T141Y,141,T,Y,2.1064634,0.15394957
GLA_human,C142A,142,C,A,1.5100687,0.12501833
GLA_human,C142D,142,C,D,2.4491696,0.121793926
GLA_human,C142E,142,C,E,2.755549,0.11539431
GLA_human,C142F,142,C,F,2.071534,0.21882714
GLA_human,C142G,142,C,G,1.7489208,0.2151193
GLA_human,C142H,142,C,H,2.4143662,0.116778
GLA_human,C142I,142,C,I,2.1676645,0.14839348
GLA_human,C142K,142,C,K,2.5346503,0.09015927
GLA_human,C142L,142,C,L,2.1414495,0.16423932
GLA_human,C142M,142,C,M,2.07212,0.09510301
GLA_human,C142N,142,C,N,2.5574632,0.11126394
GLA_human,C142P,142,C,P,2.5343792,0.124902956
GLA_human,C142Q,142,C,Q,2.5342033,0.11728728
GLA_human,C142R,142,C,R,2.3006966,0.15660568
GLA_human,C142S,142,C,S,1.9292471,0.08979892
GLA_human,C142T,142,C,T,2.56181,0.13841727
GLA_human,C142V,142,C,V,2.4069076,0.19961591
GLA_human,C142W,142,C,W,1.921541,0.25532633
GLA_human,C142Y,142,C,Y,2.0974092,0.22812393
GLA_human,A143C,143,A,C,0.2734778,0.071618326
GLA_human,A143D,143,A,D,1.1624706,0.11106584
GLA_human,A143E,143,A,E,0.9650009,0.16132104
GLA_human,A143F,143,A,F,0.8183098,0.10318276
GLA_human,A143G,143,A,G,0.17639373,0.10437739
GLA_human,A143H,143,A,H,0.986421,0.047455464
GLA_human,A143I,143,A,I,0.9252782,0.061777424
GLA_human,A143K,143,A,K,1.2115419,0.074424915
GLA_human,A143L,143,A,L,1.1088259,0.08554242
GLA_human,A143M,143,A,M,0.49696875,0.14044715
GLA_human,A143N,143,A,N,1.009227,0.062867746
GLA_human,A143P,143,A,P,0.9608065,0.009036845
GLA_human,A143Q,143,A,Q,0.8708007,0.1282461
GLA_human,A143R,143,A,R,1.298596,0.053627282
GLA_human,A143S,143,A,S,0.33184233,0.060768183
GLA_human,A143T,143,A,T,0.86693174,0.03817268
GLA_human,A143V,143,A,V,0.69813335,0.042942446
GLA_human,A143W,143,A,W,0.9066784,0.09256007
GLA_human,A143Y,143,A,Y,0.9123484,0.104317784
GLA_human,G144A,144,G,A,1.5104699,0.08600259
GLA_human,G144C,144,G,C,1.0774959,0.07495749
GLA_human,G144D,144,G,D,1.6851885,0.049712475
GLA_human,G144E,144,G,E,1.7130646,0.07793319
GLA_human,G144F,144,G,F,1.1899346,0.14351065
GLA_human,G144H,144,G,H,1.3151877,0.113993764
GLA_human,G144I,144,G,I,1.4640583,0.16567224
GLA_human,G144K,144,G,K,1.5455773,0.12097712
GLA_human,G144L,144,G,L,1.2071669,0.13103646
GLA_human,G144M,144,G,M,1.2306911,0.12495253
GLA_human,G144S,144,G,S,1.4415413,0.046161324
GLA_human,G144T,144,G,T,1.3772438,0.12384512
GLA_human,G144V,144,G,V,1.2780325,0.14474434
GLA_human,G144W,144,G,W,1.3106258,0.11283697
GLA_human,G144Y,144,G,Y,1.2860272,0.13252759
GLA_human,F145A,145,F,A,1.9783831,0.13271596
GLA_human,F145C,145,F,C,1.2294579,0.1266783
GLA_human,F145D,145,F,D,2.543184,0.045448396
GLA_human,F145E,145,F,E,2.530667,0.14255369
GLA_human,F145G,145,F,G,2.540039,0.092843354
GLA_human,F145H,145,F,H,1.6459049,0.10782219
GLA_human,F145I,145,F,I,1.7206352,0.13002439
GLA_human,F145K,145,F,K,1.7315528,0.106647216
GLA_human,F145L,145,F,L,0.97712696,0.05112379
GLA_human,F145M,145,F,M,1.0263578,0.084439315
GLA_human,F145N,145,F,N,2.3187728,0.05199419
GLA_human,F145P,145,F,P,2.543171,0.1680171
GLA_human,F145Q,145,F,Q,2.1284485,0.1180212
GLA_human,F145R,145,F,R,1.2836437,0.09260479
GLA_human,F145S,145,F,S,2.1934037,0.08419647
GLA_human,F145T,145,F,T,1.9525387,0.09731829
GLA_human,F145V,145,F,V,1.7536974,0.04431184
GLA_human,F145W,145,F,W,0.8695239,0.08326453
GLA_human,F145Y,145,F,Y,0.10015744,0.045466196
GLA_human,G147A,147,G,A,0.8305319,0.14509167
GLA_human,G147C,147,G,C,1.8439146,0.21159777
GLA_human,G147D,147,G,D,2.7228162,0.15185963
GLA_human,G147E,147,G,E,2.7582479,0.16240242
GLA_human,G147F,147,G,F,2.6195018,0.19172904
GLA_human,G147H,147,G,H,2.6396987,0.15087014
GLA_human,G147I,147,G,I,2.3515568,0.14643781
GLA_human,G147K,147,G,K,2.8972783,0.13776547
GLA_human,G147L,147,G,L,2.6254516,0.10922433
GLA_human,G147M,147,G,M,2.3171558,0.20447724
GLA_human,G147N,147,G,N,2.7869573,0.19967298
GLA_human,G147P,147,G,P,2.8355064,0.24296233
GLA_human,G147Q,147,G,Q,2.598537,0.18413468
GLA_human,G147R,147,G,R,2.7431962,0.14647292
GLA_human,G147S,147,G,S,1.7190571,0.076071754
GLA_human,S148A,148,S,A,0.49331528,0.08611862
GLA_human,S148C,148,S,C,0.12271345,0.023698926
GLA_human,S148D,148,S,D,1.7220476,0.21746536
GLA_human,S148E,148,S,E,2.1541371,0.217297
GLA_human,S148F,148,S,F,2.4763854,0.17483394
GLA_human,S148G,148,S,G,1.0061973,0.20339806
GLA_human,S148H,148,S,H,2.7522736,0.21132284
GLA_human,S148I,148,S,I,1.8836187,0.2201428
GLA_human,S148K,148,S,K,2.4357014,0.2390281
GLA_human,S148L,148,S,L,1.8382534,0.16573764
GLA_human,S148M,148,S,M,2.1063113,0.12564766
GLA_human,S148N,148,S,N,2.2947288,0.23595855
GLA_human,S148P,148,S,P,3.6874504,0.3933603
GLA_human,S148Q,148,S,Q,2.4105048,0.24824212
GLA_human,S148R,148,S,R,2.437605,0.20197122
GLA_human,S148T,148,S,T,1.3703445,0.16398844
GLA_human,S148V,148,S,V,1.9382241,0.1763031
GLA_human,S148W,148,S,W,2.356605,0.15146056
GLA_human,S148Y,148,S,Y,2.4270618,0.21033897
GLA_human,F149A,149,F,A,1.1763592,0.11058389
GLA_human,F149C,149,F,C,0.43732205,0.09524939
GLA_human,F149D,149,F,D,1.9505398,0.12929495
GLA_human,F149E,149,F,E,1.5846314,0.061950147
GLA_human,F149G,149,F,G,1.8294649,0.17411062
GLA_human,F149H,149,F,H,1.181925,0.11897126
GLA_human,F149I,149,F,I,1.1838645,0.10256972
GLA_human,F149K,149,F,K,1.4467971,0.11551027
GLA_human,F149L,149,F,L,0.18898836,0.05890004
GLA_human,F149M,149,F,M,0.43115783,0.07152618
GLA_human,F149N,149,F,N,1.8892457,0.078694634
GLA_human,F149P,149,F,P,2.7734513,0.15505868
GLA_human,F149Q,149,F,Q,1.3676736,0.06092363
GLA_human,F149R,149,F,R,1.5350363,0.089949615
GLA_human,F149S,149,F,S,1.2685968,0.09323231
GLA_human,F149T,149,F,T,1.4468395,0.073833555
GLA_human,F149V,149,F,V,1.2789338,0.07592681
GLA_human,F149W,149,F,W,0.16801706,0.054938655
GLA_human,F149Y,149,F,Y,-0.025195926,0.016365614
GLA_human,G150A,150,G,A,0.76845104,0.050122164
GLA_human,G150C,150,G,C,0.53358257,0.052675534
GLA_human,G150D,150,G,D,1.1612184,0.092478745
GLA_human,G150E,150,G,E,0.8626043,0.07558424
GLA_human,G150F,150,G,F,1.0146706,0.1704498
GLA_human,G150H,150,G,H,0.65862364,0.089594476
GLA_human,G150I,150,G,I,0.94830096,0.12114059
GLA_human,G150K,150,G,K,0.68799365,0.07118076
GLA_human,G150L,150,G,L,0.7205436,0.08648018
GLA_human,G150M,150,G,M,0.92682064,0.107185714
GLA_human,G150N,150,G,N,0.72435486,0.08761908
GLA_human,G150P,150,G,P,1.1942015,0.09712642
GLA_human,G150Q,150,G,Q,0.74713516,0.096242055
GLA_human,G150R,150,G,R,0.8267115,0.077545285
GLA_human,G150S,150,G,S,0.93659276,0.064130604
GLA_human,G150T,150,G,T,1.1377318,0.03028915
GLA_human,G150V,150,G,V,0.86542827,0.08134391
GLA_human,G150W,150,G,W,1.1305957,0.12205477
GLA_human,G150Y,150,G,Y,0.80569637,0.13027142
GLA_human,Y151A,151,Y,A,1.1408758,0.14778648
GLA_human,Y151C,151,Y,C,0.73195726,0.18616857
GLA_human,Y151D,151,Y,D,2.219696,0.1335161
GLA_human,Y151E,151,Y,E,2.1583562,0.12094737
GLA_human,Y151F,151,Y,F,-0.043029953,0.015138027
GLA_human,Y151G,151,Y,G,1.7807099,0.15951231
GLA_human,Y151H,151,Y,H,0.68670374,0.04110911
GLA_human,Y151I,151,Y,I,2.093687,0.13123037
GLA_human,Y151K,151,Y,K,1.4982868,0.11659633
GLA_human,Y151L,151,Y,L,1.5177647,0.123267904
GLA_human,Y151M,151,Y,M,1.2565663,0.13943361
GLA_human,Y151N,151,Y,N,1.6170046,0.077079415
GLA_human,Y151P,151,Y,P,3.1048348,0.15197673
GLA_human,Y151Q,151,Y,Q,1.8338699,0.089976765
GLA_human,Y151R,151,Y,R,1.5797546,0.11108754
GLA_human,Y151S,151,Y,S,1.0706583,0.15351419
GLA_human,Y151T,151,Y,T,1.6526563,0.12456833
GLA_human,Y151V,151,Y,V,1.7598101,0.06946694
GLA_human,Y151W,151,Y,W,0.5586449,0.058391318
GLA_human,Y152A,152,Y,A,2.6708894,0.23737049
GLA_human,Y152C,152,Y,C,1.57288,0.21209414
GLA_human,Y152D,152,Y,D,3.2697911,0.088346034
GLA_human,Y152E,152,Y,E,2.4846377,0.0765411
GLA_human,Y152F,152,Y,F,0.07736729,0.016765887
GLA_human,Y152G,152,Y,G,2.874672,0.22376992
GLA_human,Y152H,152,Y,H,2.3409178,0.11882514
GLA_human,Y152I,152,Y,I,1.5725199,0.109504536
GLA_human,Y152K,152,Y,K,3.1164448,0.15840405
GLA_human,Y152L,152,Y,L,1.849308,0.13315092
GLA_human,Y152M,152,Y,M,1.4105871,0.10345763
GLA_human,Y152N,152,Y,N,3.0317822,0.057229728
GLA_human,Y152P,152,Y,P,3.168269,0.12145178
GLA_human,Y152R,152,Y,R,2.3029919,0.17221615
GLA_human,Y152S,152,Y,S,2.827324,0.16300802
GLA_human,Y152T,152,Y,T,2.6635964,0.09893399
GLA_human,Y152V,152,Y,V,2.3725085,0.08064758
GLA_human,Y152W,152,Y,W,0.27762657,0.057088163
GLA_human,D153A,153,D,A,0.38341472,0.09068105
GLA_human,D153C,153,D,C,0.2731605,0.11141007
GLA_human,D153E,153,D,E,0.21597064,0.11227947
GLA_human,D153F,153,D,F,-0.06742659,0.11162385
GLA_human,D153G,153,D,G,0.5980356,0.19916297
GLA_human,D153H,153,D,H,0.7602148,0.17027918
GLA_human,D153I,153,D,I,0.16731907,0.03615571
GLA_human,D153K,153,D,K,0.55515563,0.0520785
GLA_human,D153L,153,D,L,0.085932925,0.07189045
GLA_human,D153M,153,D,M,0.30661446,0.090094306
GLA_human,D153N,153,D,N,0.3112139,0.014881562
GLA_human,D153P,153,D,P,0.65796435,0.053245302
GLA_human,D153Q,153,D,Q,0.50393605,0.16665503
GLA_human,D153R,153,D,R,0.533299,0.07586744
GLA_human,D153S,153,D,S,0.21610908,0.056155987
GLA_human,D153T,153,D,T,0.58664334,0.059443917
GLA_human,D153V,153,D,V,0.34129462,0.07628026
GLA_human,D153W,153,D,W,0.123990335,0.06594543
GLA_human,D153Y,153,D,Y,0.036870237,0.11535286
GLA_human,I154A,154,I,A,0.91482085,0.09773727
GLA_human,I154C,154,I,C,0.37037766,0.063101016
GLA_human,I154D,154,I,D,1.6990904,0.16963343
GLA_human,I154E,154,I,E,1.3049164,0.13508971
GLA_human,I154F,154,I,F,0.9962262,0.087468095
GLA_human,I154G,154,I,G,1.6481445,0.17166504
GLA_human,I154H,154,I,H,1.5736206,0.095861204
GLA_human,I154K,154,I,K,0.855306,0.10573733
GLA_human,I154L,154,I,L,-0.38254657,0.022014683
GLA_human,I154M,154,I,M,0.25792465,0.054793052
GLA_human,I154N,154,I,N,1.5585995,0.07694171
GLA_human,I154P,154,I,P,0.9901327,0.094193876
GLA_human,I154Q,154,I,Q,0.8640661,0.025737345
GLA_human,I154R,154,I,R,1.0942158,0.10616043
GLA_human,I154S,154,I,S,0.914038,0.09177119
GLA_human,I154T,154,I,T,0.5052187,0.07703822
GLA_human,I154V,154,I,V,0.101812266,0.048742957
GLA_human,I154W,154,I,W,0.8834739,0.060107555
GLA_human,I154Y,154,I,Y,1.041887,0.05602783
GLA_human,D155A,155,D,A,1.2869705,0.11588891
GLA_human,D155C,155,D,C,0.93081266,0.1800699
GLA_human,D155E,155,D,E,1.8206257,0.11971942
GLA_human,D155F,155,D,F,2.012389,0.10976874
GLA_human,D155G,155,D,G,1.8248041,0.29320538
GLA_human,D155H,155,D,H,1.1975883,0.070090234
GLA_human,D155I,155,D,I,1.9944365,0.11635255
GLA_human,D155K,155,D,K,2.8531518,0.3014478
GLA_human,D155L,155,D,L,2.2054243,0.23772344
GLA_human,D155M,155,D,M,1.9849584,0.23648386
GLA_human,D155N,155,D,N,1.4325559,0.11286364
GLA_human,D155P,155,D,P,2.6825078,0.15894853
GLA_human,D155Q,155,D,Q,1.9562715,0.16940579
GLA_human,D155R,155,D,R,2.6673975,0.27863908
GLA_human,D155S,155,D,S,1.2275723,0.09294493
GLA_human,D155T,155,D,T,1.3410289,0.119069636
GLA_human,D155V,155,D,V,1.570735,0.09543567
GLA_human,D155W,155,D,W,2.253574,0.25334156
GLA_human,D155Y,155,D,Y,2.0943866,0.19679417
GLA_human,A156C,156,A,C,1.6906706,0.15040767
GLA_human,A156D,156,A,D,2.9734766,0.12251546
GLA_human,A156E,156,A,E,2.934031,0.26681697
GLA_human,A156F,156,A,F,2.1652627,0.20759854
GLA_human,A156G,156,A,G,1.79181,0.16587517
GLA_human,A156H,156,A,H,2.8205993,0.23089704
GLA_human,A156I,156,A,I,1.7059662,0.20110439
GLA_human,A156K,156,A,K,2.924289,0.25435445
GLA_human,A156L,156,A,L,1.7168108,0.1658283
GLA_human,A156M,156,A,M,1.1978096,0.20183134
GLA_human,A156N,156,A,N,3.0608726,0.23340242
GLA_human,A156P,156,A,P,3.026321,0.29536346
GLA_human,A156Q,156,A,Q,2.7527325,0.34454358
GLA_human,A156R,156,A,R,3.0222125,0.2055353
GLA_human,A156S,156,A,S,1.0964706,0.0627177
GLA_human,A156T,156,A,T,2.6352253,0.3496363
GLA_human,A156V,156,A,V,2.336638,0.31447756
GLA_human,A156W,156,A,W,2.3394425,0.18579274
GLA_human,A156Y,156,A,Y,2.433198,0.18186168
GLA_human,Q157A,157,Q,A,0.9098919,0.04874985
GLA_human,Q157C,157,Q,C,0.9254263,0.13857567
GLA_human,Q157D,157,Q,D,1.1581615,0.11604205
GLA_human,Q157E,157,Q,E,0.8839561,0.08145561
GLA_human,Q157F,157,Q,F,1.3485707,0.08715369
GLA_human,Q157G,157,Q,G,1.6377945,0.20464434
GLA_human,Q157H,157,Q,H,1.4117445,0.07696395
GLA_human,Q157I,157,Q,I,1.1280253,0.090047866
GLA_human,Q157K,157,Q,K,1.2076269,0.09934338
GLA_human,Q157L,157,Q,L,0.971107,0.067386195
GLA_human,Q157M,157,Q,M,0.8477001,0.09373446
GLA_human,Q157N,157,Q,N,1.1641697,0.10022491
GLA_human,Q157P,157,Q,P,2.2388594,0.111946076
GLA_human,Q157R,157,Q,R,0.79446745,0.11022379
GLA_human,Q157S,157,Q,S,0.9095915,0.062483594
GLA_human,Q157T,157,Q,T,1.054605,0.11777841
GLA_human,Q157V,157,Q,V,1.1182183,0.09588387
GLA_human,Q157W,157,Q,W,1.2591317,0.076752394
GLA_human,Q157Y,157,Q,Y,1.5658499,0.10735963
GLA_human,T158A,158,T,A,1.2439023,0.25204292
GLA_human,T158C,158,T,C,1.3713768,0.1523025
GLA_human,T158D,158,T,D,1.6639744,0.09311758
GLA_human,T158E,158,T,E,1.9281324,0.0793385
GLA_human,T158F,158,T,F,2.3408515,0.19212015
GLA_human,T158G,158,T,G,1.371959,0.33934692
GLA_human,T158H,158,T,H,2.2466562,0.13477725
GLA_human,T158I,158,T,I,1.4782845,0.072796606
GLA_human,T158K,158,T,K,2.2629344,0.12263115
GLA_human,T158L,158,T,L,0.7500736,0.06488697
GLA_human,T158M,158,T,M,1.1230164,0.1425527
GLA_human,T158N,158,T,N,1.7716824,0.07090866
GLA_human,T158P,158,T,P,2.505022,0.11168317
GLA_human,T158Q,158,T,Q,1.3947376,0.115290344
GLA_human,T158R,158,T,R,1.1599803,0.15276426
GLA_human,T158S,158,T,S,1.1829877,0.2148008
GLA_human,T158V,158,T,V,0.6734239,0.106040016
GLA_human,T158W,158,T,W,1.2829626,0.05153073
GLA_human,T158Y,158,T,Y,2.3439984,0.15011367
GLA_human,F159A,159,F,A,2.378056,0.13806356
GLA_human,F159C,159,F,C,1.5336859,0.12394564
GLA_human,F159D,159,F,D,3.390126,0.043973036
GLA_human,F159E,159,F,E,3.0393207,0.08106464
GLA_human,F159G,159,F,G,3.2231648,0.120868705
GLA_human,F159I,159,F,I,1.3900635,0.061350647
GLA_human,F159K,159,F,K,2.596396,0.13433897
GLA_human,F159L,159,F,L,1.0071404,0.062084448
GLA_human,F159M,159,F,M,0.90741175,0.064368084
GLA_human,F159N,159,F,N,3.1052861,0.06573514
GLA_human,F159P,159,F,P,3.1811934,0.1270673
GLA_human,F159Q,159,F,Q,2.928559,0.090030625
GLA_human,F159R,159,F,R,2.7414691,0.1578101
GLA_human,F159S,159,F,S,2.8730044,0.112286076
GLA_human,F159T,159,F,T,2.3813863,0.12370637
GLA_human,F159V,159,F,V,1.8979584,0.13550161
GLA_human,F159W,159,F,W,0.5913385,0.044016227
GLA_human,F159Y,159,F,Y,0.50263023,0.046214957
GLA_human,A160C,160,A,C,0.81929237,0.1463626
GLA_human,A160D,160,A,D,2.62612,0.2628401
GLA_human,A160E,160,A,E,2.7921295,0.10694184
GLA_human,A160F,160,A,F,1.4885371,0.15869881
GLA_human,A160G,160,A,G,1.4979273,0.16057262
GLA_human,A160H,160,A,H,1.8705652,0.19087018
GLA_human,A160I,160,A,I,1.8575737,0.088291615
GLA_human,A160K,160,A,K,1.6313988,0.115646124
GLA_human,A160L,160,A,L,1.9279283,0.15643233
GLA_human,A160M,160,A,M,1.6224868,0.16398543
GLA_human,A160N,160,A,N,2.3972507,0.23519115
GLA_human,A160P,160,A,P,3.3292747,0.28321278
GLA_human,A160Q,160,A,Q,2.4064445,0.17703241
GLA_human,A160R,160,A,R,1.2868229,0.081464976
GLA_human,A160S,160,A,S,0.707771,0.069550335
GLA_human,A160T,160,A,T,2.0865986,0.18931945
GLA_human,A160V,160,A,V,1.7981094,0.17752945
GLA_human,A160W,160,A,W,1.8146689,0.08315759
GLA_human,A160Y,160,A,Y,1.3823723,0.11012696
GLA_human,D161A,161,D,A,0.6795248,0.043817993
GLA_human,D161C,161,D,C,0.87216693,0.065861516
GLA_human,D161E,161,D,E,0.24233286,0.040662773
GLA_human,D161F,161,D,F,0.9105588,0.050938986
GLA_human,D161G,161,D,G,1.0380327,0.06689064
GLA_human,D161H,161,D,H,1.164099,0.15135516
GLA_human,D161I,161,D,I,1.0456613,0.060753252
GLA_human,D161K,161,D,K,1.2047045,0.10090644
GLA_human,D161L,161,D,L,1.1534326,0.05668764
GLA_human,D161M,161,D,M,0.9217922,0.053550825
GLA_human,D161N,161,D,N,0.43479222,0.019879853
GLA_human,D161P,161,D,P,2.5739377,0.08002132
GLA_human,D161Q,161,D,Q,0.8188078,0.08225495
GLA_human,D161R,161,D,R,1.0131271,0.056204706
GLA_human,D161S,161,D,S,0.63554245,0.0356346
GLA_human,D161T,161,D,T,1.4366968,0.09948463
GLA_human,D161V,161,D,V,1.3608515,0.055160414
GLA_human,D161W,161,D,W,0.868979,0.12044125
GLA_human,D161Y,161,D,Y,0.8966656,0.06407294
GLA_human,W162A,162,W,A,2.6618278,0.30287784
GLA_human,W162C,162,W,C,2.148216,0.26648286
GLA_human,W162D,162,W,D,3.3181088,0.15862566
GLA_human,W162E,162,W,E,3.3502903,0.15781984
GLA_human,W162F,162,W,F,1.0085651,0.05655394
GLA_human,W162G,162,W,G,3.029842,0.19097207
GLA_human,W162H,162,W,H,2.5710893,0.04584484
GLA_human,W162I,162,W,I,2.5321453,0.1245049
GLA_human,W162K,162,W,K,3.6364636,0.22977902
GLA_human,W162L,162,W,L,2.3005226,0.17859994
GLA_human,W162M,162,W,M,1.8033787,0.10201011
GLA_human,W162N,162,W,N,3.2734904,0.16320755
GLA_human,W162P,162,W,P,3.4286838,0.18716095
GLA_human,W162Q,162,W,Q,2.951781,0.10343252
GLA_human,W162R,162,W,R,2.6677155,0.19603041
GLA_human,W162S,162,W,S,2.8889046,0.25569057
GLA_human,W162T,162,W,T,3.0448198,0.28455818
GLA_human,W162V,162,W,V,2.959142,0.16622204
GLA_human,W162Y,162,W,Y,1.3316011,0.07380112
GLA_human,G163A,163,G,A,1.0815637,0.13065147
GLA_human,G163C,163,G,C,1.0224593,0.09215778
GLA_human,G163D,163,G,D,1.4330752,0.17464966
GLA_human,G163E,163,G,E,1.3293135,0.23927456
GLA_human,G163F,163,G,F,1.0734295,0.19203514
GLA_human,G163H,163,G,H,1.1842445,0.10483296
GLA_human,G163I,163,G,I,0.9193551,0.14293975
GLA_human,G163K,163,G,K,1.3537685,0.13674438
GLA_human,G163L,163,G,L,1.0724964,0.14878476
GLA_human,G163M,163,G,M,1.1373266,0.15704764
GLA_human,G163N,163,G,N,1.411942,0.13657872
GLA_human,G163P,163,G,P,1.4956264,0.16010365
GLA_human,G163Q,163,G,Q,1.1361254,0.1362294
GLA_human,G163R,163,G,R,1.2297436,0.16653672
GLA_human,G163S,163,G,S,1.4742362,0.15571684
GLA_human,G163T,163,G,T,1.1808565,0.15269609
GLA_human,G163V,163,G,V,1.006717,0.1345896
GLA_human,G163W,163,G,W,1.0700392,0.20046125
GLA_human,G163Y,163,G,Y,1.1057749,0.21124312
GLA_human,V164A,164,V,A,1.4460087,0.14879224
GLA_human,V164C,164,V,C,0.6635802,0.10150419
GLA_human,V164D,164,V,D,2.4746883,0.08545912
GLA_human,V164E,164,V,E,2.2387064,0.10260255
GLA_human,V164F,164,V,F,1.9036038,0.25939998
GLA_human,V164G,164,V,G,2.434575,0.26972178
GLA_human,V164H,164,V,H,2.8807416,0.2648783
GLA_human,V164I,164,V,I,-0.2242609,0.049265206
GLA_human,V164K,164,V,K,2.7778327,0.3146361
GLA_human,V164L,164,V,L,1.5312177,0.10811918
GLA_human,V164M,164,V,M,0.9464577,0.08683353
GLA_human,V164N,164,V,N,2.3026602,0.10486887
GLA_human,V164P,164,V,P,2.6123838,0.17056677
GLA_human,V164Q,164,V,Q,2.1740928,0.099608175
GLA_human,V164R,164,V,R,2.9397106,0.34462625
GLA_human,V164S,164,V,S,1.8952885,0.10861457
GLA_human,V164T,164,V,T,1.2672056,0.01130917
GLA_human,V164W,164,V,W,2.357361,0.26661268
GLA_human,V164Y,164,V,Y,2.3905263,0.31947982
GLA_human,D165A,165,D,A,0.8960956,0.09802587
GLA_human,D165C,165,D,C,0.6985878,0.15492417
GLA_human,D165E,165,D,E,1.398675,0.08016611
GLA_human,D165F,165,D,F,1.5159384,0.21961069
GLA_human,D165G,165,D,G,1.353484,0.17694029
GLA_human,D165H,165,D,H,1.3326073,0.07595045
GLA_human,D165I,165,D,I,1.7161087,0.14388429
GLA_human,D165K,165,D,K,1.900861,0.13782403
GLA_human,D165L,165,D,L,1.718153,0.043496605
GLA_human,D165M,165,D,M,1.6241045,0.118434735
GLA_human,D165N,165,D,N,0.681265,0.057544257
GLA_human,D165P,165,D,P,2.7205582,0.28934008
GLA_human,D165Q,165,D,Q,1.3974788,0.10990299
GLA_human,D165R,165,D,R,1.7030458,0.16623671
GLA_human,D165S,165,D,S,0.9148032,0.077219084
GLA_human,D165T,165,D,T,1.6109183,0.15133645
GLA_human,D165V,165,D,V,1.7090235,0.10892834
GLA_human,D165W,165,D,W,1.6090046,0.329205
GLA_human,D165Y,165,D,Y,1.6048838,0.2506352
GLA_human,L166A,166,L,A,1.7787611,0.1589322
GLA_human,L166C,166,L,C,1.0939162,0.09446191
GLA_human,L166D,166,L,D,3.0445848,0.09864101
GLA_human,L166E,166,L,E,2.427262,0.083992966
GLA_human,L166F,166,L,F,0.15222505,0.101082705
GLA_human,L166G,166,L,G,2.750909,0.22020921
GLA_human,L166H,166,L,H,1.6885426,0.110357754
GLA_human,L166I,166,L,I,1.2519035,0.04053347
GLA_human,L166K,166,L,K,1.8437197,0.089031585
GLA_human,L166M,166,L,M,-0.03119501,0.039251193
GLA_human,L166N,166,L,N,3.03748,0.057637762
GLA_human,L166P,166,L,P,3.3632214,0.14588556
GLA_human,L166Q,166,L,Q,2.305858,0.08032899
GLA_human,L166R,166,L,R,1.991836,0.14526546
GLA_human,L166S,166,L,S,2.112493,0.13311721
GLA_human,L166T,166,L,T,2.6764514,0.070764065
GLA_human,L166V,166,L,V,1.8966548,0.042910375
GLA_human,L166W,166,L,W,1.0709946,0.1604547
GLA_human,L166Y,166,L,Y,0.23401871,0.13762075
GLA_human,L167A,167,L,A,2.762537,0.1904613
GLA_human,L167C,167,L,C,1.413752,0.10567809
GLA_human,L167D,167,L,D,3.6083531,0.10345289
GLA_human,L167E,167,L,E,3.2328525,0.15192609
GLA_human,L167F,167,L,F,1.6626546,0.10864313
GLA_human,L167G,167,L,G,3.679612,0.26320893
GLA_human,L167H,167,L,H,3.4410782,0.053567775
GLA_human,L167I,167,L,I,1.473541,0.11148795
GLA_human,L167K,167,L,K,2.971744,0.13470277
GLA_human,L167M,167,L,M,1.576894,0.10404111
GLA_human,L167N,167,L,N,3.2603467,0.097431146
GLA_human,L167P,167,L,P,3.3301463,0.09837549
GLA_human,L167Q,167,L,Q,3.3056588,0.13003704
GLA_human,L167R,167,L,R,3.293986,0.19527425
GLA_human,L167S,167,L,S,3.1713924,0.09778811
GLA_human,L167T,167,L,T,2.6027808,0.048316848
GLA_human,L167V,167,L,V,1.1755158,0.10719124
GLA_human,L167W,167,L,W,2.166397,0.19168656
GLA_human,L167Y,167,L,Y,2.4461782,0.13584489
GLA_human,K168A,168,K,A,0.8533386,0.18927725
GLA_human,K168C,168,K,C,0.5155612,0.12210711
GLA_human,K168D,168,K,D,1.434247,0.087361366
GLA_human,K168E,168,K,E,0.9713734,0.021283455
GLA_human,K168F,168,K,F,-0.4188118,0.07781364
GLA_human,K168G,168,K,G,1.4572401,0.2578116
GLA_human,K168H,168,K,H,0.6641117,0.036289126
GLA_human,K168I,168,K,I,-0.31523103,0.020517979
GLA_human,K168L,168,K,L,-0.29167616,0.048254143
GLA_human,K168M,168,K,M,-0.13762179,0.07446287
GLA_human,K168N,168,K,N,1.2873051,0.062008623
GLA_human,K168P,168,K,P,2.0398915,0.0884005
GLA_human,K168Q,168,K,Q,0.6314928,0.054012537
GLA_human,K168R,168,K,R,0.114903405,0.021438431
GLA_human,K168S,168,K,S,0.9275832,0.14110439
GLA_human,K168T,168,K,T,0.7717565,0.045580745
GLA_human,K168V,168,K,V,0.20296565,0.04207783
GLA_human,K168W,168,K,W,-0.030198177,0.0655841
GLA_human,K168Y,168,K,Y,-0.11778498,0.032082155
GLA_human,F169A,169,F,A,2.819067,0.099705264
GLA_human,F169C,169,F,C,1.600784,0.16422138
GLA_human,F169D,169,F,D,3.0647488,0.08443841
GLA_human,F169E,169,F,E,2.4416559,0.08219143
GLA_human,F169G,169,F,G,3.3236377,0.085593514
GLA_human,F169H,169,F,H,1.8669941,0.072111
GLA_human,F169I,169,F,I,2.3058796,0.10662009
GLA_human,F169K,169,F,K,2.484984,0.14411588
GLA_human,F169L,169,F,L,1.1910084,0.14309405
GLA_human,F169M,169,F,M,0.86765593,0.112973034
GLA_human,F169N,169,F,N,2.7449229,0.11546054
GLA_human,F169P,169,F,P,2.6562648,0.12770648
GLA_human,F169Q,169,F,Q,2.0710824,0.053052656
GLA_human,F169R,169,F,R,2.2860222,0.14841099
GLA_human,F169S,169,F,S,2.787191,0.10784097
GLA_human,F169T,169,F,T,2.3179913,0.11020202
GLA_human,F169V,169,F,V,2.3934765,0.12072811
GLA_human,F169W,169,F,W,1.0038841,0.09085261
GLA_human,F169Y,169,F,Y,0.089715615,0.038388245
GLA_human,D170A,170,D,A,0.30218688,0.08543786
GLA_human,D170C,170,D,C,0.3376804,0.10060777
GLA_human,D170E,170,D,E,0.8291644,0.09200071
GLA_human,D170F,170,D,F,0.93109405,0.12953709
GLA_human,D170G,170,D,G,0.7141071,0.25733924
GLA_human,D170H,170,D,H,0.9406897,0.10821931
GLA_human,D170I,170,D,I,1.1598154,0.07927969
GLA_human,D170K,170,D,K,1.4174726,0.1250678
GLA_human,D170L,170,D,L,0.9243802,0.10943594
GLA_human,D170M,170,D,M,1.0375235,0.114845805
GLA_human,D170N,170,D,N,0.78526294,0.09703434
GLA_human,D170P,170,D,P,1.881575,0.10095891
GLA_human,D170Q,170,D,Q,1.1513563,0.09365061
GLA_human,D170R,170,D,R,1.2499688,0.12140884
GLA_human,D170S,170,D,S,0.19010353,0.073242284
GLA_human,D170T,170,D,T,0.99763995,0.11161863
GLA_human,D170V,170,D,V,1.0040723,0.044326734
GLA_human,D170W,170,D,W,1.2132822,0.21294402
GLA_human,D170Y,170,D,Y,0.97411215,0.13826594
GLA_human,G171A,171,G,A,1.0593743,0.09587742
GLA_human,G171C,171,G,C,0.34579766,0.06329193
GLA_human,G171D,171,G,D,3.0677204,0.085755564
GLA_human,G171E,171,G,E,2.9558282,0.16944619
GLA_human,G171F,171,G,F,1.7957586,0.14828579
GLA_human,G171H,171,G,H,2.2502608,0.13708517
GLA_human,G171I,171,G,I,1.9836938,0.21542305
GLA_human,G171K,171,G,K,2.5489774,0.21183045
GLA_human,G171L,171,G,L,2.0803905,0.09614744
GLA_human,G171M,171,G,M,2.1582458,0.14646332
GLA_human,G171N,171,G,N,2.5799165,0.14653303
GLA_human,G171P,171,G,P,2.4861813,0.20008086
GLA_human,G171Q,171,G,Q,2.6712363,0.14376697
GLA_human,G171R,171,G,R,2.4596384,0.2853917
GLA_human,G171S,171,G,S,2.0090432,0.091876276
GLA_human,G171T,171,G,T,2.1631777,0.15581185
GLA_human,G171V,171,G,V,1.8466873,0.1781606
GLA_human,G171W,171,G,W,1.6510397,0.086151384
GLA_human,G171Y,171,G,Y,1.7235721,0.1622487
GLA_human,C172A,172,C,A,1.0897589,0.09713239
GLA_human,C172D,172,C,D,2.1117852,0.116618514
GLA_human,C172E,172,C,E,2.7057292,0.08395759
GLA_human,C172F,172,C,F,1.9575112,0.15402067
GLA_human,C172G,172,C,G,1.8816105,0.16898721
GLA_human,C172H,172,C,H,2.0649638,0.1156118
GLA_human,C172I,172,C,I,2.0793824,0.16671471
GLA_human,C172K,172,C,K,2.5813634,0.09109552
GLA_human,C172L,172,C,L,2.110786,0.14957783
GLA_human,C172M,172,C,M,2.1082828,0.10601808
GLA_human,C172N,172,C,N,2.2870975,0.12798476
GLA_human,C172P,172,C,P,2.72195,0.15060753
GLA_human,C172Q,172,C,Q,2.5179608,0.12826566
GLA_human,C172R,172,C,R,2.4287088,0.0825234
GLA_human,C172S,172,C,S,1.5820782,0.06891317
GLA_human,C172T,172,C,T,2.2662683,0.13079034
GLA_human,C172V,172,C,V,1.9776663,0.1368445
GLA_human,C172W,172,C,W,2.2326705,0.15205464
GLA_human,C172Y,172,C,Y,1.9304825,0.1607265
GLA_human,Y173A,173,Y,A,1.1921475,0.14272764
GLA_human,Y173C,173,Y,C,0.61138844,0.12109087
GLA_human,Y173D,173,Y,D,1.7083782,0.16683905
GLA_human,Y173E,173,Y,E,1.7663425,0.20481323
GLA_human,Y173F,173,Y,F,-0.012325543,0.028330417
GLA_human,Y173G,173,Y,G,1.2329924,0.2061337
GLA_human,Y173H,173,Y,H,0.7486582,0.058550708
GLA_human,Y173I,173,Y,I,1.6868942,0.208465
GLA_human,C174A,174,C,A,0.18272899,0.06533153
GLA_human,C174D,174,C,D,1.4069846,0.13838711
GLA_human,C174E,174,C,E,1.406936,0.19312377
GLA_human,C174F,174,C,F,-0.12714097,0.13607903
GLA_human,C174G,174,C,G,1.0473661,0.14039218
GLA_human,C174H,174,C,H,0.71549034,0.119979635
GLA_human,C174I,174,C,I,-0.06826069,0.07211122
GLA_human,C174K,174,C,K,1.2881021,0.19459195
GLA_human,C174L,174,C,L,0.56258404,0.05842076
GLA_human,C174M,174,C,M,0.51164234,0.12973951
GLA_human,C174N,174,C,N,0.8272365,0.13124184
GLA_human,C174P,174,C,P,1.490124,0.13000563
GLA_human,C174Q,174,C,Q,1.0302716,0.1492285
GLA_human,C174R,174,C,R,1.1533191,0.1361159
GLA_human,C174S,174,C,S,0.2802836,0.03550389
GLA_human,C174T,174,C,T,0.33707467,0.038702827
GLA_human,C174V,174,C,V,-0.0744522,0.070571244
GLA_human,C174W,174,C,W,0.6197483,0.2519838
GLA_human,C174Y,174,C,Y,0.23063824,0.15968692
GLA_human,D175A,175,D,A,0.602381,0.097978495
GLA_human,D175C,175,D,C,0.08755213,0.06439972
GLA_human,D175E,175,D,E,0.58530676,0.0859563
GLA_human,D175F,175,D,F,0.2659207,0.095621005
GLA_human,D175G,175,D,G,0.53485143,0.14980847
GLA_human,D175H,175,D,H,0.7227297,0.14096414
GLA_human,D175I,175,D,I,0.4263851,0.12010986
GLA_human,D175K,175,D,K,0.72102875,0.07521863
GLA_human,D175L,175,D,L,0.45412955,0.09613157
GLA_human,D175M,175,D,M,0.4361863,0.07352597
GLA_human,D175N,175,D,N,0.50021875,0.099588916
GLA_human,D175P,175,D,P,0.58649313,0.10262584
GLA_human,D175Q,175,D,Q,0.57211417,0.068478696
GLA_human,D175R,175,D,R,0.48286906,0.073302224
GLA_human,D175S,175,D,S,0.33032298,0.087541
GLA_human,D175T,175,D,T,0.8621481,0.10360648
GLA_human,D175V,175,D,V,0.81885755,0.12240685
GLA_human,D175W,175,D,W,0.17537814,0.072058454
GLA_human,D175Y,175,D,Y,0.3499306,0.05702413
GLA_human,S176A,176,S,A,0.73140174,0.057175387
GLA_human,S176C,176,S,C,0.5347351,0.055010248
GLA_human,S176D,176,S,D,0.7246672,0.03372738
GLA_human,S176E,176,S,E,1.027737,0.061675042
GLA_human,S176F,176,S,F,0.7994422,0.056943025
GLA_human,S176G,176,S,G,0.9405743,0.10373108
GLA_human,S176H,176,S,H,0.74022996,0.05060367
GLA_human,S176I,176,S,I,1.0519142,0.107197866
GLA_human,S176K,176,S,K,0.6129379,0.05468
GLA_human,S176L,176,S,L,0.99416655,0.12699676
GLA_human,S176M,176,S,M,0.8739122,0.10558109
GLA_human,S176N,176,S,N,0.42002797,0.08496366
GLA_human,S176P,176,S,P,1.5900252,0.06194998
GLA_human,S176Q,176,S,Q,0.96234626,0.10274037
GLA_human,S176R,176,S,R,0.56669796,0.06856072
GLA_human,S176T,176,S,T,0.7246295,0.12568417
GLA_human,S176V,176,S,V,1.402659,0.09525645
GLA_human,S176W,176,S,W,0.8751782,0.09200151
GLA_human,S176Y,176,S,Y,0.8163134,0.010839378
GLA_human,L177A,177,L,A,1.197011,0.11256851
GLA_human,L177C,177,L,C,0.9676075,0.08542555
GLA_human,L177D,177,L,D,1.5394375,0.19035041
GLA_human,L177E,177,L,E,1.5763712,0.16623917
GLA_human,L177F,177,L,F,0.8734083,0.06545195
GLA_human,L177G,177,L,G,1.5613449,0.09533324
GLA_human,L177H,177,L,H,1.1433755,0.06383
GLA_human,L177I,177,L,I,0.33984053,0.056232292
GLA_human,L177K,177,L,K,0.85028696,0.042793304
GLA_human,L177M,177,L,M,0.5637728,0.040511828
GLA_human,L177N,177,L,N,1.6509144,0.12600079
GLA_human,L177P,177,L,P,0.9414517,0.12974247
GLA_human,L177Q,177,L,Q,1.3079481,0.12847719
GLA_human,L177R,177,L,R,0.96840143,0.021394629
GLA_human,L177S,177,L,S,1.3454195,0.054498043
GLA_human,L177T,177,L,T,1.266147,0.10390779
GLA_human,L177V,177,L,V,0.7519263,0.07728666
GLA_human,L177W,177,L,W,0.5651763,0.09102187
GLA_human,L177Y,177,L,Y,0.6522356,0.06484479
GLA_human,E178A,178,E,A,-0.00766837,0.10116141
GLA_human,E178C,178,E,C,0.043775093,0.060580257
GLA_human,E178D,178,E,D,0.17692997,0.040584337
GLA_human,E178F,178,E,F,-0.29839754,0.03492813
GLA_human,E178G,178,E,G,0.22067373,0.095623076
GLA_human,E178H,178,E,H,-0.06913367,0.060992483
GLA_human,E178I,178,E,I,-0.03404652,0.054690465
GLA_human,E178K,178,E,K,-0.29141894,0.060055934
GLA_human,E178L,178,E,L,-0.040666573,0.058226712
GLA_human,E178M,178,E,M,0.014037105,0.023276828
GLA_human,E178N,178,E,N,0.28252286,0.037494328
GLA_human,E178P,178,E,P,0.5830611,0.06176746
GLA_human,E178Q,178,E,Q,-0.117019795,0.042345352
GLA_human,E178R,178,E,R,-0.104483485,0.067829706
GLA_human,E178S,178,E,S,-0.02347665,0.068034664
GLA_human,E178T,178,E,T,-0.033460103,0.03975852
GLA_human,E178V,178,E,V,0.025309116,0.053803965
GLA_human,E178W,178,E,W,-0.024690164,0.049580846
GLA_human,E178Y,178,E,Y,-0.26748413,0.040862136
GLA_human,N179A,179,N,A,0.08290537,0.11179596
GLA_human,N179C,179,N,C,-0.24611655,0.1076903
GLA_human,N179D,179,N,D,0.39160925,0.033802275
GLA_human,N179E,179,N,E,0.51370746,0.0705311
GLA_human,N179F,179,N,F,0.36528176,0.063724324
GLA_human,N179G,179,N,G,0.46993738,0.15833749
GLA_human,N179H,179,N,H,-0.11376295,0.0480434
GLA_human,N179I,179,N,I,0.51953334,0.1188818
GLA_human,N179K,179,N,K,-0.03032208,0.058857102
GLA_human,N179L,179,N,L,-0.10050149,0.08335456
GLA_human,N179M,179,N,M,0.022364527,0.07714605
GLA_human,N179P,179,N,P,2.0887306,0.15628678
GLA_human,N179Q,179,N,Q,0.025744408,0.057491332
GLA_human,N179R,179,N,R,-0.050009638,0.062625915
GLA_human,N179S,179,N,S,0.23120837,0.10952297
GLA_human,N179T,179,N,T,0.44828734,0.015434222
GLA_human,N179V,179,N,V,0.8345817,0.04106786
GLA_human,N179W,179,N,W,0.21866469,0.040160768
GLA_human,N179Y,179,N,Y,0.37722236,0.054687794
GLA_human,L180A,180,L,A,1.9633392,0.13044937
GLA_human,L180C,180,L,C,1.519647,0.17730547
GLA_human,L180D,180,L,D,2.8821404,0.14903904
GLA_human,L180E,180,L,E,2.702163,0.16760702
GLA_human,L180F,180,L,F,1.8197123,0.11906415
GLA_human,L180G,180,L,G,2.6728654,0.10797596
GLA_human,L180H,180,L,H,2.8832986,0.06182351
GLA_human,L180I,180,L,I,1.2786064,0.12826717
GLA_human,L180K,180,L,K,2.6722708,0.18890199
GLA_human,L180M,180,L,M,0.70841604,0.07290197
GLA_human,L180N,180,L,N,2.738789,0.12877074
GLA_human,L180P,180,L,P,2.9991744,0.16343892
GLA_human,L180Q,180,L,Q,2.2017968,0.14199081
GLA_human,L180R,180,L,R,2.2747188,0.15296327
GLA_human,L180S,180,L,S,2.3459835,0.09347917
GLA_human,L180T,180,L,T,2.2677302,0.095557325
GLA_human,L180V,180,L,V,1.887191,0.16567715
GLA_human,L180W,180,L,W,1.6386913,0.10079363
GLA_human,L180Y,180,L,Y,1.838315,0.11984586
GLA_human,A181C,181,A,C,0.08808675,0.06736033
GLA_human,A181D,181,A,D,0.27003604,0.099007875
GLA_human,A181E,181,A,E,0.112815276,0.073497206
GLA_human,A181F,181,A,F,0.63574207,0.060194682
GLA_human,A181G,181,A,G,0.46327597,0.12344385
GLA_human,A181H,181,A,H,0.13864248,0.042482473
GLA_human,A181I,181,A,I,-0.2466542,0.11763775
GLA_human,A181K,181,A,K,-0.014655662,0.08353633
GLA_human,A181L,181,A,L,0.82334054,0.10487457
GLA_human,A181M,181,A,M,0.15252969,0.08153268
GLA_human,A181N,181,A,N,0.04626703,0.090047665
GLA_human,A181P,181,A,P,1.3135889,0.16017768
GLA_human,A181Q,181,A,Q,0.13729963,0.07437244
GLA_human,A181R,181,A,R,-0.22913738,0.055702407
GLA_human,A181S,181,A,S,-0.033284478,0.05886661
GLA_human,A181T,181,A,T,0.05032475,0.10538264
GLA_human,A181V,181,A,V,0.054100323,0.14972138
GLA_human,A181W,181,A,W,0.31895903,0.067110516
GLA_human,A181Y,181,A,Y,0.3435984,0.08120888
GLA_human,D182A,182,D,A,0.07809155,0.08236952
GLA_human,D182C,182,D,C,0.18803939,0.065136336
GLA_human,D182E,182,D,E,-0.03956514,0.04793385
GLA_human,D182F,182,D,F,-0.3130687,0.08335144
GLA_human,D182G,182,D,G,0.500178,0.12650399
GLA_human,D182H,182,D,H,0.14499652,0.056391194
GLA_human,D182I,182,D,I,0.0028326723,0.07521716
GLA_human,D182K,182,D,K,-0.0905333,0.076939784
GLA_human,D182L,182,D,L,-0.17142458,0.07797091
GLA_human,D182M,182,D,M,-0.12618792,0.06741068
GLA_human,D182N,182,D,N,-0.21990363,0.02768641
GLA_human,D182P,182,D,P,1.0824945,0.06447316
GLA_human,D182Q,182,D,Q,-0.283059,0.030060146
GLA_human,D182R,182,D,R,-0.20285776,0.036026627
GLA_human,D182S,182,D,S,0.04552377,0.07081644
GLA_human,D182T,182,D,T,0.26477844,0.05457942
GLA_human,D182V,182,D,V,0.37046725,0.070718296
GLA_human,D182W,182,D,W,-0.14119938,0.05694211
GLA_human,D182Y,182,D,Y,-0.37822524,0.09240937
GLA_human,G183A,183,G,A,1.0449044,0.091757245
GLA_human,G183C,183,G,C,0.5061603,0.14753532
GLA_human,G183D,183,G,D,1.8059727,0.17139791
GLA_human,G183E,183,G,E,1.9465992,0.15714742
GLA_human,G183F,183,G,F,0.58401376,0.1716452
GLA_human,G183H,183,G,H,1.2922623,0.18757021
GLA_human,G183I,183,G,I,1.5306944,0.18970169
GLA_human,G183K,183,G,K,1.9773124,0.14568946
GLA_human,G183L,183,G,L,1.3375304,0.17833304
GLA_human,G183M,183,G,M,1.0538937,0.21550655
GLA_human,G183N,183,G,N,1.6915525,0.23402327
GLA_human,G183P,183,G,P,2.007785,0.23695257
GLA_human,G183Q,183,G,Q,1.7108177,0.24752447
GLA_human,G183R,183,G,R,1.5643593,0.2018545
GLA_human,G183S,183,G,S,1.2821453,0.13027735
GLA_human,G183T,183,G,T,2.1192758,0.16614243
GLA_human,G183V,183,G,V,1.8074415,0.24366847
GLA_human,G183W,183,G,W,0.8307787,0.15163805
GLA_human,G183Y,183,G,Y,0.55024517,0.16555883
GLA_human,K185A,185,K,A,0.8694828,0.10572829
GLA_human,K185C,185,K,C,0.8741249,0.12995791
GLA_human,K185D,185,K,D,2.5595238,0.11229418
GLA_human,K185E,185,K,E,1.3812726,0.0643671
GLA_human,K185F,185,K,F,1.1410701,0.11623521
GLA_human,K185G,185,K,G,1.7207825,0.13569643
GLA_human,K185H,185,K,H,1.190315,0.055371474
GLA_human,K185I,185,K,I,0.37613085,0.071219355
GLA_human,K185L,185,K,L,1.2770325,0.08643567
GLA_human,K185M,185,K,M,0.39495525,0.028900199
GLA_human,K185N,185,K,N,2.1569247,0.06691989
GLA_human,K185P,185,K,P,1.8615576,0.061607663
GLA_human,K185Q,185,K,Q,1.0493842,0.030007241
GLA_human,K185R,185,K,R,0.1675997,0.07860052
GLA_human,K185S,185,K,S,1.5146618,0.09834087
GLA_human,K185T,185,K,T,1.2016224,0.04700136
GLA_human,K185V,185,K,V,0.5928651,0.08414162
GLA_human,K185W,185,K,W,0.87816477,0.06535066
GLA_human,K185Y,185,K,Y,1.1087948,0.09984298
GLA_human,M187A,187,M,A,2.5538764,0.05943292
GLA_human,M187C,187,M,C,1.4638536,0.115311
GLA_human,M187D,187,M,D,3.2481663,0.14833803
GLA_human,M187E,187,M,E,2.8021357,0.18931529
GLA_human,M187F,187,M,F,1.7671916,0.15380917
GLA_human,M187G,187,M,G,3.436393,0.09851569
GLA_human,M187H,187,M,H,2.5254164,0.1235118
GLA_human,M187I,187,M,I,2.0555017,0.17210566
GLA_human,M187K,187,M,K,2.5774143,0.21248436
GLA_human,M187L,187,M,L,1.9368689,0.12697579
GLA_human,M187N,187,M,N,2.7815218,0.16148439
GLA_human,M187P,187,M,P,3.1762068,0.19071332
GLA_human,M187Q,187,M,Q,2.1680036,0.16020302
GLA_human,M187R,187,M,R,2.9695275,0.21225105
GLA_human,M187S,187,M,S,2.5498662,0.11355462
GLA_human,M187T,187,M,T,2.0911765,0.15033498
GLA_human,M187V,187,M,V,2.4155889,0.24560808
GLA_human,M187W,187,M,W,2.7091641,0.20695852
GLA_human,M187Y,187,M,Y,2.3530507,0.12248037
GLA_human,S188A,188,S,A,-0.0037960769,0.038778286
GLA_human,S188C,188,S,C,0.14923047,0.09234428
GLA_human,S188D,188,S,D,1.609369,0.13966556
GLA_human,S188E,188,S,E,1.7785673,0.1268444
GLA_human,S188F,188,S,F,1.2526246,0.13746107
GLA_human,S188G,188,S,G,1.3024269,0.15454388
GLA_human,S188H,188,S,H,1.1919858,0.06487087
GLA_human,S188I,188,S,I,1.3931942,0.17683041
GLA_human,S188K,188,S,K,2.077975,0.12195099
GLA_human,S188L,188,S,L,1.5085125,0.1762334
GLA_human,S188M,188,S,M,1.3796482,0.13059288
GLA_human,S188N,188,S,N,1.3483309,0.13528673
GLA_human,S188P,188,S,P,2.1355577,0.18870388
GLA_human,S188Q,188,S,Q,1.6488028,0.14005996
GLA_human,S188R,188,S,R,1.4906763,0.0839717
GLA_human,S188T,188,S,T,1.287711,0.20255017
GLA_human,S188V,188,S,V,1.6365025,0.15838706
GLA_human,S188W,188,S,W,1.0685513,0.12908603
GLA_human,S188Y,188,S,Y,1.272822,0.115054235
GLA_human,L189A,189,L,A,0.23791258,0.11172294
GLA_human,L189C,189,L,C,0.05194974,0.078205235
GLA_human,L189D,189,L,D,0.39753312,0.1691891
GLA_human,L189E,189,L,E,0.11747508,0.13474473
GLA_human,L189F,189,L,F,0.104339145,0.05420691
GLA_human,L189G,189,L,G,0.79325104,0.12690848
GLA_human,A190C,190,A,C,0.893006,0.12742208
GLA_human,A190D,190,A,D,2.0044188,0.2089544
GLA_human,A190E,190,A,E,1.1216328,0.10676306
GLA_human,A190F,190,A,F,0.90020704,0.21564998
GLA_human,A190G,190,A,G,1.3810526,0.12127409
GLA_human,A190H,190,A,H,1.1960995,0.16131248
GLA_human,A190I,190,A,I,1.5860894,0.097868174
GLA_human,A190K,190,A,K,2.3363678,0.19445537
GLA_human,A190L,190,A,L,1.593076,0.09160095
GLA_human,A190M,190,A,M,1.5111978,0.21953994
GLA_human,A190N,190,A,N,1.6694098,0.20669864
GLA_human,A190P,190,A,P,3.4437969,0.17537355
GLA_human,A190Q,190,A,Q,1.5327752,0.16387717
GLA_human,A190R,190,A,R,1.8216436,0.18957411
GLA_human,A190S,190,A,S,0.44748932,0.07168085
GLA_human,A190T,190,A,T,2.2558675,0.21275806
GLA_human,A190V,190,A,V,1.4700011,0.18228765
GLA_human,A190W,190,A,W,1.3291372,0.10377794
GLA_human,A190Y,190,A,Y,0.95549285,0.17123848
GLA_human,N192A,192,N,A,-0.24651027,0.08006217
GLA_human,N192C,192,N,C,-0.0009644359,0.105274655
GLA_human,N192D,192,N,D,0.14510298,0.075001016
GLA_human,N192E,192,N,E,0.04315958,0.071514785
GLA_human,N192F,192,N,F,0.0068133296,0.14083341
GLA_human,N192G,192,N,G,0.04864701,0.1028786
GLA_human,N192H,192,N,H,0.1585956,0.07117214
GLA_human,N192I,192,N,I,-0.24689332,0.09642419
GLA_human,N192K,192,N,K,0.06156237,0.12263943
GLA_human,N192L,192,N,L,-0.2463022,0.1023432
GLA_human,N192M,192,N,M,-0.23884812,0.08754556
GLA_human,N192P,192,N,P,1.4794528,0.16868126
GLA_human,N192Q,192,N,Q,-0.062063158,0.04938117
GLA_human,N192R,192,N,R,-0.14392357,0.11124562
GLA_human,N192S,192,N,S,-0.16717096,0.08947332
GLA_human,N192T,192,N,T,0.08366537,0.079434186
GLA_human,N192V,192,N,V,-0.057966508,0.1025007
GLA_human,N192W,192,N,W,-0.14311695,0.09860176
GLA_human,N192Y,192,N,Y,-0.004166433,0.13138884
GLA_human,T194A,194,T,A,1.496628,0.16894405
GLA_human,T194C,194,T,C,1.5163715,0.22007197
GLA_human,T194D,194,T,D,2.5674746,0.13681152
GLA_human,T194E,194,T,E,2.6973705,0.22459105
GLA_human,T194F,194,T,F,2.6739001,0.28006983
GLA_human,T194G,194,T,G,1.7063093,0.23103929
GLA_human,T194H,194,T,H,2.9307494,0.1012942
GLA_human,T194I,194,T,I,2.420372,0.18502033
GLA_human,T194K,194,T,K,2.6636014,0.09446278
GLA_human,T194L,194,T,L,2.7331364,0.17932259
GLA_human,T194M,194,T,M,2.3589976,0.15184118
GLA_human,T194N,194,T,N,2.3882165,0.06330927
GLA_human,T194P,194,T,P,2.543358,0.073201776
GLA_human,T194Q,194,T,Q,2.443097,0.17067672
GLA_human,T194R,194,T,R,2.6824274,0.16152093
GLA_human,T194S,194,T,S,0.91775215,0.14368086
GLA_human,T194V,194,T,V,1.9279749,0.14742008
GLA_human,T194W,194,T,W,2.8378944,0.2181491
GLA_human,T194Y,194,T,Y,2.9052846,0.30284873
GLA_human,G195A,195,G,A,1.3289735,0.07375691
GLA_human,G195C,195,G,C,0.9220732,0.10188758
GLA_human,G195D,195,G,D,1.1224841,0.0640329
GLA_human,G195E,195,G,E,1.1143587,0.08446366
GLA_human,G195F,195,G,F,0.93172854,0.13456693
GLA_human,G195H,195,G,H,0.75436443,0.13137288
GLA_human,G195I,195,G,I,1.5279238,0.16077241
GLA_human,G195K,195,G,K,0.85165673,0.12535864
GLA_human,G195L,195,G,L,0.9729463,0.14325514
GLA_human,G195M,195,G,M,0.91367483,0.14018686
GLA_human,G195N,195,G,N,1.0462278,0.12435652
GLA_human,G195P,195,G,P,1.4256102,0.11745533
GLA_human,G195Q,195,G,Q,1.0387049,0.12960148
GLA_human,G195R,195,G,R,0.94423544,0.11045607
GLA_human,G195S,195,G,S,1.2194402,0.09176538
GLA_human,G195T,195,G,T,1.5830851,0.085405946
GLA_human,G195V,195,G,V,1.5446008,0.16575462
GLA_human,G195W,195,G,W,1.0738809,0.09907563
GLA_human,G195Y,195,G,Y,0.99022007,0.11944745
GLA_human,R196I,196,R,I,2.1492324,0.20096447
GLA_human,R196K,196,R,K,1.1559479,0.058377974
GLA_human,R196L,196,R,L,2.4414315,0.13109821
GLA_human,R196M,196,R,M,1.7513683,0.11709731
GLA_human,R196N,196,R,N,2.0374405,0.14600907
GLA_human,R196P,196,R,P,2.7620404,0.1451525
GLA_human,R196Q,196,R,Q,1.4366314,0.07617215
GLA_human,R196S,196,R,S,1.5545756,0.09936804
GLA_human,R196T,196,R,T,2.3241668,0.17388032
GLA_human,R196V,196,R,V,2.0648205,0.22886427
GLA_human,R196W,196,R,W,0.47660294,0.13625018
GLA_human,R196Y,196,R,Y,1.0678014,0.10180568
GLA_human,S197A,197,S,A,-0.13216053,0.06496218
GLA_human,S197C,197,S,C,0.3932679,0.017476367
GLA_human,S197D,197,S,D,-0.070275255,0.051635183
GLA_human,S197E,197,S,E,-0.18917197,0.0527863
GLA_human,S197F,197,S,F,-0.2846947,0.05036526
GLA_human,S197G,197,S,G,0.030452605,0.08464792
GLA_human,S197H,197,S,H,-0.20687695,0.050121795
GLA_human,S197I,197,S,I,-0.04557713,0.11233251
GLA_human,S197K,197,S,K,-0.4057505,0.06308692
GLA_human,S197L,197,S,L,-0.35648593,0.09354791
GLA_human,S197M,197,S,M,-0.21827905,0.05380426
GLA_human,S197N,197,S,N,-0.10707966,0.055705644
GLA_human,S197P,197,S,P,-0.043151744,0.13177899
GLA_human,S197Q,197,S,Q,-0.27552098,0.067773394
GLA_human,S197R,197,S,R,-0.4902641,0.05303218
GLA_human,S197T,197,S,T,0.18583235,0.06775046
GLA_human,S197V,197,S,V,0.03379421,0.06208888
GLA_human,S197W,197,S,W,-0.23198485,0.068514325
GLA_human,S197Y,197,S,Y,-0.2651957,0.055775274
GLA_human,I198A,198,I,A,2.3639941,0.064819
GLA_human,I198C,198,I,C,1.6964123,0.07792411
GLA_human,I198D,198,I,D,3.2482681,0.18844135
GLA_human,I198E,198,I,E,3.0089684,0.19456823
GLA_human,I198F,198,I,F,0.64567345,0.11940307
GLA_human,I198G,198,I,G,2.3937871,0.123247534
GLA_human,I198H,198,I,H,2.6539817,0.10059609
GLA_human,I198K,198,I,K,2.8324723,0.20043713
GLA_human,I198L,198,I,L,1.5052946,0.04095266
GLA_human,I198M,198,I,M,0.099814996,0.053027324
GLA_human,I198N,198,I,N,2.831294,0.19635522
GLA_human,I198P,198,I,P,2.3219054,0.07953622
GLA_human,I198Q,198,I,Q,2.5761006,0.070864156
GLA_human,I198R,198,I,R,3.182543,0.24565794
GLA_human,I198S,198,I,S,2.5511975,0.10655391
GLA_human,I198T,198,I,T,1.7725852,0.14879219
GLA_human,I198V,198,I,V,0.5971718,0.050229304
GLA_human,I198W,198,I,W,1.8902155,0.13877824
GLA_human,I198Y,198,I,Y,2.340559,0.08185971
GLA_human,V199A,199,V,A,1.410269,0.18497892
GLA_human,V199C,199,V,C,0.49248886,0.1272681
GLA_human,V199D,199,V,D,2.047025,0.07230578
GLA_human,V199E,199,V,E,1.7838881,0.049106885
GLA_human,V199F,199,V,F,0.7830041,0.07818753
GLA_human,V199G,199,V,G,2.4207103,0.19815823
GLA_human,V199H,199,V,H,1.874068,0.056154877
GLA_human,V199I,199,V,I,0.13424568,0.06849744
GLA_human,V199K,199,V,K,1.8416088,0.0825369
GLA_human,V199L,199,V,L,0.32669657,0.033232566
GLA_human,V199M,199,V,M,0.9218193,0.05602376
GLA_human,V199N,199,V,N,1.736791,0.10606532
GLA_human,V199P,199,V,P,2.0542595,0.106586084
GLA_human,V199Q,199,V,Q,2.0178268,0.02314504
GLA_human,V199R,199,V,R,2.0476778,0.16540109
GLA_human,V199S,199,V,S,1.6598766,0.10450742
GLA_human,V199T,199,V,T,1.0678266,0.036697425
GLA_human,V199W,199,V,W,1.7992325,0.2136997
GLA_human,V199Y,199,V,Y,1.076591,0.109219514
GLA_human,Y200A,200,Y,A,2.8664403,0.1715749
GLA_human,Y200C,200,Y,C,2.0191698,0.1335214
GLA_human,Y200D,200,Y,D,2.760889,0.12394184
GLA_human,Y200E,200,Y,E,2.248197,0.12174954
GLA_human,Y200F,200,Y,F,-0.11818153,0.010080974
GLA_human,Y200G,200,Y,G,3.4036841,0.16830377
GLA_human,Y200H,200,Y,H,1.6867104,0.10496283
GLA_human,Y200I,200,Y,I,1.721846,0.14685929
GLA_human,Y200K,200,Y,K,2.0774813,0.15538819
GLA_human,Y200L,200,Y,L,0.69063747,0.12245241
GLA_human,Y200M,200,Y,M,0.9968275,0.13696784
GLA_human,Y200N,200,Y,N,2.6255512,0.1267634
GLA_human,Y200T,200,Y,T,2.2786171,0.06239469
GLA_human,Y200V,200,Y,V,1.8767782,0.10028381
GLA_human,Y200W,200,Y,W,1.2864884,0.08245051
GLA_human,S201A,201,S,A,-0.3540339,0.02003512
GLA_human,S201C,201,S,C,0.15683818,0.06442138
GLA_human,S201D,201,S,D,0.57573617,0.13573787
GLA_human,S201E,201,S,E,0.39630723,0.15971217
GLA_human,S201F,201,S,F,-0.00824034,0.07681483
GLA_human,S201G,201,S,G,0.13552926,0.08646882
GLA_human,S201H,201,S,H,0.2424941,0.0725315
GLA_human,S201I,201,S,I,0.58097285,0.07746638
GLA_human,S201K,201,S,K,0.85227394,0.1070051
GLA_human,S201L,201,S,L,0.4208942,0.120374
GLA_human,S201M,201,S,M,0.21555729,0.09109183
GLA_human,S201N,201,S,N,0.91260946,0.1331438
GLA_human,S201P,201,S,P,1.988703,0.26796493
GLA_human,S201Q,201,S,Q,0.57345974,0.16575122
GLA_human,S201R,201,S,R,0.793676,0.10212798
GLA_human,S201T,201,S,T,0.6501793,0.14557159
GLA_human,S201V,201,S,V,0.5818963,0.060503144
GLA_human,S201W,201,S,W,-0.17052737,0.05566853
GLA_human,S201Y,201,S,Y,0.059079956,0.07620812
GLA_human,C202A,202,C,A,1.6306938,0.16312836
GLA_human,C202D,202,C,D,2.9463117,0.12388552
GLA_human,C202E,202,C,E,3.2474465,0.18569271
GLA_human,C202F,202,C,F,2.1406634,0.18633159
GLA_human,C202G,202,C,G,2.4721396,0.2445284
GLA_human,C202H,202,C,H,2.7239933,0.20798855
GLA_human,C202I,202,C,I,2.371606,0.20990603
GLA_human,C202K,202,C,K,3.946162,0.19979608
GLA_human,C202L,202,C,L,2.5795705,0.19483075
GLA_human,C202M,202,C,M,2.548345,0.20609441
GLA_human,C202N,202,C,N,2.7720618,0.11311473
GLA_human,C202P,202,C,P,3.3335586,0.17490445
GLA_human,C202Q,202,C,Q,2.9244854,0.2389715
GLA_human,C202R,202,C,R,3.979112,0.16913646
GLA_human,C202S,202,C,S,1.9748776,0.09387136
GLA_human,C202T,202,C,T,2.5155938,0.176562
GLA_human,C202V,202,C,V,2.3833716,0.16732553
GLA_human,C202W,202,C,W,2.9223104,0.07937945
GLA_human,C202Y,202,C,Y,2.2745852,0.17006019
GLA_human,E203A,203,E,A,0.420691,0.16249616
GLA_human,E203C,203,E,C,0.031248603,0.13182949
GLA_human,E203D,203,E,D,0.3486324,0.06047498
GLA_human,E203F,203,E,F,0.05359742,0.10140386
GLA_human,E203G,203,E,G,1.0577961,0.2921884
GLA_human,E203H,203,E,H,0.46940476,0.07211082
GLA_human,E203I,203,E,I,0.023743855,0.053173736
GLA_human,E203K,203,E,K,0.82617664,0.06540178
GLA_human,E203L,203,E,L,0.22147687,0.13814986
GLA_human,E203M,203,E,M,0.12272985,0.061648857
GLA_human,E203N,203,E,N,0.46249866,0.078347184
GLA_human,E203P,203,E,P,0.7915559,0.061030623
GLA_human,E203Q,203,E,Q,0.0121142585,0.02723288
GLA_human,E203R,203,E,R,0.90015936,0.055760216
GLA_human,E203S,203,E,S,0.3619762,0.13300347
GLA_human,E203T,203,E,T,0.10439203,0.03752397
GLA_human,E203V,203,E,V,-0.10950116,0.039468292
GLA_human,E203W,203,E,W,0.555927,0.066715784
GLA_human,E203Y,203,E,Y,0.20588024,0.088007115
GLA_human,W204A,204,W,A,3.2993722,0.23522384
GLA_human,W204C,204,W,C,2.299503,0.21915601
GLA_human,W204D,204,W,D,3.4809978,0.17303844
GLA_human,W204E,204,W,E,3.3296204,0.08151644
GLA_human,W204F,204,W,F,1.6753922,0.096861824
GLA_human,W204G,204,W,G,3.5638633,0.22520167
GLA_human,W204H,204,W,H,2.5355065,0.091054894
GLA_human,W204I,204,W,I,2.7314913,0.30661824
GLA_human,W204K,204,W,K,3.8160489,0.2403143
GLA_human,W204L,204,W,L,2.7489803,0.22202721
GLA_human,W204M,204,W,M,2.4958148,0.17471433
GLA_human,W204N,204,W,N,3.4225304,0.20065072
GLA_human,W204P,204,W,P,3.3556495,0.24580126
GLA_human,W204Q,204,W,Q,3.0567384,0.12443167
GLA_human,W204R,204,W,R,2.4921365,0.22726494
GLA_human,W204S,204,W,S,3.1672711,0.15738656
GLA_human,W204T,204,W,T,3.1960888,0.2736462
GLA_human,W204V,204,W,V,3.1240852,0.19159769
GLA_human,W204Y,204,W,Y,1.7647431,0.12377988
GLA_human,P205Y,205,P,Y,1.8024216,0.058255173
GLA_human,M208A,208,M,A,1.3074514,0.15563475
GLA_human,M208C,208,M,C,0.427898,0.11326923
GLA_human,M208D,208,M,D,0.9448334,0.10915557
GLA_human,M208E,208,M,E,0.58628374,0.055335883
GLA_human,M208F,208,M,F,0.31829304,0.04205337
GLA_human,M208G,208,M,G,2.2937088,0.1900134
GLA_human,M208H,208,M,H,1.1339245,0.10190584
GLA_human,M208I,208,M,I,0.7978999,0.06792977
GLA_human,M208K,208,M,K,1.4707541,0.13465519
GLA_human,M208L,208,M,L,0.40816823,0.042666446
GLA_human,M208N,208,M,N,1.3512974,0.030388357
GLA_human,M208P,208,M,P,1.8749678,0.085138045
GLA_human,M208Q,208,M,Q,0.61536443,0.03900907
GLA_human,M208R,208,M,R,1.2187853,0.11028717
GLA_human,M208S,208,M,S,1.232527,0.15192483
GLA_human,M208T,208,M,T,0.55882233,0.08832334
GLA_human,M208V,208,M,V,0.5398949,0.059414197
GLA_human,M208W,208,M,W,0.6180595,0.11188896
GLA_human,M208Y,208,M,Y,0.5388996,0.060996197
GLA_human,W209A,209,W,A,2.3499637,0.12712134
GLA_human,W209C,209,W,C,2.635704,0.11060952
GLA_human,W209D,209,W,D,2.93257,0.061283667
GLA_human,W209E,209,W,E,2.3994308,0.06402636
GLA_human,W209F,209,W,F,2.069958,0.13485949
GLA_human,W209G,209,W,G,2.410039,0.17033185
GLA_human,W209H,209,W,H,2.8203056,0.17323086
GLA_human,W209I,209,W,I,2.538827,0.11773433
GLA_human,W209K,209,W,K,3.0232098,0.15643528
GLA_human,W209L,209,W,L,2.201469,0.11450578
GLA_human,W209M,209,W,M,2.2284107,0.12241023
GLA_human,W209N,209,W,N,2.9165192,0.1164954
GLA_human,W209P,209,W,P,3.5461884,0.04269592
GLA_human,W209Q,209,W,Q,2.585391,0.119941
GLA_human,W209R,209,W,R,2.4687963,0.21301086
GLA_human,W209S,209,W,S,2.2124462,0.17349645
GLA_human,W209T,209,W,T,2.6911013,0.13283998
GLA_human,W209V,209,W,V,2.9519892,0.12570183
GLA_human,W209Y,209,W,Y,2.0924284,0.1685697
GLA_human,P210A,210,P,A,1.0687312,0.06399752
GLA_human,P210C,210,P,C,1.0354915,0.1139106
GLA_human,P210D,210,P,D,1.2183424,0.10297123
GLA_human,P210E,210,P,E,0.784283,0.09826299
GLA_human,P210F,210,P,F,0.74014777,0.09680017
GLA_human,P210G,210,P,G,1.0157402,0.11600919
GLA_human,P210H,210,P,H,0.7429677,0.06733621
GLA_human,P210I,210,P,I,0.855779,0.12912764
GLA_human,P210K,210,P,K,0.5862677,0.091150716
GLA_human,P210L,210,P,L,0.8647477,0.12354816
GLA_human,P210M,210,P,M,0.65501463,0.099128954
GLA_human,P210N,210,P,N,0.85748327,0.10569221
GLA_human,P210Q,210,P,Q,0.5448164,0.088546455
GLA_human,P210R,210,P,R,0.49928865,0.08883115
GLA_human,P210S,210,P,S,1.1719809,0.06422192
GLA_human,P210T,210,P,T,1.1936991,0.11389734
GLA_human,P210V,210,P,V,1.152314,0.08710078
GLA_human,P210W,210,P,W,0.58556044,0.072261095
GLA_human,P210Y,210,P,Y,0.73481053,0.09857549
GLA_human,Q212A,212,Q,A,0.40003076,0.06825963
GLA_human,Q212C,212,Q,C,-0.08338306,0.073604256
GLA_human,Q212D,212,Q,D,1.224333,0.09553926
GLA_human,Q212E,212,Q,E,0.3035551,0.012459984
GLA_human,Q212F,212,Q,F,0.6526612,0.2131461
GLA_human,Q212G,212,Q,G,0.94598883,0.2042503
GLA_human,Q212H,212,Q,H,0.7774911,0.1110159
GLA_human,Q212I,212,Q,I,0.28844628,0.011956625
GLA_human,Q212K,212,Q,K,-0.02975567,0.040450238
GLA_human,Q212L,212,Q,L,0.31364977,0.04482926
GLA_human,Q212M,212,Q,M,-0.07871518,0.044109423
GLA_human,Q212N,212,Q,N,0.850294,0.06265916
GLA_human,Q212P,212,Q,P,1.859532,0.13002972
GLA_human,Q212R,212,Q,R,0.0449391,0.053215697
GLA_human,Q212S,212,Q,S,0.54526246,0.047608256
GLA_human,Q212T,212,Q,T,0.50408745,0.059552424
GLA_human,Q212V,212,Q,V,0.40447664,0.04684517
GLA_human,Q212W,212,Q,W,0.6707388,0.15358211
GLA_human,Q212Y,212,Q,Y,0.8424422,0.2609733
GLA_human,K213A,213,K,A,0.076020956,0.071895815
GLA_human,K213C,213,K,C,-0.0023242652,0.054115977
GLA_human,K213D,213,K,D,0.28067327,0.086885765
GLA_human,K213E,213,K,E,-0.18897387,0.12082909
GLA_human,K213F,213,K,F,-0.34720075,0.054988608
GLA_human,K213G,213,K,G,0.38753644,0.116088696
GLA_human,K213H,213,K,H,0.16974895,0.05565688
GLA_human,K213I,213,K,I,-0.24316946,0.03998846
GLA_human,K213L,213,K,L,-0.2855505,0.063056506
GLA_human,K213M,213,K,M,-0.16081691,0.02939064
GLA_human,K213N,213,K,N,0.4594562,0.022244152
GLA_human,K213P,213,K,P,-0.120615706,0.049115263
GLA_human,K213Q,213,K,Q,0.016162736,0.037502367
GLA_human,K213R,213,K,R,-0.1552806,0.040589314
GLA_human,K213S,213,K,S,0.18572612,0.036438834
GLA_human,K213T,213,K,T,-0.10534434,0.056188956
GLA_human,K213V,213,K,V,-0.21789828,0.04357432
GLA_human,K213W,213,K,W,-0.57442504,0.065078944
GLA_human,K213Y,213,K,Y,-0.21949115,0.07019175
GLA_human,P214A,214,P,A,1.7525604,0.16163176
GLA_human,P214C,214,P,C,1.606473,0.21604232
GLA_human,P214D,214,P,D,2.3829517,0.09982065
GLA_human,P214E,214,P,E,2.4523592,0.13835317
GLA_human,P214F,214,P,F,2.4406447,0.13720652
GLA_human,P214G,214,P,G,2.2611272,0.1826949
GLA_human,P214H,214,P,H,2.4772472,0.10070835
GLA_human,P214I,214,P,I,1.4145945,0.127378
GLA_human,P214K,214,P,K,2.4939125,0.06050729
GLA_human,P214L,214,P,L,1.896422,0.117888264
GLA_human,P214M,214,P,M,1.9601103,0.11361083
GLA_human,P214N,214,P,N,1.7444159,0.09880641
GLA_human,P214Q,214,P,Q,2.2307186,0.09383725
GLA_human,P214R,214,P,R,2.4191716,0.15492758
GLA_human,P214S,214,P,S,2.069384,0.07660743
GLA_human,P214T,214,P,T,1.463039,0.13288315
GLA_human,P214V,214,P,V,0.5288898,0.10898634
GLA_human,P214W,214,P,W,2.1041477,0.12466141
GLA_human,P214Y,214,P,Y,2.4803581,0.16197196
GLA_human,N215A,215,N,A,1.5445633,0.16224217
GLA_human,N215C,215,N,C,0.3864165,0.15819703
GLA_human,N215D,215,N,D,0.23708944,0.07133617
GLA_human,N215E,215,N,E,1.1802073,0.10988109
GLA_human,N215F,215,N,F,1.5240653,0.14590514
GLA_human,N215G,215,N,G,1.4295065,0.24239576
GLA_human,N215H,215,N,H,1.0740254,0.10614912
GLA_human,N215I,215,N,I,1.0660362,0.1097095
GLA_human,N215K,215,N,K,1.0964605,0.06630616
GLA_human,N215M,215,N,M,1.072786,0.09491127
GLA_human,N215P,215,N,P,1.154726,0.06538696
GLA_human,N215Q,215,N,Q,1.2142133,0.1326808
GLA_human,N215R,215,N,R,0.8824216,0.05240535
GLA_human,N215S,215,N,S,0.48339072,0.091143854
GLA_human,N215T,215,N,T,1.3986813,0.16523558
GLA_human,N215V,215,N,V,1.1915576,0.069176644
GLA_human,N215W,215,N,W,1.3297137,0.11925743
GLA_human,N215Y,215,N,Y,1.5062854,0.123667076
GLA_human,Y216Q,216,Y,Q,2.5514665,0.1345824
GLA_human,Y216R,216,Y,R,2.452755,0.15591763
GLA_human,Y216S,216,Y,S,3.1802678,0.24736845
GLA_human,Y216T,216,Y,T,3.3672042,0.1122403
GLA_human,Y216V,216,Y,V,2.86235,0.04947951
GLA_human,Y216W,216,Y,W,0.38781816,0.07843264
GLA_human,T217A,217,T,A,0.21621287,0.14447829
GLA_human,T217C,217,T,C,0.26302367,0.09612959
GLA_human,T217D,217,T,D,0.06510446,0.043851208
GLA_human,T217E,217,T,E,0.003172674,0.041264605
GLA_human,T217F,217,T,F,-0.13368931,0.077383585
GLA_human,T217G,217,T,G,0.44991297,0.15880895
GLA_human,T217H,217,T,H,-0.17879348,0.039548516
GLA_human,T217I,217,T,I,-0.14203665,0.049787913
GLA_human,T217K,217,T,K,-0.100897595,0.036224775
GLA_human,T217L,217,T,L,-0.09016323,0.051879637
GLA_human,T217M,217,T,M,0.021006519,0.05799094
GLA_human,T217N,217,T,N,-0.10306754,0.04269283
GLA_human,T217P,217,T,P,0.09039067,0.04486015
GLA_human,T217Q,217,T,Q,-0.05895236,0.040590137
GLA_human,T217R,217,T,R,-0.16289715,0.07897145
GLA_human,T217S,217,T,S,-0.0019654632,0.087316886
GLA_human,T217V,217,T,V,-0.19181788,0.04491279
GLA_human,T217W,217,T,W,-0.62757975,0.078150794
GLA_human,T217Y,217,T,Y,-0.3420439,0.07912632
GLA_human,E218A,218,E,A,0.5386549,0.17158596
GLA_human,E218C,218,E,C,0.14987841,0.077019215
GLA_human,E218D,218,E,D,0.3699764,0.048759773
GLA_human,E218F,218,E,F,0.6925295,0.15256776
GLA_human,E218G,218,E,G,1.0533297,0.13215312
GLA_human,E218H,218,E,H,1.0292684,0.14380655
GLA_human,E218I,218,E,I,0.3680072,0.12524153
GLA_human,E218K,218,E,K,1.0372152,0.076669276
GLA_human,E218L,218,E,L,0.17435117,0.089265406
GLA_human,E218M,218,E,M,0.27942985,0.09510657
GLA_human,E218N,218,E,N,1.1299744,0.14661896
GLA_human,E218P,218,E,P,1.4610592,0.112441674
GLA_human,E218Q,218,E,Q,0.5317851,0.024384296
GLA_human,E218R,218,E,R,0.8919241,0.06970844
GLA_human,E218S,218,E,S,0.48463374,0.12667671
GLA_human,E218T,218,E,T,0.4072102,0.056884892
GLA_human,E218V,218,E,V,0.3419233,0.050223384
GLA_human,E218W,218,E,W,0.59969574,0.10620024
GLA_human,E218Y,218,E,Y,0.64807904,0.14240316
GLA_human,I219A,219,I,A,2.7266285,0.17508861
GLA_human,I219C,219,I,C,1.8625195,0.14089014
GLA_human,I219D,219,I,D,2.9905856,0.14586335
GLA_human,I219F,219,I,F,1.2400525,0.071860544
GLA_human,I219G,219,I,G,2.8250299,0.29253533
GLA_human,I219H,219,I,H,2.6676557,0.103140965
GLA_human,I219K,219,I,K,2.7357528,0.07625915
GLA_human,I219L,219,I,L,0.9000247,0.059204593
GLA_human,I219M,219,I,M,1.4454868,0.037460636
GLA_human,I219N,219,I,N,2.7297568,0.13026275
GLA_human,I219P,219,I,P,2.5812385,0.11834343
GLA_human,I219Q,219,I,Q,2.5261455,0.06581915
GLA_human,I219R,219,I,R,2.9795864,0.16622919
GLA_human,I219S,219,I,S,2.9641528,0.1153153
GLA_human,I219T,219,I,T,2.0417552,0.13073716
GLA_human,I219V,219,I,V,0.33112964,0.08666145
GLA_human,R220A,220,R,A,1.2419636,0.08776261
GLA_human,R220C,220,R,C,1.3017399,0.105617136
GLA_human,R220D,220,R,D,2.316682,0.0969641
GLA_human,R220E,220,R,E,2.2357914,0.1658554
GLA_human,R220F,220,R,F,0.53200114,0.031477883
GLA_human,R220G,220,R,G,1.7942196,0.1927134
GLA_human,R220H,220,R,H,1.0040329,0.049041692
GLA_human,R220I,220,R,I,1.3967258,0.043790698
GLA_human,R220K,220,R,K,0.5111936,0.05032363
GLA_human,R220L,220,R,L,1.0705982,0.039336957
GLA_human,R220M,220,R,M,1.1461827,0.09469451
GLA_human,R220N,220,R,N,1.9654967,0.04433447
GLA_human,R220P,220,R,P,1.834203,0.14688969
GLA_human,R220Q,220,R,Q,1.4442954,0.15849045
GLA_human,R220S,220,R,S,1.5369699,0.08428973
GLA_human,R220T,220,R,T,1.9952387,0.07728483
GLA_human,R220V,220,R,V,1.8799969,0.13887781
GLA_human,R220W,220,R,W,0.8435539,0.060779646
GLA_human,R220Y,220,R,Y,0.73910916,0.06330166
GLA_human,Q221A,221,Q,A,0.19569096,0.08403155
GLA_human,Q221C,221,Q,C,0.14260596,0.07827341
GLA_human,Q221D,221,Q,D,0.5003962,0.06638711
GLA_human,Q221E,221,Q,E,-0.0062317043,0.02676307
GLA_human,Q221F,221,Q,F,0.030141901,0.032500856
GLA_human,Q221G,221,Q,G,0.70351803,0.12111337
GLA_human,Q221H,221,Q,H,0.14643541,0.040030383
GLA_human,Q221I,221,Q,I,0.21646535,0.039384272
GLA_human,Q221K,221,Q,K,-0.18635473,0.0620315
GLA_human,Q221L,221,Q,L,-0.0017117143,0.034042034
GLA_human,Q221M,221,Q,M,-0.07775244,0.023585288
GLA_human,Q221N,221,Q,N,0.39655572,0.03400551
GLA_human,Q221P,221,Q,P,1.3537741,0.10019768
GLA_human,Q221R,221,Q,R,-0.15633605,0.059433483
GLA_human,Q221S,221,Q,S,0.42692357,0.026518503
GLA_human,Q221T,221,Q,T,0.2945636,0.03603382
GLA_human,Q221V,221,Q,V,0.35959372,0.03581734
GLA_human,Q221W,221,Q,W,0.15286435,0.087507755
GLA_human,Q221Y,221,Q,Y,0.03130035,0.056895085
GLA_human,Y222A,222,Y,A,1.7047678,0.116553456
GLA_human,Y222C,222,Y,C,1.3714173,0.16825455
GLA_human,Y222D,222,Y,D,2.6072114,0.14101988
GLA_human,Y222E,222,Y,E,2.4824398,0.13207616
GLA_human,Y222F,222,Y,F,-0.05914556,0.025121609
GLA_human,Y222G,222,Y,G,2.2188964,0.22616605
GLA_human,Y222H,222,Y,H,1.4374797,0.066727266
GLA_human,Y222I,222,Y,I,2.3216257,0.12489237
GLA_human,Y222K,222,Y,K,2.6436563,0.24984056
GLA_human,Y222L,222,Y,L,2.2166924,0.1593354
GLA_human,Y222M,222,Y,M,1.8714364,0.12284751
GLA_human,Y222N,222,Y,N,2.2310948,0.13317655
GLA_human,Y222P,222,Y,P,3.2310822,0.14892067
GLA_human,Y222Q,222,Y,Q,2.5404196,0.16625299
GLA_human,Y222R,222,Y,R,2.215088,0.18806668
GLA_human,Y222S,222,Y,S,1.9740642,0.10691364
GLA_human,Y222T,222,Y,T,2.6821437,0.18207559
GLA_human,Y222V,222,Y,V,2.390716,0.055995896
GLA_human,Y222W,222,Y,W,0.5243478,0.03469492
GLA_human,C223A,223,C,A,1.5401832,0.13906638
GLA_human,C223D,223,C,D,2.43567,0.16277052
GLA_human,C223E,223,C,E,3.0283127,0.1847809
GLA_human,C223F,223,C,F,2.6530795,0.19175106
GLA_human,C223G,223,C,G,2.4121995,0.20527253
GLA_human,C223H,223,C,H,2.8324218,0.18843542
GLA_human,C223I,223,C,I,2.1057954,0.19193782
GLA_human,C223K,223,C,K,3.3469417,0.24352667
GLA_human,C223L,223,C,L,2.3680835,0.17673841
GLA_human,C223M,223,C,M,2.4759974,0.23237063
GLA_human,C223N,223,C,N,2.756369,0.15370497
GLA_human,C223P,223,C,P,3.1516688,0.14882335
GLA_human,C223Q,223,C,Q,2.9349496,0.22883542
GLA_human,C223R,223,C,R,3.3764756,0.1610102
GLA_human,C223S,223,C,S,1.7849295,0.119169876
GLA_human,C223T,223,C,T,2.5559812,0.15558738
GLA_human,C223V,223,C,V,2.3081641,0.16252258
GLA_human,C223W,223,C,W,3.0697932,0.1485309
GLA_human,C223Y,223,C,Y,3.0209448,0.21806325
GLA_human,N224A,224,N,A,1.3400124,0.20157488
GLA_human,N224C,224,N,C,0.7520343,0.0998117
GLA_human,N224D,224,N,D,0.6772071,0.026586538
GLA_human,N224E,224,N,E,1.0514143,0.10066189
GLA_human,H225A,225,H,A,0.82412565,0.13257384
GLA_human,H225C,225,H,C,0.40010065,0.060498353
GLA_human,H225D,225,H,D,0.7767876,0.08509954
GLA_human,H225E,225,H,E,0.1361046,0.09499592
GLA_human,H225F,225,H,F,0.019191697,0.04521949
GLA_human,H225G,225,H,G,1.4030554,0.25749165
GLA_human,H225I,225,H,I,-0.22892447,0.05474777
GLA_human,H225K,225,H,K,0.97855794,0.071085185
GLA_human,H225L,225,H,L,-0.05120816,0.075407505
GLA_human,H225M,225,H,M,-0.181945,0.06578651
GLA_human,H225N,225,H,N,0.53400004,0.054088887
GLA_human,H225P,225,H,P,1.3569835,0.11514466
GLA_human,H225Q,225,H,Q,0.104953684,0.03673765
GLA_human,H225R,225,H,R,0.81485033,0.11570393
GLA_human,H225S,225,H,S,0.5330905,0.05550794
GLA_human,H225T,225,H,T,0.75564224,0.10395726
GLA_human,H225V,225,H,V,0.3343801,0.06591692
GLA_human,H225W,225,H,W,0.07409318,0.1223398
GLA_human,H225Y,225,H,Y,0.022151366,0.065984756
GLA_human,W226A,226,W,A,3.4802208,0.26172042
GLA_human,W226C,226,W,C,2.4690075,0.25090382
GLA_human,W226D,226,W,D,4.082101,0.12154211
GLA_human,W226E,226,W,E,4.068034,0.15021968
GLA_human,W226G,226,W,G,4.0897756,0.29823864
GLA_human,W226H,226,W,H,2.6493094,0.048397508
GLA_human,W226I,226,W,I,2.8295546,0.13713732
GLA_human,W226K,226,W,K,3.6791434,0.18676539
GLA_human,W226L,226,W,L,2.9649577,0.14340992
GLA_human,W226M,226,W,M,2.5436697,0.14668347
GLA_human,W226N,226,W,N,3.7484403,0.14895038
GLA_human,W226P,226,W,P,4.1534605,0.13237369
GLA_human,W226Q,226,W,Q,3.643781,0.15888694
GLA_human,W226R,226,W,R,2.6344495,0.14889775
GLA_human,W226S,226,W,S,3.4502563,0.22779454
GLA_human,W226T,226,W,T,3.4770103,0.16251083
GLA_human,W226V,226,W,V,3.4419618,0.05565339
GLA_human,R227A,227,R,A,1.471047,0.16603889
GLA_human,R227C,227,R,C,0.9038223,0.057455365
GLA_human,R227D,227,R,D,2.3411374,0.12563933
GLA_human,R227E,227,R,E,2.0051668,0.10493256
GLA_human,R227F,227,R,F,1.0381253,0.069264784
GLA_human,R227G,227,R,G,1.8723013,0.21872456
GLA_human,R227H,227,R,H,0.7382985,0.040639315
GLA_human,R227I,227,R,I,0.85557526,0.1709666
GLA_human,R227K,227,R,K,0.71987736,0.097563766
GLA_human,R227L,227,R,L,0.66842234,0.121267356
GLA_human,R227M,227,R,M,0.76294243,0.09809456
GLA_human,R227N,227,R,N,1.9407752,0.11479289
GLA_human,R227P,227,R,P,2.3643813,0.07682344
GLA_human,R227Q,227,R,Q,1.0280755,0.042239696
GLA_human,R227S,227,R,S,1.5311098,0.14441459
GLA_human,R227T,227,R,T,1.4799846,0.20032625
GLA_human,R227V,227,R,V,1.082885,0.14790164
GLA_human,R227W,227,R,W,1.2346239,0.09642302
GLA_human,R227Y,227,R,Y,1.26167,0.050965924
GLA_human,N228A,228,N,A,1.3884284,0.102349184
GLA_human,N228C,228,N,C,0.69597936,0.093072794
GLA_human,N228D,228,N,D,0.90737474,0.036734562
GLA_human,N228E,228,N,E,1.2119937,0.04572786
GLA_human,N228F,228,N,F,0.7796758,0.11392085
GLA_human,N228G,228,N,G,1.1492252,0.1783275
GLA_human,N228H,228,N,H,0.929873,0.04620019
GLA_human,N228I,228,N,I,0.30352497,0.088276386
GLA_human,N228K,228,N,K,1.7173986,0.10062978
GLA_human,N228L,228,N,L,0.8651842,0.034517195
GLA_human,N228T,228,N,T,1.0002446,0.109271444
GLA_human,N228V,228,N,V,0.78741574,0.121111356
GLA_human,N228W,228,N,W,0.9463518,0.10237293
GLA_human,N228Y,228,N,Y,0.4060823,0.13689794
GLA_human,A230C,230,A,C,-0.022324437,0.03722344
GLA_human,A230D,230,A,D,-0.07162924,0.040354848
GLA_human,A230E,230,A,E,-0.24627094,0.04569692
GLA_human,A230F,230,A,F,-0.24958894,0.03692889
GLA_human,A230G,230,A,G,0.4426093,0.13690275
GLA_human,A230H,230,A,H,-0.1910496,0.05678987
GLA_human,A230I,230,A,I,-0.11020745,0.07242867
GLA_human,A230K,230,A,K,-0.33661333,0.064610615
GLA_human,A230L,230,A,L,-0.354364,0.047149472
GLA_human,A230M,230,A,M,-0.2962949,0.055598732
GLA_human,A230N,230,A,N,-0.050620265,0.024344396
GLA_human,A230P,230,A,P,0.39005086,0.03709928
GLA_human,A230Q,230,A,Q,-0.28191498,0.05779811
GLA_human,A230R,230,A,R,-0.23704699,0.0660689
GLA_human,A230S,230,A,S,-0.015087912,0.047172584
GLA_human,A230T,230,A,T,0.2101378,0.06180923
GLA_human,A230V,230,A,V,0.04981062,0.06159383
GLA_human,A230W,230,A,W,-0.22539267,0.067098655
GLA_human,A230Y,230,A,Y,-0.27312598,0.06942153
GLA_human,D231A,231,D,A,0.05334379,0.07093797
GLA_human,D231C,231,D,C,-0.04088645,0.08448171
GLA_human,D231E,231,D,E,0.42875656,0.041729774
GLA_human,D231F,231,D,F,0.047977842,0.093881786
GLA_human,D231G,231,D,G,0.1818336,0.1096636
GLA_human,D231H,231,D,H,0.22970185,0.075555645
GLA_human,D231I,231,D,I,0.1598594,0.10286287
GLA_human,D231K,231,D,K,0.40318766,0.03615613
GLA_human,D231L,231,D,L,0.30397704,0.111983836
GLA_human,D231M,231,D,M,0.10388459,0.07688717
GLA_human,D231N,231,D,N,0.124877885,0.04389796
GLA_human,D231P,231,D,P,0.47861806,0.12913655
GLA_human,D231Q,231,D,Q,0.23286264,0.043271948
GLA_human,D231R,231,D,R,0.15913951,0.043950643
GLA_human,D231S,231,D,S,-0.096627034,0.039038546
GLA_human,D231T,231,D,T,0.15674809,0.05641011
GLA_human,D231W,231,D,W,0.019641113,0.055583987
GLA_human,D231Y,231,D,Y,0.055154014,0.093332656
GLA_human,D233A,233,D,A,0.1405391,0.12888475
GLA_human,D233C,233,D,C,-0.14863218,0.09979286
GLA_human,D233E,233,D,E,-0.2962367,0.03404251
GLA_human,D233F,233,D,F,-0.5765089,0.08615371
GLA_human,D233G,233,D,G,0.44702092,0.19119085
GLA_human,D233H,233,D,H,-0.34247184,0.0331229
GLA_human,D233I,233,D,I,-0.20960578,0.09839729
GLA_human,D233K,233,D,K,-0.27275938,0.05627276
GLA_human,D233L,233,D,L,-0.4437252,0.083483174
GLA_human,D233M,233,D,M,-0.45657372,0.06465339
GLA_human,D233N,233,D,N,-0.0015111476,0.06336206
GLA_human,S235A,235,S,A,0.34719855,0.063412316
GLA_human,K237A,237,K,A,-0.042066555,0.07895293
GLA_human,K237C,237,K,C,-0.019986523,0.042385545
GLA_human,K237D,237,K,D,0.088667564,0.045158155
GLA_human,K237E,237,K,E,-0.093321785,0.049504362
GLA_human,K237F,237,K,F,0.007763685,0.050163757
GLA_human,K237G,237,K,G,0.0865462,0.119000964
GLA_human,K237H,237,K,H,0.06786613,0.0269511
GLA_human,K237I,237,K,I,0.31825358,0.03597876
GLA_human,K237L,237,K,L,0.07913418,0.021635987
GLA_human,K237M,237,K,M,0.14083603,0.04023567
GLA_human,K237N,237,K,N,0.13618371,0.03225092
GLA_human,K237P,237,K,P,0.5153662,0.090970226
GLA_human,K237Q,237,K,Q,0.10949893,0.07471803
GLA_human,K237R,237,K,R,-0.16688558,0.03638914
GLA_human,K237S,237,K,S,-0.0015563719,0.049466062
GLA_human,K237T,237,K,T,0.007939705,0.07295882
GLA_human,K237V,237,K,V,0.2504758,0.066728264
GLA_human,K237W,237,K,W,-0.15113199,0.073242836
GLA_human,K237Y,237,K,Y,0.0010270923,0.033848837
GLA_human,K240A,240,K,A,-0.05421691,0.106046356
GLA_human,K240C,240,K,C,-0.23632988,0.068257496
GLA_human,K240D,240,K,D,1.3342088,0.123240285
GLA_human,K240E,240,K,E,0.3093187,0.0603236
GLA_human,K240F,240,K,F,0.48502165,0.06376838
GLA_human,K240G,240,K,G,1.0488763,0.24079025
GLA_human,K240H,240,K,H,0.9838231,0.024736805
GLA_human,K240I,240,K,I,0.030110482,0.17358896
GLA_human,K240L,240,K,L,-0.2199795,0.059459344
GLA_human,K240M,240,K,M,0.11881477,0.095171236
GLA_human,K240N,240,K,N,0.96626216,0.042626977
GLA_human,K240P,240,K,P,2.2708764,0.11793365
GLA_human,K240Q,240,K,Q,0.17653982,0.030682646
GLA_human,K240R,240,K,R,0.117743395,0.025092885
GLA_human,K240S,240,K,S,0.24602862,0.07566435
GLA_human,K240T,240,K,T,0.27126545,0.045003295
GLA_human,K240V,240,K,V,-0.0060041635,0.08323687
GLA_human,K240W,240,K,W,0.290768,0.11545193
GLA_human,K240Y,240,K,Y,0.56186694,0.075317346
GLA_human,L243P,243,L,P,2.7314165,0.20271558
GLA_human,L243Q,243,L,Q,2.1072392,0.08280757
GLA_human,L243R,243,L,R,1.9850886,0.16538723
GLA_human,L243S,243,L,S,2.113717,0.15995035
GLA_human,L243T,243,L,T,1.9303567,0.12675714
GLA_human,L243V,243,L,V,0.9980267,0.11147004
GLA_human,L243W,243,L,W,1.0314786,0.12892722
GLA_human,L243Y,243,L,Y,1.2664592,0.19906926
GLA_human,T246A,246,T,A,0.68579054,0.26271638
GLA_human,T246C,246,T,C,0.23767564,0.089461885
GLA_human,T246D,246,T,D,0.8306472,0.035574667
GLA_human,T246E,246,T,E,0.9301154,0.08062332
GLA_human,T246F,246,T,F,-0.3290339,0.12845276
GLA_human,T246G,246,T,G,1.5491035,0.31299734
GLA_human,T246H,246,T,H,0.7164876,0.12385571
GLA_human,T246I,246,T,I,0.3355893,0.12820035
GLA_human,T246K,246,T,K,2.1219432,0.11295371
GLA_human,T246L,246,T,L,0.78013605,0.079052016
GLA_human,T246M,246,T,M,-0.051300514,0.08871777
GLA_human,T246N,246,T,N,0.6519736,0.076073095
GLA_human,T246P,246,T,P,2.7195578,0.13777569
GLA_human,T246Q,246,T,Q,1.0957779,0.10731361
GLA_human,T246R,246,T,R,2.18022,0.26445544
GLA_human,T246S,246,T,S,0.41681352,0.18884355
GLA_human,T246V,246,T,V,0.03423034,0.067044534
GLA_human,T246W,246,T,W,0.79423463,0.12565458
GLA_human,T246Y,246,T,Y,0.17827234,0.1618175
GLA_human,F248H,248,F,H,0.38679713,0.08617782
GLA_human,F248I,248,F,I,0.6459476,0.12524773
GLA_human,F248K,248,F,K,0.36289984,0.07746305
GLA_human,F248L,248,F,L,0.025446936,0.032558218
GLA_human,F248M,248,F,M,0.460292,0.044839278
GLA_human,F248N,248,F,N,0.91828746,0.08288919
GLA_human,F248P,248,F,P,2.462614,0.17350884
GLA_human,F248Q,248,F,Q,0.6598943,0.111181326
GLA_human,F248R,248,F,R,0.31619298,0.1091001
GLA_human,F248S,248,F,S,0.43904915,0.07975885
GLA_human,F248T,248,F,T,0.8394742,0.060224425
GLA_human,F248V,248,F,V,0.50846434,0.05738076
GLA_human,F248W,248,F,W,0.21341427,0.025252372
GLA_human,F248Y,248,F,Y,-0.0135703385,0.019141795
GLA_human,Q250A,250,Q,A,1.7609917,0.1368417
GLA_human,Q250C,250,Q,C,1.6860447,0.25743952
GLA_human,Q250D,250,Q,D,2.658109,0.17333609
GLA_human,Q250E,250,Q,E,0.965706,0.10980822
GLA_human,Q250F,250,Q,F,1.4228694,0.155955
GLA_human,Q250G,250,Q,G,2.03845,0.19295849
GLA_human,Q250H,250,Q,H,1.66762,0.09004459
GLA_human,Q250I,250,Q,I,2.0862522,0.15477681
GLA_human,Q250K,250,Q,K,2.0212705,0.16149975
GLA_human,Q250L,250,Q,L,2.0272303,0.18378589
GLA_human,Q250M,250,Q,M,1.1387945,0.13670768
GLA_human,Q250N,250,Q,N,2.0224257,0.1296538
GLA_human,Q250P,250,Q,P,2.8214607,0.21627751
GLA_human,Q250R,250,Q,R,1.641897,0.17567779
GLA_human,Q250S,250,Q,S,1.8252776,0.09357311
GLA_human,Q250T,250,Q,T,2.5553703,0.19728775
GLA_human,Q250V,250,Q,V,2.625333,0.24975447
GLA_human,Q250W,250,Q,W,1.2234234,0.27817598
GLA_human,Q250Y,250,Q,Y,1.535601,0.17152362
GLA_human,E251A,251,E,A,-0.052728374,0.031017939
GLA_human,E251C,251,E,C,-0.11002644,0.063418664
GLA_human,E251D,251,E,D,-0.16981858,0.029778436
GLA_human,E251F,251,E,F,-0.05653157,0.07135393
GLA_human,E251G,251,E,G,0.12371943,0.056193728
GLA_human,E251H,251,E,H,-0.008008299,0.029490283
GLA_human,E251I,251,E,I,-0.023383409,0.039049756
GLA_human,E251K,251,E,K,0.013497675,0.07159004
GLA_human,E251L,251,E,L,-0.052357815,0.046511717
GLA_human,E251M,251,E,M,-0.04373927,0.035341583
GLA_human,E251N,251,E,N,-0.026461173,0.013156645
GLA_human,E251P,251,E,P,0.02256507,0.043075398
GLA_human,E251Q,251,E,Q,0.020857897,0.032027584
GLA_human,E251R,251,E,R,0.043486826,0.06814449
GLA_human,E251S,251,E,S,-0.13729015,0.0269142
GLA_human,E251T,251,E,T,-0.00847771,0.05102527
GLA_human,E251V,251,E,V,0.15107271,0.06381214
GLA_human,E251W,251,E,W,-0.11390166,0.021202412
GLA_human,E251Y,251,E,Y,-0.03470658,0.08239869
GLA_human,R252A,252,R,A,0.011482562,0.0824483
GLA_human,R252C,252,R,C,-0.07578408,0.04407085
GLA_human,R252D,252,R,D,0.2640892,0.048546325
GLA_human,R252E,252,R,E,-0.11856679,0.04880643
GLA_human,R252F,252,R,F,-0.22063732,0.05638124
GLA_human,R252G,252,R,G,0.23930638,0.16241461
GLA_human,R252H,252,R,H,0.14210987,0.024777856
GLA_human,R252I,252,R,I,-0.16442955,0.041019727
GLA_human,R252K,252,R,K,0.49083218,0.04027317
GLA_human,R252L,252,R,L,-0.41482812,0.039955266
GLA_human,R252M,252,R,M,-0.33161378,0.033590026
GLA_human,R252N,252,R,N,0.46603847,0.014529029
GLA_human,R252P,252,R,P,0.9105501,0.07860752
GLA_human,R252Q,252,R,Q,0.09297036,0.023155378
GLA_human,R252S,252,R,S,0.08289588,0.05051233
GLA_human,R252T,252,R,T,-0.033439137,0.05840659
GLA_human,R252V,252,R,V,-0.076910466,0.08772215
GLA_human,R252W,252,R,W,-0.32567227,0.03682404
GLA_human,R252Y,252,R,Y,-0.3592527,0.055167202
GLA_human,V254A,254,V,A,1.4079624,0.14712575
GLA_human,V254C,254,V,C,0.8122463,0.09310757
GLA_human,V254D,254,V,D,2.1414075,0.08520904
GLA_human,V254E,254,V,E,1.5957979,0.044260006
GLA_human,V254F,254,V,F,1.1451974,0.16330142
GLA_human,V254G,254,V,G,2.015785,0.15225877
GLA_human,V254H,254,V,H,1.5934403,0.08315096
GLA_human,V254I,254,V,I,0.35721883,0.09823627
GLA_human,V254K,254,V,K,1.1227558,0.08154567
GLA_human,V254L,254,V,L,0.8567527,0.10157128
GLA_human,V254M,254,V,M,0.8597757,0.07063959
GLA_human,V254N,254,V,N,1.8732239,0.061714604
GLA_human,V254P,254,V,P,1.7216915,0.0679748
GLA_human,V254Q,254,V,Q,1.361045,0.080117725
GLA_human,V254R,254,V,R,1.0715379,0.10865236
GLA_human,V254S,254,V,S,1.7664515,0.081007764
GLA_human,V254T,254,V,T,1.0856636,0.012720031
GLA_human,V254W,254,V,W,1.3138015,0.22806129
GLA_human,V254Y,254,V,Y,1.1798477,0.20645873
GLA_human,V256A,256,V,A,0.8206458,0.1432371
GLA_human,V256C,256,V,C,0.70657367,0.04349356
GLA_human,V256D,256,V,D,1.8371853,0.13361934
GLA_human,V256E,256,V,E,1.1400568,0.1614166
GLA_human,V256F,256,V,F,0.21996482,0.118603714
GLA_human,V256G,256,V,G,1.5213845,0.17066209
GLA_human,V256H,256,V,H,0.46922016,0.101994626
GLA_human,V256I,256,V,I,-0.17653742,0.036770847
GLA_human,V256K,256,V,K,0.55107325,0.111325815
GLA_human,V256L,256,V,L,1.0580301,0.12952913
GLA_human,V256M,256,V,M,0.27503166,0.0881666
GLA_human,V256N,256,V,N,1.3370371,0.06385846
GLA_human,V256P,256,V,P,0.7616458,0.084745064
GLA_human,V256Q,256,V,Q,0.70590556,0.10135643
GLA_human,V256R,256,V,R,0.9612843,0.15290733
GLA_human,V256S,256,V,S,1.0325382,0.11029506
GLA_human,V256T,256,V,T,0.99415815,0.072776064
GLA_human,V256W,256,V,W,0.43700933,0.08397795
GLA_human,V256Y,256,V,Y,0.41193932,0.124738656
GLA_human,A257C,257,A,C,1.1788412,0.1116944
GLA_human,A257D,257,A,D,2.5833,0.19597456
GLA_human,A257E,257,A,E,2.2615013,0.17986077
GLA_human,A257F,257,A,F,2.376204,0.18438353
GLA_human,A257G,257,A,G,1.2451786,0.09885969
GLA_human,A257H,257,A,H,2.1807666,0.14205928
GLA_human,A257I,257,A,I,2.0607977,0.24977013
GLA_human,A257K,257,A,K,2.9117053,0.24254055
GLA_human,A257L,257,A,L,2.4656937,0.25152084
GLA_human,A257M,257,A,M,2.2807245,0.24076775
GLA_human,A257N,257,A,N,2.711077,0.25060555
GLA_human,A257P,257,A,P,2.1727443,0.2707785
GLA_human,A257Q,257,A,Q,2.0919526,0.2563094
GLA_human,A257R,257,A,R,2.9886832,0.15831712
GLA_human,A257S,257,A,S,0.6092532,0.07359377
GLA_human,A257T,257,A,T,1.8115057,0.26896578
GLA_human,A257V,257,A,V,1.4867334,0.26287195
GLA_human,A257W,257,A,W,2.5448976,0.10702272
GLA_human,A257Y,257,A,Y,2.1656811,0.21093222
GLA_human,G258A,258,G,A,1.5387218,0.14708172
GLA_human,G258C,258,G,C,1.3636897,0.1585451
GLA_human,G258D,258,G,D,2.3198674,0.15665749
GLA_human,G258E,258,G,E,2.2871292,0.25164002
GLA_human,G258F,258,G,F,0.5764972,0.13130234
GLA_human,G258H,258,G,H,1.002063,0.20410767
GLA_human,G258I,258,G,I,1.7741871,0.2284465
GLA_human,G258K,258,G,K,1.4699199,0.18589026
GLA_human,G258L,258,G,L,1.4993845,0.23075381
GLA_human,G258M,258,G,M,1.2858504,0.18812162
GLA_human,G258N,258,G,N,2.003589,0.20867541
GLA_human,G258P,258,G,P,2.8536518,0.117541835
GLA_human,G258Q,258,G,Q,1.8358818,0.23801719
GLA_human,G258R,258,G,R,1.093508,0.12728839
GLA_human,G258S,258,G,S,1.5108764,0.0828608
GLA_human,G258T,258,G,T,1.6255096,0.24230455
GLA_human,G258V,258,G,V,1.6681015,0.24030282
GLA_human,G258W,258,G,W,0.86877024,0.14525624
GLA_human,G258Y,258,G,Y,0.48410922,0.14959598
GLA_human,P259A,259,P,A,1.1330037,0.19181684
GLA_human,P259C,259,P,C,1.121104,0.10922485
GLA_human,P259D,259,P,D,1.6192939,0.065273926
GLA_human,P259E,259,P,E,1.3452743,0.093880735
GLA_human,P259F,259,P,F,0.973193,0.09060324
GLA_human,P259G,259,P,G,1.6631563,0.26042402
GLA_human,P259H,259,P,H,0.8996235,0.087956265
GLA_human,P259I,259,P,I,0.38983762,0.07884553
GLA_human,P259K,259,P,K,0.98824674,0.13355081
GLA_human,P259L,259,P,L,1.1368215,0.12176874
GLA_human,P259M,259,P,M,0.74736226,0.10317869
GLA_human,P259N,259,P,N,1.1706978,0.051259816
GLA_human,P259Q,259,P,Q,1.1003292,0.13269061
GLA_human,P259R,259,P,R,0.7789418,0.13047393
GLA_human,P259S,259,P,S,0.9032833,0.066575214
GLA_human,P259T,259,P,T,0.85142154,0.031593386
GLA_human,P259V,259,P,V,0.40720278,0.07439816
GLA_human,P259W,259,P,W,0.67360884,0.124426596
GLA_human,P259Y,259,P,Y,0.92883396,0.09418035
GLA_human,G260A,260,G,A,1.5617731,0.04001709
GLA_human,G260C,260,G,C,0.7115011,0.09840235
GLA_human,G260D,260,G,D,1.9128832,0.15609814
GLA_human,G260E,260,G,E,2.1978922,0.116390154
GLA_human,G260F,260,G,F,0.80326813,0.12552188
GLA_human,G260H,260,G,H,0.9645152,0.06598097
GLA_human,G260I,260,G,I,1.8723282,0.07213063
GLA_human,G260K,260,G,K,2.3943558,0.030901106
GLA_human,G260L,260,G,L,2.18409,0.06718799
GLA_human,G260M,260,G,M,1.9527836,0.07065534
GLA_human,G260N,260,G,N,1.8569654,0.1408315
GLA_human,G260P,260,G,P,3.2355328,0.11331856
GLA_human,G260Q,260,G,Q,2.1864073,0.05949267
GLA_human,G260R,260,G,R,1.877392,0.09815612
GLA_human,G260S,260,G,S,1.4002125,0.048737574
GLA_human,G260T,260,G,T,1.7586803,0.11349179
GLA_human,G260V,260,G,V,1.7661129,0.08800422
GLA_human,G260W,260,G,W,0.8569366,0.15090862
GLA_human,G260Y,260,G,Y,0.61033714,0.13380735
GLA_human,G261A,261,G,A,0.92252445,0.12004329
GLA_human,G261C,261,G,C,1.1889235,0.14363115
GLA_human,G261D,261,G,D,2.7117107,0.199061
GLA_human,G261E,261,G,E,2.7245755,0.17611843
GLA_human,G261F,261,G,F,1.261163,0.17109399
GLA_human,G261H,261,G,H,1.3003935,0.27887473
GLA_human,G261I,261,G,I,1.6409969,0.18676507
GLA_human,G261K,261,G,K,1.8636869,0.2511219
GLA_human,G261L,261,G,L,1.5736324,0.18766415
GLA_human,G261M,261,G,M,1.7320597,0.19688712
GLA_human,G261N,261,G,N,2.0395892,0.29472122
GLA_human,G261P,261,G,P,2.1947632,0.24284984
GLA_human,G261Q,261,G,Q,2.097094,0.25718728
GLA_human,G261R,261,G,R,1.4938446,0.18911712
GLA_human,G261S,261,G,S,1.4657724,0.12295444
GLA_human,G261T,261,G,T,1.8988149,0.24329361
GLA_human,G261V,261,G,V,1.2912571,0.25738272
GLA_human,G261W,261,G,W,1.3235071,0.12898614
GLA_human,G261Y,261,G,Y,1.2567961,0.17498301
GLA_human,N263L,263,N,L,1.5146828,0.15673786
GLA_human,N263M,263,N,M,1.2719698,0.11829127
GLA_human,N263P,263,N,P,1.9186018,0.13255608
GLA_human,N263Q,263,N,Q,1.1394118,0.08805153
GLA_human,N263R,263,N,R,1.7239764,0.12927027
GLA_human,N263S,263,N,S,1.8027642,0.092492975
GLA_human,N263T,263,N,T,1.5966437,0.1426576
GLA_human,N263V,263,N,V,1.7363704,0.10581365
GLA_human,N263W,263,N,W,1.7949126,0.124677375
GLA_human,N263Y,263,N,Y,1.5600264,0.18121934
GLA_human,D264V,264,D,V,0.6553409,0.13010378
GLA_human,D264W,264,D,W,0.08770905,0.1723576
GLA_human,D264Y,264,D,Y,0.17274816,0.13183765
GLA_human,P265A,265,P,A,1.1416125,0.18149659
GLA_human,P265C,265,P,C,0.9338174,0.062216092
GLA_human,P265D,265,P,D,1.6566054,0.085934974
GLA_human,P265E,265,P,E,1.2977784,0.12211561
GLA_human,P265F,265,P,F,0.09733219,0.07839341
GLA_human,P265G,265,P,G,1.9762274,0.20896353
GLA_human,P265H,265,P,H,0.73576194,0.115737215
GLA_human,P265I,265,P,I,0.880637,0.050084103
GLA_human,P265K,265,P,K,1.405765,0.12009493
GLA_human,P265L,265,P,L,0.4228539,0.09713432
GLA_human,P265M,265,P,M,0.3158011,0.109423704
GLA_human,P265N,265,P,N,1.3080499,0.08905305
GLA_human,P265Q,265,P,Q,0.7300485,0.12918417
GLA_human,P265R,265,P,R,1.3670543,0.13231342
GLA_human,P265S,265,P,S,1.2798083,0.0521798
GLA_human,P265T,265,P,T,0.94176656,0.049347572
GLA_human,P265V,265,P,V,1.0410749,0.07470278
GLA_human,P265W,265,P,W,0.48366633,0.08515945
GLA_human,P265Y,265,P,Y,0.35117188,0.058035553
GLA_human,D266A,266,D,A,0.5208496,0.12930012
GLA_human,D266C,266,D,C,0.42363563,0.08725996
GLA_human,D266E,266,D,E,1.178508,0.11429467
GLA_human,D266F,266,D,F,0.7102626,0.10461409
GLA_human,D266G,266,D,G,0.701083,0.19322592
GLA_human,D266H,266,D,H,0.47578493,0.08315412
GLA_human,D266I,266,D,I,1.1011659,0.12030042
GLA_human,D266K,266,D,K,1.2169869,0.12181497
GLA_human,D266L,266,D,L,1.1715734,0.12656817
GLA_human,D266M,266,D,M,0.9400443,0.10619625
GLA_human,D266N,266,D,N,0.59885216,0.06599176
GLA_human,D266P,266,D,P,1.6663707,0.07896058
GLA_human,D266Q,266,D,Q,1.0900686,0.07899155
GLA_human,D266R,266,D,R,1.0076867,0.14505263
GLA_human,D266S,266,D,S,0.47704315,0.08536746
GLA_human,D266T,266,D,T,1.1121259,0.11686949
GLA_human,D266V,266,D,V,1.1605184,0.16253342
GLA_human,D266W,266,D,W,0.8356265,0.09337287
GLA_human,D266Y,266,D,Y,0.7664735,0.11339585
GLA_human,M267A,267,M,A,1.0659711,0.13664444
GLA_human,M267C,267,M,C,0.2041939,0.107899606
GLA_human,M267D,267,M,D,1.3850056,0.122374155
GLA_human,M267E,267,M,E,1.1581577,0.10552667
GLA_human,M267F,267,M,F,0.17761627,0.041189402
GLA_human,M267G,267,M,G,1.4007632,0.22727531
GLA_human,M267H,267,M,H,0.855584,0.108973935
GLA_human,M267I,267,M,I,0.3280365,0.059853166
GLA_human,M267K,267,M,K,1.1062417,0.12576526
GLA_human,M267L,267,M,L,-0.013898785,0.043579787
GLA_human,M267N,267,M,N,1.186093,0.069767155
GLA_human,M267P,267,M,P,0.6009706,0.050669968
GLA_human,M267Q,267,M,Q,1.071079,0.072726764
GLA_human,M267R,267,M,R,1.1810611,0.11829327
GLA_human,M267S,267,M,S,1.1928768,0.15219344
GLA_human,M267T,267,M,T,0.6057924,0.043165095
GLA_human,M267V,267,M,V,0.110576175,0.03521729
GLA_human,M267W,267,M,W,0.8153631,0.09404454
GLA_human,M267Y,267,M,Y,0.6132539,0.013955882
GLA_human,L268A,268,L,A,2.522824,0.1378665
GLA_human,L268C,268,L,C,1.6770699,0.055935487
GLA_human,L268D,268,L,D,2.6682522,0.09888961
GLA_human,L268E,268,L,E,2.2824962,0.121559024
GLA_human,L268F,268,L,F,1.9157375,0.05474422
GLA_human,L268G,268,L,G,2.8693676,0.23406214
GLA_human,L268H,268,L,H,2.6979427,0.040683396
GLA_human,L268I,268,L,I,1.4285711,0.09913761
GLA_human,L268K,268,L,K,2.4253435,0.10941635
GLA_human,L268M,268,L,M,0.9167864,0.065895066
GLA_human,L268N,268,L,N,2.6144755,0.10085465
GLA_human,L268P,268,L,P,2.3687782,0.15198843
GLA_human,L268Q,268,L,Q,2.3483007,0.105612606
GLA_human,L268R,268,L,R,2.6641154,0.12918228
GLA_human,L268S,268,L,S,2.62952,0.14314924
GLA_human,L268T,268,L,T,2.0874226,0.13680966
GLA_human,L268V,268,L,V,1.4569017,0.11422364
GLA_human,L268W,268,L,W,2.4377866,0.17110473
GLA_human,L268Y,268,L,Y,2.3535118,0.06887186
GLA_human,V269A,269,V,A,1.5955825,0.1044149
GLA_human,V269C,269,V,C,0.8685293,0.11276194
GLA_human,V269D,269,V,D,2.0155706,0.08375476
GLA_human,V269E,269,V,E,1.5341923,0.044137772
GLA_human,V269F,269,V,F,1.744286,0.122636884
GLA_human,V269G,269,V,G,2.4392352,0.17450857
GLA_human,V269H,269,V,H,2.211746,0.11886719
GLA_human,V269I,269,V,I,-0.028626,0.037366625
GLA_human,V269K,269,V,K,2.0175405,0.0925407
GLA_human,V269L,269,V,L,0.22017908,0.06869361
GLA_human,V269M,269,V,M,0.5672492,0.069938496
GLA_human,V269N,269,V,N,2.0495965,0.062047176
GLA_human,V269P,269,V,P,1.3317186,0.04953098
GLA_human,V269Q,269,V,Q,1.6095746,0.035752635
GLA_human,V269R,269,V,R,2.088071,0.09806075
GLA_human,V269S,269,V,S,1.7927005,0.10741732
GLA_human,V269T,269,V,T,1.3132198,0.04814369
GLA_human,V269W,269,V,W,1.8492377,0.12176172
GLA_human,V269Y,269,V,Y,1.8384444,0.089662194
GLA_human,I270E,270,I,E,2.3233337,0.0600029
GLA_human,I270F,270,I,F,1.2016217,0.12814702
GLA_human,I270G,270,I,G,2.2309213,0.21061233
GLA_human,I270H,270,I,H,2.3806863,0.1548911
GLA_human,I270K,270,I,K,2.1784773,0.215126
GLA_human,I270L,270,I,L,1.0171688,0.074918725
GLA_human,I270M,270,I,M,1.4044387,0.05141448
GLA_human,I270N,270,I,N,2.235572,0.12159096
GLA_human,I270P,270,I,P,1.7327785,0.074943714
GLA_human,I270Q,270,I,Q,2.293008,0.07791823
GLA_human,I270R,270,I,R,2.182939,0.20278504
GLA_human,I270S,270,I,S,2.1684844,0.10000196
GLA_human,I270T,270,I,T,1.9245186,0.09489261
GLA_human,I270V,270,I,V,0.8464611,0.066985615
GLA_human,I270W,270,I,W,2.105234,0.22666833
GLA_human,I270Y,270,I,Y,1.8013643,0.13318221
GLA_human,G271A,271,G,A,0.66512793,0.079530366
GLA_human,G271C,271,G,C,0.93049306,0.110412255
GLA_human,G271D,271,G,D,1.2526121,0.13509236
GLA_human,G271E,271,G,E,1.8748715,0.08268775
GLA_human,G271F,271,G,F,1.8112923,0.05911482
GLA_human,G271H,271,G,H,2.029115,0.08991273
GLA_human,G271I,271,G,I,2.1528115,0.10919016
GLA_human,G271K,271,G,K,2.666093,0.10837042
GLA_human,G271L,271,G,L,2.4646668,0.10982197
GLA_human,G271M,271,G,M,2.108541,0.10982103
GLA_human,G271N,271,G,N,1.425836,0.15200645
GLA_human,G271P,271,G,P,2.3566086,0.12384695
GLA_human,G271Q,271,G,Q,1.7084341,0.11425831
GLA_human,G271R,271,G,R,2.7868314,0.13987489
GLA_human,G271S,271,G,S,1.7226603,0.09294369
GLA_human,G271T,271,G,T,2.4218307,0.071087725
GLA_human,G271V,271,G,V,2.033776,0.11357933
GLA_human,G271W,271,G,W,1.9216735,0.1121989
GLA_human,G271Y,271,G,Y,2.0144665,0.101841874
GLA_human,N272A,272,N,A,1.0024842,0.11918347
GLA_human,N272C,272,N,C,0.4442193,0.17262015
GLA_human,N272D,272,N,D,0.5466579,0.10456237
GLA_human,N272E,272,N,E,1.4149554,0.17040569
GLA_human,N272F,272,N,F,1.2475977,0.15647134
GLA_human,N272G,272,N,G,1.1085671,0.1631697
GLA_human,N272H,272,N,H,0.97160184,0.10739073
GLA_human,N272I,272,N,I,0.71449536,0.092431605
GLA_human,N272K,272,N,K,1.7474276,0.11218253
GLA_human,N272L,272,N,L,0.944981,0.17435578
GLA_human,N272M,272,N,M,0.9637042,0.13010243
GLA_human,N272P,272,N,P,1.1228421,0.21684386
GLA_human,N272Q,272,N,Q,0.53532445,0.086066134
GLA_human,N272R,272,N,R,1.2231766,0.1733652
GLA_human,N272S,272,N,S,0.5931932,0.10612428
GLA_human,N272T,272,N,T,0.8422572,0.069447644
GLA_human,N272V,272,N,V,1.4174079,0.08890819
GLA_human,N272W,272,N,W,1.3181543,0.27138317
GLA_human,N272Y,272,N,Y,1.1542577,0.20552474
GLA_human,F273A,273,F,A,0.9204103,0.15142222
GLA_human,F273C,273,F,C,0.99129564,0.119120054
GLA_human,F273D,273,F,D,1.4439352,0.15883352
GLA_human,F273E,273,F,E,1.0610836,0.15916628
GLA_human,F273G,273,F,G,0.94628745,0.13310239
GLA_human,F273H,273,F,H,0.61654985,0.10921209
GLA_human,F273I,273,F,I,0.71148306,0.07750162
GLA_human,F273K,273,F,K,0.90601176,0.13650382
GLA_human,F273L,273,F,L,0.80940735,0.09389024
GLA_human,F273M,273,F,M,0.9162896,0.029924743
GLA_human,F273N,273,F,N,1.3486719,0.16608563
GLA_human,F273P,273,F,P,0.43106356,0.09761633
GLA_human,F273Q,273,F,Q,1.1161302,0.15878427
GLA_human,F273R,273,F,R,0.80797607,0.13109054
GLA_human,F273S,273,F,S,1.1503603,0.13113883
GLA_human,F273T,273,F,T,1.0321178,0.111608855
GLA_human,F273V,273,F,V,0.66235715,0.055774495
GLA_human,F273W,273,F,W,0.24302442,0.09541493
GLA_human,F273Y,273,F,Y,-0.03809101,0.03767493
GLA_human,G274A,274,G,A,0.2318712,0.07653324
GLA_human,G274C,274,G,C,0.37498632,0.07839426
GLA_human,G274D,274,G,D,1.1527231,0.12972257
GLA_human,G274E,274,G,E,0.863506,0.096252196
GLA_human,G274F,274,G,F,0.44477016,0.1479476
GLA_human,G274H,274,G,H,0.855357,0.04438324
GLA_human,G274I,274,G,I,0.6526731,0.101306066
GLA_human,G274K,274,G,K,0.6345253,0.13172229
GLA_human,G274L,274,G,L,0.81406385,0.15597302
GLA_human,G274M,274,G,M,0.6670321,0.119215205
GLA_human,G274N,274,G,N,0.5369595,0.11077079
GLA_human,G274P,274,G,P,1.805068,0.113686815
GLA_human,G274Q,274,G,Q,0.67920697,0.06868562
GLA_human,G274R,274,G,R,0.37734854,0.093406945
GLA_human,G274S,274,G,S,0.70468634,0.07376987
GLA_human,G274T,274,G,T,1.0316823,0.10750968
GLA_human,G274V,274,G,V,0.5634538,0.12970392
GLA_human,G274W,274,G,W,0.5752384,0.13750431
GLA_human,G274Y,274,G,Y,0.5266131,0.11153974
GLA_human,L275A,275,L,A,2.2599137,0.16493148
GLA_human,L275C,275,L,C,1.6321408,0.109103255
GLA_human,L275D,275,L,D,2.8823707,0.084879346
GLA_human,L275E,275,L,E,2.554353,0.16462952
GLA_human,L275F,275,L,F,2.0679917,0.19642712
GLA_human,L275G,275,L,G,2.622164,0.18031514
GLA_human,L275H,275,L,H,2.7597528,0.1711276
GLA_human,L275I,275,L,I,1.0885497,0.056563605
GLA_human,L275K,275,L,K,2.442988,0.2111793
GLA_human,L275M,275,L,M,1.4288082,0.077582434
GLA_human,L275N,275,L,N,2.5054405,0.16610141
GLA_human,L275P,275,L,P,1.7581526,0.05733518
GLA_human,L275Q,275,L,Q,2.3527272,0.132617
GLA_human,L275R,275,L,R,2.787969,0.23297924
GLA_human,L275S,275,L,S,2.466428,0.11299103
GLA_human,L275T,275,L,T,2.1786282,0.083204575
GLA_human,L275V,275,L,V,1.4601512,0.038101595
GLA_human,L275W,275,L,W,2.7455235,0.26229787
GLA_human,L275Y,275,L,Y,2.1557953,0.17484836
GLA_human,S276H,276,S,H,0.72706354,0.018162353
GLA_human,S276I,276,S,I,0.82057905,0.05461119
GLA_human,S276K,276,S,K,1.1910162,0.09820046
GLA_human,S276L,276,S,L,1.1090199,0.09430899
GLA_human,S276M,276,S,M,1.0934207,0.091385834
GLA_human,S276N,276,S,N,0.17586637,0.12372477
GLA_human,S276P,276,S,P,1.3999461,0.09540752
GLA_human,S276Q,276,S,Q,0.58120906,0.057594694
GLA_human,S276R,276,S,R,1.0395305,0.088978864
GLA_human,S276T,276,S,T,0.46445256,0.041342344
GLA_human,S276V,276,S,V,1.0552844,0.10975349
GLA_human,S276W,276,S,W,1.057904,0.035779126
GLA_human,S276Y,276,S,Y,0.9454071,0.05760475
GLA_human,N278A,278,N,A,-0.09827018,0.09446653
GLA_human,N278C,278,N,C,-0.0676026,0.09521717
GLA_human,N278D,278,N,D,-0.20003867,0.037081346
GLA_human,N278E,278,N,E,-0.040180467,0.09990578
GLA_human,N278F,278,N,F,-0.048357204,0.114787534
GLA_human,N278G,278,N,G,0.66369283,0.21640484
GLA_human,N278H,278,N,H,0.26285943,0.035907827
GLA_human,N278I,278,N,I,0.17775698,0.07941217
GLA_human,N278K,278,N,K,1.4343171,0.069046
GLA_human,N278L,278,N,L,0.65548444,0.062640965
GLA_human,N278M,278,N,M,0.17965266,0.07407516
GLA_human,N278P,278,N,P,0.18302843,0.06151204
GLA_human,N278Q,278,N,Q,0.016182479,0.120127685
GLA_human,N278R,278,N,R,0.78020895,0.06132155
GLA_human,N278S,278,N,S,-0.15229496,0.10172633
GLA_human,N278T,278,N,T,0.4086873,0.067698084
GLA_human,N278V,278,N,V,0.2732994,0.052337732
GLA_human,N278W,278,N,W,0.06057792,0.09507679
GLA_human,N278Y,278,N,Y,0.0055926978,0.11798491
GLA_human,Q279A,279,Q,A,0.91994494,0.17073458
GLA_human,Q279C,279,Q,C,0.8277693,0.23104319
GLA_human,Q279D,279,Q,D,1.638876,0.14522116
GLA_human,Q279E,279,Q,E,0.6300284,0.05528778
GLA_human,Q279F,279,Q,F,1.8915918,0.057954505
GLA_human,Q279G,279,Q,G,2.0021377,0.2215706
GLA_human,Q279H,279,Q,H,1.1665752,0.15151228
GLA_human,Q279I,279,Q,I,1.7838964,0.093522586
GLA_human,Q279K,279,Q,K,1.6845738,0.15884998
GLA_human,Q279L,279,Q,L,2.0485702,0.042714007
GLA_human,Q279M,279,Q,M,0.4081222,0.036315415
GLA_human,Q279N,279,Q,N,1.4892153,0.1269542
GLA_human,Q279P,279,Q,P,2.0072868,0.10943042
GLA_human,Q279R,279,Q,R,1.438669,0.18075095
GLA_human,Q279S,279,Q,S,1.1497899,0.13761796
GLA_human,Q279T,279,Q,T,1.4931679,0.037534423
GLA_human,Q279V,279,Q,V,1.4655302,0.115689024
GLA_human,Q279Y,279,Q,Y,1.8604695,0.1290046
GLA_human,Q280A,280,Q,A,0.7841573,0.19975646
GLA_human,Q280C,280,Q,C,0.21659203,0.15372781
GLA_human,Q280D,280,Q,D,1.0147644,0.14712411
GLA_human,Q280E,280,Q,E,0.36619726,0.064672254
GLA_human,Q280F,280,Q,F,0.56951076,0.07423088
GLA_human,Q280G,280,Q,G,1.6964836,0.2671629
GLA_human,Q280H,280,Q,H,0.702551,0.12551358
GLA_human,Q280I,280,Q,I,1.2289643,0.073559046
GLA_human,Q280K,280,Q,K,1.250044,0.11352515
GLA_human,Q280L,280,Q,L,1.2539152,0.07972249
GLA_human,Q280M,280,Q,M,0.022788523,0.0826839
GLA_human,Q280N,280,Q,N,0.94238347,0.095340595
GLA_human,V281A,281,V,A,1.7666267,0.18288437
GLA_human,V281C,281,V,C,0.9168626,0.117243074
GLA_human,V281D,281,V,D,2.1807575,0.087192826
GLA_human,V281E,281,V,E,1.589234,0.05276187
GLA_human,V281F,281,V,F,1.5370535,0.21509245
GLA_human,V281G,281,V,G,2.4066484,0.22212084
GLA_human,V281H,281,V,H,1.9638933,0.114219844
GLA_human,V281I,281,V,I,-0.042036988,0.037595924
GLA_human,V281K,281,V,K,1.6507063,0.103364535
GLA_human,V281L,281,V,L,0.4768456,0.06142585
GLA_human,V281M,281,V,M,0.80354214,0.07270151
GLA_human,V281N,281,V,N,1.7449951,0.08292045
GLA_human,V281P,281,V,P,2.4284592,0.14834458
GLA_human,V281Q,281,V,Q,1.2671807,0.091462314
GLA_human,V281R,281,V,R,1.8665383,0.14737652
GLA_human,V281S,281,V,S,2.086353,0.124637
GLA_human,V281T,281,V,T,1.2997853,0.063600466
GLA_human,V281W,281,V,W,2.0021555,0.1698864
GLA_human,V281Y,281,V,Y,0.8226902,0.11804981
GLA_human,T282A,282,T,A,0.6720426,0.20149097
GLA_human,T282C,282,T,C,0.56473005,0.14375642
GLA_human,T282D,282,T,D,1.4060547,0.09608914
GLA_human,T282E,282,T,E,2.0719423,0.14515115
GLA_human,T282F,282,T,F,1.4399803,0.10140594
GLA_human,T282G,282,T,G,1.6921575,0.40331942
GLA_human,T282H,282,T,H,2.0448349,0.18878092
GLA_human,T282I,282,T,I,0.33656597,0.14805312
GLA_human,T282K,282,T,K,2.585836,0.21670412
GLA_human,T282L,282,T,L,0.92486364,0.20855992
GLA_human,T282M,282,T,M,1.1109049,0.16432711
GLA_human,T282N,282,T,N,1.3748376,0.0819409
GLA_human,T282P,282,T,P,1.6098988,0.13832903
GLA_human,T282Q,282,T,Q,1.7677759,0.17156935
GLA_human,T282R,282,T,R,2.2828813,0.20014587
GLA_human,T282S,282,T,S,0.5060488,0.20867118
GLA_human,T282V,282,T,V,0.12809643,0.06594466
GLA_human,T282W,282,T,W,2.462293,0.29583782
GLA_human,T282Y,282,T,Y,2.1727502,0.2345083
GLA_human,M284C,284,M,C,1.0633018,0.13630065
GLA_human,M284D,284,M,D,2.7797656,0.16060264
GLA_human,M284E,284,M,E,2.4339411,0.12606148
GLA_human,M284F,284,M,F,0.5321881,0.07638419
GLA_human,M284G,284,M,G,3.1572986,0.16940273
GLA_human,M284H,284,M,H,2.3139274,0.13188712
GLA_human,M284I,284,M,I,1.5224844,0.11017852
GLA_human,M284K,284,M,K,2.229671,0.19435741
GLA_human,M284L,284,M,L,1.0998138,0.10962144
GLA_human,M284N,284,M,N,2.7313473,0.1618105
GLA_human,M284P,284,M,P,2.672926,0.19250943
GLA_human,M284Q,284,M,Q,2.0635161,0.08174498
GLA_human,M284R,284,M,R,2.760374,0.1893698
GLA_human,A285C,285,A,C,0.9244172,0.14699925
GLA_human,A285D,285,A,D,2.5738614,0.23417148
GLA_human,A285E,285,A,E,2.4846678,0.17925386
GLA_human,A285F,285,A,F,2.0492103,0.26125547
GLA_human,A285G,285,A,G,1.1654183,0.15448734
GLA_human,A285H,285,A,H,2.5617967,0.19291885
GLA_human,A285I,285,A,I,0.43162313,0.27817908
GLA_human,A285K,285,A,K,2.9925654,0.22416112
GLA_human,A285M,285,A,M,1.8553652,0.3083846
GLA_human,A285N,285,A,N,2.8289533,0.25423247
GLA_human,A285P,285,A,P,3.0192142,0.23278634
GLA_human,A285Q,285,A,Q,2.5481033,0.22004165
GLA_human,A285R,285,A,R,3.001203,0.20265009
GLA_human,A285S,285,A,S,0.1968893,0.06901808
GLA_human,A285T,285,A,T,0.9034613,0.3071319
GLA_human,A285V,285,A,V,0.3278577,0.31693915
GLA_human,A285W,285,A,W,2.1725128,0.2164053
GLA_human,A285Y,285,A,Y,2.1404471,0.24285056
GLA_human,L286A,286,L,A,1.75649,0.18664958
GLA_human,L286C,286,L,C,0.9120641,0.12651473
GLA_human,L286D,286,L,D,2.660407,0.12651227
GLA_human,L286E,286,L,E,2.1812131,0.12065476
GLA_human,L286F,286,L,F,0.10626179,0.04604392
GLA_human,L286G,286,L,G,2.6850438,0.13789518
GLA_human,L286H,286,L,H,2.092071,0.10184745
GLA_human,L286I,286,L,I,0.34382,0.06760554
GLA_human,L286K,286,L,K,2.5579684,0.10215347
GLA_human,L286M,286,L,M,0.091706835,0.07256304
GLA_human,L286N,286,L,N,2.7414353,0.07333558
GLA_human,L286P,286,L,P,2.9951577,0.13048527
GLA_human,L286Q,286,L,Q,2.1878605,0.13345762
GLA_human,L286R,286,L,R,2.3819857,0.114982486
GLA_human,L286S,286,L,S,1.7998346,0.14336114
GLA_human,L286T,286,L,T,1.3659464,0.029252108
GLA_human,L286V,286,L,V,0.6537957,0.056361534
GLA_human,L286W,286,L,W,1.0197294,0.09938472
GLA_human,L286Y,286,L,Y,0.7731115,0.1151024
GLA_human,W287F,287,W,F,1.235055,0.07113434
GLA_human,W287G,287,W,G,4.123251,0.22512528
GLA_human,W287H,287,W,H,2.5181592,0.10515126
GLA_human,W287I,287,W,I,2.5447476,0.14675738
GLA_human,W287K,287,W,K,3.2445157,0.29439417
GLA_human,W287L,287,W,L,2.4349551,0.09560721
GLA_human,W287M,287,W,M,2.0425124,0.15670642
GLA_human,W287N,287,W,N,3.4864292,0.08970208
GLA_human,W287P,287,W,P,4.068866,0.26367444
GLA_human,W287Q,287,W,Q,2.9597132,0.12569176
GLA_human,W287R,287,W,R,2.6344604,0.28321838
GLA_human,W287S,287,W,S,3.0466175,0.25426185
GLA_human,W287T,287,W,T,3.04211,0.1877018
GLA_human,W287V,287,W,V,2.929814,0.16416918
GLA_human,W287Y,287,W,Y,1.0670639,0.07792026
GLA_human,A288C,288,A,C,0.20622866,0.07799948
GLA_human,A288D,288,A,D,1.4562242,0.25791943
GLA_human,A288E,288,A,E,1.7621132,0.12636584
GLA_human,I289A,289,I,A,2.699511,0.11446627
GLA_human,I289C,289,I,C,1.7390484,0.088199355
GLA_human,I289D,289,I,D,2.7802572,0.17092027
GLA_human,I289E,289,I,E,2.2553167,0.07454184
GLA_human,I289F,289,I,F,1.3467244,0.1340698
GLA_human,I289G,289,I,G,2.763768,0.18512516
GLA_human,I289H,289,I,H,2.8285244,0.06873123
GLA_human,I289K,289,I,K,2.451556,0.04880275
GLA_human,I289L,289,I,L,0.26154444,0.019868186
GLA_human,I289M,289,I,M,0.47015962,0.08314936
GLA_human,I289N,289,I,N,2.5532558,0.11777003
GLA_human,I289P,289,I,P,2.7243066,0.1892598
GLA_human,I289Q,289,I,Q,2.4011292,0.11640492
GLA_human,I289R,289,I,R,2.6122346,0.06781357
GLA_human,I289S,289,I,S,2.7995925,0.07448931
GLA_human,I289T,289,I,T,1.792194,0.16666216
GLA_human,I289V,289,I,V,0.6305133,0.0699625
GLA_human,I289W,289,I,W,1.9780184,0.2155982
GLA_human,I289Y,289,I,Y,2.011805,0.22112785
GLA_human,P293A,293,P,A,1.4118376,0.18952313
GLA_human,P293C,293,P,C,1.1500987,0.052509233
GLA_human,P293D,293,P,D,1.6525314,0.07064154
GLA_human,P293E,293,P,E,1.8581617,0.08893567
GLA_human,P293F,293,P,F,1.7300123,0.10939045
GLA_human,P293G,293,P,G,1.6965116,0.30104
GLA_human,P293H,293,P,H,1.9824852,0.12839967
GLA_human,P293I,293,P,I,1.1386533,0.11586365
GLA_human,P293K,293,P,K,1.9669014,0.13360484
GLA_human,P293L,293,P,L,1.1919596,0.08054669
GLA_human,P293M,293,P,M,1.5488749,0.115221724
GLA_human,P293N,293,P,N,1.4846264,0.07554038
GLA_human,P293Q,293,P,Q,1.7326539,0.04013506
GLA_human,P293R,293,P,R,1.7930466,0.20274001
GLA_human,P293S,293,P,S,1.5346477,0.09497446
GLA_human,P293T,293,P,T,1.1919459,0.07819147
GLA_human,P293V,293,P,V,0.772838,0.06582546
GLA_human,P293W,293,P,W,1.2861259,0.15536837
GLA_human,P293Y,293,P,Y,1.777091,0.13535997
GLA_human,L294A,294,L,A,2.5607681,0.098712005
GLA_human,L294C,294,L,C,1.6386774,0.044554323
GLA_human,L294D,294,L,D,3.2211902,0.23440537
GLA_human,L294E,294,L,E,2.846518,0.14111474
GLA_human,L294F,294,L,F,0.03108407,0.05338645
GLA_human,L294G,294,L,G,3.228105,0.0716894
GLA_human,L294H,294,L,H,2.9061906,0.08395594
GLA_human,L294I,294,L,I,1.1182506,0.039038736
GLA_human,L294K,294,L,K,2.6998858,0.053117704
GLA_human,L294M,294,L,M,0.40651187,0.0548578
GLA_human,L294N,294,L,N,3.2793717,0.18210594
GLA_human,L294P,294,L,P,2.863552,0.16361018
GLA_human,L294Q,294,L,Q,2.933334,0.11594785
GLA_human,L294R,294,L,R,2.9407947,0.09084574
GLA_human,L294S,294,L,S,2.8837967,0.12161046
GLA_human,L294T,294,L,T,2.5584612,0.13127583
GLA_human,L294V,294,L,V,1.6800123,0.08057021
GLA_human,L294W,294,L,W,0.95265865,0.14754122
GLA_human,L294Y,294,L,Y,1.3921182,0.14101389
GLA_human,F295A,295,F,A,2.3239834,0.120738596
GLA_human,F295C,295,F,C,1.657593,0.12579769
GLA_human,F295D,295,F,D,2.5625112,0.1698439
GLA_human,F295E,295,F,E,2.0099483,0.1683957
GLA_human,F295G,295,F,G,2.5323155,0.18028894
GLA_human,F295H,295,F,H,1.2329417,0.13517193
GLA_human,F295I,295,F,I,0.94294894,0.12750775
GLA_human,F295K,295,F,K,1.9933708,0.20287305
GLA_human,F295L,295,F,L,0.5841611,0.07756847
GLA_human,F295M,295,F,M,0.5106237,0.054392178
GLA_human,F295N,295,F,N,2.317779,0.18397577
GLA_human,F295P,295,F,P,2.605441,0.15297419
GLA_human,F295Q,295,F,Q,1.6696564,0.12337146
GLA_human,F295R,295,F,R,2.0221975,0.14451039
GLA_human,F295S,295,F,S,2.551035,0.07607392
GLA_human,F295T,295,F,T,2.2573256,0.14321272
GLA_human,F295V,295,F,V,1.4444561,0.23397821
GLA_human,F295W,295,F,W,-0.03589942,0.07358012
GLA_human,F295Y,295,F,Y,0.035033345,0.021579422
GLA_human,S297A,297,S,A,0.31204194,0.03591357
GLA_human,S297C,297,S,C,0.46549815,0.050935715
GLA_human,S297D,297,S,D,1.5100286,0.10093056
GLA_human,S297E,297,S,E,1.4936228,0.09600336
GLA_human,S297F,297,S,F,1.5188563,0.09570259
GLA_human,S297G,297,S,G,0.758481,0.1753944
GLA_human,S297H,297,S,H,1.8097166,0.10513474
GLA_human,S297I,297,S,I,1.4000531,0.08801978
GLA_human,S297K,297,S,K,2.1579022,0.032784924
GLA_human,S297L,297,S,L,1.2382482,0.11024913
GLA_human,S297M,297,S,M,1.4300843,0.124830395
GLA_human,S297N,297,S,N,1.6596178,0.16853051
GLA_human,S297P,297,S,P,2.3471694,0.20278914
GLA_human,S297Q,297,S,Q,1.642977,0.11200995
GLA_human,S297R,297,S,R,1.9338659,0.06660426
GLA_human,S297T,297,S,T,1.0202692,0.09552854
GLA_human,S297V,297,S,V,1.1826665,0.053923424
GLA_human,S297W,297,S,W,1.6123917,0.12477171
GLA_human,S297Y,297,S,Y,1.3015271,0.109504774
GLA_human,N298A,298,N,A,0.93017375,0.17570423
GLA_human,N298C,298,N,C,0.10993822,0.18255241
GLA_human,N298D,298,N,D,0.7126936,0.045134325
GLA_human,N298E,298,N,E,1.5959098,0.102116756
GLA_human,N298F,298,N,F,1.2436693,0.11667871
GLA_human,N298G,298,N,G,1.3497732,0.36703926
GLA_human,N298H,298,N,H,1.278229,0.12407907
GLA_human,N298I,298,N,I,0.8421755,0.09441056
GLA_human,N298K,298,N,K,1.8621982,0.14937168
GLA_human,N298L,298,N,L,0.5978247,0.10108741
GLA_human,N298M,298,N,M,1.1747204,0.059465524
GLA_human,N298P,298,N,P,1.0873231,0.14788213
GLA_human,N298Q,298,N,Q,1.2424045,0.06443588
GLA_human,N298R,298,N,R,1.8367083,0.19262171
GLA_human,N298S,298,N,S,1.1235621,0.10461562
GLA_human,N298T,298,N,T,0.9013764,0.066091396
GLA_human,N298V,298,N,V,0.55637896,0.045274045
GLA_human,N298W,298,N,W,1.8096088,0.15962082
GLA_human,N298Y,298,N,Y,1.8138087,0.18382391
GLA_human,D299A,299,D,A,1.9398625,0.16961275
GLA_human,D299C,299,D,C,1.4225161,0.12533039
GLA_human,D299E,299,D,E,1.9189737,0.09362292
GLA_human,D299F,299,D,F,2.338405,0.25642076
GLA_human,D299G,299,D,G,1.8796724,0.26801726
GLA_human,D299H,299,D,H,2.2529576,0.1688726
GLA_human,D299I,299,D,I,1.9271635,0.17081682
GLA_human,D299K,299,D,K,2.1503348,0.17075777
GLA_human,D299L,299,D,L,2.1902783,0.17152324
GLA_human,D299M,299,D,M,2.2280617,0.22078131
GLA_human,D299N,299,D,N,1.3768647,0.09351279
GLA_human,D299P,299,D,P,2.5603607,0.2045236
GLA_human,D299Q,299,D,Q,2.4837852,0.14780205
GLA_human,D299R,299,D,R,2.4130833,0.20238082
GLA_human,D299S,299,D,S,1.7034353,0.11088175
GLA_human,D299T,299,D,T,2.58293,0.2132028
GLA_human,D299V,299,D,V,2.2950273,0.20861408
GLA_human,D299W,299,D,W,2.0139995,0.17423299
GLA_human,D299Y,299,D,Y,2.2208507,0.19297913
GLA_human,L300A,300,L,A,2.3766377,0.058838703
GLA_human,L300C,300,L,C,1.7378588,0.10194298
GLA_human,L300D,300,L,D,2.932573,0.10825087
GLA_human,L300E,300,L,E,2.6305976,0.1034351
GLA_human,L300F,300,L,F,1.2969393,0.10220476
GLA_human,L300G,300,L,G,2.5953982,0.07467529
GLA_human,L300H,300,L,H,3.0565047,0.010712939
GLA_human,L300I,300,L,I,0.95097846,0.06312679
GLA_human,L300K,300,L,K,2.5494246,0.16871995
GLA_human,L300M,300,L,M,1.1950264,0.08410824
GLA_human,L300N,300,L,N,2.9863477,0.15826112
GLA_human,L300P,300,L,P,2.2172525,0.085074924
GLA_human,L300Q,300,L,Q,2.6233902,0.09188834
GLA_human,L300R,300,L,R,2.8376734,0.15291598
GLA_human,L300S,300,L,S,2.7597363,0.043285433
GLA_human,L300T,300,L,T,2.6334362,0.05060529
GLA_human,L300V,300,L,V,1.5977218,0.08285548
GLA_human,L300W,300,L,W,2.2351499,0.13624692
GLA_human,L300Y,300,L,Y,2.1603131,0.11978851
GLA_human,R301A,301,R,A,2.532312,0.10045991
GLA_human,R301C,301,R,C,2.374136,0.11835631
GLA_human,R301D,301,R,D,3.1752756,0.03272497
GLA_human,R301E,301,R,E,2.534694,0.09140951
GLA_human,R301F,301,R,F,2.3358014,0.24538353
GLA_human,R301G,301,R,G,2.204098,0.14714052
GLA_human,R301H,301,R,H,1.7266527,0.0863391
GLA_human,R301I,301,R,I,3.1327503,0.22278047
GLA_human,R301K,301,R,K,2.0991104,0.13962522
GLA_human,R301L,301,R,L,2.9098706,0.21393827
GLA_human,R301M,301,R,M,2.165668,0.16286413
GLA_human,R301N,301,R,N,2.6990738,0.09673973
GLA_human,R301P,301,R,P,2.804448,0.20284708
GLA_human,R301Q,301,R,Q,2.3133597,0.10185467
GLA_human,R301S,301,R,S,2.4241843,0.18608262
GLA_human,R301T,301,R,T,2.7606034,0.19382234
GLA_human,R301V,301,R,V,3.0301273,0.21295881
GLA_human,R301W,301,R,W,1.7706484,0.1819327
GLA_human,R301Y,301,R,Y,2.0584817,0.24373125
GLA_human,H302A,302,H,A,0.5211809,0.08695932
GLA_human,H302C,302,H,C,0.06604164,0.06522217
GLA_human,H302D,302,H,D,0.9537117,0.07747587
GLA_human,H302E,302,H,E,0.8643457,0.07581608
GLA_human,H302F,302,H,F,-0.11265421,0.040035814
GLA_human,H302G,302,H,G,0.60417736,0.12347876
GLA_human,H302I,302,H,I,-0.052870966,0.073863976
GLA_human,H302K,302,H,K,0.22115993,0.06314744
GLA_human,H302L,302,H,L,0.15661831,0.052859843
GLA_human,H302M,302,H,M,0.3818415,0.041891113
GLA_human,H302N,302,H,N,0.8786977,0.06830633
GLA_human,H302P,302,H,P,0.79124755,0.19118902
GLA_human,H302Q,302,H,Q,0.50219625,0.045238893
GLA_human,H302R,302,H,R,0.035248883,0.042781264
GLA_human,H302S,302,H,S,0.43017784,0.06108783
GLA_human,H302T,302,H,T,0.331877,0.030164255
GLA_human,H302V,302,H,V,-0.003810038,0.093306564
GLA_human,H302W,302,H,W,-0.06962075,0.037930403
GLA_human,H302Y,302,H,Y,-0.19051886,0.038616363
GLA_human,I303A,303,I,A,1.9217857,0.06107745
GLA_human,I303C,303,I,C,1.0384634,0.093831606
GLA_human,I303D,303,I,D,2.6362083,0.1585702
GLA_human,I303E,303,I,E,2.3113873,0.097690955
GLA_human,I303F,303,I,F,1.6668732,0.18288407
GLA_human,I303G,303,I,G,2.1755188,0.23695035
GLA_human,I303H,303,I,H,2.2446654,0.12833129
GLA_human,I303K,303,I,K,2.4440591,0.09742544
GLA_human,I303L,303,I,L,-0.102034315,0.042323455
GLA_human,I303M,303,I,M,0.14806186,0.03093123
GLA_human,I303N,303,I,N,2.4396656,0.031819616
GLA_human,I303P,303,I,P,2.475943,0.0905959
GLA_human,I303Q,303,I,Q,2.0675132,0.12828474
GLA_human,I303R,303,I,R,2.6151333,0.13594837
GLA_human,I303S,303,I,S,2.1759632,0.08179978
GLA_human,I303T,303,I,T,1.4370162,0.088216975
GLA_human,I303V,303,I,V,0.31645977,0.036101684
GLA_human,I303W,303,I,W,2.017556,0.20235185
GLA_human,I303Y,303,I,Y,1.7770195,0.10754516
GLA_human,S304A,304,S,A,0.8422597,0.06913935
GLA_human,S304C,304,S,C,0.3625916,0.054035638
GLA_human,S304D,304,S,D,0.34692347,0.071959585
GLA_human,S304E,304,S,E,0.75957674,0.09151685
GLA_human,S304F,304,S,F,0.7682187,0.07645428
GLA_human,S304G,304,S,G,0.60170627,0.13093407
GLA_human,S304H,304,S,H,0.8008127,0.035676695
GLA_human,S304I,304,S,I,0.81936157,0.11884515
GLA_human,S304K,304,S,K,1.0663314,0.04407222
GLA_human,S304L,304,S,L,1.128588,0.075879075
GLA_human,S304M,304,S,M,0.6654603,0.05735802
GLA_human,S304N,304,S,N,0.46256477,0.09201635
GLA_human,S304P,304,S,P,1.0613678,0.121653385
GLA_human,S304Q,304,S,Q,0.63454115,0.051120203
GLA_human,S304R,304,S,R,0.7864793,0.085589826
GLA_human,S304T,304,S,T,0.7091854,0.116702825
GLA_human,S304V,304,S,V,1.0736197,0.11568169
GLA_human,S304W,304,S,W,0.68055916,0.082382575
GLA_human,S304Y,304,S,Y,0.60944283,0.06905509
GLA_human,P305A,305,P,A,0.15664473,0.117131196
GLA_human,P305C,305,P,C,0.39407694,0.06355442
GLA_human,P305D,305,P,D,0.13946232,0.060264222
GLA_human,P305E,305,P,E,0.25074703,0.09022376
GLA_human,P305F,305,P,F,0.6133913,0.14683165
GLA_human,P305G,305,P,G,0.56007135,0.09317398
GLA_human,P305H,305,P,H,0.55156994,0.1234896
GLA_human,P305I,305,P,I,0.41400138,0.051583216
GLA_human,P305K,305,P,K,0.30737406,0.07533475
GLA_human,P305L,305,P,L,0.25243753,0.042362623
GLA_human,P305M,305,P,M,0.5006685,0.08695045
GLA_human,P305N,305,P,N,0.2519112,0.05464546
GLA_human,P305Q,305,P,Q,0.36724097,0.105993055
GLA_human,P305R,305,P,R,0.37396967,0.09720363
GLA_human,P305S,305,P,S,0.17182252,0.040305823
GLA_human,P305T,305,P,T,0.31097147,0.03576918
GLA_human,P305V,305,P,V,0.32409978,0.0517941
GLA_human,P305W,305,P,W,0.48153257,0.2043562
GLA_human,P305Y,305,P,Y,0.75987136,0.16556752
GLA_human,K308A,308,K,A,0.88147736,0.15649042
GLA_human,K308C,308,K,C,1.1292677,0.11773044
GLA_human,K308D,308,K,D,2.2602217,0.09582091
GLA_human,K308E,308,K,E,1.2528213,0.039259877
GLA_human,K308F,308,K,F,0.8582036,0.13638455
GLA_human,K308G,308,K,G,2.018581,0.2577747
GLA_human,K308H,308,K,H,0.9531104,0.038967125
GLA_human,K308I,308,K,I,0.7575195,0.115360156
GLA_human,K308L,308,K,L,0.7931257,0.13779467
GLA_human,K308M,308,K,M,0.3240656,0.06449743
GLA_human,K308N,308,K,N,2.1007385,0.07100499
GLA_human,K308P,308,K,P,2.6711392,0.17220876
GLA_human,K308Q,308,K,Q,0.57251406,0.060488034
GLA_human,K308R,308,K,R,-0.029523099,0.020263264
GLA_human,K308S,308,K,S,1.1298398,0.052002504
GLA_human,K308T,308,K,T,1.1031315,0.04338886
GLA_human,K308V,308,K,V,1.143702,0.116632454
GLA_human,K308W,308,K,W,0.69068056,0.1717876
GLA_human,K308Y,308,K,Y,1.0322467,0.10520491
GLA_human,A309L,309,A,L,0.38271397,0.10487544
GLA_human,A309M,309,A,M,0.33047146,0.09508425
GLA_human,A309N,309,A,N,0.582261,0.09767215
GLA_human,A309P,309,A,P,1.8389374,0.07371136
GLA_human,A309Q,309,A,Q,0.32555288,0.09104157
GLA_human,A309R,309,A,R,0.1127877,0.045374136
GLA_human,A309S,309,A,S,0.35550705,0.031257704
GLA_human,A309T,309,A,T,0.6786033,0.10672892
GLA_human,A309V,309,A,V,0.5135516,0.1054984
GLA_human,A309W,309,A,W,0.2232224,0.086458564
GLA_human,A309Y,309,A,Y,0.5372027,0.11333722
GLA_human,L310A,310,L,A,2.1096647,0.20957464
GLA_human,L310C,310,L,C,1.657423,0.13865386
GLA_human,L310D,310,L,D,2.88307,0.13143834
GLA_human,L310E,310,L,E,2.840094,0.2138977
GLA_human,L310F,310,L,F,1.9856017,0.13840045
GLA_human,L310G,310,L,G,2.3792834,0.22027212
GLA_human,L310H,310,L,H,2.7543952,0.124851696
GLA_human,L310I,310,L,I,1.3733664,0.100632355
GLA_human,L310K,310,L,K,2.8492289,0.13614085
GLA_human,L310M,310,L,M,1.1000081,0.08616445
GLA_human,L310N,310,L,N,2.7731047,0.07457702
GLA_human,L310P,310,L,P,2.3231761,0.0975894
GLA_human,L310Q,310,L,Q,2.906493,0.16902274
GLA_human,L310R,310,L,R,3.101844,0.20224789
GLA_human,L310S,310,L,S,2.3520455,0.16295256
GLA_human,L310T,310,L,T,2.3790863,0.13838512
GLA_human,L310V,310,L,V,1.5413601,0.08394621
GLA_human,L310W,310,L,W,2.045126,0.14234999
GLA_human,L310Y,310,L,Y,2.151526,0.13671269
GLA_human,L311A,311,L,A,2.374426,0.07490098
GLA_human,L311C,311,L,C,1.5727895,0.034118343
GLA_human,L311D,311,L,D,3.4418018,0.11594047
GLA_human,L311E,311,L,E,2.9291134,0.12995401
GLA_human,L311F,311,L,F,1.9032387,0.087072745
GLA_human,L311G,311,L,G,2.6292813,0.07521866
GLA_human,L311H,311,L,H,3.1175182,0.04508137
GLA_human,L311I,311,L,I,1.1287848,0.073370636
GLA_human,L311K,311,L,K,2.9953663,0.16231555
GLA_human,L311M,311,L,M,0.9236013,0.05645266
GLA_human,L311N,311,L,N,3.38325,0.0589154
GLA_human,L311P,311,L,P,2.5934925,0.0810371
GLA_human,L311Q,311,L,Q,2.9286861,0.08864888
GLA_human,L311R,311,L,R,3.3182092,0.20429455
GLA_human,L311S,311,L,S,2.8084886,0.09005451
GLA_human,L311T,311,L,T,2.09066,0.06920038
GLA_human,L311V,311,L,V,1.6983969,0.07797861
GLA_human,L311W,311,L,W,2.0544338,0.20507382
GLA_human,L311Y,311,L,Y,1.9307249,0.11637057
GLA_human,Q312W,312,Q,W,0.92206395,0.17387092
GLA_human,Q312Y,312,Q,Y,1.6338196,0.12827362
GLA_human,D313A,313,D,A,0.672655,0.13859051
GLA_human,D313C,313,D,C,0.12768064,0.12350804
GLA_human,D313E,313,D,E,0.82835704,0.22718237
GLA_human,D313F,313,D,F,0.561359,0.2416714
GLA_human,D313G,313,D,G,1.0192287,0.23901862
GLA_human,D313H,313,D,H,-0.026518757,0.1380618
GLA_human,D313I,313,D,I,1.1984441,0.0978689
GLA_human,D313K,313,D,K,1.1220316,0.32085302
GLA_human,D313L,313,D,L,0.95424175,0.18431194
GLA_human,D313M,313,D,M,0.1434818,0.16006799
GLA_human,D313N,313,D,N,-0.3031862,0.04815037
GLA_human,D313P,313,D,P,2.7989793,0.2845148
GLA_human,D313Q,313,D,Q,0.54812574,0.19666298
GLA_human,D313R,313,D,R,0.9899562,0.27642533
GLA_human,D313S,313,D,S,0.270578,0.06585077
GLA_human,D313T,313,D,T,1.3411791,0.09774478
GLA_human,D313V,313,D,V,1.8953193,0.09701527
GLA_human,D313W,313,D,W,0.76212454,0.1777256
GLA_human,D313Y,313,D,Y,0.81166935,0.2083996
GLA_human,K314A,314,K,A,0.16854021,0.0767163
GLA_human,K314C,314,K,C,0.32518885,0.06287869
GLA_human,K314D,314,K,D,0.76788694,0.06181627
GLA_human,K314E,314,K,E,0.33474112,0.037416514
GLA_human,K314F,314,K,F,-0.25236696,0.0834186
GLA_human,K314G,314,K,G,0.444353,0.15933448
GLA_human,K314H,314,K,H,0.11948885,0.037075073
GLA_human,K314I,314,K,I,0.3390214,0.111841284
GLA_human,K314L,314,K,L,-0.038003772,0.12056792
GLA_human,K314M,314,K,M,0.32537538,0.12059726
GLA_human,K314N,314,K,N,0.6826956,0.033960428
GLA_human,K314P,314,K,P,0.4930672,0.16381493
GLA_human,K314Q,314,K,Q,0.20742452,0.03370045
GLA_human,K314R,314,K,R,-0.26802397,0.041439127
GLA_human,K314S,314,K,S,0.32120755,0.043527134
GLA_human,K314T,314,K,T,0.44480577,0.052139767
GLA_human,K314V,314,K,V,0.38169488,0.11110878
GLA_human,K314W,314,K,W,-0.11326808,0.059854444
GLA_human,K314Y,314,K,Y,-0.40387565,0.07838309
GLA_human,D315A,315,D,A,0.18281028,0.08734655
GLA_human,D315C,315,D,C,0.37036043,0.094170034
GLA_human,D315E,315,D,E,0.62895906,0.24949789
GLA_human,D315F,315,D,F,0.14659497,0.11053418
GLA_human,D315G,315,D,G,0.47286925,0.15097328
GLA_human,D315H,315,D,H,0.493467,0.07839463
GLA_human,D315I,315,D,I,1.3091965,0.10195431
GLA_human,D315K,315,D,K,1.2831557,0.14164028
GLA_human,D315L,315,D,L,0.50801647,0.11016126
GLA_human,D315M,315,D,M,0.4980538,0.116495036
GLA_human,D315N,315,D,N,0.64171517,0.03452524
GLA_human,D315P,315,D,P,1.15281,0.1293208
GLA_human,D315Q,315,D,Q,0.7092942,0.16481052
GLA_human,D315R,315,D,R,0.45307964,0.13080333
GLA_human,D315S,315,D,S,0.14108115,0.02868373
GLA_human,D315T,315,D,T,1.0957482,0.12313339
GLA_human,D315V,315,D,V,1.2983654,0.05035939
GLA_human,D315W,315,D,W,0.2359864,0.11465782
GLA_human,D315Y,315,D,Y,0.07674275,0.112847485
GLA_human,V316A,316,V,A,1.2916362,0.10282759
GLA_human,V316C,316,V,C,1.0357168,0.087594554
GLA_human,V316D,316,V,D,2.2763271,0.148512
GLA_human,V316E,316,V,E,2.5136623,0.10073997
GLA_human,V316F,316,V,F,1.7495358,0.20540775
GLA_human,V316G,316,V,G,2.7310593,0.21191394
GLA_human,V316H,316,V,H,3.1345487,0.116356745
GLA_human,V316I,316,V,I,0.21097675,0.05969702
GLA_human,V316K,316,V,K,2.4768167,0.18920667
GLA_human,V316L,316,V,L,0.12273735,0.09013239
GLA_human,V316M,316,V,M,1.3964512,0.124876834
GLA_human,V316N,316,V,N,2.1202443,0.12276142
GLA_human,V316P,316,V,P,1.3142312,0.08057353
GLA_human,V316Q,316,V,Q,2.5051436,0.107196674
GLA_human,V316S,316,V,S,1.77458,0.08313504
GLA_human,V316T,316,V,T,1.0386692,0.035942934
GLA_human,V316W,316,V,W,2.1695814,0.24652176
GLA_human,V316Y,316,V,Y,2.175004,0.12353748
GLA_human,I317A,317,I,A,2.2977192,0.09691032
GLA_human,I317C,317,I,C,1.7840106,0.08360307
GLA_human,I317D,317,I,D,2.835241,0.19693716
GLA_human,I317E,317,I,E,2.8596387,0.13821054
GLA_human,I317F,317,I,F,2.3208575,0.18439694
GLA_human,I317G,317,I,G,2.4831076,0.16286965
GLA_human,I317H,317,I,H,2.7105663,0.04359782
GLA_human,I317K,317,I,K,2.4143746,0.08631946
GLA_human,I317L,317,I,L,0.18319535,0.048013616
GLA_human,I317M,317,I,M,2.0053377,0.07520778
GLA_human,I317N,317,I,N,2.6359136,0.023537766
GLA_human,I317P,317,I,P,2.8240242,0.105872706
GLA_human,I317Q,317,I,Q,2.9521348,0.14074229
GLA_human,I317R,317,I,R,2.4225235,0.102033935
GLA_human,I317S,317,I,S,2.388003,0.061755564
GLA_human,I317T,317,I,T,2.1018186,0.13382424
GLA_human,I317V,317,I,V,0.7409894,0.057521515
GLA_human,I317W,317,I,W,1.9885128,0.18488085
GLA_human,I317Y,317,I,Y,2.27244,0.22201829
GLA_human,A318C,318,A,C,0.61015624,0.113935925
GLA_human,A318D,318,A,D,0.36619776,0.08363767
GLA_human,A318E,318,A,E,0.3049391,0.062579155
GLA_human,A318F,318,A,F,0.6925792,0.119613916
GLA_human,A318G,318,A,G,0.5821489,0.039445225
GLA_human,A318H,318,A,H,0.5421489,0.08628937
GLA_human,A318I,318,A,I,0.5572424,0.08276793
GLA_human,A318K,318,A,K,0.081142314,0.070544176
GLA_human,A318L,318,A,L,0.57527936,0.12043073
GLA_human,A318M,318,A,M,0.714986,0.113067284
GLA_human,A318N,318,A,N,0.38980407,0.061476517
GLA_human,A318P,318,A,P,1.8777136,0.07585966
GLA_human,A318Q,318,A,Q,0.4234069,0.088232934
GLA_human,A318R,318,A,R,0.08032895,0.06299162
GLA_human,A318S,318,A,S,0.3090616,0.03762112
GLA_human,A318T,318,A,T,0.9351145,0.10208261
GLA_human,A318V,318,A,V,0.8248911,0.090082124
GLA_human,A318W,318,A,W,0.39289302,0.12180734
GLA_human,A318Y,318,A,Y,0.6167792,0.11817352
GLA_human,I319A,319,I,A,2.2047157,0.12812376
GLA_human,I319C,319,I,C,1.8637117,0.08977345
GLA_human,I319D,319,I,D,2.7346923,0.12998453
GLA_human,I319E,319,I,E,2.7879589,0.15618305
GLA_human,I319F,319,I,F,1.7230104,0.1838563
GLA_human,I319G,319,I,G,2.403436,0.17615893
GLA_human,I319H,319,I,H,2.7067945,0.14528176
GLA_human,I319K,319,I,K,2.4111583,0.11851144
GLA_human,I319L,319,I,L,0.5079236,0.045231543
GLA_human,I319M,319,I,M,0.47361112,0.04653195
GLA_human,I319N,319,I,N,2.6176076,0.045203656
GLA_human,I319P,319,I,P,2.1894832,0.049315155
GLA_human,I319Q,319,I,Q,1.979051,0.06860674
GLA_human,I319R,319,I,R,2.3281834,0.2000548
GLA_human,I319S,319,I,S,2.5873387,0.0846077
GLA_human,I319T,319,I,T,1.7397029,0.09071297
GLA_human,I319V,319,I,V,0.35906768,0.053179782
GLA_human,I319W,319,I,W,2.013925,0.26316857
GLA_human,I319Y,319,I,Y,1.9742422,0.20099461
GLA_human,N320A,320,N,A,1.617399,0.101900436
GLA_human,N320C,320,N,C,1.0424466,0.089931294
GLA_human,N320D,320,N,D,0.22965665,0.0685868
GLA_human,N320E,320,N,E,1.6358948,0.15858659
GLA_human,N320F,320,N,F,1.8383356,0.2016715
GLA_human,N320G,320,N,G,1.8003595,0.17803448
GLA_human,N320H,320,N,H,1.2726187,0.12139248
GLA_human,N320I,320,N,I,1.6000118,0.12167673
GLA_human,N320K,320,N,K,2.2626672,0.24255225
GLA_human,N320L,320,N,L,1.5217555,0.11000817
GLA_human,N320M,320,N,M,1.4752439,0.15642208
GLA_human,N320P,320,N,P,2.1141388,0.12714987
GLA_human,N320Q,320,N,Q,1.533911,0.12582351
GLA_human,N320R,320,N,R,2.3284602,0.27841988
GLA_human,N320S,320,N,S,2.0216002,0.116924964
GLA_human,N320T,320,N,T,1.8946781,0.20350084
GLA_human,N320V,320,N,V,1.6940682,0.112714455
GLA_human,N320W,320,N,W,2.1067336,0.21047403
GLA_human,N320Y,320,N,Y,2.402226,0.2388195
GLA_human,Q321A,321,Q,A,1.9304978,0.17410393
GLA_human,Q321C,321,Q,C,1.4559004,0.15155184
GLA_human,Q321D,321,Q,D,2.178813,0.16594565
GLA_human,Q321E,321,Q,E,1.0008748,0.08232569
GLA_human,Q321F,321,Q,F,1.6860292,0.07626157
GLA_human,Q321G,321,Q,G,1.953406,0.07788339
GLA_human,Q321H,321,Q,H,1.2139614,0.09697646
GLA_human,Q321I,321,Q,I,1.4351633,0.093095616
GLA_human,Q321K,321,Q,K,1.593618,0.13876991
GLA_human,Q321L,321,Q,L,1.5469943,0.10912623
GLA_human,Q321M,321,Q,M,0.99383575,0.048492953
GLA_human,Q321N,321,Q,N,1.6972523,0.14003715
GLA_human,Q321P,321,Q,P,2.4428444,0.0918542
GLA_human,Q321R,321,Q,R,1.0910046,0.11743903
GLA_human,Q321S,321,Q,S,1.88009,0.13862869
GLA_human,Q321T,321,Q,T,1.4573946,0.17098303
GLA_human,Q321V,321,Q,V,1.5156437,0.19168195
GLA_human,Q321W,321,Q,W,1.1998062,0.11683659
GLA_human,Q321Y,321,Q,Y,1.7487001,0.12393133
GLA_human,D322A,322,D,A,1.4410225,0.1374313
GLA_human,D322C,322,D,C,1.0095024,0.16557358
GLA_human,D322E,322,D,E,2.1499178,0.18327053
GLA_human,D322F,322,D,F,1.6062956,0.18902482
GLA_human,D322G,322,D,G,1.5852712,0.16010043
GLA_human,D322H,322,D,H,1.0837147,0.04137234
GLA_human,D322I,322,D,I,2.447237,0.137627
GLA_human,D322K,322,D,K,2.643178,0.25438672
GLA_human,D322L,322,D,L,2.607348,0.16908386
GLA_human,D322M,322,D,M,1.9754444,0.16345404
GLA_human,D322N,322,D,N,0.8854624,0.099661544
GLA_human,D322P,322,D,P,2.7581296,0.24419658
GLA_human,D322Q,322,D,Q,2.1794925,0.20674607
GLA_human,D322R,322,D,R,2.3261294,0.21979405
GLA_human,D322S,322,D,S,1.1765077,0.07408262
GLA_human,D322T,322,D,T,2.225543,0.1407995
GLA_human,D322V,322,D,V,2.6996236,0.1121444
GLA_human,D322W,322,D,W,1.3207246,0.2245801
GLA_human,D322Y,322,D,Y,1.850405,0.21088266
GLA_human,P323A,323,P,A,0.48125634,0.09264271
GLA_human,P323C,323,P,C,0.49630135,0.029961541
GLA_human,P323D,323,P,D,0.33447012,0.07027067
GLA_human,P323E,323,P,E,0.28078833,0.10517138
GLA_human,P323F,323,P,F,0.32468683,0.11572267
GLA_human,P323G,323,P,G,0.81063986,0.11442755
GLA_human,P323H,323,P,H,0.39681125,0.12631923
GLA_human,P323I,323,P,I,-0.047686435,0.07451627
GLA_human,P323K,323,P,K,0.2835738,0.10940052
GLA_human,P323L,323,P,L,0.15757199,0.08288463
GLA_human,P323M,323,P,M,0.14408147,0.11941004
GLA_human,P323N,323,P,N,0.38315395,0.104148015
GLA_human,P323Q,323,P,Q,0.2983635,0.118106425
GLA_human,P323R,323,P,R,0.23385902,0.14423223
GLA_human,P323S,323,P,S,0.30822694,0.06559936
GLA_human,P323T,323,P,T,0.40471515,0.032004457
GLA_human,P323V,323,P,V,0.051849283,0.06252721
GLA_human,P323W,323,P,W,0.20816341,0.13647401
GLA_human,P323Y,323,P,Y,0.33875015,0.13295889
GLA_human,L324A,324,L,A,0.8050674,0.12503475
GLA_human,L324D,324,L,D,1.1312243,0.14550488
GLA_human,L324E,324,L,E,1.4582382,0.11245208
GLA_human,L324F,324,L,F,0.83433807,0.07140266
GLA_human,L324G,324,L,G,1.4173409,0.098144494
GLA_human,L324H,324,L,H,1.4139669,0.05650863
GLA_human,L324I,324,L,I,1.1237481,0.09367813
GLA_human,L324K,324,L,K,1.2258079,0.047902115
GLA_human,L324M,324,L,M,0.6762868,0.064955086
GLA_human,L324N,324,L,N,1.5047305,0.11254183
GLA_human,L324P,324,L,P,1.6014798,0.195156
GLA_human,L324Q,324,L,Q,1.4928106,0.06636267
GLA_human,L324R,324,L,R,1.2745075,0.04813221
GLA_human,L324S,324,L,S,0.90046805,0.113714814
GLA_human,G325A,325,G,A,0.47851372,0.049674843
GLA_human,G325C,325,G,C,0.5813816,0.10447373
GLA_human,G325D,325,G,D,2.045076,0.05641004
GLA_human,G325K,325,G,K,1.7330716,0.1008372
GLA_human,G325L,325,G,L,1.5543083,0.12754208
GLA_human,G325M,325,G,M,1.3943164,0.08717402
GLA_human,G325N,325,G,N,1.6522238,0.071232975
GLA_human,G325P,325,G,P,1.8948847,0.1182044
GLA_human,G325Q,325,G,Q,1.6420672,0.07891338
GLA_human,G325R,325,G,R,1.6415713,0.13489896
GLA_human,G325S,325,G,S,1.0201212,0.060408533
GLA_human,G325T,325,G,T,1.6477581,0.09720476
GLA_human,G325V,325,G,V,1.5437388,0.08892863
GLA_human,G325W,325,G,W,1.0663573,0.06703737
GLA_human,G325Y,325,G,Y,0.5801383,0.07436797
GLA_human,K326A,326,K,A,0.543115,0.14095347
GLA_human,K326C,326,K,C,0.55215895,0.14967115
GLA_human,K326D,326,K,D,1.7520329,0.12069004
GLA_human,K326E,326,K,E,1.2447695,0.061077464
GLA_human,K326F,326,K,F,0.91910094,0.10791089
GLA_human,K326G,326,K,G,1.3461773,0.19025756
GLA_human,K326H,326,K,H,0.9177701,0.06935717
GLA_human,K326I,326,K,I,0.55310327,0.109813206
GLA_human,K326L,326,K,L,0.42118153,0.0970882
GLA_human,K326M,326,K,M,0.25973004,0.04335909
GLA_human,K326N,326,K,N,1.5244474,0.07623647
GLA_human,K326P,326,K,P,2.5475533,0.1448871
GLA_human,K326Q,326,K,Q,0.70739776,0.034567058
GLA_human,K326R,326,K,R,0.030666914,0.053954974
GLA_human,K326S,326,K,S,0.88366014,0.096353896
GLA_human,K326T,326,K,T,1.3596929,0.12517963
GLA_human,K326V,326,K,V,1.0426848,0.16379671
GLA_human,K326W,326,K,W,0.90013313,0.09308539
GLA_human,K326Y,326,K,Y,1.016485,0.09095294
GLA_human,Q327A,327,Q,A,1.38376,0.09751191
GLA_human,Q327C,327,Q,C,1.0417135,0.15917099
GLA_human,Q327D,327,Q,D,1.766025,0.13402396
GLA_human,Q327E,327,Q,E,0.5157703,0.07810808
GLA_human,Q327F,327,Q,F,1.531538,0.06341563
GLA_human,Q327G,327,Q,G,1.7391865,0.12964155
GLA_human,Q327H,327,Q,H,1.01093,0.11491681
GLA_human,Q327I,327,Q,I,1.876234,0.1265305
GLA_human,Q327K,327,Q,K,1.5533084,0.100015946
GLA_human,Q327L,327,Q,L,1.9337603,0.091475055
GLA_human,Q327M,327,Q,M,-0.074812606,0.07364183
GLA_human,Q327N,327,Q,N,1.3934625,0.093823075
GLA_human,Q327P,327,Q,P,1.1089157,0.08479049
GLA_human,Q327R,327,Q,R,1.1177381,0.06661316
GLA_human,Q327S,327,Q,S,1.4290621,0.037367452
GLA_human,Q327T,327,Q,T,1.5214232,0.15130131
GLA_human,Q327V,327,Q,V,1.417742,0.1898828
GLA_human,Q327W,327,Q,W,1.5820801,0.084164664
GLA_human,Q327Y,327,Q,Y,1.7233158,0.086772576
GLA_human,G328A,328,G,A,0.78155947,0.11963347
GLA_human,G328C,328,G,C,1.1188595,0.03024571
GLA_human,G328D,328,G,D,2.69689,0.09721296
GLA_human,G328E,328,G,E,2.6746387,0.19542845
GLA_human,G328F,328,G,F,2.0705955,0.10567111
GLA_human,G328H,328,G,H,2.4679894,0.16936271
GLA_human,G328I,328,G,I,2.1460617,0.13173257
GLA_human,G328K,328,G,K,2.5922012,0.18176322
GLA_human,G328Q,328,G,Q,2.4459488,0.17425221
GLA_human,G328R,328,G,R,2.4060938,0.15844323
GLA_human,G328S,328,G,S,1.6666601,0.10139542
GLA_human,G328T,328,G,T,2.3367393,0.16820414
GLA_human,G328V,328,G,V,2.248386,0.13748689
GLA_human,G328W,328,G,W,1.1074636,0.20988403
GLA_human,G328Y,328,G,Y,1.9745617,0.16354927
GLA_human,Y329A,329,Y,A,2.045765,0.1721143
GLA_human,Y329C,329,Y,C,1.3816481,0.17083241
GLA_human,Y329D,329,Y,D,3.2822354,0.1138961
GLA_human,Y329E,329,Y,E,2.995129,0.13163555
GLA_human,Y329F,329,Y,F,0.8478592,0.07643101
GLA_human,Y329G,329,Y,G,2.5665061,0.17145292
GLA_human,Y329H,329,Y,H,1.589277,0.066577226
GLA_human,Y329I,329,Y,I,1.6757753,0.16176282
GLA_human,Y329K,329,Y,K,2.2458813,0.17982514
GLA_human,Y329L,329,Y,L,1.7284817,0.20787583
GLA_human,Y329M,329,Y,M,1.9198071,0.16270865
GLA_human,Y329N,329,Y,N,2.5937371,0.059984762
GLA_human,Y329P,329,Y,P,2.8783584,0.097240835
GLA_human,Y329Q,329,Y,Q,2.4231887,0.113046326
GLA_human,Y329R,329,Y,R,1.2180903,0.089806266
GLA_human,Y329S,329,Y,S,1.8855997,0.16764684
GLA_human,Y329T,329,Y,T,2.082661,0.119814724
GLA_human,Y329V,329,Y,V,1.796943,0.12625855
GLA_human,Y329W,329,Y,W,0.5445881,0.04037691
GLA_human,Q330A,330,Q,A,1.010667,0.19322066
GLA_human,Q330C,330,Q,C,0.01555756,0.093421526
GLA_human,Q330D,330,Q,D,1.0931314,0.07238899
GLA_human,Q330E,330,Q,E,0.23383537,0.042553935
GLA_human,Q330F,330,Q,F,0.53736126,0.12831974
GLA_human,Q330G,330,Q,G,1.9465411,0.2769865
GLA_human,Q330H,330,Q,H,0.7527557,0.07557896
GLA_human,Q330I,330,Q,I,1.136443,0.0899601
GLA_human,Q330K,330,Q,K,0.2371443,0.0616717
GLA_human,Q330L,330,Q,L,0.052627765,0.14687514
GLA_human,Q330M,330,Q,M,-0.12544978,0.0663516
GLA_human,Q330N,330,Q,N,0.77200586,0.065050945
GLA_human,Q330P,330,Q,P,1.6819661,0.04211267
GLA_human,Q330R,330,Q,R,0.0292274,0.0875312
GLA_human,Q330S,330,Q,S,1.206003,0.13523486
GLA_human,Q330T,330,Q,T,1.028283,0.09127038
GLA_human,Q330V,330,Q,V,1.1088326,0.07555684
GLA_human,Q330W,330,Q,W,0.78157014,0.15697393
GLA_human,Q330Y,330,Q,Y,1.2935019,0.17732082
GLA_human,R332A,332,R,A,0.5440811,0.072130874
GLA_human,R332C,332,R,C,0.002265796,0.043947324
GLA_human,R332D,332,R,D,1.455387,0.036520332
GLA_human,R332E,332,R,E,0.7718013,0.044803966
GLA_human,R332F,332,R,F,-0.19176127,0.033628266
GLA_human,R332G,332,R,G,1.0684698,0.18053983
GLA_human,R332H,332,R,H,0.3733759,0.07130431
GLA_human,R332I,332,R,I,0.46474472,0.11180079
GLA_human,R332K,332,R,K,0.52623296,0.12392544
GLA_human,R332L,332,R,L,0.18829866,0.05902276
GLA_human,R332M,332,R,M,-0.036001023,0.053660978
GLA_human,R332N,332,R,N,0.9119462,0.07291459
GLA_human,R332P,332,R,P,1.867327,0.22007652
GLA_human,R332Q,332,R,Q,0.44052824,0.03557279
GLA_human,R332S,332,R,S,0.37586585,0.04091859
GLA_human,R332T,332,R,T,0.5989709,0.06135635
GLA_human,R332V,332,R,V,0.8201529,0.13482082
GLA_human,R332W,332,R,W,-0.41180506,0.04801328
GLA_human,R332Y,332,R,Y,-0.300784,0.012066689
GLA_human,Q333A,333,Q,A,-0.15163329,0.1142235
GLA_human,Q333C,333,Q,C,-0.08980554,0.11521958
GLA_human,Q333D,333,Q,D,0.6129103,0.077314235
GLA_human,Q333E,333,Q,E,0.18717568,0.032342162
GLA_human,Q333F,333,Q,F,-0.22154078,0.06488331
GLA_human,Q333G,333,Q,G,0.6896309,0.22412902
GLA_human,Q333H,333,Q,H,0.26991606,0.035012424
GLA_human,Q333I,333,Q,I,0.18162397,0.008017912
GLA_human,Q333K,333,Q,K,-0.1632441,0.05806598
GLA_human,Q333L,333,Q,L,0.05197824,0.025126262
GLA_human,Q333M,333,Q,M,-0.103899695,0.03571117
GLA_human,Q333N,333,Q,N,0.34852475,0.043835375
GLA_human,Q333P,333,Q,P,2.290091,0.15996023
GLA_human,Q333R,333,Q,R,-0.08698428,0.04796188
GLA_human,Q333S,333,Q,S,-0.17603861,0.030509172
GLA_human,Q333T,333,Q,T,-0.03345311,0.040287476
GLA_human,Q333V,333,Q,V,0.12452992,0.0383655
GLA_human,Q333W,333,Q,W,-0.09734686,0.11152292
GLA_human,Q333Y,333,Q,Y,-0.2189816,0.0851647
GLA_human,G334A,334,G,A,0.6316174,0.07773631
GLA_human,G334C,334,G,C,0.040807534,0.043636028
GLA_human,G334D,334,G,D,0.1789051,0.083889514
GLA_human,G334E,334,G,E,-0.17222604,0.06634716
GLA_human,G334F,334,G,F,-0.010797502,0.045506205
GLA_human,G334H,334,G,H,0.041813936,0.05294525
GLA_human,G334I,334,G,I,0.28659594,0.077657916
GLA_human,G334K,334,G,K,0.4338588,0.12580906
GLA_human,G334L,334,G,L,0.30794477,0.10536773
GLA_human,G334M,334,G,M,0.32653627,0.0750201
GLA_human,G334N,334,G,N,0.28697285,0.102516614
GLA_human,G334P,334,G,P,1.6904835,0.16023098
GLA_human,G334Q,334,G,Q,0.06533595,0.045875974
GLA_human,G334W,334,G,W,0.24153557,0.04205612
GLA_human,G334Y,334,G,Y,0.05600974,0.037836164
GLA_human,D335A,335,D,A,0.78337383,0.11250833
GLA_human,D335C,335,D,C,0.42878237,0.100783914
GLA_human,D335E,335,D,E,0.4151949,0.03800422
GLA_human,D335F,335,D,F,0.57625955,0.08218852
GLA_human,D335G,335,D,G,0.22857177,0.120747216
GLA_human,D335H,335,D,H,0.47689086,0.06896283
GLA_human,D335I,335,D,I,1.0694218,0.16909988
GLA_human,D335K,335,D,K,0.9053939,0.0990723
GLA_human,D335L,335,D,L,0.60859185,0.060598325
GLA_human,D335M,335,D,M,0.39773756,0.049807735
GLA_human,D335N,335,D,N,0.20838313,0.05823356
GLA_human,D335P,335,D,P,1.4958525,0.22088817
GLA_human,D335Q,335,D,Q,0.3017458,0.030496437
GLA_human,D335R,335,D,R,0.72599494,0.05351625
GLA_human,D335S,335,D,S,0.5463699,0.116525896
GLA_human,D335T,335,D,T,1.23745,0.14952753
GLA_human,D335V,335,D,V,1.5537179,0.149498
GLA_human,D335W,335,D,W,0.556907,0.04622246
GLA_human,D335Y,335,D,Y,0.6063553,0.09757377
GLA_human,N336A,336,N,A,0.17630747,0.122414894
GLA_human,N336C,336,N,C,0.08921614,0.08897207
GLA_human,N336D,336,N,D,0.25597662,0.043452382
GLA_human,N336E,336,N,E,0.33698854,0.05387316
GLA_human,N336F,336,N,F,-0.18100874,0.11367285
GLA_human,N336G,336,N,G,0.61859065,0.20940654
GLA_human,N336H,336,N,H,0.19314656,0.04028388
GLA_human,N336I,336,N,I,0.36165756,0.1481553
GLA_human,N336K,336,N,K,0.29394487,0.053151354
GLA_human,N336L,336,N,L,-0.0071827485,0.08520794
GLA_human,N336M,336,N,M,-0.113068864,0.0877552
GLA_human,N336P,336,N,P,1.3987219,0.06801654
GLA_human,N336Q,336,N,Q,0.09330155,0.060220595
GLA_human,N336R,336,N,R,0.0975264,0.02333164
GLA_human,N336S,336,N,S,0.08246821,0.07538037
GLA_human,N336T,336,N,T,1.1797081,0.052495997
GLA_human,N336V,336,N,V,0.7346033,0.122792855
GLA_human,N336W,336,N,W,0.018793475,0.118709005
GLA_human,N336Y,336,N,Y,-0.17270672,0.10847865
GLA_human,F337A,337,F,A,2.2686481,0.099861965
GLA_human,F337C,337,F,C,1.6891034,0.24140674
GLA_human,F337D,337,F,D,2.6641128,0.14909926
GLA_human,F337E,337,F,E,2.180561,0.14108418
GLA_human,F337G,337,F,G,2.2645495,0.105959415
GLA_human,F337H,337,F,H,2.0018673,0.16289306
GLA_human,F337I,337,F,I,0.44850922,0.08924708
GLA_human,F337K,337,F,K,2.6175504,0.22075841
GLA_human,F337L,337,F,L,1.4929434,0.13743162
GLA_human,F337M,337,F,M,1.0254596,0.065950826
GLA_human,F337N,337,F,N,2.5666704,0.17929463
GLA_human,F337P,337,F,P,2.5343127,0.15206037
GLA_human,F337Q,337,F,Q,2.466236,0.20682208
GLA_human,F337R,337,F,R,2.249261,0.17504779
GLA_human,F337S,337,F,S,2.3705955,0.066780314
GLA_human,F337T,337,F,T,2.3601472,0.06018008
GLA_human,F337V,337,F,V,1.3253572,0.13661614
GLA_human,F337W,337,F,W,0.40654516,0.059703298
GLA_human,F337Y,337,F,Y,0.9028467,0.021789078
GLA_human,E338A,338,E,A,0.41180277,0.147712
GLA_human,E338C,338,E,C,0.3603252,0.18614268
GLA_human,E338D,338,E,D,0.47735137,0.10881535
GLA_human,E338F,338,E,F,0.8919948,0.03571821
GLA_human,E338G,338,E,G,1.4928881,0.30434385
GLA_human,E338H,338,E,H,1.0010009,0.10066134
GLA_human,E338I,338,E,I,1.0557392,0.09015877
GLA_human,E338K,338,E,K,1.349673,0.13956435
GLA_human,E338L,338,E,L,0.6594536,0.12116662
GLA_human,E338M,338,E,M,0.39477363,0.043798856
GLA_human,V339A,339,V,A,1.7347801,0.25670603
GLA_human,V339C,339,V,C,0.9679265,0.09474392
GLA_human,V339D,339,V,D,2.4605546,0.13485894
GLA_human,V339E,339,V,E,2.0275383,0.059321623
GLA_human,V339F,339,V,F,1.0969714,0.10122792
GLA_human,V339G,339,V,G,2.77562,0.31370097
GLA_human,V339H,339,V,H,2.2334847,0.11537302
GLA_human,V339I,339,V,I,0.25367492,0.059603874
GLA_human,V339K,339,V,K,2.2010512,0.12175181
GLA_human,W340A,340,W,A,3.2673008,0.28704786
GLA_human,W340C,340,W,C,2.3254786,0.18233672
GLA_human,W340D,340,W,D,3.838353,0.21318771
GLA_human,W340E,340,W,E,3.5276642,0.13324635
GLA_human,W340F,340,W,F,1.1933992,0.07666241
GLA_human,W340G,340,W,G,4.0417147,0.24088109
GLA_human,W340H,340,W,H,2.3927555,0.17198993
GLA_human,W340I,340,W,I,3.0402133,0.16190335
GLA_human,W340K,340,W,K,3.516758,0.22447738
GLA_human,W340L,340,W,L,2.9358556,0.16394532
GLA_human,W340M,340,W,M,2.5367112,0.12431912
GLA_human,W340N,340,W,N,3.611813,0.16205442
GLA_human,W340P,340,W,P,3.9414876,0.20833053
GLA_human,W340Q,340,W,Q,3.2722104,0.13401024
GLA_human,W340R,340,W,R,2.6417506,0.2174974
GLA_human,W340S,340,W,S,3.2771118,0.2457719
GLA_human,W340T,340,W,T,3.5675182,0.18765703
GLA_human,W340V,340,W,V,3.3543503,0.10171472
GLA_human,W340Y,340,W,Y,1.1129614,0.09295447
GLA_human,R342A,342,R,A,0.76883566,0.18371053
GLA_human,R342C,342,R,C,0.57111657,0.15380923
GLA_human,R342D,342,R,D,2.0519776,0.07318301
GLA_human,R342E,342,R,E,1.6789929,0.1057004
GLA_human,R342F,342,R,F,1.4537728,0.06475736
GLA_human,R342G,342,R,G,1.8746849,0.21109746
GLA_human,R342H,342,R,H,1.2826288,0.13603778
GLA_human,R342I,342,R,I,-0.038120165,0.06444289
GLA_human,R342K,342,R,K,-0.1255235,0.099162936
GLA_human,R342L,342,R,L,0.3092692,0.0698369
GLA_human,R342M,342,R,M,-0.045122474,0.05603926
GLA_human,R342N,342,R,N,1.7429823,0.06481675
GLA_human,R342P,342,R,P,2.0646214,0.1220685
GLA_human,R342Q,342,R,Q,0.95573246,0.09185199
GLA_human,R342S,342,R,S,1.2338121,0.12817577
GLA_human,R342T,342,R,T,0.7268613,0.058532804
GLA_human,R342V,342,R,V,0.24639896,0.08254163
GLA_human,R342W,342,R,W,1.2471312,0.09671235
GLA_human,R342Y,342,R,Y,0.95113724,0.054382503
GLA_human,P343A,343,P,A,1.0437213,0.17440833
GLA_human,P343C,343,P,C,0.9238802,0.038557876
GLA_human,P343D,343,P,D,1.5267129,0.070722766
GLA_human,P343E,343,P,E,0.62661743,0.04857317
GLA_human,P343F,343,P,F,0.6155063,0.14596626
GLA_human,P343G,343,P,G,1.5486811,0.18289968
GLA_human,P343H,343,P,H,0.80938184,0.08097689
GLA_human,P343I,343,P,I,1.0276506,0.11014738
GLA_human,P343L,343,P,L,0.90779686,0.14931181
GLA_human,P343M,343,P,M,0.7724729,0.10534628
GLA_human,P343N,343,P,N,1.2977812,0.09148538
GLA_human,P343Q,343,P,Q,0.40186048,0.04339797
GLA_human,P343R,343,P,R,0.58317304,0.10850598
GLA_human,P343S,343,P,S,1.0120198,0.035418563
GLA_human,P343T,343,P,T,1.1580535,0.05206411
GLA_human,P343V,343,P,V,1.2227296,0.07070995
GLA_human,P343W,343,P,W,0.72375184,0.10770802
GLA_human,P343Y,343,P,Y,0.60472167,0.119484276
GLA_human,S345A,345,S,A,-0.1817882,0.042827893
GLA_human,S345C,345,S,C,0.23426545,0.024622506
GLA_human,S345D,345,S,D,1.0061119,0.10635167
GLA_human,S345E,345,S,E,0.8168168,0.09948144
GLA_human,S345F,345,S,F,0.3322634,0.16310368
GLA_human,S345G,345,S,G,0.39296156,0.114869505
GLA_human,S345H,345,S,H,0.7243094,0.03962991
GLA_human,S345I,345,S,I,0.68239254,0.11545211
GLA_human,S345K,345,S,K,0.9823469,0.060478453
GLA_human,S345L,345,S,L,0.56307507,0.10790849
GLA_human,S345M,345,S,M,0.5123877,0.071132064
GLA_human,S345N,345,S,N,0.9976369,0.07299114
GLA_human,S345P,345,S,P,1.8559288,0.11716269
GLA_human,S345Q,345,S,Q,0.63890374,0.08898584
GLA_human,S345R,345,S,R,0.87247837,0.069720544
GLA_human,S345T,345,S,T,0.3821271,0.04878989
GLA_human,S345V,345,S,V,0.4856789,0.09974919
GLA_human,S345W,345,S,W,0.39786506,0.172936
GLA_human,S345Y,345,S,Y,0.39373976,0.16276278
GLA_human,G346A,346,G,A,0.9602066,0.05330769
GLA_human,G346C,346,G,C,0.6943734,0.07079759
GLA_human,G346D,346,G,D,0.5444253,0.10593979
GLA_human,G346E,346,G,E,0.6469565,0.1306676
GLA_human,G346F,346,G,F,0.43238735,0.15328433
GLA_human,G346H,346,G,H,0.3359278,0.10683801
GLA_human,G346I,346,G,I,1.2388884,0.14652501
GLA_human,G346K,346,G,K,0.47889718,0.08917124
GLA_human,G346L,346,G,L,0.6066386,0.11811637
GLA_human,G346M,346,G,M,0.6411303,0.11951205
GLA_human,G346N,346,G,N,0.3616869,0.11695484
GLA_human,G346P,346,G,P,2.3219275,0.22490649
GLA_human,G346Q,346,G,Q,0.6092721,0.12313571
GLA_human,G346R,346,G,R,0.50455844,0.089236595
GLA_human,G346S,346,G,S,0.68405604,0.08443527
GLA_human,G346T,346,G,T,1.4524621,0.0965105
GLA_human,G346V,346,G,V,1.5192478,0.11617487
GLA_human,G346W,346,G,W,0.47452345,0.12093287
GLA_human,A348C,348,A,C,0.33528,0.14279103
GLA_human,A348D,348,A,D,1.288321,0.14924486
GLA_human,A348E,348,A,E,0.67767227,0.05955734
GLA_human,A348F,348,A,F,0.36619115,0.18080069
GLA_human,A348G,348,A,G,1.1792037,0.16868122
GLA_human,A348H,348,A,H,0.85370827,0.13603123
GLA_human,A348I,348,A,I,0.15736423,0.17027228
GLA_human,A348K,348,A,K,0.05128488,0.07968658
GLA_human,A348L,348,A,L,0.45849332,0.21187383
GLA_human,A348M,348,A,M,0.08092604,0.12752718
GLA_human,A348N,348,A,N,1.0425322,0.21233836
GLA_human,A348P,348,A,P,2.005278,0.20274404
GLA_human,A348Q,348,A,Q,0.3585309,0.068208516
GLA_human,A348R,348,A,R,-0.102994956,0.051362477
GLA_human,A348S,348,A,S,0.37144578,0.07529557
GLA_human,A348T,348,A,T,0.8277299,0.16195054
GLA_human,A348V,348,A,V,0.21659088,0.1546363
GLA_human,A348W,348,A,W,0.5588772,0.07219725
GLA_human,A348Y,348,A,Y,0.32324785,0.12832628
GLA_human,W349A,349,W,A,2.2841911,0.23564287
GLA_human,W349C,349,W,C,1.4725621,0.19599342
GLA_human,W349D,349,W,D,2.9515233,0.16375016
GLA_human,W349E,349,W,E,2.5241256,0.16829978
GLA_human,W349F,349,W,F,0.5413442,0.03603998
GLA_human,W349G,349,W,G,2.9149394,0.1429746
GLA_human,W349H,349,W,H,1.7948614,0.055257283
GLA_human,W349I,349,W,I,2.2808459,0.08530085
GLA_human,W349K,349,W,K,2.8133767,0.22312179
GLA_human,W349L,349,W,L,1.819751,0.08501313
GLA_human,W349M,349,W,M,1.8849329,0.11589677
GLA_human,W349N,349,W,N,2.793552,0.110094
GLA_human,W349P,349,W,P,3.1855397,0.17808914
GLA_human,W349Q,349,W,Q,2.438858,0.15991814
GLA_human,W349R,349,W,R,1.9200634,0.1497842
GLA_human,W349S,349,W,S,2.405007,0.16015834
GLA_human,W349T,349,W,T,2.1866245,0.05846965
GLA_human,W349V,349,W,V,2.0105138,0.035659015
GLA_human,W349Y,349,W,Y,0.5487766,0.048355374
GLA_human,A350C,350,A,C,1.0617278,0.17054299
GLA_human,A350D,350,A,D,2.7743015,0.19972908
GLA_human,A350E,350,A,E,2.328055,0.24985494
GLA_human,A350F,350,A,F,2.3299294,0.32602233
GLA_human,A350G,350,A,G,1.1817182,0.14307305
GLA_human,A350H,350,A,H,2.7067318,0.21860868
GLA_human,A350I,350,A,I,1.2487694,0.22187915
GLA_human,A350K,350,A,K,3.1145914,0.23241091
GLA_human,A350L,350,A,L,1.6986811,0.28350237
GLA_human,A350M,350,A,M,1.967077,0.33560658
GLA_human,A350N,350,A,N,2.8104873,0.24133669
GLA_human,A350P,350,A,P,2.9701087,0.34600225
GLA_human,A350Q,350,A,Q,2.6869733,0.3039267
GLA_human,A350R,350,A,R,2.686254,0.28543353
GLA_human,A350S,350,A,S,0.94896984,0.110710636
GLA_human,A350T,350,A,T,2.007996,0.29043272
GLA_human,A350V,350,A,V,1.4080502,0.32271576
GLA_human,A350W,350,A,W,2.474334,0.24302797
GLA_human,A350Y,350,A,Y,2.0957162,0.32754555
GLA_human,A352C,352,A,C,0.614977,0.17904933
GLA_human,A352D,352,A,D,2.466589,0.29145637
GLA_human,A352E,352,A,E,2.3702588,0.2202264
GLA_human,A352F,352,A,F,1.3382088,0.22882125
GLA_human,A352G,352,A,G,1.0469167,0.10841525
GLA_human,A352H,352,A,H,2.793285,0.2068183
GLA_human,A352I,352,A,I,1.4934767,0.29955986
GLA_human,A352K,352,A,K,2.9674702,0.24735251
GLA_human,A352L,352,A,L,0.9590376,0.19665024
GLA_human,A352M,352,A,M,1.1125138,0.2230331
GLA_human,A352N,352,A,N,2.416776,0.316652
GLA_human,A352P,352,A,P,2.9204926,0.39856085
GLA_human,A352Q,352,A,Q,1.9592493,0.1752856
GLA_human,A352R,352,A,R,3.0919566,0.21344961
GLA_human,A352S,352,A,S,0.7949767,0.11102644
GLA_human,A352T,352,A,T,1.8791167,0.35112578
GLA_human,A352V,352,A,V,1.5205066,0.34902024
GLA_human,A352W,352,A,W,1.5319828,0.17654774
GLA_human,A352Y,352,A,Y,1.6269102,0.24255708
GLA_human,I354A,354,I,A,1.1456656,0.11258187
GLA_human,I354C,354,I,C,0.69341177,0.12158674
GLA_human,I354D,354,I,D,1.4139359,0.049967606
GLA_human,I354E,354,I,E,1.3102324,0.05561205
GLA_human,I354F,354,I,F,-0.1926187,0.06540925
GLA_human,I354G,354,I,G,2.2372577,0.18711138
GLA_human,I354H,354,I,H,0.2309833,0.0787698
GLA_human,I354K,354,I,K,1.2013571,0.06117913
GLA_human,I354L,354,I,L,-0.07815419,0.06894349
GLA_human,I354M,354,I,M,-0.03916714,0.036034945
GLA_human,I354N,354,I,N,1.4208397,0.0966505
GLA_human,I354P,354,I,P,1.6937336,0.12707588
GLA_human,I354Q,354,I,Q,1.2461468,0.08700029
GLA_human,I354R,354,I,R,0.87326354,0.08099418
GLA_human,I354S,354,I,S,1.374474,0.11813831
GLA_human,I354T,354,I,T,0.8280325,0.070846744
GLA_human,I354V,354,I,V,0.042925492,0.037179567
GLA_human,I354W,354,I,W,0.1762879,0.0788921
GLA_human,I354Y,354,I,Y,-0.0591288,0.110453255
GLA_human,N355A,355,N,A,1.8807703,0.18082395
GLA_human,N355C,355,N,C,0.44328985,0.10401582
GLA_human,N355D,355,N,D,0.48712063,0.043853916
GLA_human,N355E,355,N,E,1.8362248,0.07632923
GLA_human,N355F,355,N,F,0.84260577,0.15506962
GLA_human,N355G,355,N,G,2.0327287,0.31407818
GLA_human,N355H,355,N,H,1.1021029,0.06876748
GLA_human,N355I,355,N,I,2.6380153,0.23256873
GLA_human,N355K,355,N,K,2.2613206,0.118582346
GLA_human,N355L,355,N,L,0.7020949,0.095175326
GLA_human,N355M,355,N,M,1.3153751,0.10954671
GLA_human,N355P,355,N,P,2.9271617,0.17870502
GLA_human,N355Q,355,N,Q,1.1278428,0.076158114
GLA_human,N355R,355,N,R,2.0948884,0.16150314
GLA_human,N355S,355,N,S,1.2232982,0.099622995
GLA_human,N355T,355,N,T,2.1460044,0.12468463
GLA_human,N355V,355,N,V,2.0737772,0.08965495
GLA_human,N355W,355,N,W,1.8734207,0.17761497
GLA_human,N355Y,355,N,Y,0.92256224,0.19863291
GLA_human,R356A,356,R,A,0.96794164,0.18287179
GLA_human,R356C,356,R,C,0.33574623,0.13138632
GLA_human,R356D,356,R,D,0.9677824,0.06312173
GLA_human,R356E,356,R,E,1.226507,0.16305949
GLA_human,R356F,356,R,F,0.055520795,0.05737844
GLA_human,R356G,356,R,G,1.435317,0.23552038
GLA_human,R356H,356,R,H,0.853762,0.10605426
GLA_human,R356I,356,R,I,0.7464487,0.046222094
GLA_human,R356K,356,R,K,0.85894805,0.091409415
GLA_human,R356L,356,R,L,0.30872014,0.044603016
GLA_human,R356M,356,R,M,0.2176034,0.08282556
GLA_human,R356N,356,R,N,0.8092068,0.056603044
GLA_human,R356P,356,R,P,1.7696301,0.1382223
GLA_human,R356Q,356,R,Q,1.1383405,0.090685844
GLA_human,R356S,356,R,S,0.9085108,0.1607863
GLA_human,R356T,356,R,T,0.80336535,0.10658835
GLA_human,R356W,356,R,W,0.09887935,0.04219382
GLA_human,R356Y,356,R,Y,0.40250593,0.022333093
GLA_human,Q357A,357,Q,A,0.39975673,0.093988284
GLA_human,Q357C,357,Q,C,-0.090353146,0.09895793
GLA_human,Q357D,357,Q,D,0.51176536,0.06766241
GLA_human,Q357E,357,Q,E,0.41475147,0.057108447
GLA_human,Q357F,357,Q,F,0.5914542,0.12727208
GLA_human,Q357G,357,Q,G,1.0643913,0.24227414
GLA_human,Q357H,357,Q,H,0.65726644,0.05990971
GLA_human,Q357I,357,Q,I,0.7610904,0.04285467
GLA_human,Q357K,357,Q,K,0.33529216,0.04486339
GLA_human,Q357L,357,Q,L,-0.004434666,0.056530785
GLA_human,Q357M,357,Q,M,-0.066128954,0.0336419
GLA_human,Q357N,357,Q,N,0.6967653,0.030671885
GLA_human,Q357P,357,Q,P,2.3091836,0.08058529
GLA_human,Q357R,357,Q,R,-0.021937218,0.07292274
GLA_human,Q357S,357,Q,S,0.16799721,0.051770918
GLA_human,Q357T,357,Q,T,0.433953,0.05837673
GLA_human,Q357V,357,Q,V,0.9588312,0.07998816
GLA_human,Q357W,357,Q,W,0.6740221,0.1389958
GLA_human,Q357Y,357,Q,Y,0.56652206,0.14480057
GLA_human,I359A,359,I,A,0.48090425,0.08615511
GLA_human,I359C,359,I,C,0.25814694,0.038898878
GLA_human,I359D,359,I,D,0.6749451,0.11753025
GLA_human,I359E,359,I,E,0.69054157,0.1328534
GLA_human,I359F,359,I,F,0.11061908,0.059897557
GLA_human,I359G,359,I,G,0.50680894,0.16649956
GLA_human,I359H,359,I,H,0.5619372,0.058101114
GLA_human,I359K,359,I,K,0.61884505,0.078142166
GLA_human,I359L,359,I,L,0.13729295,0.036015905
GLA_human,I359M,359,I,M,0.15838411,0.058260024
GLA_human,I359N,359,I,N,0.83059424,0.09145105
GLA_human,I359P,359,I,P,0.44317952,0.0771615
GLA_human,I359Q,359,I,Q,0.81883985,0.1110116
GLA_human,I359R,359,I,R,0.42778167,0.04399184
GLA_human,I359S,359,I,S,0.5141711,0.094552994
GLA_human,I359T,359,I,T,0.76506263,0.06558794
GLA_human,I359V,359,I,V,0.17041889,0.02209931
GLA_human,I359W,359,I,W,0.17480707,0.092585094
GLA_human,I359Y,359,I,Y,0.23509891,0.05791029
GLA_human,G360E,360,G,E,1.6541979,0.049572542
GLA_human,G360F,360,G,F,1.0769743,0.062070254
GLA_human,G360H,360,G,H,1.378719,0.05906319
GLA_human,G360I,360,G,I,1.5674298,0.03896402
GLA_human,G360K,360,G,K,1.6737124,0.08082823
GLA_human,G360L,360,G,L,1.5251503,0.04732316
GLA_human,G360M,360,G,M,1.3828224,0.084089346
GLA_human,G360N,360,G,N,1.3915088,0.08288399
GLA_human,G360P,360,G,P,1.5553312,0.072691165
GLA_human,G360Q,360,G,Q,1.4827149,0.03257649
GLA_human,G360R,360,G,R,1.588134,0.060685225
GLA_human,G360S,360,G,S,1.1221982,0.02336666
GLA_human,G360T,360,G,T,1.5599331,0.067940086
GLA_human,G360V,360,G,V,1.6427896,0.04947765
GLA_human,G360W,360,G,W,1.4148104,0.09073789
GLA_human,G360Y,360,G,Y,1.1542542,0.08222452
GLA_human,G361A,361,G,A,1.1993654,0.12570423
GLA_human,G361C,361,G,C,0.55312645,0.0666494
GLA_human,G361D,361,G,D,1.3892151,0.09728874
GLA_human,G361E,361,G,E,1.3253567,0.1366305
GLA_human,G361F,361,G,F,0.7038969,0.13192883
GLA_human,G361H,361,G,H,0.8286271,0.11249082
GLA_human,G361I,361,G,I,1.4586118,0.20046827
GLA_human,G361K,361,G,K,1.249379,0.1741396
GLA_human,G361L,361,G,L,1.5950855,0.20249613
GLA_human,G361M,361,G,M,1.046537,0.18314976
GLA_human,G361N,361,G,N,1.3982241,0.14200118
GLA_human,G361P,361,G,P,0.7401825,0.095005415
GLA_human,G361Q,361,G,Q,1.1715894,0.128001
GLA_human,G361R,361,G,R,1.2166094,0.21486406
GLA_human,G361S,361,G,S,1.0987027,0.10106494
GLA_human,G361T,361,G,T,1.4296204,0.089107156
GLA_human,G361V,361,G,V,1.3465313,0.1653112
GLA_human,G361W,361,G,W,0.80251646,0.14677437
GLA_human,G361Y,361,G,Y,0.7496811,0.15481329
GLA_human,P362A,362,P,A,0.2497263,0.17879613
GLA_human,P362C,362,P,C,0.73976743,0.11083664
GLA_human,P362D,362,P,D,0.8225306,0.08077466
GLA_human,R363A,363,R,A,1.6760321,0.14665325
GLA_human,R363C,363,R,C,1.4764321,0.10618726
GLA_human,R363D,363,R,D,2.465116,0.049736906
GLA_human,R363E,363,R,E,2.0942369,0.10462156
GLA_human,R363F,363,R,F,1.7658455,0.05982393
GLA_human,R363G,363,R,G,1.7114818,0.22045289
GLA_human,R363H,363,R,H,1.8704036,0.13338926
GLA_human,R363I,363,R,I,1.8024553,0.11417707
GLA_human,R363K,363,R,K,1.8587898,0.09168315
GLA_human,R363L,363,R,L,1.3408148,0.120018214
GLA_human,R363M,363,R,M,1.4146258,0.11656236
GLA_human,S364A,364,S,A,-0.2209712,0.032391682
GLA_human,S364C,364,S,C,-0.016354952,0.026881695
GLA_human,S364D,364,S,D,-0.2199086,0.06718724
GLA_human,S364E,364,S,E,0.007406704,0.08119606
GLA_human,S364F,364,S,F,-0.23776254,0.06902732
GLA_human,S364G,364,S,G,0.27091965,0.09322093
GLA_human,S364H,364,S,H,0.22543354,0.062090244
GLA_human,S364I,364,S,I,-0.020613018,0.094530426
GLA_human,S364K,364,S,K,0.98514855,0.14159702
GLA_human,S364L,364,S,L,-0.31039172,0.089593805
GLA_human,S364M,364,S,M,0.0065199756,0.064434044
GLA_human,S364N,364,S,N,0.4707086,0.096181
GLA_human,S364P,364,S,P,0.6773691,0.13702433
GLA_human,S364Q,364,S,Q,0.24115796,0.08635353
GLA_human,S364R,364,S,R,0.73049754,0.086291805
GLA_human,S364T,364,S,T,-0.0361258,0.07595365
GLA_human,S364V,364,S,V,-0.13768105,0.09426642
GLA_human,S364W,364,S,W,-0.3606692,0.06465377
GLA_human,S364Y,364,S,Y,-0.25929755,0.07501781
GLA_human,Y365A,365,Y,A,1.6027386,0.2054452
GLA_human,Y365C,365,Y,C,0.8768425,0.19883999
GLA_human,Y365D,365,Y,D,2.47902,0.07113459
GLA_human,Y365E,365,Y,E,2.3872166,0.08539901
GLA_human,Y365F,365,Y,F,0.05707566,0.03315201
GLA_human,Y365G,365,Y,G,2.3521783,0.09293753
GLA_human,Y365H,365,Y,H,1.3343695,0.06290535
GLA_human,Y365I,365,Y,I,1.2637925,0.025763638
GLA_human,Y365K,365,Y,K,2.1160958,0.13459414
GLA_human,Y365L,365,Y,L,0.6261577,0.09292007
GLA_human,Y365M,365,Y,M,1.3472271,0.15786667
GLA_human,Y365N,365,Y,N,2.274217,0.06418167
GLA_human,Y365P,365,Y,P,2.6051402,0.12340194
GLA_human,Y365Q,365,Y,Q,2.24435,0.12425271
GLA_human,Y365R,365,Y,R,1.662249,0.097231716
GLA_human,Y365S,365,Y,S,1.8275524,0.17214331
GLA_human,Y365T,365,Y,T,1.9015061,0.0631905
GLA_human,Y365V,365,Y,V,1.733057,0.04369558
GLA_human,Y365W,365,Y,W,0.69650733,0.02158412
GLA_human,T366A,366,T,A,0.7092546,0.11706257
GLA_human,T366C,366,T,C,0.5108717,0.10346217
GLA_human,T366D,366,T,D,0.25999677,0.092544325
GLA_human,T366E,366,T,E,0.23596248,0.021339554
GLA_human,T366F,366,T,F,0.2848649,0.074959055
GLA_human,T366G,366,T,G,1.3086426,0.20143338
GLA_human,T366H,366,T,H,1.0981814,0.06153976
GLA_human,T366I,366,T,I,0.21889246,0.048901472
GLA_human,T366K,366,T,K,1.1313884,0.08353171
GLA_human,T366L,366,T,L,0.3894899,0.085327074
GLA_human,T366M,366,T,M,0.34518647,0.07815908
GLA_human,T366N,366,T,N,0.9695241,0.035100393
GLA_human,T366P,366,T,P,1.3139634,0.14128563
GLA_human,T366Q,366,T,Q,0.81049407,0.100119345
GLA_human,T366R,366,T,R,0.8508978,0.07580212
GLA_human,T366S,366,T,S,0.48707932,0.10988753
GLA_human,T366V,366,T,V,0.085205,0.06795194
GLA_human,T366W,366,T,W,0.0914074,0.053120177
GLA_human,T366Y,366,T,Y,0.29262128,0.07925509
GLA_human,I367A,367,I,A,1.4397429,0.061158378
GLA_human,I367C,367,I,C,0.70209837,0.09353671
GLA_human,I367D,367,I,D,2.4534318,0.10296577
GLA_human,I367E,367,I,E,1.2829015,0.1434034
GLA_human,I367F,367,I,F,0.13036498,0.062390137
GLA_human,I367G,367,I,G,2.488886,0.12181474
GLA_human,I367H,367,I,H,1.867238,0.13796853
GLA_human,I367K,367,I,K,2.28974,0.09916882
GLA_human,I367L,367,I,L,-0.07082383,0.088575326
GLA_human,I367M,367,I,M,0.12595527,0.07124657
GLA_human,I367N,367,I,N,2.3364315,0.12504333
GLA_human,I367P,367,I,P,2.0799885,0.15525436
GLA_human,I367Q,367,I,Q,1.6917607,0.10486731
GLA_human,I367R,367,I,R,2.179694,0.14098771
GLA_human,I367S,367,I,S,1.9682966,0.04679796
GLA_human,I367T,367,I,T,1.1164633,0.09766002
GLA_human,I367V,367,I,V,0.2566124,0.02876485
GLA_human,I367W,367,I,W,0.7192693,0.1345243
GLA_human,I367Y,367,I,Y,0.9060365,0.07831272
GLA_human,A368C,368,A,C,0.13416883,0.05584218
GLA_human,A368D,368,A,D,0.22447006,0.12436474
GLA_human,A368E,368,A,E,-0.057343185,0.06734445
GLA_human,A368F,368,A,F,0.05798977,0.086422205
GLA_human,A368G,368,A,G,0.4896298,0.072206646
GLA_human,A368H,368,A,H,0.17156106,0.07836152
GLA_human,A368I,368,A,I,0.19207136,0.06036435
GLA_human,A368K,368,A,K,0.30600426,0.10379772
GLA_human,A368L,368,A,L,0.04470064,0.05682707
GLA_human,A368M,368,A,M,0.11007706,0.06616998
GLA_human,A368N,368,A,N,0.47625628,0.11527305
GLA_human,A368P,368,A,P,0.42970198,0.14983198
GLA_human,A368Q,368,A,Q,0.17983834,0.06694029
GLA_human,A368R,368,A,R,0.32554945,0.052863218
GLA_human,A368S,368,A,S,0.20120208,0.08916067
GLA_human,A368T,368,A,T,0.57061946,0.10880069
GLA_human,A368V,368,A,V,0.29729718,0.08005315
GLA_human,A368W,368,A,W,0.020371864,0.06808165
GLA_human,A368Y,368,A,Y,0.07603453,0.088415205
GLA_human,A370C,370,A,C,-0.10749266,0.06284696
GLA_human,A370D,370,A,D,0.5439968,0.08910801
GLA_human,A370E,370,A,E,0.1272309,0.027321644
GLA_human,A370F,370,A,F,-0.12204033,0.12323389
GLA_human,A370G,370,A,G,0.91778773,0.15077826
GLA_human,A370H,370,A,H,-0.051927216,0.078266725
GLA_human,A370I,370,A,I,0.30830556,0.08583526
GLA_human,A370K,370,A,K,0.20548077,0.033612553
GLA_human,A370L,370,A,L,0.42274123,0.045728657
GLA_human,A370M,370,A,M,-0.08473686,0.030595863
GLA_human,A370N,370,A,N,0.28912994,0.071613275
GLA_human,A370P,370,A,P,1.3049265,0.2355478
GLA_human,A370Q,370,A,Q,-0.006678513,0.0320903
GLA_human,A370R,370,A,R,0.12122722,0.079143
GLA_human,A370S,370,A,S,0.020870028,0.07010254
GLA_human,A370T,370,A,T,0.69459796,0.122537486
GLA_human,A370V,370,A,V,0.44952494,0.105503425
GLA_human,A370W,370,A,W,-0.08526014,0.14508927
GLA_human,A370Y,370,A,Y,-0.055278957,0.13160224
GLA_human,S371A,371,S,A,0.09398444,0.047025025
GLA_human,S371C,371,S,C,0.15142575,0.054463487
GLA_human,S371D,371,S,D,0.3599785,0.11180172
GLA_human,S371E,371,S,E,0.19452098,0.08696521
GLA_human,S371F,371,S,F,0.3659068,0.06003892
GLA_human,S371G,371,S,G,0.4727816,0.11064296
GLA_human,S371H,371,S,H,0.47262627,0.04155872
GLA_human,S371I,371,S,I,0.03698299,0.08070545
GLA_human,S371K,371,S,K,1.0899546,0.12837428
GLA_human,S371L,371,S,L,0.21423168,0.075742126
GLA_human,S371M,371,S,M,0.27866298,0.05159296
GLA_human,S371N,371,S,N,0.7265544,0.10729247
GLA_human,S371P,371,S,P,0.4515544,0.11770296
GLA_human,S371Q,371,S,Q,0.33432978,0.090629324
GLA_human,S371R,371,S,R,0.91176283,0.064840145
GLA_human,S371T,371,S,T,0.24176565,0.031671852
GLA_human,S371V,371,S,V,0.19363311,0.07797722
GLA_human,S371W,371,S,W,0.27703673,0.08437872
GLA_human,S371Y,371,S,Y,0.32023403,0.06782589
GLA_human,G373A,373,G,A,1.2928019,0.06460776
GLA_human,G373C,373,G,C,1.2986863,0.14816496
GLA_human,G373D,373,G,D,2.4555001,0.12006425
GLA_human,G373E,373,G,E,2.4200807,0.0738855
GLA_human,G373F,373,G,F,1.1787701,0.11287278
GLA_human,G373H,373,G,H,1.7221644,0.09133053
GLA_human,G373I,373,G,I,1.7051462,0.061288625
GLA_human,G373K,373,G,K,2.486547,0.05435518
GLA_human,G373L,373,G,L,1.6654009,0.07698211
GLA_human,G373M,373,G,M,1.7573382,0.054020125
GLA_human,G373N,373,G,N,2.422196,0.132755
GLA_human,G373P,373,G,P,2.491403,0.12369793
GLA_human,G373Q,373,G,Q,2.3111086,0.10365963
GLA_human,G373R,373,G,R,2.062093,0.049476605
GLA_human,G373S,373,G,S,1.3657777,0.06057519
GLA_human,G373T,373,G,T,2.1454387,0.102248184
GLA_human,G373V,373,G,V,1.8900576,0.09857646
GLA_human,G373W,373,G,W,0.9829944,0.091919236
GLA_human,G373Y,373,G,Y,0.9186808,0.100001626
GLA_human,K374A,374,K,A,0.033681657,0.065783
GLA_human,K374C,374,K,C,0.03477108,0.05152159
GLA_human,K374E,374,K,E,0.31929284,0.030346183
GLA_human,K374F,374,K,F,-0.19728419,0.046170827
GLA_human,K374G,374,K,G,0.041958317,0.087674476
GLA_human,K374H,374,K,H,-0.020448964,0.025799759
GLA_human,K374I,374,K,I,0.34634036,0.02488956
GLA_human,K374L,374,K,L,0.08059989,0.040486906
GLA_human,K374M,374,K,M,0.018523484,0.03608019
GLA_human,K374N,374,K,N,0.32231045,0.058086462
GLA_human,K374P,374,K,P,0.7119745,0.121299624
GLA_human,K374Q,374,K,Q,0.07286115,0.027990544
GLA_human,K374R,374,K,R,-0.17022069,0.037045553
GLA_human,K374S,374,K,S,0.11413183,0.031878263
GLA_human,K374T,374,K,T,0.36251387,0.057642236
GLA_human,G375A,375,G,A,0.9152274,0.059394866
GLA_human,G375C,375,G,C,0.45158935,0.08096304
GLA_human,G375D,375,G,D,1.2563467,0.11860026
GLA_human,G375E,375,G,E,1.2272584,0.08383085
GLA_human,G375F,375,G,F,0.4255348,0.041326676
GLA_human,G375H,375,G,H,0.59641355,0.024927245
GLA_human,G375I,375,G,I,0.85359114,0.09136695
GLA_human,G375K,375,G,K,1.1077322,0.039199647
GLA_human,G375L,375,G,L,0.9445974,0.071032725
GLA_human,G375M,375,G,M,0.85179317,0.049074735
GLA_human,G375N,375,G,N,0.9920031,0.07506829
GLA_human,G375P,375,G,P,1.4346225,0.12446839
GLA_human,G375Q,375,G,Q,1.0419842,0.06828926
GLA_human,G375R,375,G,R,0.92213756,0.0385772
GLA_human,G375S,375,G,S,0.49070054,0.067185245
GLA_human,G375T,375,G,T,1.1462082,0.09538428
GLA_human,G375V,375,G,V,0.85188055,0.07868448
GLA_human,G375W,375,G,W,0.4076132,0.051973198
GLA_human,G375Y,375,G,Y,0.33723432,0.049194396
GLA_human,A377C,377,A,C,0.5056671,0.16609563
GLA_human,A377D,377,A,D,2.1965938,0.09380012
GLA_human,A377E,377,A,E,2.4249816,0.08341435
GLA_human,A377F,377,A,F,1.2104095,0.06087949
GLA_human,A377G,377,A,G,1.169053,0.11682241
GLA_human,A377H,377,A,H,1.9426692,0.06799984
GLA_human,A377I,377,A,I,1.6299722,0.1154431
GLA_human,A377K,377,A,K,2.3410656,0.06378826
GLA_human,A377L,377,A,L,1.6628082,0.090320595
GLA_human,A377M,377,A,M,1.5941646,0.08231655
GLA_human,A377N,377,A,N,1.9326513,0.09682699
GLA_human,A377P,377,A,P,1.715326,0.23072314
GLA_human,A377Q,377,A,Q,2.2910347,0.07757552
GLA_human,A377R,377,A,R,2.2839637,0.08606266
GLA_human,A377S,377,A,S,1.1237056,0.045289937
GLA_human,A377T,377,A,T,1.5780233,0.19857006
GLA_human,A377V,377,A,V,0.8362547,0.18106289
GLA_human,A377W,377,A,W,1.5409935,0.11755864
GLA_human,A377Y,377,A,Y,1.6717625,0.06312404
GLA_human,C378A,378,C,A,1.5634706,0.1796412
GLA_human,C378D,378,C,D,2.566383,0.14260179
GLA_human,N379A,379,N,A,0.44218826,0.14599381
GLA_human,N379C,379,N,C,-0.07651377,0.10562669
GLA_human,N379D,379,N,D,0.26078463,0.041575983
GLA_human,N379E,379,N,E,0.49942112,0.067649156
GLA_human,N379F,379,N,F,-0.08741404,0.096051194
GLA_human,N379G,379,N,G,0.9794389,0.16884139
GLA_human,N379H,379,N,H,0.45786062,0.032362718
GLA_human,N379I,379,N,I,0.27162856,0.07640984
GLA_human,N379K,379,N,K,0.16150941,0.012026825
GLA_human,N379L,379,N,L,-0.1805975,0.07204899
GLA_human,N379M,379,N,M,-0.059873134,0.06967425
GLA_human,N379P,379,N,P,1.3274505,0.1556975
GLA_human,N379Q,379,N,Q,0.16072698,0.05093508
GLA_human,N379R,379,N,R,0.07067865,0.033637732
GLA_human,N379S,379,N,S,0.20136437,0.068079
GLA_human,N379T,379,N,T,0.92179346,0.08655642
GLA_human,N379V,379,N,V,0.60181403,0.09063636
GLA_human,N379W,379,N,W,-0.1865934,0.10162334
GLA_human,N379Y,379,N,Y,-0.010761621,0.09576889
GLA_human,A381C,381,A,C,0.45339817,0.11052011
GLA_human,A381D,381,A,D,1.4450994,0.10273766
GLA_human,A381E,381,A,E,1.4257767,0.11960073
GLA_human,A381F,381,A,F,0.6830913,0.14056826
GLA_human,A381G,381,A,G,0.21803042,0.09146147
GLA_human,A381H,381,A,H,1.1731374,0.14725871
GLA_human,A381I,381,A,I,0.7039701,0.12343758
GLA_human,A381K,381,A,K,1.4308581,0.15646593
GLA_human,A381L,381,A,L,0.5936589,0.13373704
GLA_human,A381M,381,A,M,0.7404934,0.14454488
GLA_human,A381N,381,A,N,1.4647253,0.10698273
GLA_human,A381P,381,A,P,1.382639,0.08603034
GLA_human,A381Q,381,A,Q,1.3994896,0.1636632
GLA_human,A381R,381,A,R,1.0832319,0.08862244
GLA_human,A381S,381,A,S,0.44961724,0.07112636
GLA_human,A381T,381,A,T,1.4337109,0.17768002
GLA_human,A381V,381,A,V,0.75369215,0.12937103
GLA_human,A381Y,381,A,Y,0.64206207,0.11864825
GLA_human,F383A,383,F,A,1.3596958,0.17850165
GLA_human,F383C,383,F,C,0.3308198,0.059155874
GLA_human,F383D,383,F,D,1.4470627,0.12905502
GLA_human,F383E,383,F,E,1.1100419,0.14014933
GLA_human,F383G,383,F,G,1.9179503,0.2724241
GLA_human,F383H,383,F,H,0.6339978,0.04190525
GLA_human,F383I,383,F,I,0.2372806,0.055248022
GLA_human,F383K,383,F,K,1.189139,0.20114137
GLA_human,F383L,383,F,L,0.41684937,0.036446236
GLA_human,F383M,383,F,M,0.25261813,0.073690906
GLA_human,F383N,383,F,N,0.92328346,0.047424972
GLA_human,F383P,383,F,P,1.6217811,0.050319035
GLA_human,F383Q,383,F,Q,0.8007312,0.060477227
GLA_human,F383R,383,F,R,1.0710121,0.205184
GLA_human,F383S,383,F,S,1.1531082,0.15971725
GLA_human,F383T,383,F,T,0.81165254,0.11412958
GLA_human,F383V,383,F,V,0.43579087,0.05808323
GLA_human,F383W,383,F,W,0.34503108,0.09345217
GLA_human,F383Y,383,F,Y,0.067553565,0.018682882
GLA_human,I384A,384,I,A,2.107884,0.119390085
GLA_human,I384C,384,I,C,1.6845108,0.17026079
GLA_human,I384D,384,I,D,3.340381,0.24622212
GLA_human,I384E,384,I,E,3.109916,0.21936579
GLA_human,I384F,384,I,F,1.4177557,0.13939582
GLA_human,I384G,384,I,G,2.8152328,0.11925317
GLA_human,I384H,384,I,H,3.0144854,0.15922068
GLA_human,T385A,385,T,A,1.2297919,0.16962299
GLA_human,T385C,385,T,C,0.6636337,0.14243165
GLA_human,T385D,385,T,D,1.0886999,0.12165625
GLA_human,T385E,385,T,E,1.0423151,0.09939692
GLA_human,T385F,385,T,F,0.45337477,0.050807584
GLA_human,T385H,385,T,H,1.2837957,0.14348936
GLA_human,T385I,385,T,I,0.8339316,0.08092249
GLA_human,T385K,385,T,K,1.5095452,0.1653251
GLA_human,T385L,385,T,L,0.748818,0.06538724
GLA_human,T385M,385,T,M,0.46264082,0.065468185
GLA_human,T385N,385,T,N,1.259272,0.06865681
GLA_human,T385P,385,T,P,2.6780863,0.104962364
GLA_human,T385Q,385,T,Q,0.97885275,0.13196325
GLA_human,T385R,385,T,R,0.8784703,0.17800449
GLA_human,T385S,385,T,S,0.99758804,0.12165676
GLA_human,T385V,385,T,V,0.6091212,0.04162435
GLA_human,T385W,385,T,W,0.6564988,0.08316258
GLA_human,T385Y,385,T,Y,0.57525456,0.08274387
GLA_human,Q386A,386,Q,A,0.99737346,0.1790503
GLA_human,Q386C,386,Q,C,0.5330165,0.11526478
GLA_human,Q386D,386,Q,D,2.0423503,0.11660589
GLA_human,Q386E,386,Q,E,0.59529173,0.05685566
GLA_human,Q386F,386,Q,F,1.8652294,0.1439229
GLA_human,Q386G,386,Q,G,2.011831,0.15900207
GLA_human,Q386H,386,Q,H,1.3801279,0.08267283
GLA_human,Q386I,386,Q,I,1.1610895,0.08498756
GLA_human,Q386K,386,Q,K,0.9136082,0.11578524
GLA_human,Q386L,386,Q,L,1.2063574,0.16204554
GLA_human,Q386M,386,Q,M,0.22311553,0.036461927
GLA_human,Q386N,386,Q,N,1.5651819,0.07977046
GLA_human,Q386P,386,Q,P,2.0669346,0.10522458
GLA_human,Q386R,386,Q,R,0.5210117,0.11368973
GLA_human,Q386S,386,Q,S,1.2026428,0.13830289
GLA_human,Q386T,386,Q,T,1.2333667,0.13289653
GLA_human,Q386V,386,Q,V,1.0428985,0.14622094
GLA_human,Q386W,386,Q,W,1.7436011,0.11784926
GLA_human,Q386Y,386,Q,Y,1.9278189,0.13151883
GLA_human,L387C,387,L,C,1.4639654,0.072261624
GLA_human,L387D,387,L,D,2.8303018,0.12533814
GLA_human,L387E,387,L,E,2.059117,0.02644295
GLA_human,L387F,387,L,F,0.98690236,0.049196653
GLA_human,L387G,387,L,G,2.574055,0.15942515
GLA_human,L387H,387,L,H,1.8811195,0.041019205
GLA_human,L387I,387,L,I,0.47528544,0.056735076
GLA_human,L387K,387,L,K,2.2225263,0.095047355
GLA_human,L387M,387,L,M,1.1964277,0.08657652
GLA_human,L387N,387,L,N,2.6070561,0.08735339
GLA_human,L387P,387,L,P,2.3422046,0.07755505
GLA_human,L387Q,387,L,Q,1.7732754,0.052562956
GLA_human,L387R,387,L,R,1.9176747,0.058604818
GLA_human,L387S,387,L,S,2.619001,0.11094748
GLA_human,L387T,387,L,T,2.3792098,0.065801755
GLA_human,L387V,387,L,V,1.066966,0.09860874
GLA_human,L387W,387,L,W,1.1589062,0.14316718
GLA_human,L387Y,387,L,Y,1.208182,0.107462294
GLA_human,L388A,388,L,A,1.7528737,0.06364992
GLA_human,L388C,388,L,C,1.2292491,0.12400277
GLA_human,L388D,388,L,D,2.7421534,0.12737107
GLA_human,L388E,388,L,E,2.5240998,0.098541275
GLA_human,L388F,388,L,F,1.4022173,0.08044311
GLA_human,L388G,388,L,G,2.8375,0.05023884
GLA_human,L388H,388,L,H,2.218766,0.057359
GLA_human,L388I,388,L,I,1.3993516,0.056691464
GLA_human,L388K,388,L,K,2.2384355,0.1273675
GLA_human,L388M,388,L,M,1.2286003,0.098463625
GLA_human,L388N,388,L,N,2.9871635,0.1494382
GLA_human,L388P,388,L,P,2.859097,0.11439166
GLA_human,L388Q,388,L,Q,2.5627265,0.1450274
GLA_human,L388R,388,L,R,2.393979,0.13127223
GLA_human,L388S,388,L,S,2.1243165,0.15947868
GLA_human,L388T,388,L,T,2.2200444,0.052205842
GLA_human,L388V,388,L,V,1.6232235,0.062657155
GLA_human,L388W,388,L,W,2.1909602,0.18777436
GLA_human,L388Y,388,L,Y,1.6359909,0.13308522
GLA_human,V390R,390,V,R,0.28567642,0.123762846
GLA_human,V390S,390,V,S,0.3002457,0.104167946
GLA_human,V390T,390,V,T,0.42931008,0.03682878
GLA_human,V390W,390,V,W,0.11517541,0.13537681
GLA_human,V390Y,390,V,Y,-0.11128809,0.0918807
GLA_human,L394A,394,L,A,2.2241983,0.1159823
GLA_human,L394C,394,L,C,0.80798274,0.05754551
GLA_human,L394D,394,L,D,2.5920267,0.12916493
GLA_human,L394E,394,L,E,2.213829,0.066467896
GLA_human,L394F,394,L,F,1.1239961,0.057198737
GLA_human,L394G,394,L,G,2.502468,0.06990671
GLA_human,L394H,394,L,H,2.2004879,0.13819696
GLA_human,L394I,394,L,I,1.1580626,0.07557956
GLA_human,L394K,394,L,K,2.059228,0.07663776
GLA_human,L394M,394,L,M,0.7364358,0.05841862
GLA_human,L394N,394,L,N,2.6244376,0.07112882
GLA_human,L394P,394,L,P,2.8852456,0.08972287
GLA_human,L394Q,394,L,Q,2.5788286,0.08981174
GLA_human,L394R,394,L,R,1.5832468,0.10167177
GLA_human,L394S,394,L,S,2.3996758,0.086052895
GLA_human,L394T,394,L,T,2.5540814,0.11248091
GLA_human,L394V,394,L,V,1.3441417,0.109640986
GLA_human,L394W,394,L,W,0.432084,0.10304265
GLA_human,L394Y,394,L,Y,0.9945369,0.095663965
GLA_human,G395A,395,G,A,1.5442492,0.10175464
GLA_human,G395C,395,G,C,1.151962,0.042509176
GLA_human,G395D,395,G,D,1.5279225,0.06199704
GLA_human,G395E,395,G,E,1.7408766,0.17468755
GLA_human,G395F,395,G,F,1.3508872,0.108893126
GLA_human,G395H,395,G,H,1.4385569,0.10955439
GLA_human,G395I,395,G,I,1.808451,0.108644925
GLA_human,G395K,395,G,K,1.893742,0.11195813
GLA_human,G395L,395,G,L,1.7240502,0.1170574
GLA_human,G395M,395,G,M,1.5187759,0.14623888
GLA_human,G395N,395,G,N,1.5072881,0.054455277
GLA_human,G395P,395,G,P,2.3789413,0.1831662
GLA_human,G395Q,395,G,Q,1.6164405,0.13335426
GLA_human,G395R,395,G,R,1.8855789,0.120298244
GLA_human,G395S,395,G,S,1.345471,0.09300919
GLA_human,G395T,395,G,T,2.019443,0.08222536
GLA_human,G395V,395,G,V,1.7839264,0.10323689
GLA_human,G395W,395,G,W,1.5619127,0.15200707
GLA_human,G395Y,395,G,Y,1.4395945,0.12534523
GLA_human,F396A,396,F,A,1.2817888,0.17028312
GLA_human,F396C,396,F,C,0.6149908,0.1934662
GLA_human,F396D,396,F,D,1.7925313,0.11962486
GLA_human,F396E,396,F,E,1.7025201,0.11009518
GLA_human,F396G,396,F,G,1.6006006,0.18451345
GLA_human,F396H,396,F,H,0.91427994,0.10737012
GLA_human,F396I,396,F,I,0.6153933,0.12760448
GLA_human,F396K,396,F,K,1.0878346,0.13038398
GLA_human,F396L,396,F,L,0.2871466,0.026224308
GLA_human,F396M,396,F,M,0.5128761,0.10871883
GLA_human,F396N,396,F,N,1.382346,0.18789683
GLA_human,F396P,396,F,P,1.0951099,0.08992304
GLA_human,F396Q,396,F,Q,1.3097252,0.1271718
GLA_human,F396R,396,F,R,0.7655406,0.07973815
GLA_human,F396S,396,F,S,1.2396421,0.12781142
GLA_human,F396T,396,F,T,0.793425,0.12598136
GLA_human,F396V,396,F,V,0.5083075,0.08943341
GLA_human,F396W,396,F,W,0.425124,0.036039747
GLA_human,F396Y,396,F,Y,0.12990306,0.028993756
GLA_human,Y397A,397,Y,A,1.4962183,0.16499928
GLA_human,Y397C,397,Y,C,0.89894867,0.2040077
GLA_human,Y397D,397,Y,D,2.5844886,0.28453416
GLA_human,Y397E,397,Y,E,2.273859,0.12623218
GLA_human,Y397F,397,Y,F,-0.24203014,0.043914486
GLA_human,Y397G,397,Y,G,2.3428464,0.088808656
GLA_human,Y397H,397,Y,H,0.93695086,0.06678847
GLA_human,Y397I,397,Y,I,1.299206,0.112845816
GLA_human,Y397K,397,Y,K,1.4281162,0.091924824
GLA_human,Y397L,397,Y,L,1.3786695,0.14997025
GLA_human,Y397M,397,Y,M,0.8238184,0.17028312
GLA_human,Y397N,397,Y,N,1.8590883,0.059840847
GLA_human,Y397P,397,Y,P,2.8952653,0.22082779
GLA_human,Y397Q,397,Y,Q,1.5322617,0.051982462
GLA_human,Y397R,397,Y,R,1.3942779,0.07270882
GLA_human,Y397S,397,Y,S,1.8041856,0.16065352
GLA_human,Y397T,397,Y,T,1.6856148,0.15126906
GLA_human,Y397V,397,Y,V,1.3394254,0.082036376
GLA_human,Y397W,397,Y,W,0.62988204,0.058942843
GLA_human,E398T,398,E,T,-0.0030407228,0.032284614
GLA_human,E398V,398,E,V,-0.05439446,0.056891225
GLA_human,E398W,398,E,W,-0.059970163,0.08827454
GLA_human,E398Y,398,E,Y,-0.11023466,0.08708972
GLA_human,W399A,399,W,A,1.4456018,0.13028003
GLA_human,W399C,399,W,C,0.95021963,0.09634922
GLA_human,W399D,399,W,D,2.618069,0.088875055
GLA_human,W399E,399,W,E,2.4043782,0.06145231
GLA_human,W399F,399,W,F,0.36844593,0.036092438
GLA_human,W399G,399,W,G,1.5971668,0.15893847
GLA_human,W399H,399,W,H,1.5163381,0.045887887
GLA_human,W399I,399,W,I,1.1668,0.08002388
GLA_human,W399K,399,W,K,2.5037665,0.17219684
GLA_human,W399L,399,W,L,1.0430738,0.11639568
GLA_human,W399M,399,W,M,1.3252641,0.1165493
GLA_human,W399N,399,W,N,2.103865,0.07170683
GLA_human,W399P,399,W,P,2.1026409,0.08774624
GLA_human,W399Q,399,W,Q,2.2031913,0.0947916
GLA_human,W399R,399,W,R,2.1310844,0.16007462
GLA_human,W399S,399,W,S,1.4208237,0.12665191
GLA_human,W399T,399,W,T,2.0090299,0.105974644
GLA_human,W399V,399,W,V,1.4371203,0.035821553
GLA_human,W399Y,399,W,Y,0.39545482,0.03789254
GLA_human,S401A,401,S,A,0.051055856,0.04681403
GLA_human,S401C,401,S,C,0.7983216,0.051892303
GLA_human,S401D,401,S,D,0.09467013,0.080961965
GLA_human,S401E,401,S,E,0.14594632,0.119073555
GLA_human,S401F,401,S,F,0.68383485,0.113685355
GLA_human,S401G,401,S,G,0.65278846,0.06443564
GLA_human,S401H,401,S,H,0.7540446,0.12792635
GLA_human,S401I,401,S,I,1.2824379,0.13953203
GLA_human,S401K,401,S,K,1.3551611,0.053295415
GLA_human,S401L,401,S,L,0.81966275,0.092410505
GLA_human,S401M,401,S,M,-0.0049084113,0.0811885
GLA_human,S401N,401,S,N,0.85513514,0.09261203
GLA_human,S401P,401,S,P,2.0801067,0.13593875
GLA_human,S401Q,401,S,Q,0.12281573,0.12001808
GLA_human,S401R,401,S,R,0.87159175,0.07602246
GLA_human,S401V,401,S,V,1.4628601,0.13652082
GLA_human,S401W,401,S,W,0.11218035,0.08911043
GLA_human,S401Y,401,S,Y,0.6227254,0.10331749
GLA_human,L403A,403,L,A,1.9305303,0.09004215
GLA_human,L403C,403,L,C,1.2103533,0.08043285
GLA_human,L403D,403,L,D,2.5184035,0.069233775
GLA_human,L403E,403,L,E,1.7508476,0.06311149
GLA_human,L403F,403,L,F,0.11051661,0.038505763
GLA_human,L403G,403,L,G,2.6366498,0.09066366
GLA_human,L403H,403,L,H,1.5972999,0.095316276
GLA_human,L403I,403,L,I,0.57529414,0.054569144
GLA_human,L403K,403,L,K,1.9189484,0.105216496
GLA_human,L403M,403,L,M,0.6627172,0.03413763
GLA_human,L403N,403,L,N,2.50065,0.075018615
GLA_human,L403P,403,L,P,2.5626376,0.08080216
GLA_human,L403Q,403,L,Q,1.7302523,0.10840126
GLA_human,L403R,403,L,R,2.175056,0.08594196
GLA_human,L403S,403,L,S,2.3739767,0.086210124
GLA_human,L403T,403,L,T,2.2859817,0.07599105
GLA_human,L403V,403,L,V,0.96970683,0.08795521
GLA_human,L403W,403,L,W,0.838688,0.09199728
GLA_human,L403Y,403,L,Y,0.22669074,0.036237426
GLA_human,S405A,405,S,A,-0.27099198,0.033689186
GLA_human,S405C,405,S,C,-0.2105337,0.043603808
GLA_human,S405D,405,S,D,1.1263361,0.18323565
GLA_human,S405E,405,S,E,0.11549194,0.06934376
GLA_human,S405F,405,S,F,-0.9592842,0.09711501
GLA_human,S405G,405,S,G,0.57877123,0.05005251
GLA_human,S405H,405,S,H,0.304531,0.04996164
GLA_human,S405I,405,S,I,-0.7645874,0.1254512
GLA_human,S405K,405,S,K,0.120592795,0.048111394
GLA_human,S405L,405,S,L,-0.588457,0.08419877
GLA_human,H406A,406,H,A,0.10879254,0.06439178
GLA_human,H406C,406,H,C,-0.19980204,0.05714142
GLA_human,H406D,406,H,D,0.0892642,0.050568037
GLA_human,H406E,406,H,E,-0.14339194,0.075368546
GLA_human,H406F,406,H,F,-0.43589926,0.054055672
GLA_human,H406G,406,H,G,0.9315175,0.16649848
GLA_human,H406I,406,H,I,-0.22557743,0.044037472
GLA_human,H406K,406,H,K,0.02243968,0.036509596
GLA_human,H406L,406,H,L,-0.25840917,0.05621369
GLA_human,H406M,406,H,M,-0.31139052,0.04704501
GLA_human,H406N,406,H,N,-0.07199736,0.024594434
GLA_human,H406P,406,H,P,0.44791913,0.08353214
GLA_human,H406Q,406,H,Q,-0.21614957,0.030829739
GLA_human,H406R,406,H,R,-0.3575277,0.069387786
GLA_human,H406S,406,H,S,-0.20633729,0.054724693
GLA_human,H406T,406,H,T,-0.06686488,0.041545715
GLA_human,H406V,406,H,V,-0.041259408,0.03081583
GLA_human,H406W,406,H,W,-0.49994573,0.11001849
GLA_human,H406Y,406,H,Y,-0.44389668,0.056612276
GLA_human,N408A,408,N,A,0.57231104,0.18672793
GLA_human,N408C,408,N,C,0.18418008,0.120601945
GLA_human,N408D,408,N,D,0.043661624,0.062279917
GLA_human,N408E,408,N,E,0.5785098,0.09180771
GLA_human,N408F,408,N,F,0.9782233,0.16392435
GLA_human,N408G,408,N,G,0.6210892,0.25032485
GLA_human,N408H,408,N,H,0.8434588,0.13645901
GLA_human,N408I,408,N,I,1.0227703,0.1204525
GLA_human,N408K,408,N,K,1.1795177,0.13654147
GLA_human,N408L,408,N,L,0.9963587,0.08393873
GLA_human,N408M,408,N,M,0.6575677,0.19415446
GLA_human,N408P,408,N,P,0.35938746,0.09473438
GLA_human,N408Q,408,N,Q,0.57787,0.1702247
GLA_human,N408R,408,N,R,1.1857401,0.14976963
GLA_human,N408S,408,N,S,0.3283001,0.08735574
GLA_human,N408T,408,N,T,0.6677382,0.11978812
GLA_human,N408V,408,N,V,0.85460246,0.122015394
GLA_human,N408W,408,N,W,0.83137053,0.18501154
GLA_human,P409A,409,P,A,0.71985155,0.19922952
GLA_human,P409C,409,P,C,0.7707893,0.090834215
GLA_human,P409D,409,P,D,1.4330406,0.08602433
GLA_human,P409E,409,P,E,1.5404339,0.08842961
GLA_human,P409F,409,P,F,1.546605,0.10364905
GLA_human,P409G,409,P,G,1.3372949,0.2862965
GLA_human,P409H,409,P,H,1.4558893,0.07954428
GLA_human,P409I,409,P,I,1.3508133,0.13570535
GLA_human,P409K,409,P,K,1.5699093,0.1286325
GLA_human,P409L,409,P,L,1.4164861,0.14411211
GLA_human,P409M,409,P,M,1.3753527,0.11856314
GLA_human,P409N,409,P,N,0.8640256,0.03439165
GLA_human,P409Q,409,P,Q,1.3606484,0.06722316
GLA_human,P409R,409,P,R,1.1814626,0.061549988
GLA_human,P409S,409,P,S,0.8649808,0.067243636
GLA_human,G411A,411,G,A,1.4229724,0.029769236
GLA_human,G411C,411,G,C,0.4861671,0.08793501
GLA_human,G411D,411,G,D,2.047114,0.19607657
GLA_human,G411E,411,G,E,2.3714666,0.21702959
GLA_human,G411F,411,G,F,1.9278507,0.21329153
GLA_human,G411H,411,G,H,2.0031238,0.15126188
GLA_human,G411I,411,G,I,1.8270226,0.22384252
GLA_human,G411K,411,G,K,3.1840234,0.15879703
GLA_human,G411L,411,G,L,1.3500133,0.16338882
GLA_human,G411M,411,G,M,1.4990009,0.18893206
GLA_human,G411N,411,G,N,2.1119554,0.1945961
GLA_human,G411P,411,G,P,3.299466,0.1340598
GLA_human,G411Q,411,G,Q,2.0122685,0.22624435
GLA_human,G411R,411,G,R,2.193233,0.24318846
GLA_human,G411S,411,G,S,1.051394,0.08451066
GLA_human,G411T,411,G,T,1.9676536,0.21210968
GLA_human,G411V,411,G,V,2.0563016,0.2118978
GLA_human,G411W,411,G,W,1.9533749,0.12473381
GLA_human,G411Y,411,G,Y,1.8690159,0.2170258
GLA_human,V413A,413,V,A,1.3798774,0.20476554
GLA_human,V413C,413,V,C,0.9127439,0.062708266
GLA_human,V413D,413,V,D,2.132958,0.08276395
GLA_human,V413E,413,V,E,1.3894155,0.08698547
GLA_human,V413F,413,V,F,1.2449154,0.13511541
GLA_human,V413G,413,V,G,2.688291,0.37128285
GLA_human,V413H,413,V,H,1.3326988,0.10137637
GLA_human,V413I,413,V,I,0.31278366,0.057188515
GLA_human,V413K,413,V,K,1.253939,0.14659028
GLA_human,V413L,413,V,L,0.5694612,0.06610498
GLA_human,V413M,413,V,M,0.824409,0.08490274
GLA_human,V413N,413,V,N,1.9079132,0.034196828
GLA_human,V413P,413,V,P,2.2058024,0.14571416
GLA_human,V413Q,413,V,Q,1.1511263,0.028838404
GLA_human,V413R,413,V,R,1.4443797,0.21171255
GLA_human,V413S,413,V,S,1.4738568,0.09823084
GLA_human,V413T,413,V,T,1.0012907,0.04923671
GLA_human,V413W,413,V,W,1.5096374,0.18192658
GLA_human,V413Y,413,V,Y,1.3791909,0.10189759
GLA_human,L414A,414,L,A,2.7801957,0.11256176
GLA_human,L414C,414,L,C,1.6173913,0.098369576
GLA_human,L414D,414,L,D,3.641704,0.22936285
GLA_human,L414E,414,L,E,3.109583,0.19669832
GLA_human,L414F,414,L,F,1.0310148,0.09670832
GLA_human,L414G,414,L,G,3.4351952,0.12822784
GLA_human,L414H,414,L,H,3.4624715,0.08714153
GLA_human,L414I,414,L,I,1.878244,0.11939293
GLA_human,L414K,414,L,K,3.1431382,0.20171693
GLA_human,L414M,414,L,M,0.99940664,0.063520774
GLA_human,L414N,414,L,N,3.5550797,0.19708158
GLA_human,L414P,414,L,P,3.8350914,0.1762459
GLA_human,L414Q,414,L,Q,3.0552733,0.12664177
GLA_human,L414R,414,L,R,3.5803254,0.2660672
GLA_human,L414S,414,L,S,3.184393,0.11440446
GLA_human,L414T,414,L,T,2.7800217,0.11863321
GLA_human,L414V,414,L,V,1.4593692,0.06275283
GLA_human,L414W,414,L,W,3.0251915,0.26106775
GLA_human,L414Y,414,L,Y,2.2456214,0.17624377
GLA_human,L415A,415,L,A,2.345185,0.097275324
GLA_human,L415C,415,L,C,1.1580318,0.11969904
GLA_human,L415D,415,L,D,2.7923243,0.1593943
GLA_human,L415E,415,L,E,2.7900023,0.15174745
GLA_human,L415F,415,L,F,-0.04145681,0.03455121
GLA_human,L415G,415,L,G,3.2445087,0.1411201
GLA_human,L415H,415,L,H,2.0831685,0.12679677
GLA_human,L415I,415,L,I,0.4854536,0.054164898
GLA_human,L415K,415,L,K,2.3251812,0.027734756
GLA_human,L415M,415,L,M,0.9533804,0.04157127
GLA_human,L415N,415,L,N,2.6582007,0.12739114
GLA_human,L415P,415,L,P,3.0528119,0.031078698
GLA_human,L415Q,415,L,Q,2.6945744,0.13007237
GLA_human,L415R,415,L,R,2.6860073,0.074672475
GLA_human,L415S,415,L,S,2.3265867,0.088012464
GLA_human,L415T,415,L,T,2.348589,0.07497355
GLA_human,L415V,415,L,V,1.0555191,0.09234606
GLA_human,L415W,415,L,W,0.8163742,0.116168015
GLA_human,L415Y,415,L,Y,0.331495,0.07676064
GLA_human,Q416A,416,Q,A,0.70369583,0.2255614
GLA_human,Q416C,416,Q,C,0.14999136,0.12291981
GLA_human,Q416D,416,Q,D,0.904236,0.074143365
GLA_human,Q416E,416,Q,E,0.15888378,0.020264579
GLA_human,Q416F,416,Q,F,-0.53903157,0.08271636
GLA_human,Q416G,416,Q,G,1.4744427,0.31169912
GLA_human,Q416H,416,Q,H,-0.034220967,0.046055652
GLA_human,Q416I,416,Q,I,0.18043724,0.13260794
GLA_human,Q416K,416,Q,K,-0.11779883,0.0631854
GLA_human,Q416L,416,Q,L,-0.43781123,0.04992774
GLA_human,Q416M,416,Q,M,-0.15895031,0.0561728
GLA_human,Q416N,416,Q,N,0.7432704,0.061592065
GLA_human,Q416P,416,Q,P,2.7290847,0.1142483
GLA_human,Q416R,416,Q,R,-0.11567664,0.08008733
GLA_human,Q416S,416,Q,S,0.6365686,0.1328069
GLA_human,Q416T,416,Q,T,0.19880286,0.081593946
GLA_human,Q416V,416,Q,V,-0.05203683,0.11413364
GLA_human,Q416W,416,Q,W,-0.10537231,0.09625552
GLA_human,Q416Y,416,Q,Y,-0.39922833,0.07670873
GLA_human,L417A,417,L,A,1.9440705,0.1129982
GLA_human,L417C,417,L,C,1.126667,0.06886603
GLA_human,L417D,417,L,D,2.7711864,0.14346059
GLA_human,L417E,417,L,E,2.6321535,0.19142732
GLA_human,L417F,417,L,F,0.39435524,0.08566232
GLA_human,L417G,417,L,G,2.831184,0.067916475
GLA_human,L417H,417,L,H,2.711312,0.19471882
GLA_human,L417I,417,L,I,0.5106348,0.07711391
GLA_human,L417K,417,L,K,2.416842,0.21025047
GLA_human,L417M,417,L,M,0.88032264,0.041760866
GLA_human,L417N,417,L,N,2.6098492,0.24517173
GLA_human,L417P,417,L,P,2.630459,0.08715057
GLA_human,L417Q,417,L,Q,2.595243,0.19869441
GLA_human,L417R,417,L,R,2.559359,0.19462615
GLA_human,L417S,417,L,S,2.3696787,0.090498365
GLA_human,L417T,417,L,T,2.2203634,0.040205903
GLA_human,L417V,417,L,V,0.6559441,0.06385248
GLA_human,L417W,417,L,W,1.8210971,0.15106577
GLA_human,L417Y,417,L,Y,1.5354729,0.1192667
GLA_human,E418A,418,E,A,0.4595034,0.17145129
GLA_human,E418C,418,E,C,0.21442239,0.13927424
GLA_human,E418D,418,E,D,-0.22861882,0.066383205
GLA_human,E418F,418,E,F,0.25475615,0.11956323
GLA_human,E418G,418,E,G,0.80131996,0.17821084
GLA_human,E418H,418,E,H,0.16895998,0.043255437
GLA_human,E418I,418,E,I,-0.07663844,0.07291073
GLA_human,E418K,418,E,K,0.20665851,0.026741076
GLA_human,E418L,418,E,L,0.0724416,0.05048662
GLA_human,E418M,418,E,M,0.044881277,0.036888663
GLA_human,E418N,418,E,N,0.08667503,0.05403819
GLA_human,E418P,418,E,P,2.7239158,0.1231933
GLA_human,E418Q,418,E,Q,-0.020231279,0.035444807
GLA_human,E418R,418,E,R,-0.07567595,0.048530363
GLA_human,E418S,418,E,S,0.26221195,0.1447718
GLA_human,E418T,418,E,T,0.03803232,0.044487275
GLA_human,E418V,418,E,V,-0.027075702,0.06497093
GLA_human,E418W,418,E,W,0.2533067,0.099893235
GLA_human,E418Y,418,E,Y,0.2904904,0.15232307
GLA_human,N419A,419,N,A,0.8121336,0.0868653
GLA_human,N419C,419,N,C,0.40531665,0.08373961
GLA_human,N419D,419,N,D,1.1785446,0.07235349
GLA_human,N419E,419,N,E,1.1096056,0.07676725
GLA_human,N419F,419,N,F,0.8345648,0.09319575
GLA_human,N419G,419,N,G,0.7845787,0.17100555
GLA_human,N419H,419,N,H,0.8554369,0.1017875
GLA_human,N419I,419,N,I,0.7476684,0.087271206
GLA_human,N419K,419,N,K,0.8945575,0.16449271
GLA_human,N419L,419,N,L,0.82477283,0.06076409
GLA_human,N419M,419,N,M,0.7968345,0.066879205
GLA_human,N419P,419,N,P,0.19958587,0.06495396
GLA_human,N419Q,419,N,Q,0.7894556,0.08457545
GLA_human,Q422A,422,Q,A,-0.20185176,0.03781639
GLA_human,Q422C,422,Q,C,0.059132744,0.10517625
GLA_human,Q422D,422,Q,D,0.39966407,0.082194425
GLA_human,Q422E,422,Q,E,0.1967065,0.06463392
GLA_human,Q422F,422,Q,F,-0.23947954,0.06576371
GLA_human,Q422G,422,Q,G,-0.009600848,0.06143431
GLA_human,Q422H,422,Q,H,0.12608254,0.05811205
GLA_human,Q422I,422,Q,I,0.014006878,0.04363077
GLA_human,Q422K,422,Q,K,0.19358823,0.06002583
GLA_human,Q422L,422,Q,L,0.011012571,0.058933623
GLA_human,Q422M,422,Q,M,-0.16318448,0.023989066
GLA_human,Q422N,422,Q,N,0.06653437,0.03993892
GLA_human,Q422P,422,Q,P,0.22258134,0.12792744
GLA_human,Q422R,422,Q,R,0.02065084,0.04413189
GLA_human,Q422S,422,Q,S,-0.062254854,0.037578102
GLA_human,Q422T,422,Q,T,-0.11562314,0.05225036
GLA_human,Q422V,422,Q,V,-0.055249404,0.048870835
GLA_human,Q422W,422,Q,W,-0.3559621,0.13327046
GLA_human,Q422Y,422,Q,Y,-0.37090716,0.11592446
GLA_human,M423A,423,M,A,0.2045348,0.07226931
GLA_human,M423C,423,M,C,0.37078568,0.08037705
GLA_human,M423D,423,M,D,0.7377949,0.06252989
GLA_human,M423E,423,M,E,0.5763238,0.053481042
GLA_human,M423F,423,M,F,0.21640022,0.05956538
GLA_human,M423G,423,M,G,0.3116739,0.12633531
GLA_human,M423H,423,M,H,0.5454954,0.058565088
GLA_human,M423I,423,M,I,0.05076645,0.028586132
GLA_human,M423K,423,M,K,0.67554843,0.0680272
GLA_human,M423L,423,M,L,0.0771184,0.034362726
GLA_human,M423N,423,M,N,0.986783,0.10585895
GLA_human,M423P,423,M,P,0.4559865,0.05334211
GLA_human,M423Q,423,M,Q,0.50400686,0.0656515
GLA_human,M423R,423,M,R,0.42587456,0.074999996
GLA_human,M423S,423,M,S,0.43082386,0.036671616
GLA_human,M423T,423,M,T,0.51103985,0.0728981
GLA_human,M423V,423,M,V,0.4383344,0.035718355
GLA_human,M423W,423,M,W,0.26962426,0.05827544
GLA_human,M423Y,423,M,Y,0.28692627,0.06239309
GLA_human,L425A,425,L,A,0.22177403,0.091547035
GLA_human,L425C,425,L,C,0.8144363,0.115585215
GLA_human,L425D,425,L,D,0.2988316,0.12827882
GLA_human,L425E,425,L,E,0.26501107,0.13521032
GLA_human,L425F,425,L,F,0.2036815,0.055913478
GLA_human,L425G,425,L,G,0.4652006,0.12542291
GLA_human,L425H,425,L,H,0.4040753,0.110563524
GLA_human,L425I,425,L,I,-0.012391138,0.019392183
GLA_human,L425K,425,L,K,0.48695597,0.106990926
GLA_human,L425M,425,L,M,0.02562474,0.050720073
GLA_human,L425P,425,L,P,0.27699107,0.072656274
GLA_human,L425Q,425,L,Q,0.27860838,0.07867631
GLA_human,L425R,425,L,R,0.3822578,0.09682642
GLA_human,L425S,425,L,S,0.4352005,0.073753186
GLA_human,L425T,425,L,T,0.24340856,0.037371296
GLA_human,L425V,425,L,V,0.1326008,0.026832942
GLA_human,L425W,425,L,W,0.09669842,0.05167776
GLA_human,L425Y,425,L,Y,0.037639715,0.061272882
GLA_human,D427A,427,D,A,-0.0015633535,0.052811563
GLA_human,L428A,428,L,A,0.40016776,0.07427941
GLA_human,L428C,428,L,C,0.82960236,0.09258258
GLA_human,L428D,428,L,D,0.7770787,0.13695018
GLA_human,L428E,428,L,E,0.85988694,0.11694388
GLA_human,L428F,428,L,F,0.323954,0.08164723
