wt_id,mutation,position,wt_aa,mut_aa,mutation_local,position_local,ddg_A_tsuboyama,ddg_A_tsuboyama_seed_sd,ddg_B_fireprot,ddg_B_fireprot_seed_sd,ddg_D_finetuned,ddg_D_finetuned_seed_sd,ddg_mean,ddg_regime_sd
GLA_human,G35A,35,G,A,G4A,4,0.15073479006437665,1.0737586540144521,0.32690993831351034,0.5945739383347421,0.1559445622501337,0.473645474879825,0.21119643020934023,0.08184944471360106
GLA_human,G35C,35,G,C,G4C,4,0.10134776395358988,1.0927069761341213,0.40639781256372015,0.7043047395421003,0.24757490637946372,0.4505960383646179,0.25177349429892454,0.12457154341889588
GLA_human,G35D,35,G,D,G4D,4,0.28167649078102663,1.09489998548447,-0.006770739643296442,0.5893529515421437,0.030532137306841334,0.36328029218540975,0.10181262948152385,0.12809145849317813
GLA_human,G35E,35,G,E,G4E,4,0.2726635244474921,1.0984251956449562,0.08380313268630979,0.6075582874596825,0.055954295582907196,0.3155157414157129,0.1374736509055697,0.09626739102871644
GLA_human,G35F,35,G,F,G4F,4,0.12492599516451533,1.0324187412965817,0.09914742118562228,0.5225096295078858,0.14387640448439085,0.37879922668460403,0.12264994027817615,0.018331317576206402
GLA_human,G35H,35,G,H,G4H,4,0.15700051235411855,1.067431400871993,0.011558238547495336,0.5872652827628649,0.0024957287502188176,0.3084068621071108,0.05701815988394423,0.07079494037975248
GLA_human,G35I,35,G,I,G4I,4,0.20082123488771053,1.1082996545497115,0.2633887609087554,0.5871639969208496,0.27198932449816954,0.44652789748409955,0.24539977343154518,0.031716735829758196
GLA_human,G35K,35,G,K,G4K,4,0.2892646075448228,1.0806685119955375,0.23986649839333132,0.7686884444706363,0.054540531721610365,0.22165466070991705,0.19455721255325484,0.10103974953871245
GLA_human,G35L,35,G,L,G4L,4,0.18863392309013505,1.1263721237386202,0.22600929872258702,0.6056555660251133,0.1990161167716355,0.39499227351972555,0.20455311286145253,0.015752744103609544
GLA_human,G35M,35,G,M,G4M,4,0.0947006375435691,1.0444357590803512,0.10397711574037545,0.5124190568354483,0.12214090003327915,0.38487290939799806,0.10693955110574123,0.011396608233637603
GLA_human,G35S,35,G,S,G4S,4,0.1321136653215513,1.0460299418486039,0.14721033446800585,0.542945075096913,0.10268822611791792,0.4528649439425543,0.12733740863582502,0.01848718482138733
GLA_human,G35T,35,G,T,G4T,4,0.2019601950102652,1.0821851671861331,0.04704072193995319,0.5691688528803315,0.09619862960123078,0.40635238719153494,0.1150665155171497,0.06463749491483448
GLA_human,G35V,35,G,V,G4V,4,0.21162413084692408,1.0843084485741175,0.2531141907372097,0.5837627037535371,0.20965952776792401,0.4167777384844499,0.22479928311735256,0.020037721285204153
GLA_human,G35W,35,G,W,G4W,4,0.13123841827718405,1.0556578500685694,0.18629352943008765,0.6245173415634341,0.17637328457682713,0.4475579918914933,0.16463507742803293,0.023959764137899256
GLA_human,G35Y,35,G,Y,G4Y,4,0.13106182753550727,1.0060881819704082,0.062376199831725085,0.4416759813796253,0.08825201553949205,0.37348259663023,0.09389668096890813,0.028323436104201488
GLA_human,G43A,43,G,A,G12A,12,-0.08342292453662814,0.5782068280804152,1.895651201017057,0.4221297454686755,0.7610664960104268,0.5745487302911596,0.8577649241636186,0.8108417593729347
GLA_human,G43H,43,G,H,G12H,12,0.4403491559765665,0.6016877794285379,2.3321988401282896,1.0592159338874174,1.5774240413486131,0.4638339061225791,1.4499906791511563,0.7775831159033546
GLA_human,G43I,43,G,I,G12I,12,-0.016695433762668445,0.4233620972147877,0.9496713660291345,0.8817065441157944,0.6819378603188583,0.45463248820633895,0.5383045975284414,0.407381134868261
GLA_human,G43K,43,G,K,G12K,12,1.2307545829646365,0.720202403076355,2.6010362151295867,0.8350984224567972,2.8960169720876356,0.4664524955206355,2.2426025900606197,0.7255483920649127
GLA_human,G43L,43,G,L,G12L,12,0.0939832401567164,0.45960690921064257,1.3439880384404557,0.8983627912460702,0.9079044276188075,0.4497191301119307,0.7819585687386598,0.5180249469281613
GLA_human,G43M,43,G,M,G12M,12,0.015403566548071535,0.4825420961128502,1.5287147782431159,1.0387141403605702,0.9448551712445937,0.49915271872254696,0.8296578386785938,0.623153552469599
GLA_human,G43N,43,G,N,G12N,12,0.18027800954184753,0.5535112434783326,2.198434091229292,0.7021166339917648,1.0467998378241525,0.5379347900749792,1.1418373128650974,0.8266448587552067
GLA_human,G43P,43,G,P,G12P,12,0.2917129588697326,0.5596215802337227,2.1528651348064614,0.5726698127237294,1.3501301441915274,0.5717363257819867,1.264902745955907,0.7621984157929896
GLA_human,G43Q,43,G,Q,G12Q,12,0.3471544408682147,0.5703185915599197,2.6308853354574255,1.0521451761094183,1.6494574166835254,0.5684582591942968,1.5424990643363887,0.9353918132981922
GLA_human,G43R,43,G,R,G12R,12,1.1185150697418718,0.7716872588077609,2.7665278391744943,1.032125902180214,2.724166845841776,0.4403960432832237,2.203069918252714,0.7670910541390835
GLA_human,G43S,43,G,S,G12S,12,0.22661185303457207,0.5743629617223477,2.7430508189874394,0.7568522958713564,1.4454835160686144,0.6610364512596244,1.4717153960302085,1.0274993433854265
GLA_human,G43T,43,G,T,G12T,12,0.1393868565958149,0.5110411057621542,2.210513991911554,0.6883670265713268,1.0214303919327947,0.6365988248043843,1.123777080146721,0.8486255696130317
GLA_human,G43V,43,G,V,G12V,12,-0.14837718267776678,0.4029525151473856,0.679404557075231,0.40370308714141606,0.3905411664355432,0.46352013686039856,0.3071895136110025,0.34304156763533483
GLA_human,G43W,43,G,W,G12W,12,0.4983157408704534,0.6435842102006788,1.530577486717885,1.5585386920916366,1.4779641092986142,0.4594905933554817,1.1689524456289841,0.47469796305854756
GLA_human,G43Y,43,G,Y,G12Y,12,0.6493629906502469,0.6289509769938988,1.8560939655592434,0.9129015372877777,1.9431595302947948,0.5137679681965425,1.4828721621680951,0.590450820641289
GLA_human,G80A,80,G,A,G49A,49,0.12341166467690416,1.2272690013070384,1.867075061530342,0.7348164868377687,0.3519339491068381,0.6177203235374968,0.7808068917713614,0.7737525492015791
GLA_human,G80C,80,G,C,G49C,49,0.13440067641447392,1.1804430593558877,1.9107857584989876,0.8862630763674799,0.46773581251944074,0.6430574224701286,0.8376407491443008,0.7709337354004265
GLA_human,G80D,80,G,D,G49D,49,0.3437049672042258,1.1354198149617252,1.5258868842525977,0.8724159819507674,0.2863001692836672,0.5813129583867225,0.7186306735801636,0.5712972197598422
GLA_human,G80E,80,G,E,G49E,49,0.3222076572219903,1.1062369671271264,1.392800816398554,0.9068013701685725,0.2983289059240373,0.5949027093472502,0.6711124598481938,0.5104038346748302
GLA_human,G80F,80,G,F,G49F,49,0.2485372388504997,1.0972605609333272,1.3059993461627906,0.682268727825162,0.4392724341495994,0.5978045190847053,0.6646030063876299,0.46017165434156304
GLA_human,G80M,80,G,M,G49M,49,0.22716165934908275,1.1207966253590944,1.6554216186211548,0.4986424324591448,0.492243390455107,0.6521635339216095,0.7916088894751149,0.6203205646102607
GLA_human,G80N,80,G,N,G49N,49,0.16919962896321916,1.1739851742060343,1.3583647791009499,0.7057088972173312,0.253606434428869,0.550810283044077,0.5937236141643459,0.541779912596086
GLA_human,G80P,80,G,P,G49P,49,0.569423551889489,1.1849351750937482,2.616082034752839,0.9843043081968917,0.9315542349742296,0.7437610975793149,1.3723532738721858,0.8917886823267601
GLA_human,G80Q,80,G,Q,G49Q,49,0.20357634808009664,1.141246410431741,1.4909462921435515,0.6173618520649343,0.34798719303728676,0.6151527318595902,0.6808366110869782,0.5758598756303478
GLA_human,G80R,80,G,R,G49R,49,0.18056305302115808,1.092849137852997,1.1770465604055118,0.732617565846806,0.3698107600923003,0.6267736989275688,0.5758067911729902,0.4321038599981901
GLA_human,G80S,80,G,S,G49S,49,0.17605907655124484,1.199303313834184,1.8185211859834876,0.7069457174064329,0.36752445090402797,0.6222983501669098,0.7873682378129202,0.7333130524247029
GLA_human,G80T,80,G,T,G49T,49,0.39569576416306224,1.1545355359988398,2.000055015596692,0.6751171694409114,0.4831206384691962,0.62644792985484,0.9596238060763168,0.7365612006569827
GLA_human,G80V,80,G,V,G49V,49,0.5102948607042583,1.136444968427241,2.4710752810357333,0.6279339993371147,0.7038349656916386,0.6458958801487573,1.22840170247721,0.8822481359932008
GLA_human,G80W,80,G,W,G49W,49,0.2496626227279059,1.0096235547873071,1.2790105184695253,1.1759980900558769,0.4971809042485143,0.6508638009609088,0.6752846818153152,0.43869502641706065
GLA_human,G80Y,80,G,Y,G49Y,49,0.2368129765352962,1.104681485066814,1.0298047032599402,0.853505929741554,0.37743411304749414,0.5772897503801002,0.5480172642809101,0.34547834305204045
GLA_human,G85A,85,G,A,G54A,54,-0.04072410317976973,0.8007278037738855,2.765318618660655,0.5181179838047996,0.972899608764167,0.6595627884183749,1.2324980414150175,1.1601759777075453
GLA_human,G85C,85,G,C,G54C,54,0.23804843300164555,0.7621648811706282,2.3294306228425694,1.0392101903854682,1.3678644876881672,0.730865964124898,1.3117811811774607,0.8547236859351428
GLA_human,G85D,85,G,D,G54D,54,0.6815287707063267,0.8375260754182827,1.8142796032015087,0.7106687648059432,1.1487153891635618,0.6422088134409725,1.2148412543571325,0.464801451995244
GLA_human,G85E,85,G,E,G54E,54,0.7317348925515172,0.815011369630712,1.6544697638895596,1.047962020160743,1.2254909942179517,0.631878584506532,1.2038985502196762,0.377014222476352
GLA_human,G85F,85,G,F,G54F,54,0.5323202394817035,0.6745693059077646,2.364452835783808,1.4027969347550209,1.5805305338242381,0.7955830526132358,1.49243453636325,0.7505545244171837
GLA_human,G85H,85,G,H,G54H,54,0.41109930438285475,0.7446355085132141,1.7402768816389724,0.7886525705479832,1.2202150023069074,0.7563126673667776,1.1238637294429115,0.546894830722809
GLA_human,G85I,85,G,I,G54I,54,0.2625823824264895,0.7585670476761153,1.4242489270201948,0.8766708938727051,1.129189324879621,0.647300380021049,0.9386735447754351,0.49301080925175106
GLA_human,G85K,85,G,K,G54K,54,0.6551206026969287,0.869663096508487,1.6388272712642258,1.2494833771606917,1.0114246448826587,0.6192733637486656,1.1017908396146043,0.4066482831708432
GLA_human,G85L,85,G,L,G54L,54,0.294198270474716,0.8711336931371566,1.5037554612436315,0.662020280430188,0.8515687235646684,0.7234882193295856,0.8831741517610053,0.49430511950535366
GLA_human,G85M,85,G,M,G54M,54,0.19246204029781133,0.7870808578057175,1.5922736028570241,0.5480877131194629,1.0076660902447299,0.7433532138527388,0.9308005777998551,0.5740495524030286
GLA_human,G85N,85,G,N,G54N,54,0.2831035026159076,0.77425098262271,1.8801369723192298,0.3658340650564024,1.0994280982647113,0.761567449946278,1.0875561910666163,0.6520402249726357
GLA_human,G85P,85,G,P,G54P,54,0.4873996275274711,0.8222553398080298,3.4686832345148937,0.778771326445926,1.573364333544463,0.6710741789142344,1.8431490651956093,1.231963429488891
GLA_human,G85Q,85,G,Q,G54Q,54,0.2823733833123857,0.8285397458669364,1.427564137555214,0.5171740667640076,0.980633561955201,0.7289668008272803,0.8968570276076003,0.4712602583720136
GLA_human,G85R,85,G,R,G54R,54,0.2920084243380652,0.7959561389396786,1.086842969896388,0.8915044022612058,0.9808100055777039,0.7617057731791076,0.7865537999373857,0.3523654294200426
GLA_human,G85S,85,G,S,G54S,54,0.1356219564448842,0.8042897746878409,2.4489009652817204,0.41520095033103444,1.010249042251021,0.6761526510450937,1.1982573213258751,0.9537034053036965
GLA_human,G104A,104,G,A,G73A,73,-0.06790866370527612,0.9453105927656381,0.7955755681554173,0.7554562066535294,-0.021533272003196723,0.7851940613489524,0.23537787748231478,0.39657177468522903
GLA_human,G104C,104,G,C,G73C,73,-0.032409845478879394,1.0178348969051696,0.18614473879093246,0.6671547689020968,-8.82637694009647e-05,0.8128345575084628,0.05121554318088403,0.09631748554314756
GLA_human,G104D,104,G,D,G73D,73,0.07851003592245227,0.8980908310206058,-0.558715070565065,0.7210984490231261,-0.30157477292965174,0.8438419580828413,-0.2605932691907548,0.2617550659440142
GLA_human,G104E,104,G,E,G73E,73,0.058397654251068465,0.9054161775245229,-0.9200667298080694,0.6454733775947558,-0.313997701245397,0.8417356725641774,-0.3918889256007993,0.40323559684279253
GLA_human,G104F,104,G,F,G73F,73,-0.03338529891371038,1.0144526770264726,-0.6698935315402033,0.843563945967645,0.1597951881278877,0.9663324660843665,-0.18116121410867528,0.3544706228729457
GLA_human,G104H,104,G,H,G73H,73,0.010907551213987832,0.9484892757421202,-0.48505392572188927,0.6372100025181155,0.0011149064304526225,0.8799186448823685,-0.15767715602581625,0.23152485248232113
GLA_human,G104I,104,G,I,G73I,73,-0.06390471121965055,0.9735269933420039,0.03136333733908625,0.9292660269674451,0.09543268550923481,0.9728959606071007,0.02096377054289017,0.06546355088263983
GLA_human,G104K,104,G,K,G73K,73,0.0436875932409236,0.9174421073833284,-0.6404607570982701,0.5490609821426916,-0.13900722388809572,0.8131235379622032,-0.24526012924848073,0.2892311661873045
GLA_human,G104L,104,G,L,G73L,73,-0.016983920196525237,1.012942073487666,-0.21162563596261874,0.7645364608438165,0.1334342137298873,0.8775239071732387,-0.03172511414308555,0.14125521127066734
GLA_human,G104M,104,G,M,G73M,73,-0.09756096781988452,1.0154000338024618,-0.1773116139619252,0.8442284734032076,0.1385582003420775,0.9681907470181447,-0.04543812714657741,0.13411693352444976
GLA_human,G104N,104,G,N,G73N,73,-0.025336965090988327,0.9258494663170251,-0.5516883548810361,0.7246376729165722,-0.19980447107684765,0.894447455117228,-0.25894326368295734,0.21891321564592675
GLA_human,G104P,104,G,P,G73P,73,0.034082669972455085,0.9711906071637562,0.5611048289598646,0.7388847102209773,0.08403052706199032,0.8006341137938943,0.22640600866477,0.23754462364947374
GLA_human,G104Q,104,G,Q,G73Q,73,-0.07990255987472308,0.9504465965531456,-0.5805616663894213,0.7844183241930698,-0.12109996440272922,0.9214497182973168,-0.26052139688895787,0.22692676808669354
GLA_human,G104R,104,G,R,G73R,73,-0.12367289451537596,0.9645701774083542,-0.7053035468340753,0.7466271275993955,0.0442848554530912,0.9161511912412983,-0.26156386196545334,0.3211761016317948
GLA_human,G104S,104,G,S,G73S,73,-0.011305844943286902,0.9373235490282185,0.5623771063075141,0.7147518592095341,-0.044309802750001716,0.7687707785637861,0.16892048620474184,0.27854191693501573
GLA_human,G104T,104,G,T,G73T,73,0.044724477390027564,0.9451204540858241,0.41727863001003873,0.7508168771533077,0.04494345997540013,0.7922918092052631,0.16898218912515547,0.17557211985471652
GLA_human,G104V,104,G,V,G73V,73,-0.020457876829278666,0.9379850024244152,0.19555460664021818,0.7554500246928504,0.03668763586447306,0.8593123641056679,0.07059478855847086,0.09138788944758298
GLA_human,G104W,104,G,W,G73W,73,-0.04363574807986614,1.017142219709134,-1.2729372114702378,1.053872674835752,0.1714749102260761,1.084255607626637,-0.3816993497746759,0.6362896842471265
GLA_human,G104Y,104,G,Y,G73Y,73,-0.027442635733217147,1.0192512762082542,-1.0549176653649621,0.8201107403134403,0.03044880821884761,0.9948781555399684,-0.35063716429311054,0.49856201417224416
GLA_human,G116A,116,G,A,G85A,85,0.14670839022515797,1.118502782988481,1.8689832405824636,0.6925341384553299,0.8676075516031926,0.289495437521537,0.9610997274702714,0.7062168011097775
GLA_human,G116H,116,G,H,G85H,85,0.25788250980920935,1.1643929159843172,0.7740312677830375,0.6634492487460614,0.7297751533964467,0.18493978265263927,0.5872296436628979,0.23358339245813878
GLA_human,G116I,116,G,I,G85I,85,0.42517867091231876,1.202768539895983,1.699000053526007,1.040139846907859,1.1735357141342793,0.4322031775033572,1.0992381461908682,0.5226823925053604
GLA_human,G116K,116,G,K,G85K,85,0.2123292722313809,1.2798300627538934,0.46580876033998414,0.46341509295373357,0.5792528214820687,0.19630772433207244,0.41913028468447794,0.1533892278178224
GLA_human,G116L,116,G,L,G85L,85,0.36172632649004977,1.184255602335066,2.0218939524487114,0.7970268202966398,1.229792842169532,0.4316665020594261,1.204471040369431,0.6779970657778726
GLA_human,G116M,116,G,M,G85M,85,0.20100499709867675,1.1125858201268584,1.8594571089209655,0.8004228516325871,1.0831980239444292,0.3833713560699191,1.0478867099880238,0.6775204884832873
GLA_human,G116N,116,G,N,G85N,85,0.12639585807887826,1.108138728636937,1.135066311446733,0.670417534902436,0.6697993280490954,0.25842381198639913,0.6437538325249021,0.4121996253856894
GLA_human,G116P,116,G,P,G85P,85,0.3153854846796748,1.2459795208713844,1.8595813675813049,0.5749077583572741,0.9849139692713009,0.43439012152288586,1.0532936071774268,0.6322668541856441
GLA_human,G116Q,116,G,Q,G85Q,85,0.1457536319718018,1.1934322780556852,1.1051620823769828,0.7276198117097313,0.6365324254302988,0.21887270284824806,0.6291493799263611,0.3917116504929806
GLA_human,G116R,116,G,R,G85R,85,0.27028293550389615,1.226333020187609,0.919307813628412,0.5896691460478416,0.8398562329781006,0.25707660100240726,0.6764823273701362,0.28905201133052816
GLA_human,G116S,116,G,S,G85S,85,-0.011060292410852357,1.0752093499154414,1.0105317712244783,0.5930273352041261,0.5174320344206496,0.2673545274769943,0.5056345044114252,0.4171466348151549
GLA_human,G116T,116,G,T,G85T,85,0.17332392359350743,1.1860653628108528,0.8814910808318235,0.5265510976238064,0.6144674748126239,0.17905913488366437,0.5564274930793182,0.29200646140961933
GLA_human,G116V,116,G,V,G85V,85,0.2861541714551122,1.1712950954403434,1.2514054326922124,0.7832780721824315,0.8592355977564481,0.18330212057946266,0.7989317339679243,0.39636255820550775
GLA_human,G116W,116,G,W,G85W,85,0.3392708910131378,1.2040315143068028,0.7676666096635512,1.2641301295240837,1.1796289651984477,0.549697060219259,0.7621888219583788,0.34309661207956954
GLA_human,G116Y,116,G,Y,G85Y,85,0.3617520235713874,1.2300446996242036,1.2267710682910398,0.6428178436335407,1.0836515905593755,0.4089591112743969,0.8907248941406009,0.37857629752818345
GLA_human,G128A,128,G,A,G97A,97,-0.038677732745353355,1.0314055760926053,2.494171457991733,0.7342594724582018,0.34921290255628284,0.8803291291681551,0.9349022092675542,1.1138836650061579
GLA_human,G128C,128,G,C,G97C,97,-0.10376461304532003,1.084564582800275,2.05027022101321,0.7443876298594511,0.45998299805789633,0.9067168207594741,0.8021628686752621,0.9120606026926713
GLA_human,G128D,128,G,D,G97D,97,0.18463740310857463,0.987435257905945,1.2899214927493712,0.7453978941097438,0.265488138753891,0.7918885089298309,0.5800156782039456,0.5030632230032659
GLA_human,G128E,128,G,E,G97E,97,0.24840353720019617,0.9784429012625109,1.1445991420649793,0.7498224391893388,0.3768376967398605,0.8226235088084851,0.5899467920016787,0.3956878023620993
GLA_human,G128F,128,G,F,G97F,97,0.20901139471609714,0.9737258022441214,1.9948350752509973,0.6191933349748815,0.5896058206675623,0.8291040255681775,0.9311507635448857,0.768019646230316
GLA_human,G128H,128,G,H,G97H,97,0.09276071064748219,0.9468485055368552,1.6127664038025755,0.6129923381174297,0.42932027669673245,0.8119625208486435,0.7116157970489301,0.6518549927778736
GLA_human,G128N,128,G,N,G97N,97,-0.013490747639475442,0.9643684008159118,1.3907136808676446,0.7558808292285181,0.24832161414491413,0.756581286585433,0.5418481824576944,0.60968073830427
GLA_human,G128P,128,G,P,G97P,97,0.3309080414648392,1.0821919521495713,2.9381468541463844,0.7032297558754407,0.693927548477105,0.9163190429170399,1.320994148029443,1.1530634405194617
GLA_human,G128Q,128,G,Q,G97Q,97,0.04253982192494785,1.0014596352635068,1.6842400531584105,0.6220310280861927,0.35666720251547757,0.8274423500333956,0.694482359199612,0.7115167940731246
GLA_human,G128R,128,G,R,G97R,97,0.09732158396601558,0.9399976206740467,1.5745847996881488,0.5790581555086537,0.4537329534668807,0.8150293846754322,0.708546445707015,0.6294304774964609
GLA_human,G128S,128,G,S,G97S,97,-0.010989204817758757,1.0063021222123258,2.3521056598253822,0.6624803807460794,0.36218965111184787,0.875280366838134,0.9011020353731571,1.0372637894185366
GLA_human,G128T,128,G,T,G97T,97,0.23138896909041348,1.0302943636187538,2.4133616565395686,0.6172043712994341,0.5127813409067058,0.8799976215089622,1.0525106555122294,0.9690999267282101
GLA_human,G128V,128,G,V,G97V,97,0.30065479917592774,1.020502163220847,2.840247533539595,0.6440425158905134,0.6703338374623741,0.9423027443055046,1.2704120567259656,1.1202539045633373
GLA_human,G128W,128,G,W,G97W,97,0.3160874585978339,0.9204488905820867,1.84935376154005,0.8260881124931292,0.7541996394007485,0.8323555438275113,0.9732136198462108,0.6448264529610258
GLA_human,G128Y,128,G,Y,G97Y,97,0.23433544766580816,0.9507196683355302,1.6563633273057516,0.6323561271559341,0.5782765077338388,0.8130323753142499,0.8229917609017995,0.6057804822255406
GLA_human,G132F,132,G,F,G101F,101,0.8162428755339978,0.518350841239425,3.998647767120494,1.4346999450808025,2.8833780180149633,0.5755474201894507,2.566089553556485,1.318440796485816
GLA_human,G132H,132,G,H,G101H,101,0.8827373747895286,0.6063311802613298,4.511830655295366,1.3589582269291332,2.9931398093939103,0.5817764716635431,2.7959026131596016,1.4881210509312146
GLA_human,G132I,132,G,I,G101I,101,0.2423646796986935,0.6422319700519218,3.9693101710886567,1.362509040383835,1.7796159793208595,0.5428630848235048,1.9970969433694032,1.5292708831859725
GLA_human,G132K,132,G,K,G101K,101,0.5968565192748164,0.5847438656850015,2.840867110818691,1.161267242126738,2.380194090990275,0.478084902557524,1.9393059070279275,0.9677061113128941
GLA_human,G132L,132,G,L,G101L,101,0.9167080734617212,0.6267760641476717,4.626296849621236,1.3553791579153536,2.9936354666175884,0.5870405498511897,2.8455467965668486,1.5180491675612728
GLA_human,G132M,132,G,M,G101M,101,0.03156892608990847,0.5025949676563652,3.3429632316167313,1.5378182174369053,1.7080298816442265,0.5499675460449754,1.6941873464502886,1.3519064991101304
GLA_human,G132N,132,G,N,G101N,101,0.6945961662118689,0.6391032986648403,5.553288012734024,1.2456079021243194,2.9456407777059876,0.6220945862482563,3.0645083188839606,1.9853326730675793
GLA_human,G132P,132,G,P,G101P,101,0.6447019687880037,0.7237194774375962,5.403084548094329,0.8038810008794083,2.709783650136952,0.5598331117814556,2.919190055673095,1.9482367198351702
GLA_human,G132Q,132,G,Q,G101Q,101,0.22260066625645827,0.5210333044744216,3.755031248415777,1.3104565872238367,2.0054140800900866,0.509030539720246,1.994348664920774,1.4421299726453825
GLA_human,G132R,132,G,R,G101R,101,0.2786936982446574,0.4932597742613389,2.516575702414344,1.385773138562031,1.820966168567626,0.5250162765765661,1.538745189742209,0.9351525639571744
GLA_human,G132S,132,G,S,G101S,101,0.07766161451911188,0.5385837569357117,3.3854060488689526,0.6103296498678336,1.9623416298362895,0.5629463430388677,1.808469764408118,1.3547572289210703
GLA_human,G132T,132,G,T,G101T,101,0.3549443807387473,0.5219174111847364,3.853352308122703,0.7936144678186136,2.1679125596271622,0.5479252314509993,2.1254030828295374,1.4285353334351312
GLA_human,G132V,132,G,V,G101V,101,0.0016568395218218735,0.4893724876078585,2.085600457080978,0.39366766821498117,1.1283208936005262,0.5397603722135778,1.0718593967344419,0.8517026772932185
GLA_human,G132W,132,G,W,G101W,101,0.6139959473236958,0.5606698365138716,3.563136811724072,1.630024495954378,2.5360941274200237,0.5344343107628641,2.237742295489264,1.2223251943819697
GLA_human,G132Y,132,G,Y,G101Y,101,0.7042991592863445,0.4772744745210204,3.39726223833732,1.4895035805152468,2.5509421271115955,0.5235020203823959,2.2175011749117535,1.1243960416555137
GLA_human,V137A,137,V,A,V106A,106,-0.24971718746548066,1.197775600501348,0.3640821056494702,0.7442082738165186,0.26764728709376845,0.6931092232601894,0.12733740175925265,0.2695088631802203
GLA_human,V137C,137,V,C,V106C,106,-0.049039916388311025,1.3225868954032414,0.005849683385544502,0.8998307335766345,0.24310662353859983,0.7297124171498327,0.06663879684527776,0.12677772526284412
GLA_human,V137D,137,V,D,V106D,106,0.44151407803470066,1.4177912150560064,0.48827414194710383,0.8245592401364285,0.7764871991471107,0.6833369558796009,0.5687584730429718,0.1481216698774115
GLA_human,V137E,137,V,E,V106E,106,0.5071834867303645,1.3182479338334536,1.0366659163897396,1.005864614550727,0.8462666993591587,0.6498280629919831,0.7967053674930876,0.2189827314984036
GLA_human,V137F,137,V,F,V106F,106,0.6919396023584146,1.0518732170255005,1.616975983713599,1.1099501368608824,1.4824156712700298,0.47742161506232433,1.2637770857806812,0.4080647007573358
GLA_human,V137G,137,V,G,V106G,106,0.018929650087850282,1.155924490998865,1.2389301732649143,0.6046759567913352,0.707107904386617,0.7133574135757741,0.6549892425797937,0.49942472593940723
GLA_human,V137H,137,V,H,V106H,106,0.49020311477050404,1.273513210565367,1.2500003853701984,1.2093736854802977,1.096074110981857,0.6624820474594072,0.9454258703741866,0.32796762279359853
GLA_human,V137N,137,V,N,V106N,106,0.04489028771285515,1.3429299511622805,0.18214636133064172,0.627994484332694,0.3189834214545453,0.8101922515344737,0.18200669016601403,0.11189809686231093
GLA_human,V137P,137,V,P,V106P,106,0.17518714550766087,1.2149416475359613,0.8376132430376437,0.7277744423136228,0.8847276380663068,0.6167722532424185,0.6325093422038705,0.32394715129478985
GLA_human,V137Q,137,V,Q,V106Q,106,0.4054203801782146,1.3584540200008037,1.0606567174079355,0.887066523379375,0.8870622419632666,0.6778716338612003,0.7843797798498056,0.2771779577886343
GLA_human,V137R,137,V,R,V106R,106,0.7122927034493788,1.2675761285118141,1.524513333169595,1.0777203916341733,1.3110090710782991,0.6741329258803856,1.182605035899091,0.3437938190480874
GLA_human,V137S,137,V,S,V106S,106,0.0473792577883632,1.2981574180590043,0.33481058442723455,0.7581226906141271,0.6836571462718701,0.6994739766771971,0.35528232949582267,0.26016239428848087
GLA_human,V137T,137,V,T,V106T,106,0.09350837367582096,1.2947365237297699,0.30294754246203054,0.6973973184144903,0.40843583537365424,0.6501836302782675,0.26829725050383524,0.1308824118116492
GLA_human,V137W,137,V,W,V106W,106,0.7829922310544265,0.9671659763713706,1.7441288290809738,1.0237564325043294,1.6225982332755493,0.5365066259096188,1.3832397644703167,0.427329106160658
GLA_human,V137Y,137,V,Y,V106Y,106,0.6499380699901516,1.0060399995878042,1.7121385544108463,1.137750505977211,1.4551243319604101,0.5227687374258253,1.2724003187871358,0.4524809506255482
GLA_human,G138A,138,G,A,G107A,107,-0.014365548727589416,0.8991401295078432,0.6917752545234842,0.6245470053768537,0.9216019134011134,0.2834117558732864,0.5330038730656694,0.3982587401999094
GLA_human,G138C,138,G,C,G107C,107,-0.041962301897129926,1.1617371891642208,-0.8715208241813348,0.4865881543508251,0.23019710540460822,0.2059363897217643,-0.22776200689128548,0.46856998543420786
GLA_human,G138D,138,G,D,G107D,107,0.6986234423114545,0.8873075949896764,1.4269138996664923,0.4123182285788417,1.3958328925232864,0.15202437842750793,1.1737900781670778,0.3362330601671226
GLA_human,G138E,138,G,E,G107E,107,0.6973148229079732,0.8147938650955384,1.5048933783509721,0.4173095949612595,1.488063643751289,0.24515185781306653,1.2300906150034114,0.37679202351241037
GLA_human,G138F,138,G,F,G107F,107,0.2781380533102153,0.8198990753072232,-0.024437377467187292,0.5077994420300342,0.8002983932914672,0.12788983876122853,0.3513330230448317,0.34065172888455697
GLA_human,G138M,138,G,M,G107M,107,0.2837701081032038,0.9877665966894518,0.5379703542461639,0.5379027336735684,1.1822729239845262,0.17957356051660756,0.6680044621112979,0.3781608823793363
GLA_human,G138N,138,G,N,G107N,107,0.2343557828539021,0.8676469439700456,1.1833585912914522,0.7417802902683874,1.2165391209304304,0.20714972446431526,0.8780844983585948,0.45538645219254675
GLA_human,G138P,138,G,P,G107P,107,0.8404712959270606,0.9326816760346325,2.228945475490532,0.6638291112913381,1.760518339009267,0.2330043051792871,1.6099783701422865,0.576750580695253
GLA_human,G138Q,138,G,Q,G107Q,107,0.43237148163586203,0.9264930679954027,1.3807754055984098,0.5322529559857925,1.4133363364468532,0.2332271395777078,1.0754944078937083,0.4549508231763595
GLA_human,G138R,138,G,R,G107R,107,0.45170476228749656,0.8600180045491073,1.098450546446149,0.7159491400543968,1.4442198480666333,0.3226531223767533,0.9981250522667596,0.41135584956867194
GLA_human,G138S,138,G,S,G107S,107,-0.09445477042055246,0.885146793364565,0.48979133592652746,0.6310250175846248,0.7084272053587177,0.27104230553351016,0.3679212569548976,0.338914053873269
GLA_human,G138T,138,G,T,G107T,107,-0.016267183860692813,0.8040413042283461,0.26722075929909106,0.6004900076259629,0.6769966225395053,0.18451473804520216,0.3093167326593012,0.2845847612996644
GLA_human,G138V,138,G,V,G107V,107,0.6385986730966332,0.9565466665080217,1.71297304304951,0.6014304902066533,1.7579540375358882,0.226277653253192,1.3698419178940104,0.5173930387127331
GLA_human,G138W,138,G,W,G107W,107,-0.0074451843070947096,0.9840030721340424,-0.5646045250372521,1.0211241822087345,0.3676389199806037,0.34314096828996976,-0.06813692978791437,0.38299876080898004
GLA_human,G138Y,138,G,Y,G107Y,107,0.10362533517152266,1.0994760337289362,-0.30720483131936777,0.6654155632092117,0.5419540582827833,0.2941172618361196,0.11279152071164607,0.34672825013796854
GLA_human,G144A,144,G,A,G113A,113,-0.19814509579929895,1.129361996896715,0.8088744567298207,0.4731610154029379,0.1757403429656858,0.4307027923507614,0.26215656796540254,0.415630378863551
GLA_human,G144C,144,G,C,G113C,113,-0.2702215451492195,1.1300737234604323,0.14169990487309725,0.6437676702069711,0.0006259209625832484,0.44434631963513055,-0.04263190643784633,0.1709254222766487
GLA_human,G144D,144,G,D,G113D,113,0.050755614738698364,1.200909478083979,0.42663529673666345,0.6904271477747154,0.012832714887788633,0.5107618843711351,0.16340787545438348,0.18677266586140612
GLA_human,G144E,144,G,E,G113E,113,0.04834747109115471,1.2184593615645012,0.26421012095073726,0.8198532462178136,-0.07298200379097144,0.5580520847061433,0.07985852941697351,0.1394497337025469
GLA_human,G144F,144,G,F,G113F,113,-0.17569231434287674,1.111458941411794,-0.23070981570261476,0.7044090481927554,0.07204431510790983,0.6052584044378023,-0.1114526049791939,0.13168161381417146
GLA_human,G144H,144,G,H,G113H,113,-0.14950049968926232,1.130414684573799,0.011553058652690984,0.7601484480566754,-0.11203767754781632,0.5186990920642923,-0.08332837286146255,0.06881245185445078
GLA_human,G144I,144,G,I,G113I,113,-0.0660489354253321,1.1071806182599782,0.2874807659760768,0.5285489610426706,0.18230523731345838,0.5151474265246037,0.134579022621401,0.14822090747679426
GLA_human,G144K,144,G,K,G113K,113,-0.036867062493319745,1.1646840269524845,0.1348386722084554,0.9079523900683517,-0.1630649541851869,0.5498979515815966,-0.021697781490017082,0.12209073939557845
GLA_human,G144L,144,G,L,G113L,113,-0.15640605365748464,1.0808255694094941,0.11499861334663845,0.5055685631477793,0.04437649086894506,0.5443769530518127,0.0009896835193662912,0.11496937159347217
GLA_human,G144M,144,G,M,G113M,113,-0.2170486794635317,1.0910504934515046,-0.008522079161319595,0.47712642579192527,0.08748256604443128,0.565499399062865,-0.046029397526806674,0.12712177644784892
GLA_human,G144S,144,G,S,G113S,113,-0.15426124464012755,1.1391690959403582,0.616418669279296,0.5687041206598357,0.06894454392870208,0.40921046869364813,0.1770339895226235,0.323779120817792
GLA_human,G144T,144,G,T,G113T,113,-0.0656047080085572,1.177062187181293,0.42447958405875497,0.6429784343780456,0.048896854942860314,0.47273422832304157,0.13592391033101936,0.20932579807551976
GLA_human,G144V,144,G,V,G113V,113,-0.08934839914178569,1.1255898959944408,0.36054568891343786,0.6183126040532323,0.06790262151456397,0.45549072075817815,0.11303330376207203,0.18642023580583458
GLA_human,G144W,144,G,W,G113W,113,-0.1458249232504764,1.154185997089784,-0.2620476271283821,1.0143144363977916,0.18475959439609102,0.7667981768867649,-0.07437098532758916,0.18927655645487065
GLA_human,G144Y,144,G,Y,G113Y,113,-0.17111019382015943,1.1246096635901999,-0.25518894669464004,0.8125820908852847,-0.0071212615878473605,0.6190330471084298,-0.14447346736754893,0.10300980696239269
GLA_human,G147A,147,G,A,G116A,116,0.02868608078730912,0.9590992173938708,1.2894323020419076,0.7212270535105321,1.2232829850758147,0.5114161231650863,0.8471337893016772,0.579359658998959
GLA_human,G147C,147,G,C,G116C,116,0.688291920105544,0.8154296861091422,3.6583022523112745,0.32906567296021155,2.798350078470823,0.4082841961273295,2.3816480836292135,1.247790248861544
GLA_human,G147D,147,G,D,G116D,116,1.5920266036608204,0.7364599926655738,4.542834566796886,0.34764477778770747,3.8183722923741086,0.6092330464825978,3.317744487610605,1.2555976154813153
GLA_human,G147E,147,G,E,G116E,116,1.5833939609789627,0.610499228673849,5.2771938707943535,0.6662283492653883,3.9307678271972364,0.6377748410693498,3.597118552990184,1.5263312925819255
GLA_human,G147F,147,G,F,G116F,116,0.7084327755990623,0.9696680949419106,3.734328664236287,0.5130716154949588,2.8335703524064626,0.4761106887925254,2.425443930747271,1.2685784338542538
GLA_human,G147H,147,G,H,G116H,116,0.8481345739560409,1.1024805236593167,3.701947652940801,0.3693552441136219,2.8284966546779597,0.5018591641056269,2.4595262938582674,1.193919767772994
GLA_human,G147I,147,G,I,G116I,116,1.0408601374518869,0.7094271478204841,4.618814381807542,0.33637992759958,3.358732983869147,0.5262261843208278,3.0061358343761917,1.4818193110831874
GLA_human,G147K,147,G,K,G116K,116,1.246648764521484,0.9185966652580336,4.278165757462945,0.7212715696162378,3.301166345882751,0.3969614161883147,2.9419936226223933,1.2634021802191906
GLA_human,G147L,147,G,L,G116L,116,1.0491815942284055,0.5751844670917676,5.2280327256279255,1.0633500200047286,4.05076098276598,0.4047354453649531,3.4426584342074364,1.7593636589730028
GLA_human,G147M,147,G,M,G116M,116,0.8877961507193375,0.6398404209044718,5.387316648198985,0.9903033263145311,3.737134784986862,0.8176006936318343,3.337415861301728,1.8585393171832325
GLA_human,G147N,147,G,N,G116N,116,0.877716596962733,0.7683418984088741,4.891100074603479,0.7428664357612175,3.4006528503140054,0.5541177704985214,3.056489840626739,1.6564314791296941
GLA_human,G147P,147,G,P,G116P,116,0.764217227601601,1.0432482500854363,2.9254088131267366,0.5518168066797032,2.5177784171723387,0.37522321435156303,2.0691348193002255,0.9376026435435885
GLA_human,G147Q,147,G,Q,G116Q,116,1.11073931232522,0.5843914411611923,5.543472685640427,0.9693097626636417,3.7105559696720136,0.7365635295129499,3.4549226558792197,1.818661152801902
GLA_human,G147R,147,G,R,G116R,116,0.9364806255652361,0.8817319924013256,4.365788599704326,0.7251510522300942,3.1460364050005034,0.4857050092096082,2.8161018767566888,1.4193145975127313
GLA_human,G147S,147,G,S,G116S,116,0.30491606957210904,0.9491777182745662,2.1579456688664544,0.6461282073950795,1.9323541308054026,0.44566112979279243,1.4650719564146553,0.8255075799541957
GLA_human,G150A,150,G,A,G119A,119,-0.362544540832659,0.9078584281105904,0.8027215665596691,0.363190965723039,-0.005213815177552972,0.7156346002979965,0.14498773684981903,0.48742975899637114
GLA_human,G150C,150,G,C,G119C,119,-0.41996903911062955,1.0865132525176127,-0.1358847527597749,0.33346168509155844,-0.1717323200629298,0.644525737081765,-0.24252870397777812,0.12631987549981338
GLA_human,G150D,150,G,D,G119D,119,-0.32783918495708725,1.0192583177368568,0.04956249796516082,0.42608735475911735,-0.2603440476953246,0.6192024432547256,-0.17954024489575035,0.16432680543820927
GLA_human,G150E,150,G,E,G119E,119,-0.3585392453655846,1.0175288302421719,-0.5080801259780647,0.4348160611809045,-0.3486449915285946,0.6408935935769344,-0.4050881209574147,0.07293827933432442
GLA_human,G150F,150,G,F,G119F,119,-0.26694310787676107,1.0506686647998205,-0.37290308488122104,0.7034390016571551,0.028048665810234484,0.687071219898005,-0.20393250898258256,0.16964340693621247
GLA_human,G150H,150,G,H,G119H,119,-0.3439517869179318,1.0366930336606233,-0.42798792456956847,0.4518678480170183,-0.2625312381650482,0.6538686884794126,-0.3448236498841828,0.06755022268783861
GLA_human,G150I,150,G,I,G119I,119,-0.29293583792584077,0.9723297440130803,-0.053892666777918374,0.4559100101291982,-0.10182169835882873,0.6812542487262251,-0.1495500676875293,0.10325989007417599
GLA_human,G150K,150,G,K,G119K,119,-0.34314750256665266,1.0248059159989937,-0.5597341321433985,0.38605411420406216,-0.36248922024821184,0.6062158204439282,-0.4217902849860877,0.09786011866311334
GLA_human,G150L,150,G,L,G119L,119,-0.28737011053245837,0.9476458300529241,-0.19800193522065795,0.43724387760474187,-0.10448029630862724,0.7250794722217688,-0.1966174473539145,0.07467087179392304
GLA_human,G150M,150,G,M,G119M,119,-0.3185944558792288,0.9579314108894026,-0.25789398016098175,0.5176130011876441,-0.06974274396003351,0.7466629459975282,-0.2154103933334147,0.10594160339098803
GLA_human,G150N,150,G,N,G119N,119,-0.3496109049424038,0.9395302622891983,-0.07659416835559252,0.33849662134789105,-0.2472246140035042,0.6850282090661169,-0.22447656243383352,0.11261332070937959
GLA_human,G150P,150,G,P,G119P,119,-0.38270496624551315,1.1192448451231942,0.34361036107368953,0.4187470351386353,-0.13063268812842516,0.5899007107455478,-0.056575764433416255,0.30110552926958617
GLA_human,G150Q,150,G,Q,G119Q,119,-0.3566172128767987,0.9510456710176906,-0.4204953452604322,0.4416520088000143,-0.23580196765472214,0.722064576089856,-0.3376381752639843,0.07658574207767752
GLA_human,G150R,150,G,R,G119R,119,-0.3436422460290148,1.0081999909332844,-0.7955273626619623,0.6001690620338154,-0.2212352046275557,0.7270078107267921,-0.45346827110617755,0.2469806841747497
GLA_human,G150S,150,G,S,G119S,119,-0.35762958159786223,0.9626356560333278,0.5898504503087647,0.3388132083679159,-0.09918778837507529,0.6574454547863507,0.04434436011194239,0.3999005801049557
GLA_human,G150T,150,G,T,G119T,119,-0.29014462937905583,0.9984359846236683,0.27920451333267804,0.396977900771912,-0.1302246738755163,0.5972533136853807,-0.0470549299739647,0.23976031962793432
GLA_human,G150V,150,G,V,G119V,119,-0.3028879277264046,0.984445358179948,0.07110221669298869,0.35491732027272055,-0.13631013414225027,0.6005301858117705,-0.1226986150585554,0.15298390355313857
GLA_human,G150W,150,G,W,G119W,119,-0.25092361635637905,1.0128355050149929,-0.6420032765638306,0.8188448364769874,0.12490979315109636,0.7217155693280298,-0.25600569992303773,0.3131115720260399
GLA_human,G150Y,150,G,Y,G119Y,119,-0.2888574965144871,1.040237015650143,-0.6305268025933659,0.6742638188883747,-0.07655535545860925,0.6673634089885963,-0.3319798848554874,0.2282042160614306
GLA_human,G163A,163,G,A,G132A,132,-0.25752409308675445,1.042151512227188,0.6864961800739281,1.0256989654949829,0.3525418644013129,0.47145510456912726,0.26050465046282884,0.39085095675697246
GLA_human,G163C,163,G,C,G132C,132,-0.2526908989164396,1.034924164558207,0.0703788541581543,1.0412016015874521,0.42641968915178535,0.4782109342999788,0.08136921479783336,0.2773546330684902
GLA_human,G163D,163,G,D,G132D,132,0.040623688494412315,1.0365969237891375,0.3201570907855381,0.9252979098118262,0.5032613975400482,0.45900587774080404,0.28801405893999954,0.19023370421653482
GLA_human,G163E,163,G,E,G132E,132,-0.008401349609458686,1.059126397580802,-0.04077870196860256,1.042115303299199,0.40651396472802387,0.5001117825775414,0.11911130438332086,0.20365377501429002
GLA_human,G163F,163,G,F,G132F,132,-0.021966882365983986,1.0415243918674568,0.33312563703994724,0.9402473381320398,0.6456690439208177,0.5070961544774923,0.31894259953159365,0.27274567082654305
GLA_human,G163H,163,G,H,G132H,132,-0.02596773885835093,1.0573466271894374,0.399609635531502,1.0137376262148632,0.5382897603910834,0.5111046352201937,0.30397721902141156,0.2400774884358186
GLA_human,G163I,163,G,I,G132I,132,-0.23221628815463896,0.9136692436193268,-0.1624380981169797,1.0958546672580745,0.32682115029730874,0.48850301189586115,-0.0226110786581033,0.24872261782394398
GLA_human,G163K,163,G,K,G132K,132,0.06365825958349558,1.0189387572019089,0.3751369617613056,1.014624842214556,0.4337960774948332,0.512353144954755,0.29086376627987814,0.16243353444723127
GLA_human,G163L,163,G,L,G132L,132,-0.0773034093772829,1.032772400636516,0.08615668275009099,0.9772121905431829,0.5275621848189959,0.5035241329102896,0.1788051527306013,0.25547785422993974
GLA_human,G163M,163,G,M,G132M,132,-0.20697186372497653,0.9932382856842632,0.019113187181800707,0.9523586727994122,0.43494129274520643,0.45003508185621816,0.08236087206734354,0.2658487381261684
GLA_human,G163N,163,G,N,G132N,132,-0.05612424388978825,0.9967524980256363,0.09710878135628043,0.9968984137734214,0.510600727094203,0.5010533584434084,0.18386175485356507,0.23935866670774894
GLA_human,G163P,163,G,P,G132P,132,-0.034668598974916476,1.0877884502196182,0.78976961348491,0.9838928277619301,0.5572697320363992,0.5278733535993568,0.43745691551546423,0.3470743674324932
GLA_human,G163Q,163,G,Q,G132Q,132,-0.09532698647371403,1.030872143214047,-0.015565350322945037,0.9968016932328344,0.4600868837881714,0.4896925491972036,0.11639818233050413,0.24519641416981758
GLA_human,G163R,163,G,R,G132R,132,-0.07716244798314449,0.9938162012631457,0.02659222003382955,1.1226980133472144,0.46444580760768195,0.5355992081267937,0.137958526552789,0.23471502764244506
GLA_human,G163S,163,G,S,G132S,132,-0.13932063756143592,1.0257561420542334,0.5872493989205113,1.1117424318999687,0.4530294515052464,0.46688396907886537,0.3003194042881073,0.3156646674021238
GLA_human,G163T,163,G,T,G132T,132,-0.1593114489365949,0.9932954745704184,-0.14585572235865082,1.11893902782214,0.3001902840051461,0.44482694322528754,-0.0016589624300332173,0.21351032734514944
GLA_human,G163V,163,G,V,G132V,132,-0.2019939755492338,0.9317892672421082,0.024541448244834285,1.084085654966875,0.36265735624793016,0.4764234510449005,0.061734942981176884,0.23201335976347642
GLA_human,G163W,163,G,W,G132W,132,0.03798784844207366,1.041489755400777,0.3394696274401101,1.2080616823521735,0.7235323456842798,0.530983624080663,0.36699660718882116,0.28054840982776547
GLA_human,G163Y,163,G,Y,G132Y,132,-0.018421167124338077,1.0332327687378862,0.1957648616216976,1.086825818404488,0.6079902014381225,0.5072775751245885,0.26177796531182734,0.2599565323410519
GLA_human,F169A,169,F,A,F138A,138,0.409804794475298,0.867548766633754,0.729429919368766,0.19163521728930252,1.5446164775158855,0.32125485623449296,0.8946170637866498,0.4777827145624908
GLA_human,F169C,169,F,C,F138C,138,0.43560661233116377,1.055514925965254,0.2799938875632512,0.5180280401163746,1.5903882132757476,0.2099373644155309,0.7686629043900542,0.5845101610037188
GLA_human,F169D,169,F,D,F138D,138,0.7882805830893108,1.0705094443298424,-0.16989332102828944,0.6547793218304173,1.502711059444453,0.2268170214578013,0.7070327738351582,0.6852504448621205
GLA_human,F169E,169,F,E,F138E,138,0.7337697950428758,1.104229838490168,0.44913606741034506,0.6595198196979828,1.2452727914769077,0.2721946162676882,0.8093928846433762,0.3293909122531095
GLA_human,F169G,169,F,G,F138G,138,0.311033648276435,0.8288583285528351,1.5893914432377496,0.21975589946925403,1.6240794860760126,0.46319941360245176,1.1748348591967324,0.6109638363926932
GLA_human,F169H,169,F,H,F138H,138,0.5421549144032267,1.1845592665123927,-0.18109463960996203,1.1171507573377895,1.03324801498001,0.28661277343291636,0.46476942992442494,0.49876407622252905
GLA_human,F169I,169,F,I,F138I,138,0.6282693238492216,0.9459709871838363,1.5813250028592878,0.5433522131410308,1.8403143601975418,0.2610348193907198,1.349969562302017,0.5211572363121242
GLA_human,F169K,169,F,K,F138K,138,1.09783071848618,1.0583990138309036,1.3796499312915165,0.6293175551628454,2.355187576378343,0.1388303757239197,1.6108894087186798,0.538727104053437
GLA_human,F169L,169,F,L,F138L,138,0.29670200270847247,1.0254606294447046,-0.8080178897158083,0.7306488905908007,0.4693113183323587,0.39256178020851645,-0.014001522891659068,0.5658592210367659
GLA_human,F169M,169,F,M,F138M,138,0.23247803574789674,1.0513449020841745,-0.8121701687023071,0.8271334200673802,0.608604834053389,0.39960007591504276,0.0096375670329929,0.601051194706225
GLA_human,F169N,169,F,N,F138N,138,0.6563769557588592,1.1296179911484654,-0.5245241986509424,0.8635653377006206,1.5899513769901172,0.2802769186951688,0.5739347113660114,0.8651971963049985
GLA_human,F169P,169,F,P,F138P,138,0.6495012731950309,0.8810411372197398,1.8159895008140943,0.4612617781281438,1.9740616901479773,0.2886848950605933,1.479850821385701,0.5906815179070918
GLA_human,F169Q,169,F,Q,F138Q,138,0.5004444447532284,1.1191865495335023,-0.6834514835215185,0.901980203145907,1.1672274881017402,0.2687869178537223,0.32807348311115,0.7653047215827133
GLA_human,F169R,169,F,R,F138R,138,1.0027131861328848,1.0121793792751355,1.4069797719640813,0.8056094459416991,2.2502638475768975,0.15014003591267633,1.553318935224621,0.5197159648918466
GLA_human,F169S,169,F,S,F138S,138,0.5571586392579458,1.0026240793333498,0.6693737782352699,0.5200410541423719,1.7953097425672944,0.21505847106066844,1.00728072002017,0.5591006854084853
GLA_human,F169T,169,F,T,F138T,138,0.4857440570016446,0.9576460415899466,0.7471758508319258,0.50285220653581,1.5732790312376121,0.30413232466255025,0.935399646357061,0.4635042092207452
GLA_human,F169V,169,F,V,F138V,138,0.49975291709347136,0.8168818907090285,0.8315772913603745,0.4023258014350199,1.3854568587268123,0.3934791304151035,0.9055956890602195,0.3653554529083045
GLA_human,F169W,169,F,W,F138W,138,0.4494450882468737,1.0469805884512866,1.9008308758579342,1.1601627815011937,0.8374187218114824,0.3100834348576834,1.06256489530543,0.613540694493348
GLA_human,F169Y,169,F,Y,F138Y,138,0.20281522687895698,1.149877296303233,1.1441926278055625,1.2038724364687572,0.24562891621130692,0.5134392680709364,0.5308789236319421,0.43403035822696173
GLA_human,G171A,171,G,A,G140A,140,0.33054924974135214,0.8586405641128348,0.4083994057409083,0.7542483421646448,1.0077253450295813,0.5622301873939181,0.5822246668372806,0.3025483785599362
GLA_human,G171C,171,G,C,G140C,140,0.5408756616785775,0.9342006965459027,1.349586018430138,0.9998641534385576,1.7564409822042344,0.48833113482245255,1.2156342207709834,0.505210896681277
GLA_human,G171D,171,G,D,G140D,140,1.1981909045171566,0.7743016453160386,1.882353939282907,1.0138901912108078,2.3284390247855358,0.4755241906743709,1.8029946228618663,0.46482156373506184
GLA_human,G171E,171,G,E,G140E,140,1.0593946643950414,0.7205405386329199,1.7110559372622678,1.1188054339560778,2.2875975296967423,0.4602738866202564,1.6860160437846838,0.501724238191229
GLA_human,G171F,171,G,F,G140F,140,0.6787486441983968,0.7323835081967577,1.7660917969338612,1.457335431012827,2.1371769762354256,0.4519202747942635,1.5273391391225613,0.618872859118924
GLA_human,G171H,171,G,H,G140H,140,0.7998000219726145,0.8305008976503383,1.6085848987633404,1.2658624052354726,2.172265139045013,0.465932885504473,1.5268833532603228,0.563277007814287
GLA_human,G171I,171,G,I,G140I,140,0.7485335844219281,0.6736064221961673,1.493140891874406,1.0121064766293668,2.0630563456183966,0.39326799454143924,1.434910273971577,0.53822896371458
GLA_human,G171K,171,G,K,G140K,140,1.0443147328830091,0.694167093368172,2.236768130586325,0.788561665015663,2.166706226589704,0.4823775375834382,1.8159296966863459,0.5463633753414947
GLA_human,G171L,171,G,L,G140L,140,0.7828516560909141,0.7363744878861608,1.9612302982056389,0.9450037771497886,2.149209804559221,0.4528348756118779,1.6310972529519248,0.6046897376053294
GLA_human,G171M,171,G,M,G140M,140,0.6072461202387673,0.676770500181225,1.7477873166653453,1.0111495383495057,2.0201538083359325,0.39159644194217275,1.4583957484133485,0.6120390203260637
GLA_human,G171N,171,G,N,G140N,140,0.7410152445444623,0.9163085918008019,2.015541978723002,1.0094590653414333,1.999192579690184,0.4968489336296717,1.5852499343192161,0.5970013870874392
GLA_human,G171T,171,G,T,G140T,140,0.4976687222273596,0.8456356158870469,0.9637998095937194,0.998545876080624,1.5322696673992475,0.54137974026691,0.9979127330734422,0.4230622866662316
GLA_human,G171V,171,G,V,G140V,140,0.6818664355104683,0.7835993714376025,1.3629505132259305,0.9863181401077439,1.8981735571130016,0.48205790596214254,1.3143301686164668,0.4977440486486451
GLA_human,G171W,171,G,W,G140W,140,0.6692870829108803,0.748833656791845,1.424746569895132,1.7654110911346073,1.8946319758045107,0.44169764079286405,1.329555209536841,0.5047531231207801
GLA_human,G171Y,171,G,Y,G140Y,140,0.8170777503553556,0.7292473415438269,1.5669226687079143,1.6206328831081234,2.1261862300748184,0.4673947444338682,1.503395549712696,0.5363257865975526
GLA_human,G183A,183,G,A,G152A,152,0.11081839567961131,1.1066209587380291,1.6445987433521787,0.7415695440267077,1.3504027674011123,0.5968591795513427,1.0352733021443008,0.6646304605475278
GLA_human,G183C,183,G,C,G152C,152,0.0761157058620939,1.129784435010282,1.3310249612843017,1.087650308067134,1.1365354644934154,0.45839786594709975,0.8478920438799369,0.551474132384386
GLA_human,G183D,183,G,D,G152D,152,0.32791478532330154,1.145134610451975,1.6833046720579623,1.0861458773880948,1.1896411740660053,0.4275426919365763,1.0669535438157565,0.5600950081477043
GLA_human,G183E,183,G,E,G152E,152,0.24557328233302758,1.0856101497582074,1.613677858892586,1.1381776047419736,1.0613404399012194,0.3949581785076765,0.9735305270422776,0.561967062319506
GLA_human,G183F,183,G,F,G152F,152,-0.016307724041981907,1.1033319473109569,0.47350680565484976,1.1552971330655313,0.7401108117862341,0.3838956977479539,0.39910329779970066,0.31325619102367197
GLA_human,G183H,183,G,H,G152H,152,0.107603140780301,1.0849380664437989,1.3457611316287625,0.9849047465074773,1.0307370137700014,0.4139369129811916,0.8280337620596884,0.525404770163554
GLA_human,G183I,183,G,I,G152I,152,0.10365805630898117,1.0508674262781523,1.6744316796602632,0.6078351872776805,1.4686822585997532,0.4747491849921844,1.0822573315229993,0.6970536144629216
GLA_human,G183K,183,G,K,G152K,152,0.18998557884843453,1.115321959922545,1.1202962035076165,1.0499829076299858,0.7335880258748217,0.3954080495055384,0.6812899360769576,0.38159383488714665
GLA_human,G183L,183,G,L,G152L,152,0.12373739932164045,1.2002886185362918,0.81487056908084,0.884016235063026,0.8902585082194893,0.4235951386225964,0.6096221588739899,0.34494814587686123
GLA_human,G183M,183,G,M,G152M,152,0.01573524947335305,1.153107887872659,0.616962752157203,0.9283990617692226,0.8246014982149784,0.45471745437524713,0.48576649994851145,0.34300193831672166
GLA_human,G183N,183,G,N,G152N,152,0.17798712248687446,1.156764859539925,1.2128044081598748,0.8851210820154359,1.0470374468054064,0.47515872624958466,0.8126096591507186,0.4538200777109893
GLA_human,G183P,183,G,P,G152P,152,0.2115665436939944,1.1378083421381087,1.773348109214427,0.7921462147748515,1.3189178381786684,0.5684146231820452,1.10127749702903,0.6559044153795894
GLA_human,G183Q,183,G,Q,G152Q,152,0.16690368570087072,1.0945071304624803,1.4197916517800757,0.7850348495044092,1.1227897457853142,0.4544107115858818,0.9031616944220868,0.5345461779838595
GLA_human,G183R,183,G,R,G152R,152,0.02622399343742878,1.1126309056830601,0.6704350436020149,1.006542937095698,0.5944348143606814,0.43163162624151896,0.43036461713337504,0.2874499857971761
GLA_human,G183S,183,G,S,G152S,152,0.2440733289221589,1.1277337319212015,1.8234540065533467,0.8057130852480071,1.4711496201265502,0.5694263897231171,1.1795589852006854,0.6769439440116338
GLA_human,G183T,183,G,T,G152T,152,0.25207199144576625,1.0964288560831752,2.125714866479076,0.5756842152802925,1.674923296048273,0.6184673901010221,1.3509033846577052,0.7984886069001174
GLA_human,G195C,195,G,C,G164C,164,-0.02703790131223327,1.170370582577842,1.0706728865541941,0.5983114632725862,0.15946919134206342,0.6192239790905526,0.40103472552800806,0.47958848605131515
GLA_human,G195D,195,G,D,G164D,164,0.11395194613317469,1.1140284333282895,1.3446108167803519,0.5002243847881226,0.253629307666678,0.6997980207323633,0.5707306901934015,0.5501789279109818
GLA_human,G195E,195,G,E,G164E,164,0.13112950210393448,1.2146744608138256,0.8272302961754885,0.4594756529083033,0.15101412381596288,0.6457736925193819,0.3697913073651286,0.32356006233571843
GLA_human,G195F,195,G,F,G164F,164,-0.07955896882610047,1.0737443422897892,0.698935237159135,0.6976832220192732,0.16149943528300942,0.6331027410145166,0.26029190120534795,0.32540566547045846
GLA_human,G195H,195,G,H,G164H,164,-0.06778612059523219,1.020362496809016,0.5090898922158436,0.4780797068222011,-0.03988802091895245,0.6115236743414784,0.1338052502338863,0.26561061458713237
GLA_human,G195I,195,G,I,G164I,164,0.12890424072998113,1.065062570018816,1.5965523422089845,0.6374187519183718,0.46861085710866635,0.7371894984662355,0.7313558133492107,0.6273084947966803
GLA_human,G195K,195,G,K,G164K,164,0.06031112380719703,1.1272319549032,0.3842576615998216,0.32229576253827147,-0.035825644132129186,0.5915190693530648,0.1362477137582965,0.1797076704145225
GLA_human,G195L,195,G,L,G164L,164,-0.042409284909505754,1.0111835087761212,1.0462838756237978,0.6362168832652564,0.16509330297480973,0.6157822391067581,0.3896559645630339,0.4719706849531291
GLA_human,G195M,195,G,M,G164M,164,-0.1216934751782615,0.9937558597527381,0.850247991857518,0.6757577445426339,0.09517912554135317,0.5992422788495763,0.27457788074020323,0.4165777149273099
GLA_human,G195N,195,G,N,G164N,164,-0.08106902937829119,0.9848897326801158,1.0215115780800197,0.5107748725026346,0.038630828639670114,0.6413790089386149,0.32635779244713287,0.49397105398473184
GLA_human,G195P,195,G,P,G164P,164,-0.10396986479072765,0.9224732786705341,1.395522877854513,0.5994102783250032,0.1381379804700335,0.77373282477338,0.47656366451127297,0.6572764913010466
GLA_human,G195Q,195,G,Q,G164Q,164,-0.0716836436213705,1.0145275549199089,0.8367891144921338,0.5494643055496345,0.04160324373620235,0.6139719997385199,0.26890290486898855,0.40421078661337
GLA_human,G195R,195,G,R,G164R,164,-0.06966590532745412,1.0254585222582167,0.18976718412145904,0.4994041364899445,-0.029805389140686513,0.6443428934530833,0.03009862988443947,0.11406942504975917
GLA_human,G195S,195,G,S,G164S,164,0.004425312478561816,1.0347700673679578,1.7314015883083962,0.4947920467540041,0.2732950599314368,0.6697545927675829,0.669707320239465,0.7587132855089425
GLA_human,G195T,195,G,T,G164T,164,0.23750676158389356,1.1191243862084423,1.6859322392560643,0.608511621475469,0.48459317479204866,0.7254642377436101,0.8026773918773354,0.6326490696331492
GLA_human,G195V,195,G,V,G164V,164,0.1309345347678094,1.1078118294722665,1.6073718749821466,0.582780307726388,0.4324925305629466,0.7037190762980484,0.7235996467709676,0.6369323981527968
GLA_human,G195W,195,G,W,G164W,164,-0.08542393850264865,1.06461853859846,0.3399606126063252,0.6585225544993893,0.20541969830692883,0.7284301159975195,0.15331879080353514,0.17752724204574669
GLA_human,G195Y,195,G,Y,G164Y,164,-0.047005846458068754,1.0994705208106788,0.4911001042642244,0.6537632436386192,0.13605074041142967,0.6406191686384551,0.1933816660725284,0.2233899875830824
GLA_human,Y200A,200,Y,A,Y169A,169,0.34201735454936466,0.8195129388223478,0.6867441522359586,0.7604235625583731,1.6574589051017021,0.5052682921367312,0.8954068039623418,0.5569271016922526
GLA_human,Y200C,200,Y,C,Y169C,169,0.23802199902061738,0.8694431330681512,0.07415270023954981,0.792801462734299,1.4923052856707366,0.5647372428749301,0.6014933283103012,0.6334417859614238
GLA_human,Y200D,200,Y,D,Y169D,169,0.7801385076340042,0.9084696967434057,0.17517733901101384,0.8696771801293947,1.9309242438989884,0.504283132252323,0.9620800301813355,0.7282347774932918
GLA_human,Y200E,200,Y,E,Y169E,169,0.6944853262892531,0.9195440930426384,0.14780777439606982,0.8913098358575088,1.815448313732508,0.5454685955457274,0.8859138048059436,0.6941373009714974
GLA_human,Y200F,200,Y,F,Y169F,169,-0.1332048066677484,0.915995069836446,-0.4396189134057818,0.9541692020944045,-0.005617327860489518,0.4970479448941225,-0.19281368264467325,0.18212497107825204
GLA_human,Y200G,200,Y,G,Y169G,169,0.36240361765649326,0.8614872298684992,1.385800131889806,0.5504011285652299,1.7824480710170654,0.6530744527779927,1.1768839401877882,0.5982563796826503
GLA_human,Y200H,200,Y,H,Y169H,169,0.5851072858320256,0.9323495648457478,-0.27159980509989323,0.9052561425482376,1.3435743264183055,0.4997377387270122,0.5523606023834793,0.6597985186095582
GLA_human,Y200I,200,Y,I,Y169I,169,0.12587213600761943,0.862518258771933,0.03634723840586109,0.8806040338612523,1.189874804141989,0.6137325067270685,0.4506980595184899,0.5239531605444623
GLA_human,Y200K,200,Y,K,Y169K,169,1.319545899116068,1.0222720522224658,1.1069810469024959,0.9544216132549778,2.6999633168271533,0.29822588275337425,1.7088300876152391,0.7061891921362963
GLA_human,Y200L,200,Y,L,Y169L,169,-0.060205966384210496,0.8464299457639177,-0.7134755477703824,0.7516449894975759,0.6146345617985336,0.5151766339238445,-0.053015650785353086,0.5422225196747168
GLA_human,Y200M,200,Y,M,Y169M,169,-0.03539354059712232,0.9730141492043884,-0.6733400599803259,0.9669706728847595,0.8428645358994948,0.4747421995349337,0.044710311774015556,0.6215741117063437
GLA_human,Y200N,200,Y,N,Y169N,169,0.4874678971129983,0.9454125418840555,-0.3127087616304986,0.785370894923138,1.5330448855152905,0.5242117740152867,0.5692680069992634,0.7557424936096727
GLA_human,Y200T,200,Y,T,Y169T,169,0.4228124511151286,0.8927480287553506,0.4201961280069691,0.8340582712318877,1.6904998934339734,0.5439397850338846,0.844502824185357,0.5982112180880528
GLA_human,Y200V,200,Y,V,Y169V,169,0.15347856634287554,0.87703043026994,-0.10584452781338376,0.7735230817234071,1.184096509704966,0.5609398812012804,0.4105768494114859,0.5571125651883407
GLA_human,Y200W,200,Y,W,Y169W,169,0.7925635147051058,0.9427601155245118,1.1720876534786853,1.0145314833051888,1.6984333086195136,0.48668494821787467,1.221028158934435,0.3714354144732128
GLA_human,S201A,201,S,A,S170A,170,-0.2761981189863797,0.49549120197153834,0.3253059720119994,0.5685783120594168,0.4837159321305652,0.36882928416857874,0.17760792838539496,0.3273411832116316
GLA_human,S201C,201,S,C,S170C,170,-0.23176657307551407,0.49094462208443107,0.47516401761743,0.5317373256527149,0.672991313805025,0.4347297829330533,0.3054629194489803,0.38836885861065806
GLA_human,S201H,201,S,H,S170H,170,-0.023745644886945548,0.2935216127600516,0.709540323152904,0.6693037249595473,0.7185126226267018,0.33736332019656984,0.46810243363088677,0.3478084001244791
GLA_human,S201I,201,S,I,S170I,170,-0.11176475216580653,0.39375047761376325,1.0434035916345463,0.6388423652129436,0.8450947839995081,0.41666885143960997,0.5922445411560826,0.5043500170907085
GLA_human,S201K,201,S,K,S170K,170,0.15337123525019375,0.34852739346403905,0.17208135227073051,0.40038728558062986,0.7119820550144775,0.32834046030833064,0.3458115475118006,0.2590342931522215
GLA_human,S201L,201,S,L,S170L,170,-0.09022258415962692,0.39642680096831195,0.6921341230994816,0.5718702753021444,0.8668067156858712,0.5017204032439542,0.4895727515419086,0.41613267285498823
GLA_human,S201M,201,S,M,S170M,170,-0.177306390865334,0.3430250656452039,0.9006441853795746,0.6405296552451436,0.7661553610093182,0.4715350967715563,0.49649771850785296,0.4796045553900065
GLA_human,S201N,201,S,N,S170N,170,-0.1272265794344229,0.3114841559182814,0.8999864894285393,0.48386701522526915,0.8727458804243534,0.4728828470270181,0.5485019301394899,0.47794161197295915
GLA_human,S201P,201,S,P,S170P,170,0.27382397126433716,0.4692240058951656,1.9349927519700572,0.5010495319961125,1.2086179368129102,0.3936218887728754,1.1391448866824347,0.6799462272948039
GLA_human,S201Q,201,S,Q,S170Q,170,-0.12813158827994328,0.32089298323926835,0.8135450938875886,0.5184455356830961,0.7174098832457492,0.42692281612273425,0.46760779628446486,0.4230756870207918
GLA_human,S201R,201,S,R,S170R,170,0.15014518830739557,0.36733415353336374,0.5361957942867897,0.6240874059953311,0.8923552105622843,0.36705356993866556,0.5262320643854898,0.3030878708879216
GLA_human,S201T,201,S,T,S170T,170,-0.21326701016328822,0.3717004553780317,0.7292979867414044,0.6040683000607896,0.6579926242197505,0.37938697227335616,0.39134120026595554,0.4285124889427967
GLA_human,S201V,201,S,V,S170V,170,-0.19416622212923781,0.4015946157471867,0.5581812451546951,0.5054323335810061,0.6015676976549212,0.34594730740699453,0.32186090689345953,0.3653159312893378
GLA_human,S201W,201,S,W,S170W,170,-0.15751762520244156,0.3716158800251144,0.3839025080542341,1.6053916192189452,0.012646479045730635,0.18455459624430384,0.07967712063250772,0.22605865073408174
GLA_human,S201Y,201,S,Y,S170Y,170,0.22771213017161002,0.36856976747529957,0.8948193273113505,0.9516648828005627,1.1528338061646433,0.4025978960508275,0.7584550878825347,0.38979390554008514
GLA_human,N228A,228,N,A,N197A,197,0.9276113986364596,0.8996118207066441,2.0729290634948554,0.31597006942600453,2.0891988477717063,0.3277521353382139,1.6965797699676737,0.543783316864931
GLA_human,N228C,228,N,C,N197C,197,0.37431014037573773,0.8447284151293062,0.9300413838606808,0.6533172258666016,1.2566750516267586,0.3580822940153913,0.8536755252877257,0.36424878624226414
GLA_human,N228D,228,N,D,N197D,197,0.9026349857005332,0.9429401336071227,1.1909767821633517,0.6691636536689073,1.4255709738973301,0.32437549882528527,1.173060913920405,0.21386326736026778
GLA_human,N228E,228,N,E,N197E,197,0.9837644746578478,0.9334907102104955,1.4802456090479426,0.4975989741410554,1.617729828908771,0.2922561831102664,1.3605799708715205,0.2722963046851137
GLA_human,N228F,228,N,F,N197F,197,0.43788883288874614,0.7120143561655441,0.7155215350719459,0.6836752787022177,0.8222220372542063,0.4253092703091796,0.6585441350716329,0.16199345887525293
GLA_human,N228G,228,N,G,N197G,197,0.36503206092297125,0.8186347768912846,1.1372712878286397,0.536528692973934,1.159817676199499,0.2686265838059125,0.8873736749837033,0.3694659715876601
GLA_human,N228H,228,N,H,N197H,197,0.4490355177597385,0.6250104070591441,1.141825729918626,0.6110682383118611,0.9246667587026056,0.2853947227253277,0.8385093354603234,0.28931746773005995
GLA_human,N228I,228,N,I,N197I,197,-0.26917339745994456,0.7378991747925256,0.08605103334325416,0.921396920030613,-0.23406261248553753,0.4847659627342601,-0.13906165886740932,0.15982278717615006
GLA_human,N228K,228,N,K,N197K,197,1.6528955434842618,0.8107133425820432,2.547210512813005,0.2867802306296837,2.975279098160851,0.4773637186090354,2.391795051486039,0.5509325673403708
GLA_human,N228L,228,N,L,N197L,197,0.11706050063410034,0.7327220666656079,0.5719790059780505,0.7873642457338859,0.55998142339675,0.350864924616417,0.41634031000296695,0.21167945691358847
GLA_human,N228T,228,N,T,N197T,197,0.20772277505901124,0.8544599649646145,0.6381690365296777,0.7366606005338368,0.4287897033393418,0.29406569322365195,0.42489383830934363,0.1757505416336221
GLA_human,N228V,228,N,V,N197V,197,-0.0368499727818961,0.7527066099618018,0.4488579157058824,0.8956184776827507,0.3095673236405205,0.34343024566514346,0.2405250888548356,0.20421093812194177
GLA_human,N228W,228,N,W,N197W,197,0.9667286838472975,0.7037530755453324,1.3779205733219617,0.5900676251510502,1.7533223972545486,0.2397254760997763,1.3659905514746027,0.32123632168951155
GLA_human,N228Y,228,N,Y,N197Y,197,0.5685312271118267,0.7729040247017804,0.8462701448464918,0.6271840894209887,0.6298932647516484,0.44098243942877524,0.6815648789033224,0.11912792392462081
GLA_human,G258A,258,G,A,G227A,227,0.7563672944465434,0.9967883243841601,1.5194877819856465,0.9241715125099583,0.9101799785778926,0.6623672842384462,1.0620116850033607,0.3295227558480413
GLA_human,G258C,258,G,C,G227C,227,0.9318783392582833,0.8236110705805834,1.7402687872973623,1.0473383215269751,1.2836759186072109,0.6431171436281639,1.3186076817209522,0.3309470755028983
GLA_human,G258I,258,G,I,G227I,227,1.1678261658965547,0.8741108192222026,1.4369432303504686,1.0070943008391642,1.712926651398999,0.6821355459394687,1.4392320158820073,0.22254222629747838
GLA_human,G258K,258,G,K,G227K,227,1.2943946481602258,0.8233955935637892,2.057366677462915,1.0081850795449845,1.1000871310985496,0.5401508758344583,1.4839494855738966,0.4131539743340924
GLA_human,G258L,258,G,L,G227L,227,1.098795012432119,0.8600684817670293,1.4254606136616332,1.0157616694220721,1.472830909595224,0.7744862042684598,1.332362178562992,0.1662853011243309
GLA_human,G258M,258,G,M,G227M,227,0.8824632248526013,0.8701499650768416,1.3021308340813587,1.0456879807369472,1.3726481066014156,0.7920848193222977,1.185747388511792,0.21637796310431429
GLA_human,G258N,258,G,N,G227N,227,0.961420510891401,0.9744736400772327,1.7599598248239388,0.6997459987004572,1.098141426870099,0.6653874947660707,1.2731739208618131,0.3487057397851676
GLA_human,G258P,258,G,P,G227P,227,1.4665963279960852,0.9099504027653628,2.53391608299763,1.0163409309556608,3.3341469633738057,0.118403762276453,2.444886458122507,0.7650189755833885
GLA_human,G258Q,258,G,Q,G227Q,227,0.9813638739329604,0.9383570539938864,1.5877469777924678,0.8697244003880631,1.209806581122707,0.7102636956682225,1.2596391442827117,0.2500501022127291
GLA_human,G258R,258,G,R,G227R,227,1.0030543093508713,0.9037046651428846,1.615981553217511,1.2453015232727163,1.196289869657282,0.7490570578078093,1.2717752440752215,0.25585605703435566
GLA_human,G258S,258,G,S,G227S,227,0.8053272976801027,0.9777972182170075,1.4477419171712613,0.8113283934157647,0.8556177816324484,0.6450418157066755,1.0362289988279374,0.29170698159468134
GLA_human,G258T,258,G,T,G227T,227,1.0098744895338256,0.9697514300472716,1.5775416898444248,0.7704158245480993,1.1123406465681245,0.6523082663124582,1.2332522753154582,0.24701717761034123
GLA_human,G258V,258,G,V,G227V,227,1.135222906839598,0.8935334264327781,1.5418128286830919,0.8758225292105807,1.423898963888947,0.6294552842207113,1.3669782331372122,0.17079972351296557
GLA_human,G258W,258,G,W,G227W,227,0.6958427631491861,0.8383799545351512,1.5057212586817623,1.655457205785995,1.3260049938017442,0.6733191337001446,1.1758563385442309,0.34725999710904115
GLA_human,G258Y,258,G,Y,G227Y,227,0.8677246036767482,0.8979884811323559,1.7451910717782861,1.143934834589688,0.8660156159994272,0.6379944756568697,1.1596437638181538,0.4140450599908491
GLA_human,G260A,260,G,A,G229A,229,0.44010209596679595,0.7471349419849005,2.242434973427817,0.6018358397324909,0.9699372577620606,0.774212299897067,1.2174914423855576,0.7563346948883076
GLA_human,G260C,260,G,C,G229C,229,0.47670093062817054,0.7905267367087383,1.7854327863549266,0.606666162862081,0.7865352272403326,0.6582919287759447,1.0162229814078099,0.5584276233970846
GLA_human,G260D,260,G,D,G229D,229,0.9641783409038377,0.778941922993985,2.381700542947963,0.868891197914372,1.1129892628969802,0.64005689472096,1.4862893822495937,0.6360592386738376
GLA_human,G260E,260,G,E,G229E,229,1.0390499852656547,0.7642353295440057,2.634611060416945,0.9040678264870247,1.0327496767644775,0.5625167820917644,1.5688035741490258,0.7536440900983956
GLA_human,G260F,260,G,F,G229F,229,0.6738452120257094,0.7887442143269829,1.867858188332144,0.8083383617085576,0.7434006801318358,0.5428734216482873,1.0950346934965631,0.5472059980258966
GLA_human,G260H,260,G,H,G229H,229,0.5895859210795409,0.8747990934301824,1.7879587606336187,0.8914846009729887,0.5457153012193622,0.5858476452317348,0.9744199943108406,0.5755375174879103
GLA_human,G260I,260,G,I,G229I,229,0.7301229251104485,0.7003441666687331,2.1391533800937714,0.7329656422049329,1.1046481720842385,0.7321292060812473,1.324641492429486,0.5958968039937914
GLA_human,G260P,260,G,P,G229P,229,1.1080041188418934,0.683822255280955,3.2647664377864247,0.7131049506838303,1.6381920750143923,0.6076875449151822,2.00365421054757,0.9176338610746304
GLA_human,G260Q,260,G,Q,G229Q,229,0.7679846921521533,0.8342486157914688,2.3016356310359107,0.6689856699258355,1.0489117534806507,0.6702982086476706,1.372844025556238,0.666693526919127
GLA_human,G260R,260,G,R,G229R,229,0.8000675538689158,0.7967147242826104,2.1070516115106512,1.1114995460363115,1.1094360294333034,0.7352934828013967,1.33885173160429,0.5576889844315073
GLA_human,G260S,260,G,S,G229S,229,0.4416284729304942,0.7873762540177511,1.8841380911232388,0.5998070837121704,0.8545568000960856,0.7720968348362878,1.0601077880499394,0.6065733844755848
GLA_human,G260T,260,G,T,G229T,229,0.5394923613422824,0.8337773626739259,1.6809515801122827,0.5433315448541033,0.7259591059001996,0.7239268789214732,0.982134349118255,0.4999677345970286
GLA_human,G260V,260,G,V,G229V,229,0.6636454170803876,0.715353732690211,2.080068380629471,0.5964147332971352,0.940075013858776,0.6993729067565174,1.2279296038562115,0.6130300164778425
GLA_human,G260W,260,G,W,G229W,229,0.6335743496164064,0.7746405285909629,2.3766863830434155,1.1438926102307088,0.9709919865136424,0.5373175860327152,1.3270842397244882,0.7548559067208759
GLA_human,G260Y,260,G,Y,G229Y,229,0.6953804664582507,0.8381587048742706,1.6570874889395377,1.0359486982486477,0.6459026329953984,0.5344201086074315,0.9994568627977288,0.4654535740048232
GLA_human,G261A,261,G,A,G230A,230,0.23071495800658298,0.5867314667150021,1.2043143514464145,0.3400085931682261,0.8091254482124881,0.680067921312915,0.7480515858884953,0.3998095023224431
GLA_human,G261C,261,G,C,G230C,230,0.5217064861308398,0.5873039325970787,1.420072516639753,0.5121442531796389,1.2937357093100652,0.6301417380064788,1.078504904026886,0.397079845749122
GLA_human,G261D,261,G,D,G230D,230,1.08074588343159,0.6362384477852717,2.709469624062779,0.15346551267135441,1.9234850665517378,0.4721177283795982,1.904566858015369,0.6650582329313138
GLA_human,G261E,261,G,E,G230E,230,1.023460176437256,0.6209689035502532,2.3028667088740997,0.5311887563366497,1.7873194120199216,0.44885242906832074,1.7045487657770924,0.5255844389630201
GLA_human,G261F,261,G,F,G230F,230,0.4804902241310417,0.720233946275094,1.2919634714608441,0.6504121517468283,1.0897871173771203,0.5855953906014651,0.9540802709896687,0.3449004386779024
GLA_human,G261H,261,G,H,G230H,230,0.5203075014272619,0.826068052052549,1.147748861608362,0.5997597245445002,1.1315769961597992,0.5631458094362283,0.9332111197318076,0.2920415847269713
GLA_human,G261I,261,G,I,G230I,230,0.7037830403517062,0.6238822150294232,2.2534004138382158,0.2114828265139839,1.3947505938769467,0.6378624224842823,1.4506446826889563,0.6338620317418718
GLA_human,G261K,261,G,K,G230K,230,0.8750202196789708,0.6464819892868183,1.6350813226356358,0.424571351376159,1.4599714084430322,0.5076533448206251,1.3233576502525464,0.32498277826383554
GLA_human,G261L,261,G,L,G230L,230,0.7458071632646923,0.6431445889442965,2.1213671883217526,0.21373416844138787,1.3844279452423216,0.6334184565973032,1.4172007656095886,0.5620479747909212
GLA_human,G261M,261,G,M,G230M,230,0.5607218030473493,0.6355281799809006,2.3117366601920266,0.3561299724596682,1.607486553267094,0.6990502338808752,1.4933150055021567,0.7193930841223638
GLA_human,G261N,261,G,N,G230N,230,0.5709268306024864,0.7774184752322436,1.700181836474427,0.3387564581657335,1.1275257585901142,0.5670948444730428,1.1328781418890093,0.46103196062524987
GLA_human,G261P,261,G,P,G230P,230,0.917699703441809,0.5361454103129789,3.120936427487593,0.325988012246587,1.8189254561947386,0.5719588506573648,1.95252052904138,0.9044146350587486
GLA_human,G261V,261,G,V,G230V,230,0.5565606082778738,0.6126355890698703,0.7713749086615466,0.41327531671035117,0.9413314558922282,0.6324882353928418,0.7564223242772162,0.15743747145728487
GLA_human,G261W,261,G,W,G230W,230,0.44230597818810935,0.7703009020454074,1.8515932773675938,1.1951343453465413,1.0637519019688348,0.6598714582831203,1.1192170525081793,0.5766743506812232
GLA_human,G261Y,261,G,Y,G230Y,230,0.49237880811698964,0.7374608813216854,1.0005624249797707,0.9354976271466962,0.9723031638938746,0.49182431017596223,0.8217481323302116,0.23318484836253278
GLA_human,G271A,271,G,A,G240A,240,-0.22488022744665453,0.9546423326469848,-0.14061965094322182,0.2632983829977758,0.0328011863976496,0.44157010013579834,-0.11089956399740891,0.107276559838733
GLA_human,G271C,271,G,C,G240C,240,0.4580572854469267,0.9294456457794456,0.556779857529441,0.7703697809663125,0.8514422175027512,0.32740272610455323,0.6220931201597063,0.1671073365608642
GLA_human,G271D,271,G,D,G240D,240,0.6373945983957181,1.056886699592073,1.274596987474822,0.7254793162649275,0.3620169338715125,0.3329126923273664,0.7580028399140176,0.3821957173144471
GLA_human,G271E,271,G,E,G240E,240,0.812471110653027,1.1062903258942214,1.8845940894644637,0.7181268217774526,0.7749577694441858,0.30111349493520984,1.1573409898538922,0.5144735923654071
GLA_human,G271F,271,G,F,G240F,240,0.3604171172473216,1.1482932702940223,1.2420641036131879,0.7905665795865581,0.6363696124295127,0.2822651106261992,0.7462836110966741,0.36822653124515353
GLA_human,G271H,271,G,H,G240H,240,0.5030458756323173,1.1635047666512095,1.5154452563183554,0.6472142392691029,0.6962929799187305,0.28969696360010055,0.9049280372898011,0.43885044291993963
GLA_human,G271I,271,G,I,G240I,240,0.5743866252861212,0.758917572059416,1.1837902083085257,0.46539403903968524,1.4863739554061777,0.2561408462768161,1.0815169296669416,0.3792757046599492
GLA_human,G271K,271,G,K,G240K,240,1.0034878736063269,1.1169834054591097,1.858834126297208,0.8940893068203632,1.3418122091693787,0.4163364639078103,1.4013780696909712,0.35172467622923614
GLA_human,G271L,271,G,L,G240L,240,0.7029363185890295,0.8597685479915351,1.3484993011827497,0.5065716003556865,1.629342651834617,0.25367109868031623,1.2269260905354653,0.387850665187604
GLA_human,G271M,271,G,M,G240M,240,0.47471847227818886,0.943862352912279,0.9809562246742896,0.5725231661088296,1.1111844327159137,0.45306396992580283,0.8556197098894641,0.27453495363709635
GLA_human,G271N,271,G,N,G240N,240,0.32162974783046844,1.1272240037422983,0.6965897737502921,0.49103490055435633,0.4039504281592069,0.39968382907385785,0.47405664991332247,0.16090352597322954
GLA_human,G271P,271,G,P,G240P,240,0.8156866469978615,0.923747560864851,0.9674098284111103,0.6594519146458881,1.120540587800911,0.38382466753071864,0.9678790210699608,0.12445654238086651
GLA_human,G271Q,271,G,Q,G240Q,240,0.5461880333804175,1.1611790266415312,1.2775152671960834,0.3355894347457431,0.7608552531499113,0.36015928413972553,0.8615195179088042,0.30693088405448843
GLA_human,G271R,271,G,R,G240R,240,0.8635058966623607,1.0031451178184896,1.524546751658965,0.9769225653673591,1.4890195036104792,0.41699511415295504,1.2923573839772684,0.3035904532618804
GLA_human,G271S,271,G,S,G240S,240,0.6229388212875111,1.0106066348394258,1.0973055915395977,0.32666831127534784,1.3597623598226782,0.40092858266946835,1.0266689242165956,0.3049255491785348
GLA_human,G271T,271,G,T,G240T,240,0.6800831414691089,0.8434321863169126,1.3225427851268605,0.38424095931861485,1.4737423809969796,0.23398086413523717,1.1587894358643165,0.3440785924446285
GLA_human,G271V,271,G,V,G240V,240,0.3114584850578468,0.8802495769691139,0.5915889289862701,0.5263380576814949,0.8378937462666217,0.3921119291515741,0.5803137201035796,0.21506412813003628
GLA_human,G274D,274,G,D,G243D,243,0.7191934087302346,1.1738797254258717,0.6340733475933361,0.6610652331478266,0.34993253664634427,0.7247991405976453,0.5677330976566384,0.15788005887231074
GLA_human,G274E,274,G,E,G243E,243,0.6934323512984738,1.123354227822542,0.7039936991925162,0.832823845601273,0.30922150009001437,0.7211813351023897,0.5688825168603348,0.1836586838676248
GLA_human,G274F,274,G,F,G243F,243,0.3800426906378143,1.0603248828630232,0.3844060520422371,0.4958111755843715,0.420956062114959,0.5849156800288273,0.3951349349316702,0.01834498455433321
GLA_human,G274H,274,G,H,G243H,243,0.6744761541339326,1.1059848948348971,0.6172437817434229,0.6522463504192536,0.6832611950068712,0.5637388037396915,0.6583270436280756,0.029270805035017604
GLA_human,G274I,274,G,I,G243I,243,0.33749389804917007,1.19026482803429,0.2763866472351875,0.315398551712862,0.2363790950920533,0.6328881563146777,0.2834198801254703,0.04157844487977599
GLA_human,G274K,274,G,K,G243K,243,0.7075483461682295,1.1611875106935732,0.5576734830546919,0.7801794511846208,0.2865121167374367,0.6563605836815821,0.5172446486534527,0.17424837562438836
GLA_human,G274L,274,G,L,G243L,243,0.4692300323656715,1.2233185948289662,0.6933941360980486,0.3958858191263009,0.454231386071111,0.6772844395079327,0.5389518515116104,0.10937871303831201
GLA_human,G274M,274,G,M,G243M,243,0.2378485927867527,1.1346594882536083,0.48747965180512376,0.3922628198299623,0.27363993254892977,0.619535549285568,0.33298939238026876,0.11021398941260331
GLA_human,G274N,274,G,N,G243N,243,0.295391285645416,1.234408004461632,0.4150207032929221,0.2748239156915648,0.05177823715207626,0.5837416394380499,0.2540634086968048,0.15114511208731507
GLA_human,G274P,274,G,P,G243P,243,0.7365256838309775,1.0999397722463082,0.6867886262763705,0.6726328486920244,1.0384238221552604,0.5701616974902045,0.8205793774208695,0.155371802031501
GLA_human,G274Q,274,G,Q,G243Q,243,0.3382000103244269,1.147501070809702,0.48504159984965306,0.2819994631949424,0.19401376333358486,0.639580316372089,0.33908512450255496,0.11881326518852198
GLA_human,G274R,274,G,R,G243R,243,0.4586740579649424,1.0877392707515754,0.2909638942659442,0.5212240288967013,0.23208321397178366,0.6704459757071671,0.32724038873422345,0.09599597451130723
GLA_human,G274S,274,G,S,G243S,243,0.1872223854259639,1.1063791809625292,0.4962680243391805,0.6297319595549078,0.28539725252644066,0.6094241067200903,0.32296255409719504,0.1289332272777809
GLA_human,G274T,274,G,T,G243T,243,0.35906272052746296,1.1058875717691556,0.37883338186453586,0.6236948341655559,0.33543209291018156,0.5864720560554914,0.35777606510072674,0.017741844743716317
GLA_human,G274V,274,G,V,G243V,243,0.31082975407721075,1.241417689066348,0.1654716828939281,0.25878350352271956,0.08203130175873012,0.5832113659710708,0.18611091290995632,0.0945398198558819
GLA_human,G274W,274,G,W,G243W,243,0.43044087180880225,0.9384960147647678,0.4825158476463679,0.982412267203397,0.5202174767287421,0.609211844000595,0.4777247320613041,0.036807388652731324
GLA_human,G274Y,274,G,Y,G243Y,243,0.48039165641712406,1.0346520939615063,0.4429807028855837,0.4913316511404904,0.5024894737656661,0.6302345902312846,0.47528727768945794,0.024561005198771524
GLA_human,R301C,301,R,C,R270C,270,0.4408925589662429,1.1468180390389469,0.5903053169844036,0.6286047670803222,1.0707309538590581,0.8707698571403205,0.7006429432699015,0.2687066489079719
GLA_human,R301D,301,R,D,R270D,270,0.7442900265849369,1.190427637935322,1.047032600521778,0.8772810716616123,1.000269415524195,0.7885727014188354,0.93053068087697,0.13306861601224879
GLA_human,R301E,301,R,E,R270E,270,0.617441087121603,1.1653628323801577,0.8975685335813459,0.856070021414386,0.8320350345386949,0.7433026653990952,0.7823482184138811,0.11963675950554055
GLA_human,R301F,301,R,F,R270F,270,0.4899201318562481,1.1398202022640498,0.44394937982928867,0.5237486113520976,1.1346967854711751,0.936363457583249,0.6895220990522373,0.3153450000466481
GLA_human,R301G,301,R,G,R270G,270,0.5305688628819163,1.209656865816799,0.7576590718545252,0.6642852424669295,1.1576706204661804,0.9328427470393524,0.8152995184008741,0.2592373036426473
GLA_human,R301H,301,R,H,R270H,270,0.48959567579613184,1.277395321906009,0.5828745175161367,0.49467112878335906,0.8999041015872036,0.8741380472182553,0.657458098299824,0.17561375033611779
GLA_human,R301I,301,R,I,R270I,270,0.5435308234208198,1.120309372283529,0.6963350031816693,0.6569085165264476,1.1588758556181067,0.9271265577696344,0.7995805607401986,0.2616067163117806
GLA_human,R301K,301,R,K,R270K,270,0.49126720863895273,1.2221170068198055,0.789706750645472,0.3711305342974081,0.6969974523863881,0.7421084311985566,0.6593238038902709,0.12471572448712309
GLA_human,R301L,301,R,L,R270L,270,0.5192463867556132,1.1113177875976494,0.8324997602807143,0.7457133730658996,1.0843430559342457,0.9059213715134843,0.8120297343235244,0.2311533803216849
GLA_human,R301M,301,R,M,R270M,270,0.35614680478957617,1.1405688953840034,0.6034727464099178,0.5579134838853835,0.9993370220470206,0.9158714513197878,0.6529855244155048,0.2649050776955053
GLA_human,R301N,301,R,N,R270N,270,0.4203784866432264,1.1911047655233975,0.7244576027853051,0.5325383244870353,0.8507385850202273,0.8240822871123699,0.6651915581495862,0.18062262981852104
GLA_human,R301P,301,R,P,R270P,270,0.6714285057569358,1.2463780254138557,0.8456267663998084,0.49875627424347635,1.2128718095136695,0.9493927143733281,0.9099756938901379,0.22567794331394522
GLA_human,R301Q,301,R,Q,R270Q,270,0.43647042712400735,1.1760773735860046,0.851060631978962,0.47831451075497244,1.0861336324470185,1.0016258470127977,0.7912215638499959,0.26857786660302635
GLA_human,R301S,301,R,S,R270S,270,0.4440245945054465,1.2990953251524262,0.6494418647533855,0.5460548875709333,0.9204067725249165,0.8874187406223902,0.6712910772612496,0.19509491014897315
GLA_human,R301T,301,R,T,R270T,270,0.4438802715037665,1.2053192029639155,0.6262521931020222,0.5714630756897248,0.8286801265842415,0.8321845419783931,0.6329375303966768,0.15716499274869516
GLA_human,R301V,301,R,V,R270V,270,0.4987060643944309,1.171027105678392,0.6922590866147112,0.5722458222830645,0.9833682081373205,0.838311531296253,0.7247777863821542,0.1991941226882078
GLA_human,R301W,301,R,W,R270W,270,0.39843100556206235,1.2287831872604515,0.20395120307110867,0.31833413338338334,0.5910299346112513,0.6057893153418172,0.3978040477481408,0.1580248522854486
GLA_human,R301Y,301,R,Y,R270Y,270,0.5819189143014516,1.1583883886405775,0.526093655189994,0.5091949799730343,0.9841026472277017,0.884413609122277,0.6973717389063824,0.2040262650229
GLA_human,G325A,325,G,A,G294A,294,-0.052208760953537284,0.8287486681485594,3.018079569479273,0.5948260668293945,1.050223332076221,0.6069977120113005,1.3386980468673189,1.2699293559888354
GLA_human,G325C,325,G,C,G294C,294,0.21487052573052196,0.7677664781032603,2.2434145439244753,0.5577696692916696,1.2478653466198488,0.6069726140026084,1.2353834720916155,0.8281966579387698
GLA_human,G325D,325,G,D,G294D,294,1.175465457764675,0.819000749284996,4.352024961454836,0.47183236502832265,2.1432854246181448,0.7641323997378914,2.5569252812792187,1.329399869210418
GLA_human,G325K,325,G,K,G294K,294,1.0862125016737476,0.7108198490398787,3.681984224712997,0.7426033595105614,1.8716652767802375,0.6987115237126791,2.213287334388994,1.0869029187608152
GLA_human,G325L,325,G,L,G294L,294,0.5161615894765894,0.6278087028870534,3.2126093533417857,0.8453674075870549,1.6680979180376216,0.6536452941848128,1.7989562869519988,1.104702243547887
GLA_human,G325M,325,G,M,G294M,294,0.1917890001817149,0.6188535100621455,3.1672084623811294,0.9523102236471416,1.551370132113913,0.7262719355470459,1.6367891982255858,1.2162106606588368
GLA_human,G325N,325,G,N,G294N,294,0.3870318378929941,0.7217472237059314,3.4502630372794663,0.6733266694052155,1.4266085054356537,0.6837867390352957,1.7546344602027046,1.2718876039111575
GLA_human,G325P,325,G,P,G294P,294,1.0568046890730571,0.9070213149079055,4.601183134633188,0.7890426588397792,2.3689774132716908,0.7297344185551601,2.6756550789926457,1.4631457057374366
GLA_human,G325Q,325,G,Q,G294Q,294,0.2761685886613806,0.6397731734510398,3.3713370844468487,0.7755740533070078,1.5385200946535065,0.7126513760302213,1.7286752559205787,1.2707310870369333
GLA_human,G325R,325,G,R,G294R,294,0.7635546704531576,0.6897371320465056,3.3625195394571863,0.9016012210625678,1.790133945299641,0.7703598896497512,1.972069385069995,1.0687937049972447
GLA_human,G325S,325,G,S,G294S,294,0.19907574192673663,0.8153798388723181,3.14399894619333,0.5117032482334991,1.1962962711730198,0.588919621031812,1.5131236530976955,1.2229548539527502
GLA_human,G325T,325,G,T,G294T,294,0.46052551413014153,0.7294592045434652,3.0757361716866867,0.4905600296321058,1.4126912691381714,0.6314822360065839,1.6496509849849998,1.0807232535205276
GLA_human,G325V,325,G,V,G294V,294,0.6095628308549175,0.6939596337630594,3.3550562965246087,0.6579917163499797,1.709880372148691,0.6431767290653805,1.8914998331760724,1.128176349683166
GLA_human,G325W,325,G,W,G294W,294,0.502115312379898,0.6399045944206382,2.4032205598482173,1.0993051585575926,1.5545783163995566,0.7539421085912186,1.4866380628758906,0.7776083843103117
GLA_human,G325Y,325,G,Y,G294Y,294,0.4159471009260365,0.7465416147013064,1.115390683339284,0.9259272927933673,1.098424150604539,0.5687538201342083,0.8765873116232864,0.32579545586319947
GLA_human,G328A,328,G,A,G297A,297,0.013613246730009632,0.7474464045656016,3.9733652597946083,0.45830027453862254,1.2275093756772946,0.5842144769861682,1.7381626274006374,1.6563985146222118
GLA_human,G328C,328,G,C,G297C,297,0.29241467595074216,0.7129231604003782,4.308950792629039,0.8250378385214867,1.885493398251827,0.6069877121982676,2.1622862889438696,1.651383525491789
GLA_human,G328D,328,G,D,G297D,297,1.3839038854768209,0.6931271961706476,5.718140898252326,0.7768141670314817,3.3945575446451834,0.36789484383972487,3.4988674427914432,1.7709814674104196
GLA_human,G328E,328,G,E,G297E,297,1.4550894469804831,0.9427004429703659,6.262052523789921,1.1208685516692989,4.0780255176795155,0.4022367089772755,3.9317224961499733,1.9651593550369433
GLA_human,G328F,328,G,F,G297F,297,0.8635695334602831,0.8499546731431966,5.528718853633692,1.0706872872608597,3.5898862270375758,0.6664925119065236,3.3273915380438503,1.913562496356127
GLA_human,G328H,328,G,H,G297H,297,0.9825950743998304,0.8082057946141837,6.298779500572694,1.422855139843101,3.875541327773695,0.594573729440087,3.718971967582073,2.1731451380712143
GLA_human,G328I,328,G,I,G297I,297,1.1082100734393323,0.7764741129224414,6.280233858589149,0.9900747251703286,3.9012100726877486,0.6520232526763654,3.7632180015720764,2.1137232343752976
GLA_human,G328K,328,G,K,G297K,297,1.4305367266266331,0.6612764053930936,6.356960849555672,1.2377123676781296,4.146312667528337,0.49680876908797056,3.9779367479035472,2.014725208306153
GLA_human,G328Q,328,G,Q,G297Q,297,1.1612333357250468,0.861901360385114,6.569548196028893,1.233161772624782,3.858891262520051,0.4737055900531467,3.863224264757997,2.207937421852825
GLA_human,G328R,328,G,R,G297R,297,1.154006841504064,0.6609784511673237,6.648159565042155,1.4836435902890937,4.156598836728266,0.45341147377300645,3.9862550810914947,2.246210332048713
GLA_human,G328S,328,G,S,G297S,297,0.3376542450757885,0.6906480418075137,4.943839338364956,0.7957036894007512,1.9317417434190816,0.6050104157555474,2.404411775619942,1.9099385675836813
GLA_human,G328T,328,G,T,G297T,297,0.9543515498322455,0.7517294862180319,6.58139646090496,0.9183186605005089,3.306878971586704,0.6458223834625569,3.6142089941079703,2.3074874380105195
GLA_human,G328V,328,G,V,G297V,297,1.0892194058729068,0.7985946965337453,6.239365851028147,0.8678415143187287,3.6272321226467,0.5583180763024231,3.651939126515918,2.1026110638388698
GLA_human,G328W,328,G,W,G297W,297,0.32019814977442634,0.6004379029177966,3.240643973075813,1.492038455483996,2.2609702064720265,0.4857780090677769,1.9406041097740887,1.213597071696295
GLA_human,G328Y,328,G,Y,G297Y,297,0.8563813341635079,0.7468390783349611,5.402338715240475,1.2585028567217922,3.606566700970197,0.48155115747282995,3.288428916791393,1.8694635353372884
GLA_human,G334A,334,G,A,G303A,303,-0.3174435194174486,0.7068296814637179,0.31824347022528643,0.4504803893055258,-0.0655445417946497,0.5410599060392695,-0.021581530328937285,0.2613733561824432
GLA_human,G334C,334,G,C,G303C,303,-0.5819802508412487,0.7906728792458674,-0.6124453577008533,0.3281284581683596,-0.2753323038327843,0.6926874578026132,-0.4899193041249621,0.15224479455751105
GLA_human,G334D,334,G,D,G303D,303,-0.14867056349425428,0.7401246395100314,-0.5941684346217305,0.4582077637362369,-0.28888297930161,0.4383273113984531,-0.34390732580586497,0.18598897337556258
GLA_human,G334E,334,G,E,G303E,303,-0.3048609806067858,0.689558603978104,-1.3147913614447102,0.5203681409432624,-0.5180372454588259,0.5457933249970448,-0.7125631958367739,0.4346416934768927
GLA_human,G334F,334,G,F,G303F,303,-0.19048397363542172,0.8527091079371962,-0.738806069281705,0.5033801219785413,0.05316982738059004,0.5973103453219804,-0.29204007184551223,0.3312015358622347
GLA_human,G334H,334,G,H,G303H,303,-0.2302067914078491,0.7954644198946281,-0.6689166556913761,0.37898966264801887,-0.1796690203783076,0.4448021167770105,-0.3595974891591776,0.21969262870851944
GLA_human,G334I,334,G,I,G303I,303,-0.29210990363489453,0.6721248691205082,-0.6975555169093284,0.4469283878131037,-0.17690331647976165,0.6222149206578916,-0.38885624567466154,0.22329288610342263
GLA_human,G334K,334,G,K,G303K,303,-0.21061921393602917,0.7484916787801763,-0.6634907458564986,0.36404651788930825,-0.297825399061388,0.35511533273294327,-0.3906451196179719,0.19618831344595075
GLA_human,G334L,334,G,L,G303L,303,-0.19565748333966676,0.7935544959015024,-0.3631200276150982,0.3904418840531114,-0.013678059343992488,0.5327692215469315,-0.19081852343291916,0.14270011433546095
GLA_human,G334M,334,G,M,G303M,303,-0.31423884894418885,0.7393533409638243,-0.4043425796992273,0.4121447804764408,-0.03585735875437659,0.6682004353156211,-0.25147959579926427,0.15684255886116158
GLA_human,G334N,334,G,N,G303N,303,-0.2854335049509335,0.664478521808998,-0.431056226088688,0.39635058987658733,-0.15845758987649058,0.5940235436452587,-0.29164910697203733,0.11137468113699525
GLA_human,G334P,334,G,P,G303P,303,0.060279686057071305,0.8147362039294708,1.1008254982427421,0.7618281048234459,0.576996737575896,0.4379899805408377,0.5793673072919031,0.42480435615693973
GLA_human,G334Q,334,G,Q,G303Q,303,-0.2730004424687366,0.6966371055772484,-1.026132761288749,0.4429879444801767,-0.28133266091860065,0.615002695511968,-0.5268219548920288,0.3530824431625767
GLA_human,G334W,334,G,W,G303W,303,-0.11343237667879177,0.9279276028545066,-1.1068651217674927,0.4855978997855621,0.025188813196140903,0.5513157605406798,-0.39836956175004784,0.5041682440706411
GLA_human,G334Y,334,G,Y,G303Y,303,-0.12046383377494885,0.8771024584185351,-0.9777421862623804,0.39433850243362795,-0.06283229267263926,0.5307566302801053,-0.38701277090332287,0.41837087236111237
GLA_human,G346A,346,G,A,G315A,315,-0.10244055099329707,0.8508788853781143,0.7269318933194489,0.6156321944124908,0.009584225216919196,0.5609680244331233,0.21135852251435697,0.36742283827921457
GLA_human,G346C,346,G,C,G315C,315,-0.4216282772584362,0.9077353383395838,0.4955183889870437,0.4910882731270413,-0.17154862605420246,0.567153629141903,-0.032552838108531656,0.38710840312181105
GLA_human,G346D,346,G,D,G315D,315,-0.00092856078778909,0.8887312172477478,-0.5600026572168837,0.7300808314642485,-0.31456452190267103,0.460894517016117,-0.29183191330244795,0.22880638094952735
GLA_human,G346E,346,G,E,G315E,315,0.06474597175022456,0.8793577377020357,-0.6501868043523554,0.8451704259368545,-0.29435435944124944,0.49300539901877344,-0.2932650640144601,0.291871099985171
GLA_human,G346F,346,G,F,G315F,315,-0.05282263959836211,0.8535371781422333,-0.04577675439479152,0.6503135335741161,-0.034353842318215456,0.5359674939285176,-0.044317745437123024,0.007610109442826946
GLA_human,G346H,346,G,H,G315H,315,-0.023139401615921828,0.8812233339985256,-0.4043907397639902,0.8009479459308463,-0.19497455207592246,0.5086729335096453,-0.20750156448527815,0.15589706056636926
GLA_human,G346I,346,G,I,G315I,315,0.1590391378959753,1.0553804569105447,0.9145223733023679,0.6441169787771565,0.47549204364244135,0.5872565984232014,0.5163511849469282,0.3097750063257016
GLA_human,G346K,346,G,K,G315K,315,0.11228909826625062,0.9542909686630621,-0.5673307048985932,0.7527796589503947,-0.23234775768918353,0.560307946811639,-0.22912978810717535,0.2774629533344687
GLA_human,G346L,346,G,L,G315L,315,-0.04074971256149747,0.8609171428708509,0.22685617530185126,0.696622407395997,-0.01177922117200123,0.5303315357280584,0.05810908052278419,0.11990693291081715
GLA_human,G346M,346,G,M,G315M,315,-0.07581271982391172,0.8788646460389168,0.34498426203981514,0.6658035882989954,0.007188530994028497,0.5083243502544244,0.09212002440331064,0.1819845120075765
GLA_human,G346N,346,G,N,G315N,315,-0.10877292605322171,0.838659654432858,-0.39004012947232136,0.7520453213887994,-0.31215487337066744,0.44553866502108913,-0.2703226429654035,0.11857560613467852
GLA_human,G346P,346,G,P,G315P,315,0.5539917489153836,1.1205709412920828,1.8534611708895432,0.544219407061732,0.7271453552221937,0.7652822122556797,1.0448660916757067,0.5761163334147518
GLA_human,G346Q,346,G,Q,G315Q,315,-0.07051169915568152,0.856100574773432,-0.17544727708533076,0.7674672036335565,-0.1962526882490946,0.4858092965673627,-0.14740388816336894,0.05503043298163156
GLA_human,G346R,346,G,R,G315R,315,0.016420392399856397,0.8666202327487599,-0.4563850473910954,0.7529132776812242,-0.08738686907894692,0.6200676694434228,-0.17578384135672864,0.20289038831330908
GLA_human,G346S,346,G,S,G315S,315,-0.014518012252609536,0.9809940998633724,0.575959495671181,0.6724573319879984,0.061464363000745224,0.48392449737917415,0.20763528213977223,0.26228530908463465
GLA_human,G346T,346,G,T,G315T,315,0.2902514238079408,1.2084707232894607,0.938432841620019,0.5668484375237037,0.3848258417295042,0.39943754156975636,0.5378367023858214,0.28588346134781234
GLA_human,G346V,346,G,V,G315V,315,0.18458936618514055,1.1147592174453456,0.8105962587189918,0.6644908068499279,0.40193595070114424,0.5558999089609251,0.4657071918684255,0.2595139505241595
GLA_human,G346W,346,G,W,G315W,315,-0.03024734540025107,0.8890614136001075,-0.20500476179178434,0.6982500290356928,-0.033827092173049356,0.5207512926367971,-0.08969306645502824,0.08155077746540078
GLA_human,G360E,360,G,E,G329E,329,0.4464283591488636,1.2150089737725758,1.2647061755561533,0.4873804572141661,0.2888654123554211,0.44804545235389664,0.6666666490201459,0.42774211625317504
GLA_human,G360F,360,G,F,G329F,329,0.41414644560593955,1.2820551557584987,1.0388728679514372,0.8009511186484124,0.610314204501532,0.5725064762437367,0.6877778393529695,0.26085914045380754
GLA_human,G360H,360,G,H,G329H,329,0.2671041287887424,1.1578017367005722,1.0737219663263011,0.6447415958243584,0.3964336985079197,0.5006522442910555,0.579086597874321,0.353722721156611
GLA_human,G360I,360,G,I,G329I,329,0.5385121982079479,1.1123814821551001,1.9255542535051506,0.9516108451121701,0.7835785558988808,0.6502537731456501,1.08254833587066,0.6044328541660922
GLA_human,G360K,360,G,K,G329K,329,0.39263576342483253,1.219471605136597,1.2727638881118897,0.49100606254769724,0.27773585509973486,0.4860226514073416,0.6477118355454857,0.4444607583326001
GLA_human,G360L,360,G,L,G329L,329,0.3388595681196104,1.1838739100030713,1.4927158471430957,0.8084420441020272,0.5712315579183761,0.5580245500165518,0.8009356577270274,0.49827640138257795
GLA_human,G360M,360,G,M,G329M,329,0.19423649443643606,1.1013061185611004,1.103289688666398,0.7282632747845024,0.4689371149197357,0.5690812250318267,0.5888210993408566,0.3806779520587246
GLA_human,G360N,360,G,N,G329N,329,0.1384348876257859,0.9812281907500984,1.4338537314092423,0.47768426219858584,0.2792423479811948,0.4993543801528932,0.6171769890054076,0.5803317220409028
GLA_human,G360P,360,G,P,G329P,329,0.6226862789102858,1.116105457510707,2.4965967931090622,1.138947185706426,0.7780788267794742,0.6455054874040627,1.2991206329329408,0.8491166298477223
GLA_human,G360Q,360,G,Q,G329Q,329,0.145534426385354,1.005220996978206,1.0897713346002986,0.4954099089153059,0.27750781228370974,0.5549064433483418,0.5042711910897875,0.4175021414591714
GLA_human,G360R,360,G,R,G329R,329,0.2867496657170937,1.1797265741758425,0.8020099700536154,0.7181626170412284,0.3425492308055666,0.5939432082563378,0.4771029555254252,0.23087056104122047
GLA_human,G360S,360,G,S,G329S,329,0.150435411446599,0.9298925309862784,1.7752003779082313,0.3603522438369199,0.2289008278262256,0.5120562003712213,0.7181788723936853,0.7481132056634588
GLA_human,G360T,360,G,T,G329T,329,0.3135306268248691,1.028321731033367,1.582381669572364,0.5052135547773257,0.35489077292702076,0.5483023668755187,0.7502676897747512,0.5886356665784387
GLA_human,G360V,360,G,V,G329V,329,0.3922267201759384,1.1246813719461581,1.8104751706138758,0.7259300276608369,0.5842213203893595,0.4963458856811317,0.9289744037263912,0.6282240487518209
GLA_human,G360W,360,G,W,G329W,329,0.5106385110165658,1.3358514042792424,0.8439695005059853,0.8505675908638656,0.6927039611088288,0.6564932772049189,0.68243732421046,0.13627530960865236
GLA_human,G360Y,360,G,Y,G329Y,329,0.36136228765359696,1.3028285569059075,0.7806087779225064,0.7806931963405052,0.5300918909083621,0.5665769173649765,0.5573543188281551,0.1722388552422887
GLA_human,G361A,361,G,A,G330A,330,0.03202491768378794,1.0100589742995651,1.816712435964881,0.4006994589653131,-0.02356576048265464,0.7127060350845318,0.608390531055338,0.854713967862123
GLA_human,G361C,361,G,C,G330C,330,0.03701272798598745,1.1873427365014313,1.0207000512350712,0.2263666334231817,0.08411921674170712,0.7763541500222542,0.38061066532092197,0.45301991993780855
GLA_human,G361D,361,G,D,G330D,330,0.14937744884784074,1.0884827764860394,0.795823865809735,0.22561693140960767,-0.12389525409616438,0.5917675629189452,0.2737686868538038,0.3856386045246789
GLA_human,G361E,361,G,E,G330E,330,0.08794470110954097,1.088437596605684,0.18960649749102307,0.4363721078753836,-0.20244772461207772,0.6016375231697294,0.02503449132949544,0.166122242416328
GLA_human,G361L,361,G,L,G330L,330,0.054665290406515556,1.0741759517712837,0.6599603541047349,0.4925032592380137,0.03783130692279246,0.7227304637726079,0.25081898381134765,0.28938825294535314
GLA_human,G361M,361,G,M,G330M,330,-0.04634066552575531,1.0185299459505843,0.5143940847344216,0.565267061715105,0.02836536191646042,0.8188256935900369,0.1654729270417089,0.24860239788098915
GLA_human,G361N,361,G,N,G330N,330,-0.006049492530117684,0.9985072342362659,1.0673579065052619,0.4342987880602913,-0.026568298319230087,0.7350328475037611,0.34491337188530463,0.5109141053376374
GLA_human,G361P,361,G,P,G330P,330,0.009784561342985087,0.9641320131595588,0.6140703814018025,0.5465526818418418,-0.2159661639294125,0.6926783052255501,0.1359629262717917,0.35041014205111587
GLA_human,G361Q,361,G,Q,G330Q,330,-0.03318310838035514,1.0017404001725716,0.5894995800465023,0.48781080908402696,-0.05366437858896274,0.7942642194886267,0.1675506976923948,0.2984800552770093
GLA_human,G361R,361,G,R,G330R,330,-0.00554302508956841,1.0128221093376077,-0.20181328333286067,0.633143134896958,-0.09385169642535471,0.8032232588298057,-0.10040266828259459,0.08026078325030193
GLA_human,G361S,361,G,S,G330S,330,0.0128920367953806,1.0254703282750324,1.4662968129107417,0.41160109123067506,-0.03522493541741154,0.7318687216789337,0.48132130476290363,0.6967598220774264
GLA_human,G361T,361,G,T,G330T,330,0.08312820766984257,1.1026778445496257,1.0145567064482193,0.3671037947699009,-0.023559634043940236,0.6665817831419826,0.3580417600247072,0.46626493187921
GLA_human,G361V,361,G,V,G330V,330,0.0828960034215644,1.0889558043154743,0.9724053687072626,0.42994016344302327,0.0029620666615782997,0.6324346624424355,0.3527544795968018,0.43937286886578536
GLA_human,G361W,361,G,W,G330W,330,0.02133391064233341,1.0838620247901456,-0.5284488113553695,0.7888319747323699,0.09695204903987693,0.9116398426470761,-0.13672095055771974,0.27870840605371616
GLA_human,G361Y,361,G,Y,G330Y,330,0.05047884972774726,1.0927870108621207,-0.321195244965783,0.6892387448510353,-0.003444240629531281,0.7651861443750527,-0.09138687862252236,0.16398341145664405
GLA_human,G373A,373,G,A,G342A,342,0.006864149895626159,0.5213443477346625,1.0942324780382338,0.7280354288550942,1.5300117654388188,0.6746457491808663,0.8770361311242262,0.6405077956945935
GLA_human,G373C,373,G,C,G342C,342,-0.014451976345191913,0.44366628983323436,1.180221666898364,0.7253778546398327,1.6783725240695553,0.537012572555978,0.9480474048742424,0.710324978800053
GLA_human,G373D,373,G,D,G342D,342,0.35638106883296244,0.6321926898043041,0.9654019042015412,1.0452519071408934,1.7140352580570366,0.5166124080572382,1.0119394103638468,0.5552360032690451
GLA_human,G373E,373,G,E,G342E,342,0.38954477624401596,0.6291652605112834,1.2022475911689654,0.9448416667594357,1.7373824014525094,0.49978876803525507,1.1097249229551636,0.5541280833176682
GLA_human,G373F,373,G,F,G342F,342,-0.39859046513474594,0.4905176096438592,1.0224271920615495,0.3846016927738592,0.5100297955354751,0.5667230967015676,0.3779555074874262,0.5875970891058268
GLA_human,G373H,373,G,H,G342H,342,0.08096077072787529,0.5308905295739706,0.7237876655321921,0.63108692893763,1.5714575002556384,0.5579937800784189,0.7920686455052351,0.610405244818445
GLA_human,G373I,373,G,I,G342I,342,-0.0407132554197255,0.33267363739338973,1.1344345833658385,0.5443163183841683,1.7253715162150063,0.6943025993839542,0.939697614720373,0.7340325698350377
GLA_human,G373K,373,G,K,G342K,342,0.3810758197449681,0.6190783320568815,1.5299210651541704,1.064618964715255,1.7663735678837533,0.5318684567277258,1.2257901509276306,0.6050532607359457
GLA_human,G373L,373,G,L,G342L,342,0.028094115601821984,0.3957931096066061,0.915485801985132,0.7701586471811203,1.7431754728926823,0.6458752094266988,0.8955851301598786,0.7003204233710867
GLA_human,G373R,373,G,R,G342R,342,0.16516627889857805,0.4884192063568796,1.254013922921827,0.7773012146398388,1.4738083118975402,0.5495682825375015,0.9643295045726484,0.5721735105767833
GLA_human,G373S,373,G,S,G342S,342,0.30829226166580403,0.670888771850413,0.995572397654348,0.6972755499037273,1.662944112055476,0.6162685590803354,0.9889362571252094,0.5530542093453301
GLA_human,G373T,373,G,T,G342T,342,0.23167944862511947,0.5736362361406808,1.2939999037781302,0.8203345176189475,1.9314025375568782,0.5881754647201863,1.1523606299867093,0.7010995686168267
GLA_human,G373V,373,G,V,G342V,342,-0.03360516754404762,0.35687793800055334,1.110332613752095,0.8854600992402745,1.789655731033586,0.5916557238128264,0.9554610590805446,0.7523558444004705
GLA_human,G373W,373,G,W,G342W,342,-0.1312885285186322,0.26058916710587365,0.516349038819544,0.6514683419199123,1.249254234493246,0.4543271827023238,0.5447715815980526,0.5639624460485614
GLA_human,G373Y,373,G,Y,G342Y,342,-0.06067716486601062,0.3593473869546094,0.3114021882282845,0.4513162119963089,1.3190167018945538,0.4730571320462406,0.5232472417522759,0.5828364759353557
GLA_human,G375A,375,G,A,G344A,344,-0.24600403254802142,0.5295204176054478,0.8488281802237785,0.4484739275853516,0.06470109311377041,0.7274939878121169,0.22250841359650916,0.4606819266617372
GLA_human,G375C,375,G,C,G344C,344,-0.4933999494159943,0.6797209634159385,-0.16631249631995154,0.45556367965378536,-0.180893420385408,0.7875109180040344,-0.2802019553737846,0.15087122397233832
GLA_human,G375D,375,G,D,G344D,344,0.03451276417341724,0.80738921036021,0.6664943374564423,0.47783762296862914,0.11720235930028022,0.6821571181839752,0.2727364869767132,0.28046785424402754
GLA_human,G375E,375,G,E,G344E,344,-0.011707483434393762,0.8267435348703234,0.195440424006825,0.37910949852360937,0.04211163759930807,0.6742036653565922,0.07528152605724643,0.08776007070246691
GLA_human,G375F,375,G,F,G344F,344,-0.3041873349943513,0.5611397734713434,-0.5931880820425334,0.4246444190516116,-0.038869694288052384,0.7402442932014542,-0.312081703774979,0.2263683716784292
GLA_human,G375H,375,G,H,G344H,344,-0.2933117807162189,0.5538242950935208,-0.26955120416009115,0.2919600356406509,-0.17462621281176127,0.702840889435012,-0.24582973256269045,0.05127440666492801
GLA_human,G375I,375,G,I,G344I,344,-0.16885263831055153,0.8404122386641415,0.3731421243627587,0.6143318744827962,0.2119655683551692,0.6210095915684034,0.13875168480245878,0.22724404686001765
GLA_human,G375K,375,G,K,G344K,344,-0.08927086085108912,0.7970500521217032,0.07011797972175822,0.4357212584277313,-0.010254916633233791,0.6524302413359296,-0.009802599254188232,0.06507100771745522
GLA_human,G375L,375,G,L,G344L,344,-0.13497127456180597,0.7674372279285331,0.29856963639122763,0.5250842304106452,0.231830556581391,0.7055579458758692,0.13180963947027088,0.19060004942690636
GLA_human,G375M,375,G,M,G344M,344,-0.2863075431455405,0.6098900433806316,0.09256717033908346,0.38427063084729324,0.11802462868360745,0.7329758351996173,-0.0252385813742832,0.1848959574942666
GLA_human,G375N,375,G,N,G344N,344,-0.2570064311703609,0.5305751707586491,0.3866512405102228,0.3439961116250589,-0.026168309063487792,0.748634030810453,0.03449216675879136,0.2662499697321504
GLA_human,G375P,375,G,P,G344P,344,-0.11348183381468017,0.7651296271180978,1.021564870571616,0.709005937722368,0.38274364950703754,0.549828627009495,0.43027556208799117,0.46459819006660696
GLA_human,G375Q,375,G,Q,G344Q,344,-0.23386562585344972,0.5900917784656966,0.21563105805389374,0.30522827109403866,0.03539393829049309,0.7244198947994404,0.005719790163645701,0.18470198250373512
GLA_human,G375R,375,G,R,G344R,344,-0.24330868973738315,0.6250976924672361,-0.35365740234442133,0.3632840460942487,-0.028086526796010158,0.7514331354709435,-0.20835087295927157,0.1351927894200446
GLA_human,G375Y,375,G,Y,G344Y,344,-0.32617737538834424,0.5082690725182334,-0.8376703646409831,0.2781320441062094,-0.1381258536804618,0.7846066732505943,-0.43399119790326296,0.29558810976053324
GLA_human,G395A,395,G,A,G364A,364,0.26913008813223566,1.1451829942636464,2.822791470012246,1.1026506235618492,0.9915962893568067,0.7356687552451338,1.3611726158337627,1.074782647529407
GLA_human,G395C,395,G,C,G364C,364,-0.1258776440256276,1.3268388538004265,1.912393268482417,0.9002413642621846,0.6964748984964726,0.7711453967054528,0.8276635076510873,0.8372753097888557
GLA_human,G395D,395,G,D,G364D,364,0.29974295011004237,1.427351269896723,2.209356133343436,0.8716775275593454,0.6237367397475573,0.6868511060561044,1.0442786077336785,0.8343848929767108
GLA_human,G395E,395,G,E,G364E,364,0.44757254342939834,1.4308047156516515,2.2143514352957476,0.9216161790128349,0.803149007191695,0.6432250392517094,1.155024328638947,0.7629937066445683
GLA_human,G395F,395,G,F,G364F,364,-0.05003418481370807,1.1780265848193525,1.3054654602627027,0.7973802832646925,0.6154071223516195,0.7008725568873876,0.6236127992668714,0.5534108309991754
GLA_human,G395H,395,G,H,G364H,364,0.2660562305008589,1.2174960155518877,2.170530927711259,1.0556651474267644,0.8433118446938307,0.7099968910502994,1.0932996676353164,0.7973399115362403
GLA_human,G395I,395,G,I,G364I,364,0.3408260973860655,1.2296766029439699,2.2829003785155386,1.0310200117514479,1.0566754191756433,0.7906738487498662,1.2268006316924158,0.801922718349072
GLA_human,G395K,395,G,K,G364K,364,0.49039964998065616,1.439168981379183,2.1459022161306835,1.1534859015224515,0.8080658187355031,0.6133433336190843,1.148122561615614,0.7173567814860348
GLA_human,G395L,395,G,L,G364L,364,0.06186432825054546,1.2085589268405017,2.0433045158432446,0.7662603633583784,0.7501122263924987,0.7245150373450057,0.9517603568287628,0.8213901957994459
GLA_human,G395M,395,G,M,G364M,364,0.11717136550128124,1.0760439838089337,2.113440087869199,1.0387884702056887,0.9476544076565073,0.8207723680638642,1.0594219536756624,0.8187963488086104
GLA_human,G395N,395,G,N,G364N,364,0.12230674171308378,1.1935589084308453,2.1908138588741166,0.9840256221239099,0.6189987198805965,0.7326195819156283,0.9773731068225989,0.881666820799673
GLA_human,G395P,395,G,P,G364P,364,0.005162996097044914,0.8931401120548096,0.5621506978654865,0.7983317282412978,0.29031914377885115,0.754095856085406,0.2858776125804609,0.22741096481899947
GLA_human,G395Q,395,G,Q,G364Q,364,0.3076087871311855,1.2296683858893782,2.428878927752936,1.0718485696593387,0.9404604628161145,0.7785652133418064,1.2256493925667453,0.8891742598660805
GLA_human,G395R,395,G,R,G364R,364,0.3500275647024844,1.2752021299239489,1.9739869016499518,1.1957425625319311,0.8803687133993909,0.8027833771604195,1.0681277265839424,0.6761415371004023
GLA_human,G395S,395,G,S,G364S,364,0.23089835046626153,1.1683500997958192,2.7286733089510533,1.0780058090723126,0.8744773868695521,0.7325560141384869,1.278016348762289,1.0588839112110846
GLA_human,G395T,395,G,T,G364T,364,0.2653980244262871,1.4228271890882511,2.1656888378787347,0.9604244458756394,0.6974502652134881,0.7142875535387643,1.0428457091728365,0.8133264221511753
GLA_human,G395V,395,G,V,G364V,364,0.37694053196055444,1.2984224550636474,2.4518257077287817,0.9926730651112895,0.9767810979547402,0.6639491639535742,1.2685157792146922,0.8718252754396265
GLA_human,G395W,395,G,W,G364W,364,0.11770419266136747,1.265563608148193,0.8877297048974387,0.7558783575266266,0.5416408134985058,1.0682072912638472,0.5156915703524373,0.3148966441956221
GLA_human,G395Y,395,G,Y,G364Y,364,0.04350651147429474,1.1670307668056807,1.3444441625567196,0.7199401310384688,0.7292341933725325,0.9453151733181796,0.7057282891345156,0.5313655920685239
GLA_human,P409A,409,P,A,P378A,378,-0.17299840981678083,1.0735565404873324,1.4522286333899201,0.5678026785914059,0.3968170739043772,0.37106413801970944,0.5586824324925055,0.6732958890046022
GLA_human,P409C,409,P,C,P378C,378,-0.0848798691512486,1.1526640122828844,0.7298406664453971,0.42765524671339905,0.49776504987244596,0.4434884827767228,0.3809086157221982,0.3427185020124191
GLA_human,P409D,409,P,D,P378D,378,0.29995240702444814,1.2038566644616462,1.2250003301164956,0.5657178428249008,0.6818561586922676,0.4025376588198414,0.735602965277737,0.3795567190094514
GLA_human,P409E,409,P,E,P378E,378,0.27983848265190503,1.196972629506581,1.007245175203429,0.6607802396127058,0.5371077475321748,0.40373055061477003,0.6080638017958363,0.3011712639232453
GLA_human,P409F,409,P,F,P378F,378,0.08879598513360927,1.1260239307392872,0.9240708041916855,0.6021603324640781,0.6645271326735355,0.2988541312565106,0.5591313073329434,0.3490484358342874
GLA_human,P409G,409,P,G,P378G,378,-0.11454036051910528,1.0094670854123704,1.8126376868748717,0.65170738669276,0.41911738770885665,0.4325257945944557,0.705738238021541,0.8124520254410063
GLA_human,P409H,409,P,H,P378H,378,0.1441101339176775,1.1820566693100472,1.011544942631097,0.6508788220125256,0.6382993942222892,0.37152964423626295,0.5979848235903545,0.35527429337142646
GLA_human,P409I,409,P,I,P378I,378,-0.01891006516267151,1.1425527047304995,0.8540871415556184,0.36428406557888365,0.44917124253716956,0.2936683307310361,0.4281161063100389,0.35671045195942086
GLA_human,P409K,409,P,K,P378K,378,0.2668737636142855,1.174954206868915,0.8914616239046808,0.45685675186262104,0.5091830846237471,0.3246647149632224,0.5558394907142378,0.2571123152469807
GLA_human,P409L,409,P,L,P378L,378,0.016325976942471464,1.1722290430338351,0.8195894447024553,0.2492728051291533,0.4913329419253916,0.2492149060334709,0.44241612119010615,0.32975009848124354
GLA_human,P409M,409,P,M,P378M,378,-0.05885315050315763,1.1274641353711123,0.9923343499792653,0.5971226933536998,0.5493695770638533,0.33067743727396204,0.4942835921799869,0.43090961124160765
GLA_human,P409N,409,P,N,P378N,378,-0.030501740119116327,1.147768798948724,1.0812064798963958,0.5259027361021069,0.46763618194975487,0.35703195812287064,0.5061136405756782,0.4546677744824579
GLA_human,P409Q,409,P,Q,P378Q,378,0.03774964015915554,1.1555586228516708,1.1122050774839036,0.6800839661287681,0.5949617715292982,0.3734177587702842,0.5816388297241191,0.43874574815256967
GLA_human,P409R,409,P,R,P378R,378,0.13500886722110023,1.1004622826647807,0.5883717314573575,0.4559743563428402,0.496224287909697,0.3561516204139178,0.4065349621960516,0.19564866986063234
GLA_human,P409S,409,P,S,P378S,378,-0.14569804890107294,1.0762317240309813,1.388223082280216,0.5801529992842879,0.407363095377971,0.3707006751123598,0.5499627095857047,0.6342867367630443
GLA_human,G411F,411,G,F,G380F,380,0.22329887817708202,0.6780496484526322,1.9876224495974069,0.7644326539321941,1.5059655069167082,0.6373632807662628,1.2389622782303988,0.7446150948707337
GLA_human,G411H,411,G,H,G380H,380,0.43784365210763126,0.681723571389784,1.9458440175102378,0.8105029545442879,1.7880737114434768,0.6859821481094457,1.3905871270204486,0.6767633580067273
GLA_human,G411I,411,G,I,G380I,380,-0.05561874986730342,0.7211190821452189,0.7737498370885575,0.9184878941943162,1.0517103674315382,0.6902943631535697,0.5899471515509308,0.470377163499385
GLA_human,G411K,411,G,K,G380K,380,0.6948292482616665,0.6770656533795361,2.1655638846319087,0.6628701959043569,2.4744884711893973,0.5004057508050616,1.7782938680276577,0.7764364265705322
GLA_human,G411L,411,G,L,G380L,380,-0.22205968617842214,0.7510907301047366,-1.190552142713394,1.069579400678516,0.1588579845923614,0.5343050426868908,-0.41791794809981825,0.5680359536690065
GLA_human,G411M,411,G,M,G380M,380,-0.019294015753243944,0.7139156240919344,0.9359031786405989,0.6592294597955094,1.4878997781744914,0.7376554478727279,0.8015029803539487,0.6226051949072212
GLA_human,G411N,411,G,N,G380N,380,0.006744220934196243,0.7928051727852548,0.33591202151515986,1.0393989890744983,1.0679579143516542,0.7046157791845515,0.47020471893367005,0.4435234095356075
GLA_human,G411P,411,G,P,G380P,380,1.1003572125659158,0.7399927082828804,3.711581494237257,0.4802239090084251,3.3566217176180553,0.38451755589383807,2.722853474807076,1.1563937338393269
GLA_human,G411Q,411,G,Q,G380Q,380,0.14503319472848242,0.752226962707639,1.3313973503419203,0.7158529974591916,2.0956799836054794,0.6457950513704517,1.1907035095586274,0.8025383859416739
GLA_human,G411R,411,G,R,G380R,380,0.22339856423773474,0.7338670100757275,1.3204445094757111,0.7536678160047725,1.8209870379915316,0.6406353444361784,1.1216100372349924,0.6671949207346531
GLA_human,G411S,411,G,S,G380S,380,-0.020274592233634682,0.7828122300412514,1.1952149685690725,0.5110551511340502,1.5231632320407957,0.8206028201992408,0.8993678694587445,0.663924799400878
GLA_human,G411T,411,G,T,G380T,380,-0.024315674311611635,0.8072730077724878,0.6187562168206517,0.7217894666808914,1.2649547934013166,0.6844967245310097,0.6197984453034522,0.5263429803270462
GLA_human,G411V,411,G,V,G380V,380,-0.014779087242644784,0.7888642249630836,1.1535448307469363,0.7806416739890826,1.3870844791327541,0.6014758111159274,0.8419500742123486,0.6132557019208084
GLA_human,G411W,411,G,W,G380W,380,0.24827173835386745,0.7302999012739725,1.9156537854725932,0.8172013479345801,1.6793663872469935,0.45600632640569705,1.2810973036911515,0.7366611251454162
GLA_human,G411Y,411,G,Y,G380Y,380,0.26365826190850666,0.7514205612941552,1.811749606947274,0.8379850335039825,1.4617283099900729,0.6508402880876322,1.179045392948618,0.6628619397915299
